ISO-10303-21;
HEADER;

FILE_DESCRIPTION(
/* description */ ('STEP AP242 Edition 2',
'CAx-IF Rec.Pracs.---Representation and Presentation of Product Manufa
cturing Information (PMI)---4.0---2014-10-13',
'CAx-IF Rec.Pracs.---3D Tessellated Geometry---0.4---2014-09-14','2;1',
'CAx-IF Rec.Pracs.---User Defined Attributes---1.5---2016-08-15'),
/* implementation_level */ '2;1');

FILE_NAME(
/* name */ 'SCADASentry-1U',
/* time_stamp */ '2026-08-28T22:23:38Z',
/* author */ (''),
/* organization */ (''),
/* authorisation */ '  ');

FILE_SCHEMA (('AP242_MANAGED_MODEL_BASED_3D_ENGINEERING_MIM_LF { 1 0 10303 442 3 1 4 }'));
ENDSEC;

DATA;
#10=CONTEXT_DEPENDENT_SHAPE_REPRESENTATION(#12,#10239);
#11=NEXT_ASSEMBLY_USAGE_OCCURRENCE('NAUO1','BasePlate','BasePlate',#10240,
#10241,'');
#12=(
REPRESENTATION_RELATIONSHIP(' ',' ',#5568,#5567)
REPRESENTATION_RELATIONSHIP_WITH_TRANSFORMATION(#13)
SHAPE_REPRESENTATION_RELATIONSHIP()
);
#13=ITEM_DEFINED_TRANSFORMATION(' ',' ',#5569,#6197);
#14=SHAPE_REPRESENTATION_RELATIONSHIP('','',#5568,#15);
#15=ADVANCED_BREP_SHAPE_REPRESENTATION('',(#5564),#10231);
#16=DEGENERATE_TOROIDAL_SURFACE('',#5985,0.0008,0.0012,.T.);
#17=DEGENERATE_TOROIDAL_SURFACE('',#5989,0.0008,0.0012,.T.);
#18=DEGENERATE_TOROIDAL_SURFACE('',#6006,0.0008,0.0012,.T.);
#19=DEGENERATE_TOROIDAL_SURFACE('',#6010,0.0008,0.0012,.T.);
#20=DEGENERATE_TOROIDAL_SURFACE('',#6181,0.000492,0.000508,.T.);
#21=DEGENERATE_TOROIDAL_SURFACE('',#6186,0.000492,0.000508,.T.);
#22=SPHERICAL_SURFACE('',#5906,0.001);
#23=SPHERICAL_SURFACE('',#5914,0.001);
#24=SPHERICAL_SURFACE('',#6077,0.001);
#25=SPHERICAL_SURFACE('',#6082,0.001);
#26=SPHERICAL_SURFACE('',#6084,0.001);
#27=SPHERICAL_SURFACE('',#6089,0.001);
#28=SPHERICAL_SURFACE('',#6130,0.001);
#29=SPHERICAL_SURFACE('',#6132,0.001);
#30=SPHERICAL_SURFACE('',#6137,0.001);
#31=SPHERICAL_SURFACE('',#6139,0.001);
#32=(
BOUNDED_SURFACE()
B_SPLINE_SURFACE(3,2,((#9152,#9153,#9154),(#9155,#9156,#9157),(#9158,#9159,
#9160),(#9161,#9162,#9163)),.UNSPECIFIED.,.F.,.F.,.F.)
B_SPLINE_SURFACE_WITH_KNOTS((4,4),(3,3),(4.40726975712889,4.71238898038469),
(0.,1.),.PIECEWISE_BEZIER_KNOTS.)
GEOMETRIC_REPRESENTATION_ITEM()
RATIONAL_B_SPLINE_SURFACE(((1.,0.778594808527217,1.),(1.,0.756569387398847,
1.),(1.,0.732533383545516,1.),(1.,0.707106781186548,1.)))
REPRESENTATION_ITEM('')
SURFACE()
);
#33=(
BOUNDED_SURFACE()
B_SPLINE_SURFACE(3,2,((#9189,#9190,#9191),(#9192,#9193,#9194),(#9195,#9196,
#9197),(#9198,#9199,#9200)),.UNSPECIFIED.,.F.,.F.,.F.)
B_SPLINE_SURFACE_WITH_KNOTS((4,4),(3,3),(4.40726975712889,4.71238898038469),
(0.,1.),.PIECEWISE_BEZIER_KNOTS.)
GEOMETRIC_REPRESENTATION_ITEM()
RATIONAL_B_SPLINE_SURFACE(((1.,0.778594808527217,1.),(1.,0.756569387398847,
1.),(1.,0.732533383545516,1.),(1.,0.707106781186548,1.)))
REPRESENTATION_ITEM('')
SURFACE()
);
#34=(
BOUNDED_SURFACE()
B_SPLINE_SURFACE(3,2,((#9209,#9210,#9211),(#9212,#9213,#9214),(#9215,#9216,
#9217),(#9218,#9219,#9220),(#9221,#9222,#9223),(#9224,#9225,#9226)),
 .UNSPECIFIED.,.F.,.F.,.F.)
B_SPLINE_SURFACE_WITH_KNOTS((4,1,1,4),(3,3),(1.5707963267949,2.35619449019234,
2.74889357189107,3.14159265358979),(0.,1.),.UNSPECIFIED.)
GEOMETRIC_REPRESENTATION_ITEM()
RATIONAL_B_SPLINE_SURFACE(((1.,1.,1.),(1.,0.999999999991291,1.),(1.,0.911046408244993,
1.),(1.,0.746332197614561,1.),(1.,0.707106781235507,1.),(1.,0.707106781186547,
1.)))
REPRESENTATION_ITEM('')
SURFACE()
);
#35=(
BOUNDED_SURFACE()
B_SPLINE_SURFACE(3,2,((#9230,#9231,#9232),(#9233,#9234,#9235),(#9236,#9237,
#9238),(#9239,#9240,#9241),(#9242,#9243,#9244),(#9245,#9246,#9247)),
 .UNSPECIFIED.,.F.,.F.,.F.)
B_SPLINE_SURFACE_WITH_KNOTS((4,1,1,4),(3,3),(6.28318530717959,6.67588438887831,
7.06858347057703,7.85398163397448),(0.,1.),.UNSPECIFIED.)
GEOMETRIC_REPRESENTATION_ITEM()
RATIONAL_B_SPLINE_SURFACE(((1.,0.707106781186549,1.),(1.,0.707106781234988,
1.),(1.,0.746332197614798,1.),(1.,0.911046408244852,1.),(1.,0.999999999991291,
1.),(1.,1.,1.)))
REPRESENTATION_ITEM('')
SURFACE()
);
#36=(
BOUNDED_SURFACE()
B_SPLINE_SURFACE(3,2,((#9252,#9253,#9254),(#9255,#9256,#9257),(#9258,#9259,
#9260),(#9261,#9262,#9263),(#9264,#9265,#9266),(#9267,#9268,#9269)),
 .UNSPECIFIED.,.F.,.F.,.F.)
B_SPLINE_SURFACE_WITH_KNOTS((4,1,1,4),(3,3),(6.28318530717959,6.67588438887831,
7.06858347057703,7.85398163397448),(0.,1.),.UNSPECIFIED.)
GEOMETRIC_REPRESENTATION_ITEM()
RATIONAL_B_SPLINE_SURFACE(((1.,0.707106781186547,1.),(1.,0.707106781235507,
1.),(1.,0.746332197614562,1.),(1.,0.911046408244993,1.),(1.,0.999999999991291,
1.),(1.,1.,1.)))
REPRESENTATION_ITEM('')
SURFACE()
);
#37=(
BOUNDED_SURFACE()
B_SPLINE_SURFACE(3,2,((#9273,#9274,#9275),(#9276,#9277,#9278),(#9279,#9280,
#9281),(#9282,#9283,#9284),(#9285,#9286,#9287),(#9288,#9289,#9290)),
 .UNSPECIFIED.,.F.,.F.,.F.)
B_SPLINE_SURFACE_WITH_KNOTS((4,1,1,4),(3,3),(6.28318530717959,6.67588438887831,
7.06858347057703,7.85398163397448),(0.,1.),.UNSPECIFIED.)
GEOMETRIC_REPRESENTATION_ITEM()
RATIONAL_B_SPLINE_SURFACE(((1.,0.707106781186549,1.),(1.,0.707106781234988,
1.),(1.,0.746332197614798,1.),(1.,0.911046408244851,1.),(1.,0.999999999991291,
1.),(1.,1.,1.)))
REPRESENTATION_ITEM('')
SURFACE()
);
#38=(
BOUNDED_SURFACE()
B_SPLINE_SURFACE(3,2,((#9293,#9294,#9295),(#9296,#9297,#9298),(#9299,#9300,
#9301),(#9302,#9303,#9304),(#9305,#9306,#9307),(#9308,#9309,#9310),(#9311,
#9312,#9313)),.UNSPECIFIED.,.F.,.F.,.F.)
B_SPLINE_SURFACE_WITH_KNOTS((4,1,1,1,4),(3,3),(3.14159265358979,3.53429173528852,
3.92699081698724,4.31968989868597,4.71238898038469),(0.,1.),
 .UNSPECIFIED.)
GEOMETRIC_REPRESENTATION_ITEM()
RATIONAL_B_SPLINE_SURFACE(((1.,0.923879532511286,1.),(1.,0.923879532512872,
1.),(1.,0.932510447500964,1.),(1.,0.962880215138228,1.),(1.,0.992123211233063,
1.),(1.,0.999999999999192,1.),(1.,1.,1.)))
REPRESENTATION_ITEM('')
SURFACE()
);
#39=(
BOUNDED_SURFACE()
B_SPLINE_SURFACE(3,2,((#9317,#9318,#9319),(#9320,#9321,#9322),(#9323,#9324,
#9325),(#9326,#9327,#9328),(#9329,#9330,#9331),(#9332,#9333,#9334),(#9335,
#9336,#9337)),.UNSPECIFIED.,.F.,.F.,.F.)
B_SPLINE_SURFACE_WITH_KNOTS((4,1,1,1,4),(3,3),(1.5707963267949,1.96349540849362,
2.35619449019234,2.74889357189107,3.14159265358979),(0.,1.),
 .UNSPECIFIED.)
GEOMETRIC_REPRESENTATION_ITEM()
RATIONAL_B_SPLINE_SURFACE(((1.,1.,1.),(1.,0.999999999999191,1.),(1.,0.992123211233069,
1.),(1.,0.962880215138206,1.),(1.,0.932510447501049,1.),(1.,0.92387953251269,
1.),(1.,0.923879532511286,1.)))
REPRESENTATION_ITEM('')
SURFACE()
);
#40=(
BOUNDED_SURFACE()
B_SPLINE_SURFACE(3,2,((#9338,#9339,#9340),(#9341,#9342,#9343),(#9344,#9345,
#9346),(#9347,#9348,#9349),(#9350,#9351,#9352),(#9353,#9354,#9355),(#9356,
#9357,#9358)),.UNSPECIFIED.,.F.,.F.,.F.)
B_SPLINE_SURFACE_WITH_KNOTS((4,1,1,1,4),(3,3),(4.71238898038469,5.10508806208341,
5.49778714378214,5.89048622548086,6.28318530717959),(0.,1.),
 .UNSPECIFIED.)
GEOMETRIC_REPRESENTATION_ITEM()
RATIONAL_B_SPLINE_SURFACE(((1.,1.,1.),(1.,0.999999999999191,1.),(1.,0.992123211233069,
1.),(1.,0.962880215138209,1.),(1.,0.932510447501032,1.),(1.,0.923879532512726,
1.),(1.,0.923879532511286,1.)))
REPRESENTATION_ITEM('')
SURFACE()
);
#41=(
BOUNDED_SURFACE()
B_SPLINE_SURFACE(3,2,((#9362,#9363,#9364),(#9365,#9366,#9367),(#9368,#9369,
#9370),(#9371,#9372,#9373),(#9374,#9375,#9376),(#9377,#9378,#9379),(#9380,
#9381,#9382)),.UNSPECIFIED.,.F.,.F.,.F.)
B_SPLINE_SURFACE_WITH_KNOTS((4,1,1,1,4),(3,3),(6.28318530717959,6.67588438887831,
7.06858347057703,7.46128255227576,7.85398163397448),(0.,1.),
 .UNSPECIFIED.)
GEOMETRIC_REPRESENTATION_ITEM()
RATIONAL_B_SPLINE_SURFACE(((1.,0.923879532511286,1.),(1.,0.923879532512872,
1.),(1.,0.932510447500965,1.),(1.,0.962880215138227,1.),(1.,0.992123211233064,
1.),(1.,0.999999999999192,1.),(1.,1.,1.)))
REPRESENTATION_ITEM('')
SURFACE()
);
#42=(
BOUNDED_SURFACE()
B_SPLINE_SURFACE(3,2,((#9708,#9709,#9710),(#9711,#9712,#9713),(#9714,#9715,
#9716),(#9717,#9718,#9719),(#9720,#9721,#9722)),.UNSPECIFIED.,.F.,.F.,.F.)
B_SPLINE_SURFACE_WITH_KNOTS((4,1,4),(3,3),(4.71238898038469,5.50249953276252,
6.29261008514036),(0.,1.),.UNSPECIFIED.)
GEOMETRIC_REPRESENTATION_ITEM()
RATIONAL_B_SPLINE_SURFACE(((1.,0.707106781186548,1.),(1.,0.772949331977465,
1.),(1.,0.88475975891733,1.),(1.,0.924345981271281,1.),(1.,0.923871034433409,
1.)))
REPRESENTATION_ITEM('')
SURFACE()
);
#43=(
BOUNDED_SURFACE()
B_SPLINE_SURFACE(3,2,((#9741,#9742,#9743),(#9744,#9745,#9746),(#9747,#9748,
#9749),(#9750,#9751,#9752),(#9753,#9754,#9755),(#9756,#9757,#9758),(#9759,
#9760,#9761)),.UNSPECIFIED.,.F.,.F.,.F.)
B_SPLINE_SURFACE_WITH_KNOTS((4,1,1,1,4),(3,3),(1.36675182955749E-16,0.392699081698724,
0.785398163397449,1.17809724509617,1.5707963267949),(0.,1.),
 .UNSPECIFIED.)
GEOMETRIC_REPRESENTATION_ITEM()
RATIONAL_B_SPLINE_SURFACE(((1.,0.382683432365088,1.),(1.,0.382683432390947,
1.),(1.,0.407760642603899,1.),(1.,0.496998607406961,1.),(1.,0.604244927768266,
1.),(1.,0.674381855971236,1.),(1.,0.707106781186549,1.)))
REPRESENTATION_ITEM('')
SURFACE()
);
#44=(
BOUNDED_SURFACE()
B_SPLINE_SURFACE(3,2,((#9762,#9763,#9764),(#9765,#9766,#9767),(#9768,#9769,
#9770),(#9771,#9772,#9773),(#9774,#9775,#9776)),.UNSPECIFIED.,.F.,.F.,.F.)
B_SPLINE_SURFACE_WITH_KNOTS((4,1,4),(3,3),(1.5707963267949,2.36090687917273,
3.15101743155056),(0.,1.),.UNSPECIFIED.)
GEOMETRIC_REPRESENTATION_ITEM()
RATIONAL_B_SPLINE_SURFACE(((1.,0.707106781186548,1.),(1.,0.77294933197749,
1.),(1.,0.884759758917309,1.),(1.,0.924345981271299,1.),(1.,0.923871034433409,
1.)))
REPRESENTATION_ITEM('')
SURFACE()
);
#45=(
BOUNDED_SURFACE()
B_SPLINE_SURFACE(3,2,((#9792,#9793,#9794),(#9795,#9796,#9797),(#9798,#9799,
#9800),(#9801,#9802,#9803),(#9804,#9805,#9806),(#9807,#9808,#9809),(#9810,
#9811,#9812)),.UNSPECIFIED.,.F.,.F.,.F.)
B_SPLINE_SURFACE_WITH_KNOTS((4,1,1,1,4),(3,3),(3.14159265358979,3.53429173528852,
3.92699081698724,4.31968989868597,4.71238898038469),(0.,1.),
 .UNSPECIFIED.)
GEOMETRIC_REPRESENTATION_ITEM()
RATIONAL_B_SPLINE_SURFACE(((1.,0.382683432365088,1.),(1.,0.382683432390947,
1.),(1.,0.407760642603881,1.),(1.,0.496998607407035,1.),(1.,0.604244927767987,
1.),(1.,0.674381855971839,1.),(1.,0.707106781186548,1.)))
REPRESENTATION_ITEM('')
SURFACE()
);
#46=(
BOUNDED_SURFACE()
B_SPLINE_SURFACE(3,2,((#9826,#9827,#9828),(#9829,#9830,#9831),(#9832,#9833,
#9834),(#9835,#9836,#9837),(#9838,#9839,#9840),(#9841,#9842,#9843),(#9844,
#9845,#9846)),.UNSPECIFIED.,.F.,.F.,.F.)
B_SPLINE_SURFACE_WITH_KNOTS((4,1,1,1,4),(3,3),(1.5707963267949,1.96349540849362,
2.35619449019234,2.74889357189107,3.14159265358979),(0.,1.),
 .UNSPECIFIED.)
GEOMETRIC_REPRESENTATION_ITEM()
RATIONAL_B_SPLINE_SURFACE(((1.,0.707106781186549,1.),(1.,0.674381855972272,
1.),(1.,0.604244927767786,1.),(1.,0.496998607407085,1.),(1.,0.407760642603864,
1.),(1.,0.382683432390947,1.),(1.,0.382683432365088,1.)))
REPRESENTATION_ITEM('')
SURFACE()
);
#47=(
BOUNDED_SURFACE()
B_SPLINE_SURFACE(3,2,((#9857,#9858,#9859),(#9860,#9861,#9862),(#9863,#9864,
#9865),(#9866,#9867,#9868),(#9869,#9870,#9871),(#9872,#9873,#9874),(#9875,
#9876,#9877)),.UNSPECIFIED.,.F.,.F.,.F.)
B_SPLINE_SURFACE_WITH_KNOTS((4,1,1,1,4),(3,3),(4.71238898038469,5.10508806208341,
5.49778714378214,5.89048622548086,6.28318530717959),(0.,1.),
 .UNSPECIFIED.)
GEOMETRIC_REPRESENTATION_ITEM()
RATIONAL_B_SPLINE_SURFACE(((1.,0.707106781186549,1.),(1.,0.674381855972272,
1.),(1.,0.604244927767786,1.),(1.,0.496998607407083,1.),(1.,0.407760642603865,
1.),(1.,0.382683432390947,1.),(1.,0.382683432365088,1.)))
REPRESENTATION_ITEM('')
SURFACE()
);
#48=(
BOUNDED_SURFACE()
B_SPLINE_SURFACE(3,2,((#10036,#10037,#10038),(#10039,#10040,#10041),(#10042,
#10043,#10044),(#10045,#10046,#10047)),.UNSPECIFIED.,.F.,.F.,.F.)
B_SPLINE_SURFACE_WITH_KNOTS((4,4),(3,3),(0.000446365211583882,0.000943649700555344),
(0.,1.),.PIECEWISE_BEZIER_KNOTS.)
GEOMETRIC_REPRESENTATION_ITEM()
RATIONAL_B_SPLINE_SURFACE(((1.,0.778594808527213,1.),(1.,0.842490132358923,
1.),(1.,0.895948761412313,1.),(1.,0.924021335319385,1.)))
REPRESENTATION_ITEM('')
SURFACE()
);
#49=(
BOUNDED_SURFACE()
B_SPLINE_SURFACE(3,2,((#10049,#10050,#10051),(#10052,#10053,#10054),(#10055,
#10056,#10057),(#10058,#10059,#10060)),.UNSPECIFIED.,.F.,.F.,.F.)
B_SPLINE_SURFACE_WITH_KNOTS((4,4),(3,3),(-2.13045726893402E-17,0.000439478684849951),
(0.,1.),.PIECEWISE_BEZIER_KNOTS.)
GEOMETRIC_REPRESENTATION_ITEM()
RATIONAL_B_SPLINE_SURFACE(((1.,0.924021335318353,1.),(1.,0.970427452598503,
1.),(1.,1.00000002695041,1.),(1.,1.,1.)))
REPRESENTATION_ITEM('')
SURFACE()
);
#50=(
BOUNDED_SURFACE()
B_SPLINE_SURFACE(3,2,((#10068,#10069,#10070),(#10071,#10072,#10073),(#10074,
#10075,#10076),(#10077,#10078,#10079)),.UNSPECIFIED.,.F.,.F.,.F.)
B_SPLINE_SURFACE_WITH_KNOTS((4,4),(3,3),(0.000446365211583892,0.000943649700555351),
(0.,1.),.PIECEWISE_BEZIER_KNOTS.)
GEOMETRIC_REPRESENTATION_ITEM()
RATIONAL_B_SPLINE_SURFACE(((1.,0.778594808527213,1.),(1.,0.84249013235897,
1.),(1.,0.895948761412314,1.),(1.,0.924021335319385,1.)))
REPRESENTATION_ITEM('')
SURFACE()
);
#51=(
BOUNDED_SURFACE()
B_SPLINE_SURFACE(3,2,((#10091,#10092,#10093),(#10094,#10095,#10096),(#10097,
#10098,#10099),(#10100,#10101,#10102)),.UNSPECIFIED.,.F.,.F.,.F.)
B_SPLINE_SURFACE_WITH_KNOTS((4,4),(3,3),(-2.13045726893402E-17,0.000439478684849951),
(0.,1.),.PIECEWISE_BEZIER_KNOTS.)
GEOMETRIC_REPRESENTATION_ITEM()
RATIONAL_B_SPLINE_SURFACE(((1.,0.924021335318353,1.),(1.,0.970427452598503,
1.),(1.,1.00000002695055,1.),(1.,1.,1.)))
REPRESENTATION_ITEM('')
SURFACE()
);
#52=(
BOUNDED_SURFACE()
B_SPLINE_SURFACE(3,2,((#10110,#10111,#10112),(#10113,#10114,#10115),(#10116,
#10117,#10118),(#10119,#10120,#10121)),.UNSPECIFIED.,.F.,.F.,.F.)
B_SPLINE_SURFACE_WITH_KNOTS((4,4),(3,3),(4.28405480293651,4.71238898038469),
(0.,1.),.PIECEWISE_BEZIER_KNOTS.)
GEOMETRIC_REPRESENTATION_ITEM()
RATIONAL_B_SPLINE_SURFACE(((1.,0.987286653469698,1.),(1.,0.995288622342727,
1.),(1.,0.999999999995692,1.),(1.,1.,1.)))
REPRESENTATION_ITEM('')
SURFACE()
);
#53=(
BOUNDED_SURFACE()
B_SPLINE_SURFACE(3,2,((#10123,#10124,#10125),(#10126,#10127,#10128),(#10129,
#10130,#10131),(#10132,#10133,#10134),(#10135,#10136,#10137)),
 .UNSPECIFIED.,.F.,.F.,.F.)
B_SPLINE_SURFACE_WITH_KNOTS((4,1,4),(3,3),(-1.94885340504269E-17,0.000875852269543709,
0.00175170453908744),(0.,1.),.UNSPECIFIED.)
GEOMETRIC_REPRESENTATION_ITEM()
RATIONAL_B_SPLINE_SURFACE(((1.,0.987286653469688,1.),(1.,0.975061511468052,
1.),(1.,0.9364806866863,1.),(1.,0.921300024521255,1.),(1.,0.923872064674943,
1.)))
REPRESENTATION_ITEM('')
SURFACE()
);
#54=(
BOUNDED_SURFACE()
B_SPLINE_SURFACE(3,2,((#10139,#10140,#10141),(#10142,#10143,#10144),(#10145,
#10146,#10147),(#10148,#10149,#10150)),.UNSPECIFIED.,.F.,.F.,.F.)
B_SPLINE_SURFACE_WITH_KNOTS((4,4),(3,3),(3.13275762221255,3.14159265358979),
(0.,1.),.PIECEWISE_BEZIER_KNOTS.)
GEOMETRIC_REPRESENTATION_ITEM()
RATIONAL_B_SPLINE_SURFACE(((1.,0.923872064674942,1.),(1.,0.923877043220505,
1.),(1.,0.923879532511272,1.),(1.,0.923879532511287,1.)))
REPRESENTATION_ITEM('')
SURFACE()
);
#55=(
BOUNDED_SURFACE()
B_SPLINE_SURFACE(3,2,((#10154,#10155,#10156),(#10157,#10158,#10159),(#10160,
#10161,#10162),(#10163,#10164,#10165),(#10166,#10167,#10168)),
 .UNSPECIFIED.,.F.,.F.,.F.)
B_SPLINE_SURFACE_WITH_KNOTS((4,1,4),(3,3),(4.71238898038469,5.49778714378214,
6.28318530717959),(0.,1.),.UNSPECIFIED.)
GEOMETRIC_REPRESENTATION_ITEM()
RATIONAL_B_SPLINE_SURFACE(((1.,1.,1.),(1.,0.999999999992101,1.),(1.,0.963445073503769,
1.),(1.,0.923879532524982,1.),(1.,0.923879532511284,1.)))
REPRESENTATION_ITEM('')
SURFACE()
);
#56=(
BOUNDED_SURFACE()
B_SPLINE_SURFACE(3,2,((#10169,#10170,#10171),(#10172,#10173,#10174),(#10175,
#10176,#10177),(#10178,#10179,#10180),(#10181,#10182,#10183)),
 .UNSPECIFIED.,.F.,.F.,.F.)
B_SPLINE_SURFACE_WITH_KNOTS((4,1,4),(3,3),(1.5707963267949,2.35619449019234,
3.14159265358979),(0.,1.),.UNSPECIFIED.)
GEOMETRIC_REPRESENTATION_ITEM()
RATIONAL_B_SPLINE_SURFACE(((1.,1.,1.),(1.,0.999999999992101,1.),(1.,0.963445073503769,
1.),(1.,0.923879532524982,1.),(1.,0.923879532511284,1.)))
REPRESENTATION_ITEM('')
SURFACE()
);
#57=(
BOUNDED_SURFACE()
B_SPLINE_SURFACE(3,2,((#10187,#10188,#10189),(#10190,#10191,#10192),(#10193,
#10194,#10195),(#10196,#10197,#10198)),.UNSPECIFIED.,.F.,.F.,.F.)
B_SPLINE_SURFACE_WITH_KNOTS((4,4),(3,3),(3.13275762221255,3.14159265358979),
(0.,1.),.PIECEWISE_BEZIER_KNOTS.)
GEOMETRIC_REPRESENTATION_ITEM()
RATIONAL_B_SPLINE_SURFACE(((1.,0.923872064674942,1.),(1.,0.923877043220505,
1.),(1.,0.923879532511272,1.),(1.,0.923879532511287,1.)))
REPRESENTATION_ITEM('')
SURFACE()
);
#58=(
BOUNDED_SURFACE()
B_SPLINE_SURFACE(3,2,((#10200,#10201,#10202),(#10203,#10204,#10205),(#10206,
#10207,#10208),(#10209,#10210,#10211),(#10212,#10213,#10214)),
 .UNSPECIFIED.,.F.,.F.,.F.)
B_SPLINE_SURFACE_WITH_KNOTS((4,1,4),(3,3),(2.80266261587503E-17,0.000875325968513586,
0.00175065193702714),(0.,1.),.UNSPECIFIED.)
GEOMETRIC_REPRESENTATION_ITEM()
RATIONAL_B_SPLINE_SURFACE(((1.,0.92387206467494,1.),(1.,0.92127075228442,
1.),(1.,0.936323257743772,1.),(1.,0.975210720416096,1.),(1.,0.987286653469674,
1.)))
REPRESENTATION_ITEM('')
SURFACE()
);
#59=(
BOUNDED_SURFACE()
B_SPLINE_SURFACE(3,2,((#10216,#10217,#10218),(#10219,#10220,#10221),(#10222,
#10223,#10224),(#10225,#10226,#10227)),.UNSPECIFIED.,.F.,.F.,.F.)
B_SPLINE_SURFACE_WITH_KNOTS((4,4),(3,3),(7.42564745652586,7.85398163397448),
(0.,1.),.PIECEWISE_BEZIER_KNOTS.)
GEOMETRIC_REPRESENTATION_ITEM()
RATIONAL_B_SPLINE_SURFACE(((1.,0.987286653469672,1.),(1.,0.995288622342608,
1.),(1.,0.999999999995692,1.),(1.,1.,1.)))
REPRESENTATION_ITEM('')
SURFACE()
);
#60=TOROIDAL_SURFACE('',#5787,0.002508,0.000508);
#61=TOROIDAL_SURFACE('',#5791,0.002508,0.000508);
#62=TOROIDAL_SURFACE('',#5792,0.001016,0.000508);
#63=TOROIDAL_SURFACE('',#5798,0.001016,0.000508);
#64=TOROIDAL_SURFACE('',#5810,0.001016,0.000508);
#65=TOROIDAL_SURFACE('',#5816,0.001016,0.000508);
#66=TOROIDAL_SURFACE('',#5911,0.002,0.001);
#67=TOROIDAL_SURFACE('',#5920,0.002,0.001);
#68=TOROIDAL_SURFACE('',#5981,0.0072,0.0012);
#69=TOROIDAL_SURFACE('',#5993,0.0072,0.0012);
#70=TOROIDAL_SURFACE('',#5997,0.0048,0.0012);
#71=TOROIDAL_SURFACE('',#6002,0.0072,0.0012);
#72=TOROIDAL_SURFACE('',#6014,0.0072,0.0012);
#73=TOROIDAL_SURFACE('',#6020,0.0048,0.0012);
#74=TOROIDAL_SURFACE('',#6024,0.0054,0.0006);
#75=TOROIDAL_SURFACE('',#6028,0.0066,0.0006);
#76=TOROIDAL_SURFACE('',#6032,0.0026,0.0006);
#77=TOROIDAL_SURFACE('',#6042,0.0054,0.0006);
#78=TOROIDAL_SURFACE('',#6046,0.0066,0.0006);
#79=TOROIDAL_SURFACE('',#6050,0.0026,0.0006);
#80=TOROIDAL_SURFACE('',#6059,0.0066,0.0006);
#81=TOROIDAL_SURFACE('',#6063,0.0026,0.0006);
#82=TOROIDAL_SURFACE('',#6069,0.0066,0.0006);
#83=TOROIDAL_SURFACE('',#6073,0.0026,0.0006);
#84=TOROIDAL_SURFACE('',#6094,0.00534491012920367,0.005);
#85=TOROIDAL_SURFACE('',#6097,0.00534491012920367,0.005);
#86=TOROIDAL_SURFACE('',#6104,0.00534491012920367,0.005);
#87=TOROIDAL_SURFACE('',#6107,0.00534491012920367,0.005);
#88=TOROIDAL_SURFACE('',#6114,0.00241778452730955,0.001);
#89=TOROIDAL_SURFACE('',#6116,0.00241778452730955,0.001);
#90=TOROIDAL_SURFACE('',#6122,0.00241778452730955,0.001);
#91=TOROIDAL_SURFACE('',#6124,0.00241778452730955,0.001);
#92=TOROIDAL_SURFACE('',#6144,0.00534491012920367,0.005);
#93=TOROIDAL_SURFACE('',#6147,0.00534491012920367,0.005);
#94=TOROIDAL_SURFACE('',#6154,0.00534491012920367,0.005);
#95=TOROIDAL_SURFACE('',#6157,0.00534491012920367,0.005);
#96=TOROIDAL_SURFACE('',#6161,0.00241778452730955,0.001);
#97=TOROIDAL_SURFACE('',#6168,0.00241778452730955,0.001);
#98=TOROIDAL_SURFACE('',#6169,0.00241778452730955,0.001);
#99=TOROIDAL_SURFACE('',#6176,0.00241778452730955,0.001);
#100=TOROIDAL_SURFACE('',#6177,0.003,0.001);
#101=TOROIDAL_SURFACE('',#6183,0.003,0.001);
#102=CONICAL_SURFACE('',#5705,0.018542,0.785398163397448);
#103=CONICAL_SURFACE('',#5707,0.003302,0.785398163397456);
#104=CONICAL_SURFACE('',#5709,0.000762,0.785398163397441);
#105=CONICAL_SURFACE('',#5711,0.003302,0.785398163397456);
#106=CONICAL_SURFACE('',#5713,0.018542,0.785398163397476);
#107=CONICAL_SURFACE('',#5716,0.018542,0.785398163397456);
#108=CONICAL_SURFACE('',#5718,0.003302,0.785398163397481);
#109=CONICAL_SURFACE('',#5720,0.000762,0.785398163397441);
#110=CONICAL_SURFACE('',#5722,0.003302,0.785398163397455);
#111=CONICAL_SURFACE('',#5724,0.018542,0.785398163397456);
#112=CONICAL_SURFACE('',#5882,0.0035,0.785398163397447);
#113=CONICAL_SURFACE('',#5884,0.0035,0.785398163397447);
#114=CONICAL_SURFACE('',#5886,0.0035,0.785398163397452);
#115=CONICAL_SURFACE('',#5888,0.0035,0.785398163397452);
#116=B_SPLINE_SURFACE_WITH_KNOTS('',3,1,((#8406,#8407),(#8408,#8409),(#8410,
#8411),(#8412,#8413)),.SURF_OF_LINEAR_EXTRUSION.,.F.,.F.,.F.,(4,4),(2,2),
(0.,1.),(0.,1.),.PIECEWISE_BEZIER_KNOTS.);
#117=B_SPLINE_SURFACE_WITH_KNOTS('',3,1,((#8421,#8422),(#8423,#8424),(#8425,
#8426),(#8427,#8428)),.SURF_OF_LINEAR_EXTRUSION.,.F.,.F.,.F.,(4,4),(2,2),
(0.,1.),(0.,1.),.PIECEWISE_BEZIER_KNOTS.);
#118=B_SPLINE_SURFACE_WITH_KNOTS('',3,1,((#8434,#8435),(#8436,#8437),(#8438,
#8439),(#8440,#8441)),.SURF_OF_LINEAR_EXTRUSION.,.F.,.F.,.F.,(4,4),(2,2),
(0.,1.),(0.,1.),.PIECEWISE_BEZIER_KNOTS.);
#119=B_SPLINE_SURFACE_WITH_KNOTS('',3,1,((#8488,#8489),(#8490,#8491),(#8492,
#8493),(#8494,#8495)),.SURF_OF_LINEAR_EXTRUSION.,.F.,.F.,.F.,(4,4),(2,2),
(0.,1.),(0.,1.),.PIECEWISE_BEZIER_KNOTS.);
#120=B_SPLINE_SURFACE_WITH_KNOTS('',3,1,((#8505,#8506),(#8507,#8508),(#8509,
#8510),(#8511,#8512)),.SURF_OF_LINEAR_EXTRUSION.,.F.,.F.,.F.,(4,4),(2,2),
(0.,1.),(0.,1.),.PIECEWISE_BEZIER_KNOTS.);
#121=B_SPLINE_SURFACE_WITH_KNOTS('',3,1,((#8522,#8523),(#8524,#8525),(#8526,
#8527),(#8528,#8529)),.SURF_OF_LINEAR_EXTRUSION.,.F.,.F.,.F.,(4,4),(2,2),
(0.,1.),(0.,1.),.PIECEWISE_BEZIER_KNOTS.);
#122=B_SPLINE_SURFACE_WITH_KNOTS('',3,1,((#8539,#8540),(#8541,#8542),(#8543,
#8544),(#8545,#8546)),.SURF_OF_LINEAR_EXTRUSION.,.F.,.F.,.F.,(4,4),(2,2),
(0.,1.),(0.,1.),.PIECEWISE_BEZIER_KNOTS.);
#123=B_SPLINE_SURFACE_WITH_KNOTS('',3,1,((#8553,#8554),(#8555,#8556),(#8557,
#8558),(#8559,#8560)),.SURF_OF_LINEAR_EXTRUSION.,.F.,.F.,.F.,(4,4),(2,2),
(0.,1.),(0.,1.),.PIECEWISE_BEZIER_KNOTS.);
#124=B_SPLINE_SURFACE_WITH_KNOTS('',3,1,((#8566,#8567),(#8568,#8569),(#8570,
#8571),(#8572,#8573)),.SURF_OF_LINEAR_EXTRUSION.,.F.,.F.,.F.,(4,4),(2,2),
(0.,1.),(0.,1.),.PIECEWISE_BEZIER_KNOTS.);
#125=B_SPLINE_SURFACE_WITH_KNOTS('',3,1,((#8581,#8582),(#8583,#8584),(#8585,
#8586),(#8587,#8588)),.SURF_OF_LINEAR_EXTRUSION.,.F.,.F.,.F.,(4,4),(2,2),
(0.,1.),(0.,1.),.PIECEWISE_BEZIER_KNOTS.);
#126=B_SPLINE_SURFACE_WITH_KNOTS('',3,1,((#8594,#8595),(#8596,#8597),(#8598,
#8599),(#8600,#8601)),.SURF_OF_LINEAR_EXTRUSION.,.F.,.F.,.F.,(4,4),(2,2),
(0.,1.),(0.,1.),.PIECEWISE_BEZIER_KNOTS.);
#127=B_SPLINE_SURFACE_WITH_KNOTS('',3,1,((#8648,#8649),(#8650,#8651),(#8652,
#8653),(#8654,#8655)),.SURF_OF_LINEAR_EXTRUSION.,.F.,.F.,.F.,(4,4),(2,2),
(0.,1.),(0.,1.),.PIECEWISE_BEZIER_KNOTS.);
#128=B_SPLINE_SURFACE_WITH_KNOTS('',3,1,((#8665,#8666),(#8667,#8668),(#8669,
#8670),(#8671,#8672)),.SURF_OF_LINEAR_EXTRUSION.,.F.,.F.,.F.,(4,4),(2,2),
(0.,1.),(0.,1.),.PIECEWISE_BEZIER_KNOTS.);
#129=B_SPLINE_SURFACE_WITH_KNOTS('',3,1,((#8682,#8683),(#8684,#8685),(#8686,
#8687),(#8688,#8689)),.SURF_OF_LINEAR_EXTRUSION.,.F.,.F.,.F.,(4,4),(2,2),
(0.,1.),(0.,1.),.PIECEWISE_BEZIER_KNOTS.);
#130=B_SPLINE_SURFACE_WITH_KNOTS('',3,1,((#8699,#8700),(#8701,#8702),(#8703,
#8704),(#8705,#8706)),.SURF_OF_LINEAR_EXTRUSION.,.F.,.F.,.F.,(4,4),(2,2),
(0.,1.),(0.,1.),.PIECEWISE_BEZIER_KNOTS.);
#131=B_SPLINE_SURFACE_WITH_KNOTS('',3,1,((#8713,#8714),(#8715,#8716),(#8717,
#8718),(#8719,#8720)),.SURF_OF_LINEAR_EXTRUSION.,.F.,.F.,.F.,(4,4),(2,2),
(0.,1.),(0.,1.),.PIECEWISE_BEZIER_KNOTS.);
#132=CYLINDRICAL_SURFACE('',#5600,0.000508);
#133=CYLINDRICAL_SURFACE('',#5602,0.000508);
#134=CYLINDRICAL_SURFACE('',#5622,0.0034925);
#135=CYLINDRICAL_SURFACE('',#5631,0.0034925);
#136=CYLINDRICAL_SURFACE('',#5633,0.00127);
#137=CYLINDRICAL_SURFACE('',#5636,0.00127);
#138=CYLINDRICAL_SURFACE('',#5638,0.00127);
#139=CYLINDRICAL_SURFACE('',#5640,0.00381);
#140=CYLINDRICAL_SURFACE('',#5643,0.00381);
#141=CYLINDRICAL_SURFACE('',#5687,0.00519943368120216);
#142=CYLINDRICAL_SURFACE('',#5688,0.00519943368120216);
#143=CYLINDRICAL_SURFACE('',#5689,0.000508);
#144=CYLINDRICAL_SURFACE('',#5691,0.000508);
#145=CYLINDRICAL_SURFACE('',#5693,0.000508);
#146=CYLINDRICAL_SURFACE('',#5695,0.000508);
#147=CYLINDRICAL_SURFACE('',#5696,0.000508);
#148=CYLINDRICAL_SURFACE('',#5698,0.000508);
#149=CYLINDRICAL_SURFACE('',#5699,0.01905);
#150=CYLINDRICAL_SURFACE('',#5702,0.01905);
#151=CYLINDRICAL_SURFACE('',#5748,0.002);
#152=CYLINDRICAL_SURFACE('',#5752,0.002);
#153=CYLINDRICAL_SURFACE('',#5778,0.000508);
#154=CYLINDRICAL_SURFACE('',#5781,0.000508);
#155=CYLINDRICAL_SURFACE('',#5784,0.000508);
#156=CYLINDRICAL_SURFACE('',#5788,0.000508);
#157=CYLINDRICAL_SURFACE('',#5794,0.000508);
#158=CYLINDRICAL_SURFACE('',#5796,0.000508);
#159=CYLINDRICAL_SURFACE('',#5800,0.000508);
#160=CYLINDRICAL_SURFACE('',#5802,0.000508);
#161=CYLINDRICAL_SURFACE('',#5805,0.000508);
#162=CYLINDRICAL_SURFACE('',#5808,0.000508);
#163=CYLINDRICAL_SURFACE('',#5812,0.000508);
#164=CYLINDRICAL_SURFACE('',#5814,0.000508);
#165=CYLINDRICAL_SURFACE('',#5818,0.000508);
#166=CYLINDRICAL_SURFACE('',#5820,0.000508);
#167=CYLINDRICAL_SURFACE('',#5823,0.000508);
#168=CYLINDRICAL_SURFACE('',#5826,0.000508);
#169=CYLINDRICAL_SURFACE('',#5828,0.000508);
#170=CYLINDRICAL_SURFACE('',#5834,0.000508);
#171=CYLINDRICAL_SURFACE('',#5836,0.000508);
#172=CYLINDRICAL_SURFACE('',#5840,0.000508);
#173=CYLINDRICAL_SURFACE('',#5844,0.002);
#174=CYLINDRICAL_SURFACE('',#5847,0.002);
#175=CYLINDRICAL_SURFACE('',#5850,0.002);
#176=CYLINDRICAL_SURFACE('',#5851,0.002);
#177=CYLINDRICAL_SURFACE('',#5854,0.002);
#178=CYLINDRICAL_SURFACE('',#5857,0.002);
#179=CYLINDRICAL_SURFACE('',#5859,0.002);
#180=CYLINDRICAL_SURFACE('',#5862,0.002);
#181=CYLINDRICAL_SURFACE('',#5864,0.004);
#182=CYLINDRICAL_SURFACE('',#5868,0.004);
#183=CYLINDRICAL_SURFACE('',#5904,0.0012);
#184=CYLINDRICAL_SURFACE('',#5905,0.0012);
#185=CYLINDRICAL_SURFACE('',#5909,0.001);
#186=CYLINDRICAL_SURFACE('',#5916,0.001);
#187=CYLINDRICAL_SURFACE('',#5918,0.001);
#188=CYLINDRICAL_SURFACE('',#5933,0.006);
#189=CYLINDRICAL_SURFACE('',#5936,0.006);
#190=CYLINDRICAL_SURFACE('',#5939,0.006);
#191=CYLINDRICAL_SURFACE('',#5942,0.006);
#192=CYLINDRICAL_SURFACE('',#5945,0.006);
#193=CYLINDRICAL_SURFACE('',#5948,0.006);
#194=CYLINDRICAL_SURFACE('',#5957,0.0006);
#195=CYLINDRICAL_SURFACE('',#5959,0.0006);
#196=CYLINDRICAL_SURFACE('',#5961,0.002);
#197=CYLINDRICAL_SURFACE('',#5964,0.002);
#198=CYLINDRICAL_SURFACE('',#5967,0.002);
#199=CYLINDRICAL_SURFACE('',#5970,0.002);
#200=CYLINDRICAL_SURFACE('',#5973,0.002);
#201=CYLINDRICAL_SURFACE('',#5976,0.002);
#202=CYLINDRICAL_SURFACE('',#5979,0.0012);
#203=CYLINDRICAL_SURFACE('',#5983,0.0012);
#204=CYLINDRICAL_SURFACE('',#5987,0.0012);
#205=CYLINDRICAL_SURFACE('',#5991,0.0012);
#206=CYLINDRICAL_SURFACE('',#5995,0.0012);
#207=CYLINDRICAL_SURFACE('',#5999,0.0012);
#208=CYLINDRICAL_SURFACE('',#6000,0.0012);
#209=CYLINDRICAL_SURFACE('',#6004,0.0012);
#210=CYLINDRICAL_SURFACE('',#6008,0.0012);
#211=CYLINDRICAL_SURFACE('',#6012,0.0012);
#212=CYLINDRICAL_SURFACE('',#6016,0.0012);
#213=CYLINDRICAL_SURFACE('',#6018,0.0012);
#214=CYLINDRICAL_SURFACE('',#6022,0.0006);
#215=CYLINDRICAL_SURFACE('',#6026,0.0006);
#216=CYLINDRICAL_SURFACE('',#6030,0.0006);
#217=CYLINDRICAL_SURFACE('',#6034,0.0006);
#218=CYLINDRICAL_SURFACE('',#6036,0.0006);
#219=CYLINDRICAL_SURFACE('',#6040,0.0006);
#220=CYLINDRICAL_SURFACE('',#6044,0.0006);
#221=CYLINDRICAL_SURFACE('',#6048,0.0006);
#222=CYLINDRICAL_SURFACE('',#6052,0.0006);
#223=CYLINDRICAL_SURFACE('',#6055,0.0006);
#224=CYLINDRICAL_SURFACE('',#6057,0.0006);
#225=CYLINDRICAL_SURFACE('',#6061,0.0006);
#226=CYLINDRICAL_SURFACE('',#6065,0.0006);
#227=CYLINDRICAL_SURFACE('',#6067,0.0006);
#228=CYLINDRICAL_SURFACE('',#6071,0.0006);
#229=CYLINDRICAL_SURFACE('',#6075,0.0006);
#230=CYLINDRICAL_SURFACE('',#6080,0.001);
#231=CYLINDRICAL_SURFACE('',#6087,0.001);
#232=CYLINDRICAL_SURFACE('',#6091,0.005);
#233=CYLINDRICAL_SURFACE('',#6100,0.005);
#234=CYLINDRICAL_SURFACE('',#6101,0.005);
#235=CYLINDRICAL_SURFACE('',#6110,0.005);
#236=CYLINDRICAL_SURFACE('',#6111,0.001);
#237=CYLINDRICAL_SURFACE('',#6118,0.001);
#238=CYLINDRICAL_SURFACE('',#6119,0.001);
#239=CYLINDRICAL_SURFACE('',#6126,0.001);
#240=CYLINDRICAL_SURFACE('',#6127,0.001);
#241=CYLINDRICAL_SURFACE('',#6134,0.001);
#242=CYLINDRICAL_SURFACE('',#6141,0.005);
#243=CYLINDRICAL_SURFACE('',#6150,0.005);
#244=CYLINDRICAL_SURFACE('',#6151,0.005);
#245=CYLINDRICAL_SURFACE('',#6160,0.005);
#246=CYLINDRICAL_SURFACE('',#6164,0.001);
#247=CYLINDRICAL_SURFACE('',#6166,0.001);
#248=CYLINDRICAL_SURFACE('',#6172,0.001);
#249=CYLINDRICAL_SURFACE('',#6174,0.001);
#250=CYLINDRICAL_SURFACE('',#6179,0.001);
#251=CYLINDRICAL_SURFACE('',#6184,0.001);
#252=CYLINDRICAL_SURFACE('',#6190,0.001);
#253=CYLINDRICAL_SURFACE('',#6193,0.001);
#254=B_SPLINE_CURVE_WITH_KNOTS('',3,(#7960,#7961,#7962,#7963),
 .UNSPECIFIED.,.F.,.F.,(4,4),(0.,0.000687109064578276),.UNSPECIFIED.);
#255=B_SPLINE_CURVE_WITH_KNOTS('',3,(#7987,#7988,#7989,#7990),
 .UNSPECIFIED.,.F.,.F.,(4,4),(0.,0.00104012381875128),.UNSPECIFIED.);
#256=B_SPLINE_CURVE_WITH_KNOTS('',3,(#7994,#7995,#7996,#7997),
 .UNSPECIFIED.,.F.,.F.,(4,4),(0.,0.00104012381875127),.UNSPECIFIED.);
#257=B_SPLINE_CURVE_WITH_KNOTS('',3,(#8001,#8002,#8003,#8004,#8005),
 .UNSPECIFIED.,.F.,.F.,(4,1,4),(0.,0.00143707653332666,0.00287415306665331),
 .UNSPECIFIED.);
#258=B_SPLINE_CURVE_WITH_KNOTS('',3,(#8015,#8016,#8017,#8018,#8019),
 .UNSPECIFIED.,.F.,.F.,(4,1,4),(0.,0.00143707653332666,0.00287415306665331),
 .UNSPECIFIED.);
#259=B_SPLINE_CURVE_WITH_KNOTS('',3,(#8023,#8024,#8025,#8026),
 .UNSPECIFIED.,.F.,.F.,(4,4),(0.,0.00104012381875127),.UNSPECIFIED.);
#260=B_SPLINE_CURVE_WITH_KNOTS('',3,(#8030,#8031,#8032,#8033),
 .UNSPECIFIED.,.F.,.F.,(4,4),(0.,0.00104012381875128),.UNSPECIFIED.);
#261=B_SPLINE_CURVE_WITH_KNOTS('',3,(#8057,#8058,#8059,#8060),
 .UNSPECIFIED.,.F.,.F.,(4,4),(0.,0.000688956846766126),.UNSPECIFIED.);
#262=B_SPLINE_CURVE_WITH_KNOTS('',3,(#8115,#8116,#8117,#8118,#8119,#8120),
 .UNSPECIFIED.,.F.,.F.,(4,1,1,4),(0.,0.000606109498680828,0.000909164248021241,
0.00121221899736166),.UNSPECIFIED.);
#263=B_SPLINE_CURVE_WITH_KNOTS('',3,(#8122,#8123,#8124,#8125,#8126),
 .UNSPECIFIED.,.F.,.F.,(4,1,4),(0.,0.0006054480464208,0.0012108960928416),
 .UNSPECIFIED.);
#264=B_SPLINE_CURVE_WITH_KNOTS('',2,(#8307,#8308,#8309),.UNSPECIFIED.,.F.,
 .F.,(3,3),(0.,1.),.PIECEWISE_BEZIER_KNOTS.);
#265=B_SPLINE_CURVE_WITH_KNOTS('',2,(#8312,#8313,#8314),.UNSPECIFIED.,.F.,
 .F.,(3,3),(0.,1.),.PIECEWISE_BEZIER_KNOTS.);
#266=B_SPLINE_CURVE_WITH_KNOTS('',2,(#8326,#8327,#8328),.UNSPECIFIED.,.F.,
 .F.,(3,3),(0.,1.),.PIECEWISE_BEZIER_KNOTS.);
#267=B_SPLINE_CURVE_WITH_KNOTS('',2,(#8330,#8331,#8332),.UNSPECIFIED.,.F.,
 .F.,(3,3),(0.,1.),.PIECEWISE_BEZIER_KNOTS.);
#268=B_SPLINE_CURVE_WITH_KNOTS('',2,(#8333,#8334,#8335),.UNSPECIFIED.,.F.,
 .F.,(3,3),(0.,1.),.PIECEWISE_BEZIER_KNOTS.);
#269=B_SPLINE_CURVE_WITH_KNOTS('',2,(#8338,#8339,#8340),.UNSPECIFIED.,.F.,
 .F.,(3,3),(0.,1.),.PIECEWISE_BEZIER_KNOTS.);
#270=B_SPLINE_CURVE_WITH_KNOTS('',2,(#8352,#8353,#8354),.UNSPECIFIED.,.F.,
 .F.,(3,3),(0.,1.),.PIECEWISE_BEZIER_KNOTS.);
#271=B_SPLINE_CURVE_WITH_KNOTS('',2,(#8356,#8357,#8358),.UNSPECIFIED.,.F.,
 .F.,(3,3),(0.,1.),.PIECEWISE_BEZIER_KNOTS.);
#272=B_SPLINE_CURVE_WITH_KNOTS('',3,(#8362,#8363,#8364,#8365),
 .UNSPECIFIED.,.F.,.F.,(4,4),(0.,0.000881154382125417),.UNSPECIFIED.);
#273=B_SPLINE_CURVE_WITH_KNOTS('',2,(#8414,#8415,#8416),.UNSPECIFIED.,.F.,
 .F.,(3,3),(0.,1.),.PIECEWISE_BEZIER_KNOTS.);
#274=B_SPLINE_CURVE_WITH_KNOTS('',2,(#8429,#8430,#8431),.UNSPECIFIED.,.F.,
 .F.,(3,3),(0.,1.),.PIECEWISE_BEZIER_KNOTS.);
#275=B_SPLINE_CURVE_WITH_KNOTS('',2,(#8442,#8443,#8444),.UNSPECIFIED.,.F.,
 .F.,(3,3),(0.,1.),.PIECEWISE_BEZIER_KNOTS.);
#276=B_SPLINE_CURVE_WITH_KNOTS('',2,(#8496,#8497,#8498),.UNSPECIFIED.,.F.,
 .F.,(3,3),(0.,1.),.PIECEWISE_BEZIER_KNOTS.);
#277=B_SPLINE_CURVE_WITH_KNOTS('',2,(#8500,#8501,#8502),.UNSPECIFIED.,.F.,
 .F.,(3,3),(0.,1.),.PIECEWISE_BEZIER_KNOTS.);
#278=B_SPLINE_CURVE_WITH_KNOTS('',2,(#8513,#8514,#8515),.UNSPECIFIED.,.F.,
 .F.,(3,3),(0.,1.),.PIECEWISE_BEZIER_KNOTS.);
#279=B_SPLINE_CURVE_WITH_KNOTS('',2,(#8517,#8518,#8519),.UNSPECIFIED.,.F.,
 .F.,(3,3),(0.,1.),.PIECEWISE_BEZIER_KNOTS.);
#280=B_SPLINE_CURVE_WITH_KNOTS('',2,(#8530,#8531,#8532),.UNSPECIFIED.,.F.,
 .F.,(3,3),(0.,1.),.PIECEWISE_BEZIER_KNOTS.);
#281=B_SPLINE_CURVE_WITH_KNOTS('',2,(#8534,#8535,#8536),.UNSPECIFIED.,.F.,
 .F.,(3,3),(0.,1.),.PIECEWISE_BEZIER_KNOTS.);
#282=B_SPLINE_CURVE_WITH_KNOTS('',2,(#8547,#8548,#8549),.UNSPECIFIED.,.F.,
 .F.,(3,3),(0.,1.),.PIECEWISE_BEZIER_KNOTS.);
#283=B_SPLINE_CURVE_WITH_KNOTS('',2,(#8550,#8551,#8552),.UNSPECIFIED.,.F.,
 .F.,(3,3),(0.,1.),.PIECEWISE_BEZIER_KNOTS.);
#284=B_SPLINE_CURVE_WITH_KNOTS('',2,(#8561,#8562,#8563),.UNSPECIFIED.,.F.,
 .F.,(3,3),(0.,1.),.PIECEWISE_BEZIER_KNOTS.);
#285=B_SPLINE_CURVE_WITH_KNOTS('',2,(#8574,#8575,#8576),.UNSPECIFIED.,.F.,
 .F.,(3,3),(0.,1.),.PIECEWISE_BEZIER_KNOTS.);
#286=B_SPLINE_CURVE_WITH_KNOTS('',2,(#8589,#8590,#8591),.UNSPECIFIED.,.F.,
 .F.,(3,3),(0.,1.),.PIECEWISE_BEZIER_KNOTS.);
#287=B_SPLINE_CURVE_WITH_KNOTS('',2,(#8602,#8603,#8604),.UNSPECIFIED.,.F.,
 .F.,(3,3),(0.,1.),.PIECEWISE_BEZIER_KNOTS.);
#288=B_SPLINE_CURVE_WITH_KNOTS('',2,(#8656,#8657,#8658),.UNSPECIFIED.,.F.,
 .F.,(3,3),(0.,1.),.PIECEWISE_BEZIER_KNOTS.);
#289=B_SPLINE_CURVE_WITH_KNOTS('',2,(#8660,#8661,#8662),.UNSPECIFIED.,.F.,
 .F.,(3,3),(0.,1.),.PIECEWISE_BEZIER_KNOTS.);
#290=B_SPLINE_CURVE_WITH_KNOTS('',2,(#8673,#8674,#8675),.UNSPECIFIED.,.F.,
 .F.,(3,3),(0.,1.),.PIECEWISE_BEZIER_KNOTS.);
#291=B_SPLINE_CURVE_WITH_KNOTS('',2,(#8677,#8678,#8679),.UNSPECIFIED.,.F.,
 .F.,(3,3),(0.,1.),.PIECEWISE_BEZIER_KNOTS.);
#292=B_SPLINE_CURVE_WITH_KNOTS('',2,(#8690,#8691,#8692),.UNSPECIFIED.,.F.,
 .F.,(3,3),(0.,1.),.PIECEWISE_BEZIER_KNOTS.);
#293=B_SPLINE_CURVE_WITH_KNOTS('',2,(#8694,#8695,#8696),.UNSPECIFIED.,.F.,
 .F.,(3,3),(0.,1.),.PIECEWISE_BEZIER_KNOTS.);
#294=B_SPLINE_CURVE_WITH_KNOTS('',2,(#8707,#8708,#8709),.UNSPECIFIED.,.F.,
 .F.,(3,3),(0.,1.),.PIECEWISE_BEZIER_KNOTS.);
#295=B_SPLINE_CURVE_WITH_KNOTS('',2,(#8710,#8711,#8712),.UNSPECIFIED.,.F.,
 .F.,(3,3),(0.,1.),.PIECEWISE_BEZIER_KNOTS.);
#296=B_SPLINE_CURVE_WITH_KNOTS('',2,(#8721,#8722,#8723),.UNSPECIFIED.,.F.,
 .F.,(3,3),(0.,1.),.PIECEWISE_BEZIER_KNOTS.);
#297=B_SPLINE_CURVE_WITH_KNOTS('',3,(#8747,#8748,#8749,#8750),
 .UNSPECIFIED.,.F.,.F.,(4,4),(0.,0.000881154382125417),.UNSPECIFIED.);
#298=B_SPLINE_CURVE_WITH_KNOTS('',3,(#8759,#8760,#8761,#8762,#8763,#8764),
 .UNSPECIFIED.,.F.,.F.,(4,1,1,4),(0.,0.000304713573971547,0.000609427147943095,
0.00121885429588619),.UNSPECIFIED.);
#299=B_SPLINE_CURVE_WITH_KNOTS('',3,(#8765,#8766,#8767,#8768,#8769,#8770),
 .UNSPECIFIED.,.F.,.F.,(4,1,1,4),(0.,0.000606109498680827,0.000909164248021241,
0.00121221899736165),.UNSPECIFIED.);
#300=B_SPLINE_CURVE_WITH_KNOTS('',3,(#8772,#8773,#8774,#8775,#8776,#8777),
 .UNSPECIFIED.,.F.,.F.,(4,1,1,4),(0.,0.000304713573971577,0.000609427147943154,
0.00121885429588631),.UNSPECIFIED.);
#301=B_SPLINE_CURVE_WITH_KNOTS('',3,(#8783,#8784,#8785,#8786,#8787),
 .UNSPECIFIED.,.F.,.F.,(4,1,4),(0.,0.000605448046420799,0.0012108960928416),
 .UNSPECIFIED.);
#302=B_SPLINE_CURVE_WITH_KNOTS('',3,(#8993,#8994,#8995,#8996),
 .UNSPECIFIED.,.F.,.F.,(4,4),(0.,0.000495784217321252),.UNSPECIFIED.);
#303=B_SPLINE_CURVE_WITH_KNOTS('',3,(#9009,#9010,#9011,#9012),
 .UNSPECIFIED.,.F.,.F.,(4,4),(0.,0.000502692825934925),.UNSPECIFIED.);
#304=B_SPLINE_CURVE_WITH_KNOTS('',3,(#9090,#9091,#9092,#9093,#9094),
 .UNSPECIFIED.,.F.,.F.,(4,1,4),(0.,0.0012666460159101,0.0025332920318202),
 .UNSPECIFIED.);
#305=B_SPLINE_CURVE_WITH_KNOTS('',3,(#9107,#9108,#9109,#9110,#9111),
 .UNSPECIFIED.,.F.,.F.,(4,1,4),(0.,0.0012666460159101,0.0025332920318202),
 .UNSPECIFIED.);
#306=B_SPLINE_CURVE_WITH_KNOTS('',3,(#9118,#9119,#9120,#9121,#9122),
 .UNSPECIFIED.,.F.,.F.,(4,1,4),(0.,0.0012666460159101,0.0025332920318202),
 .UNSPECIFIED.);
#307=B_SPLINE_CURVE_WITH_KNOTS('',3,(#9135,#9136,#9137,#9138,#9139),
 .UNSPECIFIED.,.F.,.F.,(4,1,4),(0.,0.0012666460159101,0.0025332920318202),
 .UNSPECIFIED.);
#308=B_SPLINE_CURVE_WITH_KNOTS('',3,(#9142,#9143,#9144,#9145,#9146),
 .UNSPECIFIED.,.F.,.F.,(4,1,4),(0.,0.000356268135941879,0.000712536271883758),
 .UNSPECIFIED.);
#309=B_SPLINE_CURVE_WITH_KNOTS('',3,(#9167,#9168,#9169,#9170,#9171),
 .UNSPECIFIED.,.F.,.F.,(4,1,4),(4.2809376457804E-17,0.000353086839200159,
0.000706173678400275),.UNSPECIFIED.);
#310=B_SPLINE_CURVE_WITH_KNOTS('',3,(#9177,#9178,#9179,#9180,#9181),
 .UNSPECIFIED.,.F.,.F.,(4,1,4),(0.,0.00035254945430388,0.000705098908607761),
 .UNSPECIFIED.);
#311=B_SPLINE_CURVE_WITH_KNOTS('',3,(#9202,#9203,#9204,#9205,#9206),
 .UNSPECIFIED.,.F.,.F.,(4,1,4),(0.,0.000355996420594374,0.000711992841188747),
 .UNSPECIFIED.);
#312=B_SPLINE_CURVE_WITH_KNOTS('',3,(#9458,#9459,#9460,#9461),
 .UNSPECIFIED.,.F.,.F.,(4,4),(0.00732665311372894,0.00804438140285985),
 .UNSPECIFIED.);
#313=B_SPLINE_CURVE_WITH_KNOTS('',3,(#9466,#9467,#9468,#9469),
 .UNSPECIFIED.,.F.,.F.,(4,4),(0.,0.000713641980055414),.UNSPECIFIED.);
#314=B_SPLINE_CURVE_WITH_KNOTS('',3,(#10027,#10028,#10029,#10030),
 .UNSPECIFIED.,.F.,.F.,(4,4),(3.87895961444886E-18,0.000826961813118311),
 .UNSPECIFIED.);
#315=B_SPLINE_CURVE_WITH_KNOTS('',3,(#10032,#10033,#10034,#10035),
 .UNSPECIFIED.,.F.,.F.,(4,4),(0.,0.000805377126844804),.UNSPECIFIED.);
#316=B_SPLINE_CURVE_WITH_KNOTS('',3,(#10061,#10062,#10063,#10064),
 .UNSPECIFIED.,.F.,.F.,(4,4),(0.,0.000808948412897037),.UNSPECIFIED.);
#317=B_SPLINE_CURVE_WITH_KNOTS('',3,(#10080,#10081,#10082,#10083),
 .UNSPECIFIED.,.F.,.F.,(4,4),(0.,0.000826961813118316),.UNSPECIFIED.);
#318=B_SPLINE_CURVE_WITH_KNOTS('',3,(#10087,#10088,#10089,#10090),
 .UNSPECIFIED.,.F.,.F.,(4,4),(0.,0.000805377126844804),.UNSPECIFIED.);
#319=B_SPLINE_CURVE_WITH_KNOTS('',3,(#10103,#10104,#10105,#10106),
 .UNSPECIFIED.,.F.,.F.,(4,4),(0.,0.000808948412897037),.UNSPECIFIED.);
#320=ELLIPSE('',#5583,0.00169705627484771,0.0012);
#321=ELLIPSE('',#5590,0.00169705627484771,0.0012);
#322=ELLIPSE('',#5603,0.000718420489685532,0.000508);
#323=ELLIPSE('',#5610,0.0059341912823173,0.0012);
#324=ELLIPSE('',#5635,0.00179605122421383,0.00127);
#325=ELLIPSE('',#5637,0.00179605122421383,0.00127);
#326=ELLIPSE('',#5692,0.000718420489685532,0.000508);
#327=ELLIPSE('',#5694,0.000718420489685532,0.000508);
#328=ELLIPSE('',#5697,0.000718420489685532,0.000508);
#329=ELLIPSE('',#5715,0.00593419128231732,0.0012);
#330=ELLIPSE('',#5749,0.00320781296212856,0.002);
#331=ELLIPSE('',#5754,0.00320781296212856,0.002);
#332=ELLIPSE('',#5759,0.00354684761443172,0.002508);
#333=ELLIPSE('',#5760,0.00213263405205863,0.001508);
#334=ELLIPSE('',#5762,0.00354684761443172,0.002508);
#335=ELLIPSE('',#5763,0.00213263405205863,0.001508);
#336=ELLIPSE('',#5773,0.00282842712474619,0.002);
#337=ELLIPSE('',#5774,0.00282842712474619,0.002);
#338=ELLIPSE('',#5776,0.00282842712474619,0.002);
#339=ELLIPSE('',#5777,0.00282842712474619,0.002);
#340=ELLIPSE('',#5795,0.00115640320217927,0.000508);
#341=ELLIPSE('',#5797,0.00115640320217927,0.000508);
#342=ELLIPSE('',#5804,0.000805128374230583,0.000508);
#343=ELLIPSE('',#5806,0.000805128374230582,0.000508);
#344=ELLIPSE('',#5807,0.00115640320217927,0.000508);
#345=ELLIPSE('',#5809,0.00115640320217927,0.000508);
#346=ELLIPSE('',#5813,0.00115640320217927,0.000508);
#347=ELLIPSE('',#5815,0.00115640320217927,0.000508);
#348=ELLIPSE('',#5822,0.000805128374230583,0.000508);
#349=ELLIPSE('',#5824,0.000805128374230582,0.000508);
#350=ELLIPSE('',#5825,0.00115640320217927,0.000508);
#351=ELLIPSE('',#5827,0.00115640320217927,0.000508);
#352=ELLIPSE('',#5829,0.000805128374230582,0.000508);
#353=ELLIPSE('',#5831,0.00159126616252593,0.000508);
#354=ELLIPSE('',#5835,0.000805128374230583,0.000508);
#355=ELLIPSE('',#5837,0.000805128374230582,0.000508);
#356=ELLIPSE('',#5838,0.00159126616252593,0.000508);
#357=ELLIPSE('',#5842,0.000805128374230583,0.000508);
#358=ELLIPSE('',#5845,0.0024952082077454,0.002);
#359=ELLIPSE('',#5846,0.0024952082077454,0.002);
#360=ELLIPSE('',#5848,0.0024952082077454,0.002);
#361=ELLIPSE('',#5849,0.0024952082077454,0.002);
#362=ELLIPSE('',#5852,0.0024952082077454,0.002);
#363=ELLIPSE('',#5853,0.0024952082077454,0.002);
#364=ELLIPSE('',#5855,0.0024952082077454,0.002);
#365=ELLIPSE('',#5856,0.0024952082077454,0.002);
#366=ELLIPSE('',#5866,0.008,0.004);
#367=ELLIPSE('',#5869,0.008,0.004);
#368=ELLIPSE('',#5891,0.000848528137423857,0.0006);
#369=ELLIPSE('',#5892,0.00169705627484771,0.0012);
#370=ELLIPSE('',#5893,0.00169705627484771,0.0012);
#371=ELLIPSE('',#5894,0.000848528137423857,0.0006);
#372=ELLIPSE('',#5896,0.00169705627484771,0.0012);
#373=ELLIPSE('',#5898,0.00169705627484771,0.0012);
#374=ELLIPSE('',#5900,0.000848528137423857,0.0006);
#375=ELLIPSE('',#5901,0.000848528137423857,0.0006);
#376=ELLIPSE('',#5902,0.00169705627484771,0.0012);
#377=ELLIPSE('',#5903,0.00169705627484771,0.0012);
#378=ELLIPSE('',#5952,0.00197989898732233,0.0014);
#379=ELLIPSE('',#5953,0.00197989898732233,0.0014);
#380=ELLIPSE('',#5955,0.00197989898732233,0.0014);
#381=ELLIPSE('',#5956,0.00197989898732233,0.0014);
#382=ELLIPSE('',#5958,0.00134164078649987,0.0006);
#383=ELLIPSE('',#5960,0.00134164078649987,0.0006);
#384=ELLIPSE('',#5968,0.00244131112314674,0.002);
#385=ELLIPSE('',#5971,0.00244131112314674,0.002);
#386=ELLIPSE('',#5974,0.00244131112314674,0.002);
#387=ELLIPSE('',#5977,0.00244131112314674,0.002);
#388=CIRCLE('',#5571,0.003);
#389=CIRCLE('',#5573,0.003);
#390=CIRCLE('',#5575,0.000492);
#391=CIRCLE('',#5577,0.000492);
#392=CIRCLE('',#5581,0.002);
#393=CIRCLE('',#5582,0.002);
#394=CIRCLE('',#5584,0.018542);
#395=CIRCLE('',#5585,0.003302);
#396=CIRCLE('',#5586,0.00519943368120216);
#397=CIRCLE('',#5587,0.00519943368120216);
#398=CIRCLE('',#5588,0.003302);
#399=CIRCLE('',#5589,0.018542);
#400=CIRCLE('',#5591,0.0035);
#401=CIRCLE('',#5592,0.0035);
#402=CIRCLE('',#5594,0.001016);
#403=CIRCLE('',#5595,0.002508);
#404=CIRCLE('',#5597,0.003);
#405=CIRCLE('',#5598,0.001016);
#406=CIRCLE('',#5601,0.000508);
#407=CIRCLE('',#5606,0.002508);
#408=CIRCLE('',#5607,0.001016);
#409=CIRCLE('',#5614,0.018542);
#410=CIRCLE('',#5615,0.003302);
#411=CIRCLE('',#5616,0.003302);
#412=CIRCLE('',#5617,0.018542);
#413=CIRCLE('',#5618,0.0035);
#414=CIRCLE('',#5619,0.0035);
#415=CIRCLE('',#5620,0.0034925);
#416=CIRCLE('',#5621,0.0034925);
#417=CIRCLE('',#5623,0.0034925);
#418=CIRCLE('',#5625,0.000762);
#419=CIRCLE('',#5627,0.000762);
#420=CIRCLE('',#5632,0.0034925);
#421=CIRCLE('',#5634,0.00127);
#422=CIRCLE('',#5639,0.00127);
#423=CIRCLE('',#5641,0.00381);
#424=CIRCLE('',#5642,0.00381);
#425=CIRCLE('',#5644,0.00381);
#426=CIRCLE('',#5645,0.00381);
#427=CIRCLE('',#5648,0.003);
#428=CIRCLE('',#5649,0.001016);
#429=CIRCLE('',#5651,0.00519943368120216);
#430=CIRCLE('',#5654,0.002);
#431=CIRCLE('',#5657,0.002);
#432=CIRCLE('',#5686,0.00519943368120216);
#433=CIRCLE('',#5690,0.000508);
#434=CIRCLE('',#5700,0.01905);
#435=CIRCLE('',#5701,0.01905);
#436=CIRCLE('',#5703,0.01905);
#437=CIRCLE('',#5704,0.01905);
#438=CIRCLE('',#5727,0.00241778452730955);
#439=CIRCLE('',#5728,0.00241778452730955);
#440=CIRCLE('',#5729,0.00241778452730955);
#441=CIRCLE('',#5730,0.00241778452730955);
#442=CIRCLE('',#5731,0.0072);
#443=CIRCLE('',#5732,0.0008);
#444=CIRCLE('',#5733,0.0008);
#445=CIRCLE('',#5734,0.0072);
#446=CIRCLE('',#5735,0.0048);
#447=CIRCLE('',#5737,0.00241778452730955);
#448=CIRCLE('',#5738,0.00241778452730955);
#449=CIRCLE('',#5739,0.00241778452730955);
#450=CIRCLE('',#5740,0.00241778452730955);
#451=CIRCLE('',#5741,0.0048);
#452=CIRCLE('',#5742,0.0072);
#453=CIRCLE('',#5743,0.0008);
#454=CIRCLE('',#5744,0.0008);
#455=CIRCLE('',#5745,0.0072);
#456=CIRCLE('',#5750,0.002);
#457=CIRCLE('',#5751,0.002);
#458=CIRCLE('',#5753,0.002);
#459=CIRCLE('',#5755,0.002);
#460=CIRCLE('',#5765,0.002);
#461=CIRCLE('',#5766,0.002);
#462=CIRCLE('',#5769,0.002);
#463=CIRCLE('',#5770,0.002);
#464=CIRCLE('',#5779,0.000508);
#465=CIRCLE('',#5780,0.000508);
#466=CIRCLE('',#5782,0.000508);
#467=CIRCLE('',#5783,0.000508);
#468=CIRCLE('',#5785,0.000508);
#469=CIRCLE('',#5786,0.000508);
#470=CIRCLE('',#5789,0.000508);
#471=CIRCLE('',#5790,0.000508);
#472=CIRCLE('',#5793,0.000508);
#473=CIRCLE('',#5799,0.000508);
#474=CIRCLE('',#5801,0.000508);
#475=CIRCLE('',#5803,0.000508);
#476=CIRCLE('',#5811,0.000508);
#477=CIRCLE('',#5817,0.000508);
#478=CIRCLE('',#5819,0.000508);
#479=CIRCLE('',#5821,0.000508);
#480=CIRCLE('',#5830,0.000508);
#481=CIRCLE('',#5832,0.000508);
#482=CIRCLE('',#5833,0.000508);
#483=CIRCLE('',#5839,0.000508);
#484=CIRCLE('',#5841,0.000508);
#485=CIRCLE('',#5843,0.000508);
#486=CIRCLE('',#5858,0.002);
#487=CIRCLE('',#5860,0.002);
#488=CIRCLE('',#5861,0.002);
#489=CIRCLE('',#5863,0.002);
#490=CIRCLE('',#5865,0.004);
#491=CIRCLE('',#5867,0.004);
#492=CIRCLE('',#5870,0.004);
#493=CIRCLE('',#5871,0.004);
#494=CIRCLE('',#5873,0.0066);
#495=CIRCLE('',#5874,0.0054);
#496=CIRCLE('',#5875,0.0066);
#497=CIRCLE('',#5878,0.0066);
#498=CIRCLE('',#5879,0.0066);
#499=CIRCLE('',#5880,0.0054);
#500=CIRCLE('',#5907,0.001);
#501=CIRCLE('',#5908,0.001);
#502=CIRCLE('',#5910,0.001);
#503=CIRCLE('',#5912,0.001);
#504=CIRCLE('',#5913,0.001);
#505=CIRCLE('',#5915,0.001);
#506=CIRCLE('',#5917,0.001);
#507=CIRCLE('',#5919,0.001);
#508=CIRCLE('',#5924,0.0026);
#509=CIRCLE('',#5926,0.0026);
#510=CIRCLE('',#5929,0.0026);
#511=CIRCLE('',#5931,0.0026);
#512=CIRCLE('',#5934,0.006);
#513=CIRCLE('',#5935,0.006);
#514=CIRCLE('',#5937,0.006);
#515=CIRCLE('',#5938,0.006);
#516=CIRCLE('',#5940,0.006);
#517=CIRCLE('',#5941,0.006);
#518=CIRCLE('',#5943,0.006);
#519=CIRCLE('',#5944,0.006);
#520=CIRCLE('',#5946,0.006);
#521=CIRCLE('',#5947,0.006);
#522=CIRCLE('',#5949,0.006);
#523=CIRCLE('',#5950,0.006);
#524=CIRCLE('',#5962,0.002);
#525=CIRCLE('',#5963,0.002);
#526=CIRCLE('',#5965,0.002);
#527=CIRCLE('',#5966,0.002);
#528=CIRCLE('',#5969,0.002);
#529=CIRCLE('',#5972,0.002);
#530=CIRCLE('',#5975,0.002);
#531=CIRCLE('',#5978,0.002);
#532=CIRCLE('',#5980,0.0012);
#533=CIRCLE('',#5982,0.0012);
#534=CIRCLE('',#5984,0.0012);
#535=CIRCLE('',#5986,0.0012);
#536=CIRCLE('',#5988,0.0012);
#537=CIRCLE('',#5990,0.0012);
#538=CIRCLE('',#5992,0.0012);
#539=CIRCLE('',#5994,0.0012);
#540=CIRCLE('',#5996,0.0012);
#541=CIRCLE('',#5998,0.0012);
#542=CIRCLE('',#6001,0.0012);
#543=CIRCLE('',#6003,0.0012);
#544=CIRCLE('',#6005,0.0012);
#545=CIRCLE('',#6007,0.0012);
#546=CIRCLE('',#6009,0.0012);
#547=CIRCLE('',#6011,0.0012);
#548=CIRCLE('',#6013,0.0012);
#549=CIRCLE('',#6015,0.0012);
#550=CIRCLE('',#6017,0.0012);
#551=CIRCLE('',#6019,0.0012);
#552=CIRCLE('',#6021,0.0006);
#553=CIRCLE('',#6023,0.0006);
#554=CIRCLE('',#6025,0.0006);
#555=CIRCLE('',#6027,0.0006);
#556=CIRCLE('',#6029,0.0006);
#557=CIRCLE('',#6031,0.0006);
#558=CIRCLE('',#6033,0.0006);
#559=CIRCLE('',#6035,0.0006);
#560=CIRCLE('',#6037,0.0006);
#561=CIRCLE('',#6038,0.0006);
#562=CIRCLE('',#6039,0.0006);
#563=CIRCLE('',#6041,0.0006);
#564=CIRCLE('',#6043,0.0006);
#565=CIRCLE('',#6045,0.0006);
#566=CIRCLE('',#6047,0.0006);
#567=CIRCLE('',#6049,0.0006);
#568=CIRCLE('',#6051,0.0006);
#569=CIRCLE('',#6053,0.0006);
#570=CIRCLE('',#6054,0.0006);
#571=CIRCLE('',#6056,0.0006);
#572=CIRCLE('',#6058,0.0006);
#573=CIRCLE('',#6060,0.0006);
#574=CIRCLE('',#6062,0.0006);
#575=CIRCLE('',#6064,0.0006);
#576=CIRCLE('',#6066,0.0006);
#577=CIRCLE('',#6068,0.0006);
#578=CIRCLE('',#6070,0.0006);
#579=CIRCLE('',#6072,0.0006);
#580=CIRCLE('',#6074,0.0006);
#581=CIRCLE('',#6076,0.0006);
#582=CIRCLE('',#6078,0.001);
#583=CIRCLE('',#6079,0.000890818354867277);
#584=CIRCLE('',#6081,0.001);
#585=CIRCLE('',#6083,0.000890818354867277);
#586=CIRCLE('',#6085,0.001);
#587=CIRCLE('',#6086,0.000890818354867277);
#588=CIRCLE('',#6088,0.001);
#589=CIRCLE('',#6090,0.000890818354867277);
#590=CIRCLE('',#6092,0.005);
#591=CIRCLE('',#6093,0.005);
#592=CIRCLE('',#6095,0.00168600312683602);
#593=CIRCLE('',#6096,0.005);
#594=CIRCLE('',#6098,0.005);
#595=CIRCLE('',#6099,0.00168600312683602);
#596=CIRCLE('',#6102,0.005);
#597=CIRCLE('',#6103,0.005);
#598=CIRCLE('',#6105,0.00168600312683602);
#599=CIRCLE('',#6106,0.005);
#600=CIRCLE('',#6108,0.005);
#601=CIRCLE('',#6109,0.00168600312683602);
#602=CIRCLE('',#6112,0.001);
#603=CIRCLE('',#6113,0.001);
#604=CIRCLE('',#6115,0.001);
#605=CIRCLE('',#6117,0.001);
#606=CIRCLE('',#6120,0.001);
#607=CIRCLE('',#6121,0.001);
#608=CIRCLE('',#6123,0.001);
#609=CIRCLE('',#6125,0.001);
#610=CIRCLE('',#6128,0.001);
#611=CIRCLE('',#6129,0.001);
#612=CIRCLE('',#6131,0.000890818354867277);
#613=CIRCLE('',#6133,0.000890818354867277);
#614=CIRCLE('',#6135,0.001);
#615=CIRCLE('',#6136,0.001);
#616=CIRCLE('',#6138,0.000890818354867277);
#617=CIRCLE('',#6140,0.000890818354867277);
#618=CIRCLE('',#6142,0.005);
#619=CIRCLE('',#6143,0.005);
#620=CIRCLE('',#6145,0.00168600312683602);
#621=CIRCLE('',#6146,0.005);
#622=CIRCLE('',#6148,0.005);
#623=CIRCLE('',#6149,0.00168600312683602);
#624=CIRCLE('',#6152,0.005);
#625=CIRCLE('',#6153,0.005);
#626=CIRCLE('',#6155,0.00168600312683602);
#627=CIRCLE('',#6156,0.005);
#628=CIRCLE('',#6158,0.005);
#629=CIRCLE('',#6159,0.00168600312683602);
#630=CIRCLE('',#6162,0.001);
#631=CIRCLE('',#6163,0.001);
#632=CIRCLE('',#6165,0.001);
#633=CIRCLE('',#6167,0.001);
#634=CIRCLE('',#6170,0.001);
#635=CIRCLE('',#6171,0.001);
#636=CIRCLE('',#6173,0.001);
#637=CIRCLE('',#6175,0.001);
#638=CIRCLE('',#6178,0.000508);
#639=CIRCLE('',#6180,0.001);
#640=CIRCLE('',#6182,0.000508);
#641=CIRCLE('',#6185,0.001);
#642=CIRCLE('',#6187,0.001);
#643=CIRCLE('',#6188,0.001);
#644=CIRCLE('',#6189,0.001);
#645=CIRCLE('',#6191,0.001);
#646=CIRCLE('',#6192,0.001);
#647=CIRCLE('',#6194,0.001);
#648=CIRCLE('',#6195,0.001);
#649=CIRCLE('',#6196,0.001);
#650=ORIENTED_EDGE('',*,*,#2272,.T.);
#651=ORIENTED_EDGE('',*,*,#2273,.T.);
#652=ORIENTED_EDGE('',*,*,#2274,.T.);
#653=ORIENTED_EDGE('',*,*,#2275,.T.);
#654=ORIENTED_EDGE('',*,*,#2276,.T.);
#655=ORIENTED_EDGE('',*,*,#2277,.T.);
#656=ORIENTED_EDGE('',*,*,#2278,.T.);
#657=ORIENTED_EDGE('',*,*,#2279,.F.);
#658=ORIENTED_EDGE('',*,*,#2280,.T.);
#659=ORIENTED_EDGE('',*,*,#2281,.F.);
#660=ORIENTED_EDGE('',*,*,#2282,.F.);
#661=ORIENTED_EDGE('',*,*,#2283,.T.);
#662=ORIENTED_EDGE('',*,*,#2284,.T.);
#663=ORIENTED_EDGE('',*,*,#2285,.T.);
#664=ORIENTED_EDGE('',*,*,#2286,.T.);
#665=ORIENTED_EDGE('',*,*,#2287,.T.);
#666=ORIENTED_EDGE('',*,*,#2288,.T.);
#667=ORIENTED_EDGE('',*,*,#2289,.F.);
#668=ORIENTED_EDGE('',*,*,#2290,.T.);
#669=ORIENTED_EDGE('',*,*,#2291,.T.);
#670=ORIENTED_EDGE('',*,*,#2292,.T.);
#671=ORIENTED_EDGE('',*,*,#2293,.T.);
#672=ORIENTED_EDGE('',*,*,#2294,.T.);
#673=ORIENTED_EDGE('',*,*,#2295,.T.);
#674=ORIENTED_EDGE('',*,*,#2296,.T.);
#675=ORIENTED_EDGE('',*,*,#2297,.T.);
#676=ORIENTED_EDGE('',*,*,#2298,.T.);
#677=ORIENTED_EDGE('',*,*,#2299,.T.);
#678=ORIENTED_EDGE('',*,*,#2300,.T.);
#679=ORIENTED_EDGE('',*,*,#2301,.T.);
#680=ORIENTED_EDGE('',*,*,#2302,.T.);
#681=ORIENTED_EDGE('',*,*,#2303,.T.);
#682=ORIENTED_EDGE('',*,*,#2304,.T.);
#683=ORIENTED_EDGE('',*,*,#2305,.T.);
#684=ORIENTED_EDGE('',*,*,#2306,.T.);
#685=ORIENTED_EDGE('',*,*,#2307,.T.);
#686=ORIENTED_EDGE('',*,*,#2308,.T.);
#687=ORIENTED_EDGE('',*,*,#2309,.F.);
#688=ORIENTED_EDGE('',*,*,#2310,.T.);
#689=ORIENTED_EDGE('',*,*,#2311,.T.);
#690=ORIENTED_EDGE('',*,*,#2312,.T.);
#691=ORIENTED_EDGE('',*,*,#2313,.T.);
#692=ORIENTED_EDGE('',*,*,#2314,.F.);
#693=ORIENTED_EDGE('',*,*,#2315,.T.);
#694=ORIENTED_EDGE('',*,*,#2316,.T.);
#695=ORIENTED_EDGE('',*,*,#2317,.T.);
#696=ORIENTED_EDGE('',*,*,#2318,.T.);
#697=ORIENTED_EDGE('',*,*,#2319,.T.);
#698=ORIENTED_EDGE('',*,*,#2320,.T.);
#699=ORIENTED_EDGE('',*,*,#2321,.T.);
#700=ORIENTED_EDGE('',*,*,#2322,.T.);
#701=ORIENTED_EDGE('',*,*,#2323,.T.);
#702=ORIENTED_EDGE('',*,*,#2324,.T.);
#703=ORIENTED_EDGE('',*,*,#2325,.T.);
#704=ORIENTED_EDGE('',*,*,#2326,.T.);
#705=ORIENTED_EDGE('',*,*,#2327,.F.);
#706=ORIENTED_EDGE('',*,*,#2328,.T.);
#707=ORIENTED_EDGE('',*,*,#2272,.F.);
#708=ORIENTED_EDGE('',*,*,#2329,.T.);
#709=ORIENTED_EDGE('',*,*,#2330,.T.);
#710=ORIENTED_EDGE('',*,*,#2331,.T.);
#711=ORIENTED_EDGE('',*,*,#2332,.T.);
#712=ORIENTED_EDGE('',*,*,#2333,.T.);
#713=ORIENTED_EDGE('',*,*,#2279,.T.);
#714=ORIENTED_EDGE('',*,*,#2334,.T.);
#715=ORIENTED_EDGE('',*,*,#2335,.T.);
#716=ORIENTED_EDGE('',*,*,#2336,.T.);
#717=ORIENTED_EDGE('',*,*,#2337,.T.);
#718=ORIENTED_EDGE('',*,*,#2338,.T.);
#719=ORIENTED_EDGE('',*,*,#2339,.F.);
#720=ORIENTED_EDGE('',*,*,#2340,.F.);
#721=ORIENTED_EDGE('',*,*,#2341,.F.);
#722=ORIENTED_EDGE('',*,*,#2342,.T.);
#723=ORIENTED_EDGE('',*,*,#2343,.T.);
#724=ORIENTED_EDGE('',*,*,#2344,.T.);
#725=ORIENTED_EDGE('',*,*,#2345,.T.);
#726=ORIENTED_EDGE('',*,*,#2346,.T.);
#727=ORIENTED_EDGE('',*,*,#2347,.T.);
#728=ORIENTED_EDGE('',*,*,#2348,.T.);
#729=ORIENTED_EDGE('',*,*,#2349,.T.);
#730=ORIENTED_EDGE('',*,*,#2350,.T.);
#731=ORIENTED_EDGE('',*,*,#2351,.F.);
#732=ORIENTED_EDGE('',*,*,#2352,.T.);
#733=ORIENTED_EDGE('',*,*,#2353,.F.);
#734=ORIENTED_EDGE('',*,*,#2354,.T.);
#735=ORIENTED_EDGE('',*,*,#2355,.T.);
#736=ORIENTED_EDGE('',*,*,#2356,.T.);
#737=ORIENTED_EDGE('',*,*,#2357,.T.);
#738=ORIENTED_EDGE('',*,*,#2358,.T.);
#739=ORIENTED_EDGE('',*,*,#2359,.T.);
#740=ORIENTED_EDGE('',*,*,#2360,.T.);
#741=ORIENTED_EDGE('',*,*,#2361,.T.);
#742=ORIENTED_EDGE('',*,*,#2362,.T.);
#743=ORIENTED_EDGE('',*,*,#2323,.F.);
#744=ORIENTED_EDGE('',*,*,#2363,.F.);
#745=ORIENTED_EDGE('',*,*,#2364,.T.);
#746=ORIENTED_EDGE('',*,*,#2365,.F.);
#747=ORIENTED_EDGE('',*,*,#2366,.T.);
#748=ORIENTED_EDGE('',*,*,#2367,.T.);
#749=ORIENTED_EDGE('',*,*,#2327,.T.);
#750=ORIENTED_EDGE('',*,*,#2368,.T.);
#751=ORIENTED_EDGE('',*,*,#2369,.T.);
#752=ORIENTED_EDGE('',*,*,#2370,.T.);
#753=ORIENTED_EDGE('',*,*,#2371,.T.);
#754=ORIENTED_EDGE('',*,*,#2372,.T.);
#755=ORIENTED_EDGE('',*,*,#2373,.T.);
#756=ORIENTED_EDGE('',*,*,#2374,.T.);
#757=ORIENTED_EDGE('',*,*,#2375,.F.);
#758=ORIENTED_EDGE('',*,*,#2376,.T.);
#759=ORIENTED_EDGE('',*,*,#2364,.F.);
#760=ORIENTED_EDGE('',*,*,#2377,.F.);
#761=ORIENTED_EDGE('',*,*,#2274,.F.);
#762=ORIENTED_EDGE('',*,*,#2378,.T.);
#763=ORIENTED_EDGE('',*,*,#2379,.F.);
#764=ORIENTED_EDGE('',*,*,#2380,.F.);
#765=ORIENTED_EDGE('',*,*,#2381,.F.);
#766=ORIENTED_EDGE('',*,*,#2382,.T.);
#767=ORIENTED_EDGE('',*,*,#2383,.T.);
#768=ORIENTED_EDGE('',*,*,#2384,.T.);
#769=ORIENTED_EDGE('',*,*,#2385,.T.);
#770=ORIENTED_EDGE('',*,*,#2386,.T.);
#771=ORIENTED_EDGE('',*,*,#2387,.T.);
#772=ORIENTED_EDGE('',*,*,#2388,.F.);
#773=ORIENTED_EDGE('',*,*,#2389,.T.);
#774=ORIENTED_EDGE('',*,*,#2390,.T.);
#775=ORIENTED_EDGE('',*,*,#2339,.T.);
#776=ORIENTED_EDGE('',*,*,#2391,.T.);
#777=ORIENTED_EDGE('',*,*,#2392,.T.);
#778=ORIENTED_EDGE('',*,*,#2382,.F.);
#779=ORIENTED_EDGE('',*,*,#2393,.T.);
#780=ORIENTED_EDGE('',*,*,#2394,.T.);
#781=ORIENTED_EDGE('',*,*,#2395,.F.);
#782=ORIENTED_EDGE('',*,*,#2396,.F.);
#783=ORIENTED_EDGE('',*,*,#2316,.F.);
#784=ORIENTED_EDGE('',*,*,#2397,.T.);
#785=ORIENTED_EDGE('',*,*,#2398,.T.);
#786=ORIENTED_EDGE('',*,*,#2384,.F.);
#787=ORIENTED_EDGE('',*,*,#2399,.T.);
#788=ORIENTED_EDGE('',*,*,#2400,.F.);
#789=ORIENTED_EDGE('',*,*,#2401,.T.);
#790=ORIENTED_EDGE('',*,*,#2402,.T.);
#791=ORIENTED_EDGE('',*,*,#2321,.F.);
#792=ORIENTED_EDGE('',*,*,#2403,.T.);
#793=ORIENTED_EDGE('',*,*,#2404,.F.);
#794=ORIENTED_EDGE('',*,*,#2405,.T.);
#795=ORIENTED_EDGE('',*,*,#2406,.T.);
#796=ORIENTED_EDGE('',*,*,#2407,.T.);
#797=ORIENTED_EDGE('',*,*,#2341,.T.);
#798=ORIENTED_EDGE('',*,*,#2408,.T.);
#799=ORIENTED_EDGE('',*,*,#2409,.T.);
#800=ORIENTED_EDGE('',*,*,#2410,.T.);
#801=ORIENTED_EDGE('',*,*,#2411,.T.);
#802=ORIENTED_EDGE('',*,*,#2412,.T.);
#803=ORIENTED_EDGE('',*,*,#2413,.T.);
#804=ORIENTED_EDGE('',*,*,#2414,.T.);
#805=ORIENTED_EDGE('',*,*,#2415,.T.);
#806=ORIENTED_EDGE('',*,*,#2416,.T.);
#807=ORIENTED_EDGE('',*,*,#2417,.T.);
#808=ORIENTED_EDGE('',*,*,#2418,.T.);
#809=ORIENTED_EDGE('',*,*,#2419,.T.);
#810=ORIENTED_EDGE('',*,*,#2420,.T.);
#811=ORIENTED_EDGE('',*,*,#2395,.T.);
#812=ORIENTED_EDGE('',*,*,#2421,.T.);
#813=ORIENTED_EDGE('',*,*,#2422,.T.);
#814=ORIENTED_EDGE('',*,*,#2423,.T.);
#815=ORIENTED_EDGE('',*,*,#2424,.T.);
#816=ORIENTED_EDGE('',*,*,#2425,.T.);
#817=ORIENTED_EDGE('',*,*,#2426,.F.);
#818=ORIENTED_EDGE('',*,*,#2426,.T.);
#819=ORIENTED_EDGE('',*,*,#2427,.T.);
#820=ORIENTED_EDGE('',*,*,#2428,.T.);
#821=ORIENTED_EDGE('',*,*,#2429,.T.);
#822=ORIENTED_EDGE('',*,*,#2430,.T.);
#823=ORIENTED_EDGE('',*,*,#2431,.T.);
#824=ORIENTED_EDGE('',*,*,#2432,.T.);
#825=ORIENTED_EDGE('',*,*,#2433,.T.);
#826=ORIENTED_EDGE('',*,*,#2434,.T.);
#827=ORIENTED_EDGE('',*,*,#2435,.T.);
#828=ORIENTED_EDGE('',*,*,#2436,.F.);
#829=ORIENTED_EDGE('',*,*,#2437,.T.);
#830=ORIENTED_EDGE('',*,*,#2438,.T.);
#831=ORIENTED_EDGE('',*,*,#2439,.T.);
#832=ORIENTED_EDGE('',*,*,#2440,.T.);
#833=ORIENTED_EDGE('',*,*,#2441,.T.);
#834=ORIENTED_EDGE('',*,*,#2442,.T.);
#835=ORIENTED_EDGE('',*,*,#2443,.T.);
#836=ORIENTED_EDGE('',*,*,#2444,.T.);
#837=ORIENTED_EDGE('',*,*,#2445,.T.);
#838=ORIENTED_EDGE('',*,*,#2446,.T.);
#839=ORIENTED_EDGE('',*,*,#2447,.T.);
#840=ORIENTED_EDGE('',*,*,#2425,.F.);
#841=ORIENTED_EDGE('',*,*,#2448,.F.);
#842=ORIENTED_EDGE('',*,*,#2414,.F.);
#843=ORIENTED_EDGE('',*,*,#2449,.T.);
#844=ORIENTED_EDGE('',*,*,#2332,.F.);
#845=ORIENTED_EDGE('',*,*,#2450,.F.);
#846=ORIENTED_EDGE('',*,*,#2450,.T.);
#847=ORIENTED_EDGE('',*,*,#2331,.F.);
#848=ORIENTED_EDGE('',*,*,#2451,.F.);
#849=ORIENTED_EDGE('',*,*,#2415,.F.);
#850=ORIENTED_EDGE('',*,*,#2330,.F.);
#851=ORIENTED_EDGE('',*,*,#2452,.T.);
#852=ORIENTED_EDGE('',*,*,#2416,.F.);
#853=ORIENTED_EDGE('',*,*,#2451,.T.);
#854=ORIENTED_EDGE('',*,*,#2434,.F.);
#855=ORIENTED_EDGE('',*,*,#2453,.T.);
#856=ORIENTED_EDGE('',*,*,#2444,.F.);
#857=ORIENTED_EDGE('',*,*,#2454,.T.);
#858=ORIENTED_EDGE('',*,*,#2430,.F.);
#859=ORIENTED_EDGE('',*,*,#2455,.T.);
#860=ORIENTED_EDGE('',*,*,#2440,.F.);
#861=ORIENTED_EDGE('',*,*,#2456,.T.);
#862=ORIENTED_EDGE('',*,*,#2406,.F.);
#863=ORIENTED_EDGE('',*,*,#2457,.T.);
#864=ORIENTED_EDGE('',*,*,#2281,.T.);
#865=ORIENTED_EDGE('',*,*,#2458,.T.);
#866=ORIENTED_EDGE('',*,*,#2335,.F.);
#867=ORIENTED_EDGE('',*,*,#2459,.T.);
#868=ORIENTED_EDGE('',*,*,#2460,.T.);
#869=ORIENTED_EDGE('',*,*,#2461,.T.);
#870=ORIENTED_EDGE('',*,*,#2462,.T.);
#871=ORIENTED_EDGE('',*,*,#2463,.T.);
#872=ORIENTED_EDGE('',*,*,#2464,.T.);
#873=ORIENTED_EDGE('',*,*,#2465,.T.);
#874=ORIENTED_EDGE('',*,*,#2466,.T.);
#875=ORIENTED_EDGE('',*,*,#2467,.T.);
#876=ORIENTED_EDGE('',*,*,#2468,.T.);
#877=ORIENTED_EDGE('',*,*,#2469,.T.);
#878=ORIENTED_EDGE('',*,*,#2470,.T.);
#879=ORIENTED_EDGE('',*,*,#2471,.T.);
#880=ORIENTED_EDGE('',*,*,#2472,.T.);
#881=ORIENTED_EDGE('',*,*,#2473,.T.);
#882=ORIENTED_EDGE('',*,*,#2474,.T.);
#883=ORIENTED_EDGE('',*,*,#2475,.T.);
#884=ORIENTED_EDGE('',*,*,#2476,.T.);
#885=ORIENTED_EDGE('',*,*,#2477,.T.);
#886=ORIENTED_EDGE('',*,*,#2478,.T.);
#887=ORIENTED_EDGE('',*,*,#2479,.T.);
#888=ORIENTED_EDGE('',*,*,#2480,.T.);
#889=ORIENTED_EDGE('',*,*,#2481,.T.);
#890=ORIENTED_EDGE('',*,*,#2482,.T.);
#891=ORIENTED_EDGE('',*,*,#2483,.T.);
#892=ORIENTED_EDGE('',*,*,#2484,.T.);
#893=ORIENTED_EDGE('',*,*,#2485,.T.);
#894=ORIENTED_EDGE('',*,*,#2486,.T.);
#895=ORIENTED_EDGE('',*,*,#2487,.T.);
#896=ORIENTED_EDGE('',*,*,#2488,.T.);
#897=ORIENTED_EDGE('',*,*,#2489,.T.);
#898=ORIENTED_EDGE('',*,*,#2490,.T.);
#899=ORIENTED_EDGE('',*,*,#2491,.T.);
#900=ORIENTED_EDGE('',*,*,#2492,.T.);
#901=ORIENTED_EDGE('',*,*,#2493,.T.);
#902=ORIENTED_EDGE('',*,*,#2494,.T.);
#903=ORIENTED_EDGE('',*,*,#2495,.T.);
#904=ORIENTED_EDGE('',*,*,#2427,.F.);
#905=ORIENTED_EDGE('',*,*,#2496,.T.);
#906=ORIENTED_EDGE('',*,*,#2497,.F.);
#907=ORIENTED_EDGE('',*,*,#2498,.T.);
#908=ORIENTED_EDGE('',*,*,#2499,.T.);
#909=ORIENTED_EDGE('',*,*,#2500,.T.);
#910=ORIENTED_EDGE('',*,*,#2499,.F.);
#911=ORIENTED_EDGE('',*,*,#2501,.T.);
#912=ORIENTED_EDGE('',*,*,#2495,.F.);
#913=ORIENTED_EDGE('',*,*,#2502,.T.);
#914=ORIENTED_EDGE('',*,*,#2503,.T.);
#915=ORIENTED_EDGE('',*,*,#2502,.F.);
#916=ORIENTED_EDGE('',*,*,#2494,.F.);
#917=ORIENTED_EDGE('',*,*,#2504,.T.);
#918=ORIENTED_EDGE('',*,*,#2505,.T.);
#919=ORIENTED_EDGE('',*,*,#2504,.F.);
#920=ORIENTED_EDGE('',*,*,#2493,.F.);
#921=ORIENTED_EDGE('',*,*,#2506,.T.);
#922=ORIENTED_EDGE('',*,*,#2497,.T.);
#923=ORIENTED_EDGE('',*,*,#2496,.F.);
#924=ORIENTED_EDGE('',*,*,#2500,.F.);
#925=ORIENTED_EDGE('',*,*,#2503,.F.);
#926=ORIENTED_EDGE('',*,*,#2505,.F.);
#927=ORIENTED_EDGE('',*,*,#2507,.T.);
#928=ORIENTED_EDGE('',*,*,#2508,.F.);
#929=ORIENTED_EDGE('',*,*,#2476,.F.);
#930=ORIENTED_EDGE('',*,*,#2509,.T.);
#931=ORIENTED_EDGE('',*,*,#2510,.T.);
#932=ORIENTED_EDGE('',*,*,#2509,.F.);
#933=ORIENTED_EDGE('',*,*,#2484,.F.);
#934=ORIENTED_EDGE('',*,*,#2511,.T.);
#935=ORIENTED_EDGE('',*,*,#2512,.T.);
#936=ORIENTED_EDGE('',*,*,#2511,.F.);
#937=ORIENTED_EDGE('',*,*,#2483,.F.);
#938=ORIENTED_EDGE('',*,*,#2513,.T.);
#939=ORIENTED_EDGE('',*,*,#2514,.T.);
#940=ORIENTED_EDGE('',*,*,#2513,.F.);
#941=ORIENTED_EDGE('',*,*,#2482,.F.);
#942=ORIENTED_EDGE('',*,*,#2515,.T.);
#943=ORIENTED_EDGE('',*,*,#2516,.T.);
#944=ORIENTED_EDGE('',*,*,#2515,.F.);
#945=ORIENTED_EDGE('',*,*,#2481,.F.);
#946=ORIENTED_EDGE('',*,*,#2517,.T.);
#947=ORIENTED_EDGE('',*,*,#2518,.T.);
#948=ORIENTED_EDGE('',*,*,#2517,.F.);
#949=ORIENTED_EDGE('',*,*,#2480,.F.);
#950=ORIENTED_EDGE('',*,*,#2519,.T.);
#951=ORIENTED_EDGE('',*,*,#2520,.T.);
#952=ORIENTED_EDGE('',*,*,#2519,.F.);
#953=ORIENTED_EDGE('',*,*,#2479,.F.);
#954=ORIENTED_EDGE('',*,*,#2521,.T.);
#955=ORIENTED_EDGE('',*,*,#2522,.T.);
#956=ORIENTED_EDGE('',*,*,#2521,.F.);
#957=ORIENTED_EDGE('',*,*,#2478,.F.);
#958=ORIENTED_EDGE('',*,*,#2523,.T.);
#959=ORIENTED_EDGE('',*,*,#2524,.T.);
#960=ORIENTED_EDGE('',*,*,#2525,.F.);
#961=ORIENTED_EDGE('',*,*,#2526,.F.);
#962=ORIENTED_EDGE('',*,*,#2527,.T.);
#963=ORIENTED_EDGE('',*,*,#2528,.T.);
#964=ORIENTED_EDGE('',*,*,#2527,.F.);
#965=ORIENTED_EDGE('',*,*,#2529,.F.);
#966=ORIENTED_EDGE('',*,*,#2530,.T.);
#967=ORIENTED_EDGE('',*,*,#2531,.T.);
#968=ORIENTED_EDGE('',*,*,#2530,.F.);
#969=ORIENTED_EDGE('',*,*,#2532,.F.);
#970=ORIENTED_EDGE('',*,*,#2533,.T.);
#971=ORIENTED_EDGE('',*,*,#2534,.T.);
#972=ORIENTED_EDGE('',*,*,#2533,.F.);
#973=ORIENTED_EDGE('',*,*,#2535,.F.);
#974=ORIENTED_EDGE('',*,*,#2536,.T.);
#975=ORIENTED_EDGE('',*,*,#2537,.T.);
#976=ORIENTED_EDGE('',*,*,#2536,.F.);
#977=ORIENTED_EDGE('',*,*,#2538,.F.);
#978=ORIENTED_EDGE('',*,*,#2539,.T.);
#979=ORIENTED_EDGE('',*,*,#2540,.T.);
#980=ORIENTED_EDGE('',*,*,#2539,.F.);
#981=ORIENTED_EDGE('',*,*,#2541,.F.);
#982=ORIENTED_EDGE('',*,*,#2542,.T.);
#983=ORIENTED_EDGE('',*,*,#2543,.T.);
#984=ORIENTED_EDGE('',*,*,#2542,.F.);
#985=ORIENTED_EDGE('',*,*,#2544,.F.);
#986=ORIENTED_EDGE('',*,*,#2525,.T.);
#987=ORIENTED_EDGE('',*,*,#2545,.T.);
#988=ORIENTED_EDGE('',*,*,#2523,.F.);
#989=ORIENTED_EDGE('',*,*,#2477,.F.);
#990=ORIENTED_EDGE('',*,*,#2508,.T.);
#991=ORIENTED_EDGE('',*,*,#2524,.F.);
#992=ORIENTED_EDGE('',*,*,#2528,.F.);
#993=ORIENTED_EDGE('',*,*,#2531,.F.);
#994=ORIENTED_EDGE('',*,*,#2534,.F.);
#995=ORIENTED_EDGE('',*,*,#2537,.F.);
#996=ORIENTED_EDGE('',*,*,#2540,.F.);
#997=ORIENTED_EDGE('',*,*,#2543,.F.);
#998=ORIENTED_EDGE('',*,*,#2507,.F.);
#999=ORIENTED_EDGE('',*,*,#2510,.F.);
#1000=ORIENTED_EDGE('',*,*,#2512,.F.);
#1001=ORIENTED_EDGE('',*,*,#2514,.F.);
#1002=ORIENTED_EDGE('',*,*,#2516,.F.);
#1003=ORIENTED_EDGE('',*,*,#2518,.F.);
#1004=ORIENTED_EDGE('',*,*,#2520,.F.);
#1005=ORIENTED_EDGE('',*,*,#2522,.F.);
#1006=ORIENTED_EDGE('',*,*,#2545,.F.);
#1007=ORIENTED_EDGE('',*,*,#2526,.T.);
#1008=ORIENTED_EDGE('',*,*,#2544,.T.);
#1009=ORIENTED_EDGE('',*,*,#2541,.T.);
#1010=ORIENTED_EDGE('',*,*,#2538,.T.);
#1011=ORIENTED_EDGE('',*,*,#2535,.T.);
#1012=ORIENTED_EDGE('',*,*,#2532,.T.);
#1013=ORIENTED_EDGE('',*,*,#2529,.T.);
#1014=ORIENTED_EDGE('',*,*,#2546,.T.);
#1015=ORIENTED_EDGE('',*,*,#2547,.F.);
#1016=ORIENTED_EDGE('',*,*,#2467,.F.);
#1017=ORIENTED_EDGE('',*,*,#2548,.T.);
#1018=ORIENTED_EDGE('',*,*,#2549,.T.);
#1019=ORIENTED_EDGE('',*,*,#2548,.F.);
#1020=ORIENTED_EDGE('',*,*,#2475,.F.);
#1021=ORIENTED_EDGE('',*,*,#2550,.T.);
#1022=ORIENTED_EDGE('',*,*,#2551,.T.);
#1023=ORIENTED_EDGE('',*,*,#2550,.F.);
#1024=ORIENTED_EDGE('',*,*,#2474,.F.);
#1025=ORIENTED_EDGE('',*,*,#2552,.T.);
#1026=ORIENTED_EDGE('',*,*,#2553,.T.);
#1027=ORIENTED_EDGE('',*,*,#2552,.F.);
#1028=ORIENTED_EDGE('',*,*,#2473,.F.);
#1029=ORIENTED_EDGE('',*,*,#2554,.T.);
#1030=ORIENTED_EDGE('',*,*,#2555,.T.);
#1031=ORIENTED_EDGE('',*,*,#2554,.F.);
#1032=ORIENTED_EDGE('',*,*,#2472,.F.);
#1033=ORIENTED_EDGE('',*,*,#2556,.T.);
#1034=ORIENTED_EDGE('',*,*,#2557,.T.);
#1035=ORIENTED_EDGE('',*,*,#2556,.F.);
#1036=ORIENTED_EDGE('',*,*,#2471,.F.);
#1037=ORIENTED_EDGE('',*,*,#2558,.T.);
#1038=ORIENTED_EDGE('',*,*,#2559,.T.);
#1039=ORIENTED_EDGE('',*,*,#2558,.F.);
#1040=ORIENTED_EDGE('',*,*,#2470,.F.);
#1041=ORIENTED_EDGE('',*,*,#2560,.T.);
#1042=ORIENTED_EDGE('',*,*,#2561,.T.);
#1043=ORIENTED_EDGE('',*,*,#2560,.F.);
#1044=ORIENTED_EDGE('',*,*,#2469,.F.);
#1045=ORIENTED_EDGE('',*,*,#2562,.T.);
#1046=ORIENTED_EDGE('',*,*,#2563,.T.);
#1047=ORIENTED_EDGE('',*,*,#2564,.F.);
#1048=ORIENTED_EDGE('',*,*,#2565,.F.);
#1049=ORIENTED_EDGE('',*,*,#2566,.T.);
#1050=ORIENTED_EDGE('',*,*,#2567,.T.);
#1051=ORIENTED_EDGE('',*,*,#2566,.F.);
#1052=ORIENTED_EDGE('',*,*,#2568,.F.);
#1053=ORIENTED_EDGE('',*,*,#2569,.T.);
#1054=ORIENTED_EDGE('',*,*,#2570,.T.);
#1055=ORIENTED_EDGE('',*,*,#2569,.F.);
#1056=ORIENTED_EDGE('',*,*,#2571,.F.);
#1057=ORIENTED_EDGE('',*,*,#2572,.T.);
#1058=ORIENTED_EDGE('',*,*,#2573,.T.);
#1059=ORIENTED_EDGE('',*,*,#2572,.F.);
#1060=ORIENTED_EDGE('',*,*,#2574,.F.);
#1061=ORIENTED_EDGE('',*,*,#2575,.T.);
#1062=ORIENTED_EDGE('',*,*,#2576,.T.);
#1063=ORIENTED_EDGE('',*,*,#2575,.F.);
#1064=ORIENTED_EDGE('',*,*,#2577,.F.);
#1065=ORIENTED_EDGE('',*,*,#2578,.T.);
#1066=ORIENTED_EDGE('',*,*,#2579,.T.);
#1067=ORIENTED_EDGE('',*,*,#2578,.F.);
#1068=ORIENTED_EDGE('',*,*,#2580,.F.);
#1069=ORIENTED_EDGE('',*,*,#2581,.T.);
#1070=ORIENTED_EDGE('',*,*,#2582,.T.);
#1071=ORIENTED_EDGE('',*,*,#2581,.F.);
#1072=ORIENTED_EDGE('',*,*,#2583,.F.);
#1073=ORIENTED_EDGE('',*,*,#2564,.T.);
#1074=ORIENTED_EDGE('',*,*,#2584,.T.);
#1075=ORIENTED_EDGE('',*,*,#2562,.F.);
#1076=ORIENTED_EDGE('',*,*,#2468,.F.);
#1077=ORIENTED_EDGE('',*,*,#2547,.T.);
#1078=ORIENTED_EDGE('',*,*,#2563,.F.);
#1079=ORIENTED_EDGE('',*,*,#2567,.F.);
#1080=ORIENTED_EDGE('',*,*,#2570,.F.);
#1081=ORIENTED_EDGE('',*,*,#2573,.F.);
#1082=ORIENTED_EDGE('',*,*,#2576,.F.);
#1083=ORIENTED_EDGE('',*,*,#2579,.F.);
#1084=ORIENTED_EDGE('',*,*,#2582,.F.);
#1085=ORIENTED_EDGE('',*,*,#2546,.F.);
#1086=ORIENTED_EDGE('',*,*,#2549,.F.);
#1087=ORIENTED_EDGE('',*,*,#2551,.F.);
#1088=ORIENTED_EDGE('',*,*,#2553,.F.);
#1089=ORIENTED_EDGE('',*,*,#2555,.F.);
#1090=ORIENTED_EDGE('',*,*,#2557,.F.);
#1091=ORIENTED_EDGE('',*,*,#2559,.F.);
#1092=ORIENTED_EDGE('',*,*,#2561,.F.);
#1093=ORIENTED_EDGE('',*,*,#2584,.F.);
#1094=ORIENTED_EDGE('',*,*,#2565,.T.);
#1095=ORIENTED_EDGE('',*,*,#2583,.T.);
#1096=ORIENTED_EDGE('',*,*,#2580,.T.);
#1097=ORIENTED_EDGE('',*,*,#2577,.T.);
#1098=ORIENTED_EDGE('',*,*,#2574,.T.);
#1099=ORIENTED_EDGE('',*,*,#2571,.T.);
#1100=ORIENTED_EDGE('',*,*,#2568,.T.);
#1101=ORIENTED_EDGE('',*,*,#2585,.T.);
#1102=ORIENTED_EDGE('',*,*,#2586,.F.);
#1103=ORIENTED_EDGE('',*,*,#2463,.F.);
#1104=ORIENTED_EDGE('',*,*,#2587,.T.);
#1105=ORIENTED_EDGE('',*,*,#2588,.T.);
#1106=ORIENTED_EDGE('',*,*,#2587,.F.);
#1107=ORIENTED_EDGE('',*,*,#2466,.F.);
#1108=ORIENTED_EDGE('',*,*,#2589,.T.);
#1109=ORIENTED_EDGE('',*,*,#2590,.T.);
#1110=ORIENTED_EDGE('',*,*,#2589,.F.);
#1111=ORIENTED_EDGE('',*,*,#2465,.F.);
#1112=ORIENTED_EDGE('',*,*,#2591,.T.);
#1113=ORIENTED_EDGE('',*,*,#2592,.T.);
#1114=ORIENTED_EDGE('',*,*,#2591,.F.);
#1115=ORIENTED_EDGE('',*,*,#2464,.F.);
#1116=ORIENTED_EDGE('',*,*,#2586,.T.);
#1117=ORIENTED_EDGE('',*,*,#2585,.F.);
#1118=ORIENTED_EDGE('',*,*,#2588,.F.);
#1119=ORIENTED_EDGE('',*,*,#2590,.F.);
#1120=ORIENTED_EDGE('',*,*,#2592,.F.);
#1121=ORIENTED_EDGE('',*,*,#2275,.F.);
#1122=ORIENTED_EDGE('',*,*,#2593,.T.);
#1123=ORIENTED_EDGE('',*,*,#2400,.T.);
#1124=ORIENTED_EDGE('',*,*,#2594,.T.);
#1125=ORIENTED_EDGE('',*,*,#2379,.T.);
#1126=ORIENTED_EDGE('',*,*,#2595,.T.);
#1127=ORIENTED_EDGE('',*,*,#2596,.T.);
#1128=ORIENTED_EDGE('',*,*,#2375,.T.);
#1129=ORIENTED_EDGE('',*,*,#2597,.F.);
#1130=ORIENTED_EDGE('',*,*,#2598,.T.);
#1131=ORIENTED_EDGE('',*,*,#2599,.T.);
#1132=ORIENTED_EDGE('',*,*,#2448,.T.);
#1133=ORIENTED_EDGE('',*,*,#2340,.T.);
#1134=ORIENTED_EDGE('',*,*,#2390,.F.);
#1135=ORIENTED_EDGE('',*,*,#2600,.T.);
#1136=ORIENTED_EDGE('',*,*,#2490,.F.);
#1137=ORIENTED_EDGE('',*,*,#2601,.T.);
#1138=ORIENTED_EDGE('',*,*,#2404,.T.);
#1139=ORIENTED_EDGE('',*,*,#2322,.F.);
#1140=ORIENTED_EDGE('',*,*,#2402,.F.);
#1141=ORIENTED_EDGE('',*,*,#2602,.T.);
#1142=ORIENTED_EDGE('',*,*,#2597,.T.);
#1143=ORIENTED_EDGE('',*,*,#2377,.T.);
#1144=ORIENTED_EDGE('',*,*,#2363,.T.);
#1145=ORIENTED_EDGE('',*,*,#2389,.F.);
#1146=ORIENTED_EDGE('',*,*,#2603,.T.);
#1147=ORIENTED_EDGE('',*,*,#2491,.F.);
#1148=ORIENTED_EDGE('',*,*,#2600,.F.);
#1149=ORIENTED_EDGE('',*,*,#2601,.F.);
#1150=ORIENTED_EDGE('',*,*,#2489,.F.);
#1151=ORIENTED_EDGE('',*,*,#2604,.F.);
#1152=ORIENTED_EDGE('',*,*,#2405,.F.);
#1153=ORIENTED_EDGE('',*,*,#2487,.F.);
#1154=ORIENTED_EDGE('',*,*,#2605,.T.);
#1155=ORIENTED_EDGE('',*,*,#2277,.F.);
#1156=ORIENTED_EDGE('',*,*,#2606,.F.);
#1157=ORIENTED_EDGE('',*,*,#2604,.T.);
#1158=ORIENTED_EDGE('',*,*,#2488,.F.);
#1159=ORIENTED_EDGE('',*,*,#2606,.T.);
#1160=ORIENTED_EDGE('',*,*,#2457,.F.);
#1161=ORIENTED_EDGE('',*,*,#2602,.F.);
#1162=ORIENTED_EDGE('',*,*,#2401,.F.);
#1163=ORIENTED_EDGE('',*,*,#2607,.F.);
#1164=ORIENTED_EDGE('',*,*,#2598,.F.);
#1165=ORIENTED_EDGE('',*,*,#2607,.T.);
#1166=ORIENTED_EDGE('',*,*,#2593,.F.);
#1167=ORIENTED_EDGE('',*,*,#2380,.T.);
#1168=ORIENTED_EDGE('',*,*,#2599,.F.);
#1169=ORIENTED_EDGE('',*,*,#2442,.F.);
#1170=ORIENTED_EDGE('',*,*,#2608,.T.);
#1171=ORIENTED_EDGE('',*,*,#2383,.F.);
#1172=ORIENTED_EDGE('',*,*,#2609,.T.);
#1173=ORIENTED_EDGE('',*,*,#2446,.F.);
#1174=ORIENTED_EDGE('',*,*,#2610,.T.);
#1175=ORIENTED_EDGE('',*,*,#2438,.F.);
#1176=ORIENTED_EDGE('',*,*,#2611,.T.);
#1177=ORIENTED_EDGE('',*,*,#2396,.T.);
#1178=ORIENTED_EDGE('',*,*,#2420,.F.);
#1179=ORIENTED_EDGE('',*,*,#2612,.F.);
#1180=ORIENTED_EDGE('',*,*,#2609,.F.);
#1181=ORIENTED_EDGE('',*,*,#2612,.T.);
#1182=ORIENTED_EDGE('',*,*,#2419,.F.);
#1183=ORIENTED_EDGE('',*,*,#2613,.F.);
#1184=ORIENTED_EDGE('',*,*,#2443,.F.);
#1185=ORIENTED_EDGE('',*,*,#2613,.T.);
#1186=ORIENTED_EDGE('',*,*,#2418,.F.);
#1187=ORIENTED_EDGE('',*,*,#2614,.F.);
#1188=ORIENTED_EDGE('',*,*,#2456,.F.);
#1189=ORIENTED_EDGE('',*,*,#2614,.T.);
#1190=ORIENTED_EDGE('',*,*,#2417,.F.);
#1191=ORIENTED_EDGE('',*,*,#2615,.F.);
#1192=ORIENTED_EDGE('',*,*,#2431,.F.);
#1193=ORIENTED_EDGE('',*,*,#2615,.T.);
#1194=ORIENTED_EDGE('',*,*,#2452,.F.);
#1195=ORIENTED_EDGE('',*,*,#2616,.F.);
#1196=ORIENTED_EDGE('',*,*,#2428,.F.);
#1197=ORIENTED_EDGE('',*,*,#2403,.F.);
#1198=ORIENTED_EDGE('',*,*,#2320,.F.);
#1199=ORIENTED_EDGE('',*,*,#2617,.F.);
#1200=ORIENTED_EDGE('',*,*,#2429,.F.);
#1201=ORIENTED_EDGE('',*,*,#2616,.T.);
#1202=ORIENTED_EDGE('',*,*,#2329,.F.);
#1203=ORIENTED_EDGE('',*,*,#2276,.F.);
#1204=ORIENTED_EDGE('',*,*,#2594,.F.);
#1205=ORIENTED_EDGE('',*,*,#2617,.T.);
#1206=ORIENTED_EDGE('',*,*,#2319,.F.);
#1207=ORIENTED_EDGE('',*,*,#2618,.F.);
#1208=ORIENTED_EDGE('',*,*,#2455,.F.);
#1209=ORIENTED_EDGE('',*,*,#2618,.T.);
#1210=ORIENTED_EDGE('',*,*,#2318,.F.);
#1211=ORIENTED_EDGE('',*,*,#2619,.F.);
#1212=ORIENTED_EDGE('',*,*,#2441,.F.);
#1213=ORIENTED_EDGE('',*,*,#2619,.T.);
#1214=ORIENTED_EDGE('',*,*,#2317,.F.);
#1215=ORIENTED_EDGE('',*,*,#2399,.F.);
#1216=ORIENTED_EDGE('',*,*,#2608,.F.);
#1217=ORIENTED_EDGE('',*,*,#2620,.F.);
#1218=ORIENTED_EDGE('',*,*,#2621,.T.);
#1219=ORIENTED_EDGE('',*,*,#2346,.F.);
#1220=ORIENTED_EDGE('',*,*,#2622,.F.);
#1221=ORIENTED_EDGE('',*,*,#2437,.F.);
#1222=ORIENTED_EDGE('',*,*,#2622,.T.);
#1223=ORIENTED_EDGE('',*,*,#2345,.F.);
#1224=ORIENTED_EDGE('',*,*,#2623,.F.);
#1225=ORIENTED_EDGE('',*,*,#2611,.F.);
#1226=ORIENTED_EDGE('',*,*,#2623,.T.);
#1227=ORIENTED_EDGE('',*,*,#2344,.F.);
#1228=ORIENTED_EDGE('',*,*,#2624,.F.);
#1229=ORIENTED_EDGE('',*,*,#2447,.F.);
#1230=ORIENTED_EDGE('',*,*,#2624,.T.);
#1231=ORIENTED_EDGE('',*,*,#2343,.F.);
#1232=ORIENTED_EDGE('',*,*,#2625,.F.);
#1233=ORIENTED_EDGE('',*,*,#2454,.F.);
#1234=ORIENTED_EDGE('',*,*,#2280,.F.);
#1235=ORIENTED_EDGE('',*,*,#2333,.F.);
#1236=ORIENTED_EDGE('',*,*,#2626,.F.);
#1237=ORIENTED_EDGE('',*,*,#2435,.F.);
#1238=ORIENTED_EDGE('',*,*,#2625,.T.);
#1239=ORIENTED_EDGE('',*,*,#2342,.F.);
#1240=ORIENTED_EDGE('',*,*,#2407,.F.);
#1241=ORIENTED_EDGE('',*,*,#2458,.F.);
#1242=ORIENTED_EDGE('',*,*,#2626,.T.);
#1243=ORIENTED_EDGE('',*,*,#2449,.F.);
#1244=ORIENTED_EDGE('',*,*,#2627,.F.);
#1245=ORIENTED_EDGE('',*,*,#2432,.F.);
#1246=ORIENTED_EDGE('',*,*,#2627,.T.);
#1247=ORIENTED_EDGE('',*,*,#2413,.F.);
#1248=ORIENTED_EDGE('',*,*,#2628,.F.);
#1249=ORIENTED_EDGE('',*,*,#2433,.F.);
#1250=ORIENTED_EDGE('',*,*,#2628,.T.);
#1251=ORIENTED_EDGE('',*,*,#2412,.F.);
#1252=ORIENTED_EDGE('',*,*,#2629,.F.);
#1253=ORIENTED_EDGE('',*,*,#2453,.F.);
#1254=ORIENTED_EDGE('',*,*,#2629,.T.);
#1255=ORIENTED_EDGE('',*,*,#2411,.F.);
#1256=ORIENTED_EDGE('',*,*,#2630,.F.);
#1257=ORIENTED_EDGE('',*,*,#2445,.F.);
#1258=ORIENTED_EDGE('',*,*,#2630,.T.);
#1259=ORIENTED_EDGE('',*,*,#2410,.F.);
#1260=ORIENTED_EDGE('',*,*,#2631,.F.);
#1261=ORIENTED_EDGE('',*,*,#2610,.F.);
#1262=ORIENTED_EDGE('',*,*,#2632,.F.);
#1263=ORIENTED_EDGE('',*,*,#2439,.F.);
#1264=ORIENTED_EDGE('',*,*,#2631,.T.);
#1265=ORIENTED_EDGE('',*,*,#2409,.F.);
#1266=ORIENTED_EDGE('',*,*,#2633,.T.);
#1267=ORIENTED_EDGE('',*,*,#2634,.T.);
#1268=ORIENTED_EDGE('',*,*,#2635,.T.);
#1269=ORIENTED_EDGE('',*,*,#2636,.T.);
#1270=ORIENTED_EDGE('',*,*,#2637,.T.);
#1271=ORIENTED_EDGE('',*,*,#2638,.T.);
#1272=ORIENTED_EDGE('',*,*,#2639,.T.);
#1273=ORIENTED_EDGE('',*,*,#2640,.T.);
#1274=ORIENTED_EDGE('',*,*,#2641,.T.);
#1275=ORIENTED_EDGE('',*,*,#2642,.T.);
#1276=ORIENTED_EDGE('',*,*,#2309,.T.);
#1277=ORIENTED_EDGE('',*,*,#2643,.T.);
#1278=ORIENTED_EDGE('',*,*,#2644,.T.);
#1279=ORIENTED_EDGE('',*,*,#2645,.T.);
#1280=ORIENTED_EDGE('',*,*,#2393,.F.);
#1281=ORIENTED_EDGE('',*,*,#2381,.T.);
#1282=ORIENTED_EDGE('',*,*,#2398,.F.);
#1283=ORIENTED_EDGE('',*,*,#2646,.T.);
#1284=ORIENTED_EDGE('',*,*,#2647,.T.);
#1285=ORIENTED_EDGE('',*,*,#2648,.T.);
#1286=ORIENTED_EDGE('',*,*,#2649,.T.);
#1287=ORIENTED_EDGE('',*,*,#2650,.T.);
#1288=ORIENTED_EDGE('',*,*,#2651,.T.);
#1289=ORIENTED_EDGE('',*,*,#2652,.T.);
#1290=ORIENTED_EDGE('',*,*,#2653,.T.);
#1291=ORIENTED_EDGE('',*,*,#2654,.T.);
#1292=ORIENTED_EDGE('',*,*,#2655,.T.);
#1293=ORIENTED_EDGE('',*,*,#2656,.T.);
#1294=ORIENTED_EDGE('',*,*,#2657,.T.);
#1295=ORIENTED_EDGE('',*,*,#2658,.T.);
#1296=ORIENTED_EDGE('',*,*,#2659,.T.);
#1297=ORIENTED_EDGE('',*,*,#2660,.T.);
#1298=ORIENTED_EDGE('',*,*,#2661,.T.);
#1299=ORIENTED_EDGE('',*,*,#2662,.T.);
#1300=ORIENTED_EDGE('',*,*,#2663,.T.);
#1301=ORIENTED_EDGE('',*,*,#2664,.T.);
#1302=ORIENTED_EDGE('',*,*,#2665,.T.);
#1303=ORIENTED_EDGE('',*,*,#2666,.T.);
#1304=ORIENTED_EDGE('',*,*,#2353,.T.);
#1305=ORIENTED_EDGE('',*,*,#2667,.T.);
#1306=ORIENTED_EDGE('',*,*,#2668,.T.);
#1307=ORIENTED_EDGE('',*,*,#2669,.T.);
#1308=ORIENTED_EDGE('',*,*,#2670,.T.);
#1309=ORIENTED_EDGE('',*,*,#2671,.T.);
#1310=ORIENTED_EDGE('',*,*,#2672,.T.);
#1311=ORIENTED_EDGE('',*,*,#2673,.T.);
#1312=ORIENTED_EDGE('',*,*,#2674,.T.);
#1313=ORIENTED_EDGE('',*,*,#2675,.T.);
#1314=ORIENTED_EDGE('',*,*,#2676,.T.);
#1315=ORIENTED_EDGE('',*,*,#2677,.T.);
#1316=ORIENTED_EDGE('',*,*,#2678,.T.);
#1317=ORIENTED_EDGE('',*,*,#2679,.T.);
#1318=ORIENTED_EDGE('',*,*,#2620,.T.);
#1319=ORIENTED_EDGE('',*,*,#2436,.T.);
#1320=ORIENTED_EDGE('',*,*,#2632,.T.);
#1321=ORIENTED_EDGE('',*,*,#2680,.T.);
#1322=ORIENTED_EDGE('',*,*,#2681,.T.);
#1323=ORIENTED_EDGE('',*,*,#2682,.T.);
#1324=ORIENTED_EDGE('',*,*,#2683,.T.);
#1325=ORIENTED_EDGE('',*,*,#2684,.T.);
#1326=ORIENTED_EDGE('',*,*,#2685,.T.);
#1327=ORIENTED_EDGE('',*,*,#2686,.T.);
#1328=ORIENTED_EDGE('',*,*,#2687,.T.);
#1329=ORIENTED_EDGE('',*,*,#2688,.T.);
#1330=ORIENTED_EDGE('',*,*,#2689,.T.);
#1331=ORIENTED_EDGE('',*,*,#2690,.T.);
#1332=ORIENTED_EDGE('',*,*,#2691,.T.);
#1333=ORIENTED_EDGE('',*,*,#2692,.T.);
#1334=ORIENTED_EDGE('',*,*,#2485,.F.);
#1335=ORIENTED_EDGE('',*,*,#2501,.F.);
#1336=ORIENTED_EDGE('',*,*,#2498,.F.);
#1337=ORIENTED_EDGE('',*,*,#2506,.F.);
#1338=ORIENTED_EDGE('',*,*,#2492,.F.);
#1339=ORIENTED_EDGE('',*,*,#2693,.F.);
#1340=ORIENTED_EDGE('',*,*,#2374,.F.);
#1341=ORIENTED_EDGE('',*,*,#2596,.F.);
#1342=ORIENTED_EDGE('',*,*,#2694,.T.);
#1343=ORIENTED_EDGE('',*,*,#2695,.T.);
#1344=ORIENTED_EDGE('',*,*,#2689,.F.);
#1345=ORIENTED_EDGE('',*,*,#2696,.T.);
#1346=ORIENTED_EDGE('',*,*,#2697,.T.);
#1347=ORIENTED_EDGE('',*,*,#2698,.T.);
#1348=ORIENTED_EDGE('',*,*,#2699,.T.);
#1349=ORIENTED_EDGE('',*,*,#2700,.T.);
#1350=ORIENTED_EDGE('',*,*,#2701,.T.);
#1351=ORIENTED_EDGE('',*,*,#2702,.T.);
#1352=ORIENTED_EDGE('',*,*,#2703,.T.);
#1353=ORIENTED_EDGE('',*,*,#2704,.T.);
#1354=ORIENTED_EDGE('',*,*,#2705,.T.);
#1355=ORIENTED_EDGE('',*,*,#2706,.T.);
#1356=ORIENTED_EDGE('',*,*,#2707,.T.);
#1357=ORIENTED_EDGE('',*,*,#2708,.T.);
#1358=ORIENTED_EDGE('',*,*,#2709,.T.);
#1359=ORIENTED_EDGE('',*,*,#2710,.T.);
#1360=ORIENTED_EDGE('',*,*,#2711,.T.);
#1361=ORIENTED_EDGE('',*,*,#2712,.T.);
#1362=ORIENTED_EDGE('',*,*,#2713,.T.);
#1363=ORIENTED_EDGE('',*,*,#2714,.T.);
#1364=ORIENTED_EDGE('',*,*,#2715,.T.);
#1365=ORIENTED_EDGE('',*,*,#2716,.T.);
#1366=ORIENTED_EDGE('',*,*,#2717,.T.);
#1367=ORIENTED_EDGE('',*,*,#2718,.T.);
#1368=ORIENTED_EDGE('',*,*,#2719,.T.);
#1369=ORIENTED_EDGE('',*,*,#2720,.T.);
#1370=ORIENTED_EDGE('',*,*,#2721,.T.);
#1371=ORIENTED_EDGE('',*,*,#2722,.T.);
#1372=ORIENTED_EDGE('',*,*,#2721,.F.);
#1373=ORIENTED_EDGE('',*,*,#2723,.T.);
#1374=ORIENTED_EDGE('',*,*,#2724,.T.);
#1375=ORIENTED_EDGE('',*,*,#2725,.T.);
#1376=ORIENTED_EDGE('',*,*,#2726,.F.);
#1377=ORIENTED_EDGE('',*,*,#2727,.T.);
#1378=ORIENTED_EDGE('',*,*,#2728,.T.);
#1379=ORIENTED_EDGE('',*,*,#2729,.T.);
#1380=ORIENTED_EDGE('',*,*,#2730,.T.);
#1381=ORIENTED_EDGE('',*,*,#2731,.T.);
#1382=ORIENTED_EDGE('',*,*,#2726,.T.);
#1383=ORIENTED_EDGE('',*,*,#2732,.T.);
#1384=ORIENTED_EDGE('',*,*,#2728,.F.);
#1385=ORIENTED_EDGE('',*,*,#2733,.T.);
#1386=ORIENTED_EDGE('',*,*,#2734,.T.);
#1387=ORIENTED_EDGE('',*,*,#2735,.T.);
#1388=ORIENTED_EDGE('',*,*,#2736,.T.);
#1389=ORIENTED_EDGE('',*,*,#2737,.T.);
#1390=ORIENTED_EDGE('',*,*,#2738,.T.);
#1391=ORIENTED_EDGE('',*,*,#2739,.T.);
#1392=ORIENTED_EDGE('',*,*,#2719,.F.);
#1393=ORIENTED_EDGE('',*,*,#2740,.T.);
#1394=ORIENTED_EDGE('',*,*,#2741,.T.);
#1395=ORIENTED_EDGE('',*,*,#2742,.T.);
#1396=ORIENTED_EDGE('',*,*,#2291,.F.);
#1397=ORIENTED_EDGE('',*,*,#2743,.T.);
#1398=ORIENTED_EDGE('',*,*,#2325,.F.);
#1399=ORIENTED_EDGE('',*,*,#2744,.T.);
#1400=ORIENTED_EDGE('',*,*,#2337,.F.);
#1401=ORIENTED_EDGE('',*,*,#2745,.T.);
#1402=ORIENTED_EDGE('',*,*,#2287,.F.);
#1403=ORIENTED_EDGE('',*,*,#2746,.T.);
#1404=ORIENTED_EDGE('',*,*,#2387,.F.);
#1405=ORIENTED_EDGE('',*,*,#2747,.T.);
#1406=ORIENTED_EDGE('',*,*,#2370,.F.);
#1407=ORIENTED_EDGE('',*,*,#2748,.F.);
#1408=ORIENTED_EDGE('',*,*,#2388,.T.);
#1409=ORIENTED_EDGE('',*,*,#2748,.T.);
#1410=ORIENTED_EDGE('',*,*,#2693,.T.);
#1411=ORIENTED_EDGE('',*,*,#2603,.F.);
#1412=ORIENTED_EDGE('',*,*,#2688,.F.);
#1413=ORIENTED_EDGE('',*,*,#2749,.T.);
#1414=ORIENTED_EDGE('',*,*,#2358,.F.);
#1415=ORIENTED_EDGE('',*,*,#2750,.F.);
#1416=ORIENTED_EDGE('',*,*,#2696,.F.);
#1417=ORIENTED_EDGE('',*,*,#2750,.T.);
#1418=ORIENTED_EDGE('',*,*,#2365,.T.);
#1419=ORIENTED_EDGE('',*,*,#2376,.F.);
#1420=ORIENTED_EDGE('',*,*,#2324,.F.);
#1421=ORIENTED_EDGE('',*,*,#2362,.F.);
#1422=ORIENTED_EDGE('',*,*,#2751,.F.);
#1423=ORIENTED_EDGE('',*,*,#2744,.F.);
#1424=ORIENTED_EDGE('',*,*,#2361,.F.);
#1425=ORIENTED_EDGE('',*,*,#2752,.T.);
#1426=ORIENTED_EDGE('',*,*,#2292,.F.);
#1427=ORIENTED_EDGE('',*,*,#2751,.T.);
#1428=ORIENTED_EDGE('',*,*,#2360,.F.);
#1429=ORIENTED_EDGE('',*,*,#2753,.T.);
#1430=ORIENTED_EDGE('',*,*,#2738,.F.);
#1431=ORIENTED_EDGE('',*,*,#2754,.T.);
#1432=ORIENTED_EDGE('',*,*,#2326,.F.);
#1433=ORIENTED_EDGE('',*,*,#2743,.F.);
#1434=ORIENTED_EDGE('',*,*,#2755,.F.);
#1435=ORIENTED_EDGE('',*,*,#2368,.F.);
#1436=ORIENTED_EDGE('',*,*,#2290,.F.);
#1437=ORIENTED_EDGE('',*,*,#2756,.T.);
#1438=ORIENTED_EDGE('',*,*,#2369,.F.);
#1439=ORIENTED_EDGE('',*,*,#2755,.T.);
#1440=ORIENTED_EDGE('',*,*,#2710,.F.);
#1441=ORIENTED_EDGE('',*,*,#2757,.T.);
#1442=ORIENTED_EDGE('',*,*,#2295,.F.);
#1443=ORIENTED_EDGE('',*,*,#2758,.T.);
#1444=ORIENTED_EDGE('',*,*,#2704,.F.);
#1445=ORIENTED_EDGE('',*,*,#2759,.T.);
#1446=ORIENTED_EDGE('',*,*,#2294,.F.);
#1447=ORIENTED_EDGE('',*,*,#2760,.T.);
#1448=ORIENTED_EDGE('',*,*,#2741,.F.);
#1449=ORIENTED_EDGE('',*,*,#2761,.T.);
#1450=ORIENTED_EDGE('',*,*,#2705,.F.);
#1451=ORIENTED_EDGE('',*,*,#2762,.T.);
#1452=ORIENTED_EDGE('',*,*,#2338,.F.);
#1453=ORIENTED_EDGE('',*,*,#2746,.F.);
#1454=ORIENTED_EDGE('',*,*,#2763,.F.);
#1455=ORIENTED_EDGE('',*,*,#2391,.F.);
#1456=ORIENTED_EDGE('',*,*,#2286,.F.);
#1457=ORIENTED_EDGE('',*,*,#2764,.T.);
#1458=ORIENTED_EDGE('',*,*,#2392,.F.);
#1459=ORIENTED_EDGE('',*,*,#2763,.T.);
#1460=ORIENTED_EDGE('',*,*,#2734,.F.);
#1461=ORIENTED_EDGE('',*,*,#2765,.T.);
#1462=ORIENTED_EDGE('',*,*,#2385,.F.);
#1463=ORIENTED_EDGE('',*,*,#2766,.T.);
#1464=ORIENTED_EDGE('',*,*,#2336,.F.);
#1465=ORIENTED_EDGE('',*,*,#2462,.F.);
#1466=ORIENTED_EDGE('',*,*,#2767,.F.);
#1467=ORIENTED_EDGE('',*,*,#2745,.F.);
#1468=ORIENTED_EDGE('',*,*,#2461,.F.);
#1469=ORIENTED_EDGE('',*,*,#2768,.T.);
#1470=ORIENTED_EDGE('',*,*,#2288,.F.);
#1471=ORIENTED_EDGE('',*,*,#2767,.T.);
#1472=ORIENTED_EDGE('',*,*,#2283,.F.);
#1473=ORIENTED_EDGE('',*,*,#2769,.T.);
#1474=ORIENTED_EDGE('',*,*,#2718,.F.);
#1475=ORIENTED_EDGE('',*,*,#2770,.T.);
#1476=ORIENTED_EDGE('',*,*,#2284,.F.);
#1477=ORIENTED_EDGE('',*,*,#2771,.T.);
#1478=ORIENTED_EDGE('',*,*,#2697,.F.);
#1479=ORIENTED_EDGE('',*,*,#2772,.T.);
#1480=ORIENTED_EDGE('',*,*,#2701,.F.);
#1481=ORIENTED_EDGE('',*,*,#2773,.T.);
#1482=ORIENTED_EDGE('',*,*,#2736,.F.);
#1483=ORIENTED_EDGE('',*,*,#2774,.T.);
#1484=ORIENTED_EDGE('',*,*,#2775,.T.);
#1485=ORIENTED_EDGE('',*,*,#2776,.T.);
#1486=ORIENTED_EDGE('',*,*,#2372,.F.);
#1487=ORIENTED_EDGE('',*,*,#2777,.T.);
#1488=ORIENTED_EDGE('',*,*,#2699,.F.);
#1489=ORIENTED_EDGE('',*,*,#2778,.T.);
#1490=ORIENTED_EDGE('',*,*,#2715,.F.);
#1491=ORIENTED_EDGE('',*,*,#2779,.T.);
#1492=ORIENTED_EDGE('',*,*,#2691,.F.);
#1493=ORIENTED_EDGE('',*,*,#2780,.F.);
#1494=ORIENTED_EDGE('',*,*,#2781,.T.);
#1495=ORIENTED_EDGE('',*,*,#2373,.F.);
#1496=ORIENTED_EDGE('',*,*,#2782,.T.);
#1497=ORIENTED_EDGE('',*,*,#2780,.T.);
#1498=ORIENTED_EDGE('',*,*,#2686,.F.);
#1499=ORIENTED_EDGE('',*,*,#2783,.T.);
#1500=ORIENTED_EDGE('',*,*,#2784,.T.);
#1501=ORIENTED_EDGE('',*,*,#2785,.T.);
#1502=ORIENTED_EDGE('',*,*,#2702,.F.);
#1503=ORIENTED_EDGE('',*,*,#2786,.T.);
#1504=ORIENTED_EDGE('',*,*,#2787,.F.);
#1505=ORIENTED_EDGE('',*,*,#2788,.T.);
#1506=ORIENTED_EDGE('',*,*,#2690,.F.);
#1507=ORIENTED_EDGE('',*,*,#2695,.F.);
#1508=ORIENTED_EDGE('',*,*,#2789,.T.);
#1509=ORIENTED_EDGE('',*,*,#2707,.F.);
#1510=ORIENTED_EDGE('',*,*,#2790,.T.);
#1511=ORIENTED_EDGE('',*,*,#2787,.T.);
#1512=ORIENTED_EDGE('',*,*,#2722,.F.);
#1513=ORIENTED_EDGE('',*,*,#2725,.F.);
#1514=ORIENTED_EDGE('',*,*,#2791,.F.);
#1515=ORIENTED_EDGE('',*,*,#2706,.F.);
#1516=ORIENTED_EDGE('',*,*,#2761,.F.);
#1517=ORIENTED_EDGE('',*,*,#2740,.F.);
#1518=ORIENTED_EDGE('',*,*,#2786,.F.);
#1519=ORIENTED_EDGE('',*,*,#2791,.T.);
#1520=ORIENTED_EDGE('',*,*,#2792,.F.);
#1521=ORIENTED_EDGE('',*,*,#2792,.T.);
#1522=ORIENTED_EDGE('',*,*,#2724,.F.);
#1523=ORIENTED_EDGE('',*,*,#2793,.F.);
#1524=ORIENTED_EDGE('',*,*,#2687,.F.);
#1525=ORIENTED_EDGE('',*,*,#2749,.F.);
#1526=ORIENTED_EDGE('',*,*,#2793,.T.);
#1527=ORIENTED_EDGE('',*,*,#2794,.F.);
#1528=ORIENTED_EDGE('',*,*,#2794,.T.);
#1529=ORIENTED_EDGE('',*,*,#2723,.F.);
#1530=ORIENTED_EDGE('',*,*,#2720,.F.);
#1531=ORIENTED_EDGE('',*,*,#2739,.F.);
#1532=ORIENTED_EDGE('',*,*,#2753,.F.);
#1533=ORIENTED_EDGE('',*,*,#2359,.F.);
#1534=ORIENTED_EDGE('',*,*,#2773,.F.);
#1535=ORIENTED_EDGE('',*,*,#2700,.F.);
#1536=ORIENTED_EDGE('',*,*,#2795,.F.);
#1537=ORIENTED_EDGE('',*,*,#2732,.F.);
#1538=ORIENTED_EDGE('',*,*,#2729,.F.);
#1539=ORIENTED_EDGE('',*,*,#2737,.F.);
#1540=ORIENTED_EDGE('',*,*,#2795,.T.);
#1541=ORIENTED_EDGE('',*,*,#2777,.F.);
#1542=ORIENTED_EDGE('',*,*,#2796,.F.);
#1543=ORIENTED_EDGE('',*,*,#2796,.T.);
#1544=ORIENTED_EDGE('',*,*,#2371,.F.);
#1545=ORIENTED_EDGE('',*,*,#2797,.F.);
#1546=ORIENTED_EDGE('',*,*,#2730,.F.);
#1547=ORIENTED_EDGE('',*,*,#2797,.T.);
#1548=ORIENTED_EDGE('',*,*,#2747,.F.);
#1549=ORIENTED_EDGE('',*,*,#2798,.F.);
#1550=ORIENTED_EDGE('',*,*,#2798,.T.);
#1551=ORIENTED_EDGE('',*,*,#2386,.F.);
#1552=ORIENTED_EDGE('',*,*,#2765,.F.);
#1553=ORIENTED_EDGE('',*,*,#2733,.F.);
#1554=ORIENTED_EDGE('',*,*,#2727,.F.);
#1555=ORIENTED_EDGE('',*,*,#2731,.F.);
#1556=ORIENTED_EDGE('',*,*,#2762,.F.);
#1557=ORIENTED_EDGE('',*,*,#2760,.F.);
#1558=ORIENTED_EDGE('',*,*,#2799,.F.);
#1559=ORIENTED_EDGE('',*,*,#2799,.T.);
#1560=ORIENTED_EDGE('',*,*,#2293,.F.);
#1561=ORIENTED_EDGE('',*,*,#2800,.F.);
#1562=ORIENTED_EDGE('',*,*,#2742,.F.);
#1563=ORIENTED_EDGE('',*,*,#2800,.T.);
#1564=ORIENTED_EDGE('',*,*,#2752,.F.);
#1565=ORIENTED_EDGE('',*,*,#2754,.F.);
#1566=ORIENTED_EDGE('',*,*,#2766,.F.);
#1567=ORIENTED_EDGE('',*,*,#2764,.F.);
#1568=ORIENTED_EDGE('',*,*,#2801,.F.);
#1569=ORIENTED_EDGE('',*,*,#2801,.T.);
#1570=ORIENTED_EDGE('',*,*,#2285,.F.);
#1571=ORIENTED_EDGE('',*,*,#2802,.F.);
#1572=ORIENTED_EDGE('',*,*,#2735,.F.);
#1573=ORIENTED_EDGE('',*,*,#2802,.T.);
#1574=ORIENTED_EDGE('',*,*,#2772,.F.);
#1575=ORIENTED_EDGE('',*,*,#2774,.F.);
#1576=ORIENTED_EDGE('',*,*,#2684,.F.);
#1577=ORIENTED_EDGE('',*,*,#2803,.T.);
#1578=ORIENTED_EDGE('',*,*,#2804,.T.);
#1579=ORIENTED_EDGE('',*,*,#2681,.F.);
#1580=ORIENTED_EDGE('',*,*,#2805,.T.);
#1581=ORIENTED_EDGE('',*,*,#2644,.F.);
#1582=ORIENTED_EDGE('',*,*,#2806,.T.);
#1583=ORIENTED_EDGE('',*,*,#2807,.T.);
#1584=ORIENTED_EDGE('',*,*,#2682,.F.);
#1585=ORIENTED_EDGE('',*,*,#2808,.T.);
#1586=ORIENTED_EDGE('',*,*,#2809,.T.);
#1587=ORIENTED_EDGE('',*,*,#2810,.T.);
#1588=ORIENTED_EDGE('',*,*,#2811,.T.);
#1589=ORIENTED_EDGE('',*,*,#2812,.T.);
#1590=ORIENTED_EDGE('',*,*,#2813,.T.);
#1591=ORIENTED_EDGE('',*,*,#2814,.T.);
#1592=ORIENTED_EDGE('',*,*,#2815,.T.);
#1593=ORIENTED_EDGE('',*,*,#2816,.T.);
#1594=ORIENTED_EDGE('',*,*,#2817,.T.);
#1595=ORIENTED_EDGE('',*,*,#2818,.T.);
#1596=ORIENTED_EDGE('',*,*,#2819,.T.);
#1597=ORIENTED_EDGE('',*,*,#2820,.T.);
#1598=ORIENTED_EDGE('',*,*,#2821,.T.);
#1599=ORIENTED_EDGE('',*,*,#2822,.T.);
#1600=ORIENTED_EDGE('',*,*,#2823,.T.);
#1601=ORIENTED_EDGE('',*,*,#2824,.T.);
#1602=ORIENTED_EDGE('',*,*,#2825,.T.);
#1603=ORIENTED_EDGE('',*,*,#2826,.T.);
#1604=ORIENTED_EDGE('',*,*,#2827,.T.);
#1605=ORIENTED_EDGE('',*,*,#2828,.T.);
#1606=ORIENTED_EDGE('',*,*,#2829,.T.);
#1607=ORIENTED_EDGE('',*,*,#2830,.T.);
#1608=ORIENTED_EDGE('',*,*,#2831,.T.);
#1609=ORIENTED_EDGE('',*,*,#2832,.T.);
#1610=ORIENTED_EDGE('',*,*,#2833,.T.);
#1611=ORIENTED_EDGE('',*,*,#2834,.T.);
#1612=ORIENTED_EDGE('',*,*,#2835,.T.);
#1613=ORIENTED_EDGE('',*,*,#2836,.T.);
#1614=ORIENTED_EDGE('',*,*,#2837,.T.);
#1615=ORIENTED_EDGE('',*,*,#2838,.T.);
#1616=ORIENTED_EDGE('',*,*,#2355,.F.);
#1617=ORIENTED_EDGE('',*,*,#2839,.T.);
#1618=ORIENTED_EDGE('',*,*,#2803,.F.);
#1619=ORIENTED_EDGE('',*,*,#2840,.F.);
#1620=ORIENTED_EDGE('',*,*,#2840,.T.);
#1621=ORIENTED_EDGE('',*,*,#2683,.F.);
#1622=ORIENTED_EDGE('',*,*,#2841,.F.);
#1623=ORIENTED_EDGE('',*,*,#2356,.F.);
#1624=ORIENTED_EDGE('',*,*,#2841,.T.);
#1625=ORIENTED_EDGE('',*,*,#2807,.F.);
#1626=ORIENTED_EDGE('',*,*,#2842,.T.);
#1627=ORIENTED_EDGE('',*,*,#2357,.F.);
#1628=ORIENTED_EDGE('',*,*,#2394,.F.);
#1629=ORIENTED_EDGE('',*,*,#2645,.F.);
#1630=ORIENTED_EDGE('',*,*,#2843,.F.);
#1631=ORIENTED_EDGE('',*,*,#2421,.F.);
#1632=ORIENTED_EDGE('',*,*,#2843,.T.);
#1633=ORIENTED_EDGE('',*,*,#2808,.F.);
#1634=ORIENTED_EDGE('',*,*,#2844,.F.);
#1635=ORIENTED_EDGE('',*,*,#2422,.F.);
#1636=ORIENTED_EDGE('',*,*,#2844,.T.);
#1637=ORIENTED_EDGE('',*,*,#2685,.F.);
#1638=ORIENTED_EDGE('',*,*,#2845,.F.);
#1639=ORIENTED_EDGE('',*,*,#2423,.F.);
#1640=ORIENTED_EDGE('',*,*,#2845,.T.);
#1641=ORIENTED_EDGE('',*,*,#2805,.F.);
#1642=ORIENTED_EDGE('',*,*,#2846,.F.);
#1643=ORIENTED_EDGE('',*,*,#2424,.F.);
#1644=ORIENTED_EDGE('',*,*,#2846,.T.);
#1645=ORIENTED_EDGE('',*,*,#2680,.F.);
#1646=ORIENTED_EDGE('',*,*,#2633,.F.);
#1647=ORIENTED_EDGE('',*,*,#2408,.F.);
#1648=ORIENTED_EDGE('',*,*,#2813,.F.);
#1649=ORIENTED_EDGE('',*,*,#2847,.T.);
#1650=ORIENTED_EDGE('',*,*,#2820,.F.);
#1651=ORIENTED_EDGE('',*,*,#2848,.T.);
#1652=ORIENTED_EDGE('',*,*,#2647,.F.);
#1653=ORIENTED_EDGE('',*,*,#2849,.T.);
#1654=ORIENTED_EDGE('',*,*,#2314,.T.);
#1655=ORIENTED_EDGE('',*,*,#2850,.T.);
#1656=ORIENTED_EDGE('',*,*,#2851,.T.);
#1657=ORIENTED_EDGE('',*,*,#2852,.T.);
#1658=ORIENTED_EDGE('',*,*,#2311,.F.);
#1659=ORIENTED_EDGE('',*,*,#2853,.T.);
#1660=ORIENTED_EDGE('',*,*,#2854,.T.);
#1661=ORIENTED_EDGE('',*,*,#2351,.T.);
#1662=ORIENTED_EDGE('',*,*,#2855,.T.);
#1663=ORIENTED_EDGE('',*,*,#2856,.T.);
#1664=ORIENTED_EDGE('',*,*,#2857,.T.);
#1665=ORIENTED_EDGE('',*,*,#2858,.T.);
#1666=ORIENTED_EDGE('',*,*,#2298,.F.);
#1667=ORIENTED_EDGE('',*,*,#2859,.T.);
#1668=ORIENTED_EDGE('',*,*,#2833,.F.);
#1669=ORIENTED_EDGE('',*,*,#2860,.T.);
#1670=ORIENTED_EDGE('',*,*,#2348,.F.);
#1671=ORIENTED_EDGE('',*,*,#2861,.T.);
#1672=ORIENTED_EDGE('',*,*,#2678,.F.);
#1673=ORIENTED_EDGE('',*,*,#2862,.T.);
#1674=ORIENTED_EDGE('',*,*,#2849,.F.);
#1675=ORIENTED_EDGE('',*,*,#2646,.F.);
#1676=ORIENTED_EDGE('',*,*,#2397,.F.);
#1677=ORIENTED_EDGE('',*,*,#2315,.F.);
#1678=ORIENTED_EDGE('',*,*,#2861,.F.);
#1679=ORIENTED_EDGE('',*,*,#2347,.F.);
#1680=ORIENTED_EDGE('',*,*,#2621,.F.);
#1681=ORIENTED_EDGE('',*,*,#2679,.F.);
#1682=ORIENTED_EDGE('',*,*,#2863,.F.);
#1683=ORIENTED_EDGE('',*,*,#2864,.F.);
#1684=ORIENTED_EDGE('',*,*,#2865,.F.);
#1685=ORIENTED_EDGE('',*,*,#2863,.T.);
#1686=ORIENTED_EDGE('',*,*,#2866,.F.);
#1687=ORIENTED_EDGE('',*,*,#2867,.F.);
#1688=ORIENTED_EDGE('',*,*,#2868,.F.);
#1689=ORIENTED_EDGE('',*,*,#2864,.T.);
#1690=ORIENTED_EDGE('',*,*,#2869,.F.);
#1691=ORIENTED_EDGE('',*,*,#2307,.F.);
#1692=ORIENTED_EDGE('',*,*,#2870,.F.);
#1693=ORIENTED_EDGE('',*,*,#2867,.T.);
#1694=ORIENTED_EDGE('',*,*,#2869,.T.);
#1695=ORIENTED_EDGE('',*,*,#2865,.T.);
#1696=ORIENTED_EDGE('',*,*,#2871,.F.);
#1697=ORIENTED_EDGE('',*,*,#2304,.F.);
#1698=ORIENTED_EDGE('',*,*,#2868,.T.);
#1699=ORIENTED_EDGE('',*,*,#2306,.F.);
#1700=ORIENTED_EDGE('',*,*,#2872,.F.);
#1701=ORIENTED_EDGE('',*,*,#2866,.T.);
#1702=ORIENTED_EDGE('',*,*,#2871,.T.);
#1703=ORIENTED_EDGE('',*,*,#2870,.T.);
#1704=ORIENTED_EDGE('',*,*,#2872,.T.);
#1705=ORIENTED_EDGE('',*,*,#2305,.F.);
#1706=ORIENTED_EDGE('',*,*,#2643,.F.);
#1707=ORIENTED_EDGE('',*,*,#2308,.F.);
#1708=ORIENTED_EDGE('',*,*,#2842,.F.);
#1709=ORIENTED_EDGE('',*,*,#2806,.F.);
#1710=ORIENTED_EDGE('',*,*,#2354,.F.);
#1711=ORIENTED_EDGE('',*,*,#2666,.F.);
#1712=ORIENTED_EDGE('',*,*,#2804,.F.);
#1713=ORIENTED_EDGE('',*,*,#2839,.F.);
#1714=ORIENTED_EDGE('',*,*,#2873,.T.);
#1715=ORIENTED_EDGE('',*,*,#2874,.T.);
#1716=ORIENTED_EDGE('',*,*,#2875,.T.);
#1717=ORIENTED_EDGE('',*,*,#2876,.T.);
#1718=ORIENTED_EDGE('',*,*,#2877,.T.);
#1719=ORIENTED_EDGE('',*,*,#2878,.T.);
#1720=ORIENTED_EDGE('',*,*,#2879,.T.);
#1721=ORIENTED_EDGE('',*,*,#2880,.T.);
#1722=ORIENTED_EDGE('',*,*,#2881,.T.);
#1723=ORIENTED_EDGE('',*,*,#2882,.T.);
#1724=ORIENTED_EDGE('',*,*,#2883,.T.);
#1725=ORIENTED_EDGE('',*,*,#2884,.T.);
#1726=ORIENTED_EDGE('',*,*,#2885,.T.);
#1727=ORIENTED_EDGE('',*,*,#2886,.T.);
#1728=ORIENTED_EDGE('',*,*,#2887,.T.);
#1729=ORIENTED_EDGE('',*,*,#2888,.T.);
#1730=ORIENTED_EDGE('',*,*,#2889,.T.);
#1731=ORIENTED_EDGE('',*,*,#2890,.T.);
#1732=ORIENTED_EDGE('',*,*,#2891,.T.);
#1733=ORIENTED_EDGE('',*,*,#2892,.T.);
#1734=ORIENTED_EDGE('',*,*,#2893,.T.);
#1735=ORIENTED_EDGE('',*,*,#2894,.T.);
#1736=ORIENTED_EDGE('',*,*,#2895,.T.);
#1737=ORIENTED_EDGE('',*,*,#2896,.T.);
#1738=ORIENTED_EDGE('',*,*,#2897,.T.);
#1739=ORIENTED_EDGE('',*,*,#2898,.T.);
#1740=ORIENTED_EDGE('',*,*,#2899,.T.);
#1741=ORIENTED_EDGE('',*,*,#2900,.T.);
#1742=ORIENTED_EDGE('',*,*,#2901,.T.);
#1743=ORIENTED_EDGE('',*,*,#2902,.T.);
#1744=ORIENTED_EDGE('',*,*,#2903,.T.);
#1745=ORIENTED_EDGE('',*,*,#2904,.T.);
#1746=ORIENTED_EDGE('',*,*,#2837,.F.);
#1747=ORIENTED_EDGE('',*,*,#2905,.T.);
#1748=ORIENTED_EDGE('',*,*,#2893,.F.);
#1749=ORIENTED_EDGE('',*,*,#2906,.T.);
#1750=ORIENTED_EDGE('',*,*,#2883,.F.);
#1751=ORIENTED_EDGE('',*,*,#2907,.T.);
#1752=ORIENTED_EDGE('',*,*,#2300,.F.);
#1753=ORIENTED_EDGE('',*,*,#2908,.T.);
#1754=ORIENTED_EDGE('',*,*,#2857,.F.);
#1755=ORIENTED_EDGE('',*,*,#2909,.T.);
#1756=ORIENTED_EDGE('',*,*,#2835,.F.);
#1757=ORIENTED_EDGE('',*,*,#2910,.T.);
#1758=ORIENTED_EDGE('',*,*,#2302,.F.);
#1759=ORIENTED_EDGE('',*,*,#2911,.T.);
#1760=ORIENTED_EDGE('',*,*,#2854,.F.);
#1761=ORIENTED_EDGE('',*,*,#2912,.T.);
#1762=ORIENTED_EDGE('',*,*,#2899,.F.);
#1763=ORIENTED_EDGE('',*,*,#2913,.T.);
#1764=ORIENTED_EDGE('',*,*,#2296,.F.);
#1765=ORIENTED_EDGE('',*,*,#2914,.T.);
#1766=ORIENTED_EDGE('',*,*,#2822,.F.);
#1767=ORIENTED_EDGE('',*,*,#2915,.T.);
#1768=ORIENTED_EDGE('',*,*,#2877,.F.);
#1769=ORIENTED_EDGE('',*,*,#2916,.T.);
#1770=ORIENTED_EDGE('',*,*,#2917,.T.);
#1771=ORIENTED_EDGE('',*,*,#2918,.T.);
#1772=ORIENTED_EDGE('',*,*,#2919,.T.);
#1773=ORIENTED_EDGE('',*,*,#2920,.T.);
#1774=ORIENTED_EDGE('',*,*,#2921,.T.);
#1775=ORIENTED_EDGE('',*,*,#2922,.T.);
#1776=ORIENTED_EDGE('',*,*,#2923,.T.);
#1777=ORIENTED_EDGE('',*,*,#2924,.T.);
#1778=ORIENTED_EDGE('',*,*,#2925,.T.);
#1779=ORIENTED_EDGE('',*,*,#2926,.T.);
#1780=ORIENTED_EDGE('',*,*,#2927,.T.);
#1781=ORIENTED_EDGE('',*,*,#2928,.T.);
#1782=ORIENTED_EDGE('',*,*,#2313,.F.);
#1783=ORIENTED_EDGE('',*,*,#2929,.T.);
#1784=ORIENTED_EDGE('',*,*,#2814,.F.);
#1785=ORIENTED_EDGE('',*,*,#2850,.F.);
#1786=ORIENTED_EDGE('',*,*,#2832,.F.);
#1787=ORIENTED_EDGE('',*,*,#2930,.T.);
#1788=ORIENTED_EDGE('',*,*,#2349,.F.);
#1789=ORIENTED_EDGE('',*,*,#2860,.F.);
#1790=ORIENTED_EDGE('',*,*,#2920,.F.);
#1791=ORIENTED_EDGE('',*,*,#2931,.T.);
#1792=ORIENTED_EDGE('',*,*,#2809,.F.);
#1793=ORIENTED_EDGE('',*,*,#2932,.T.);
#1794=ORIENTED_EDGE('',*,*,#2826,.F.);
#1795=ORIENTED_EDGE('',*,*,#2933,.T.);
#1796=ORIENTED_EDGE('',*,*,#2928,.F.);
#1797=ORIENTED_EDGE('',*,*,#2934,.T.);
#1798=ORIENTED_EDGE('',*,*,#2887,.F.);
#1799=ORIENTED_EDGE('',*,*,#2935,.T.);
#1800=ORIENTED_EDGE('',*,*,#2879,.F.);
#1801=ORIENTED_EDGE('',*,*,#2936,.T.);
#1802=ORIENTED_EDGE('',*,*,#2875,.F.);
#1803=ORIENTED_EDGE('',*,*,#2937,.T.);
#1804=ORIENTED_EDGE('',*,*,#2885,.F.);
#1805=ORIENTED_EDGE('',*,*,#2938,.T.);
#1806=ORIENTED_EDGE('',*,*,#2903,.F.);
#1807=ORIENTED_EDGE('',*,*,#2939,.T.);
#1808=ORIENTED_EDGE('',*,*,#2895,.F.);
#1809=ORIENTED_EDGE('',*,*,#2940,.T.);
#1810=ORIENTED_EDGE('',*,*,#2891,.F.);
#1811=ORIENTED_EDGE('',*,*,#2941,.T.);
#1812=ORIENTED_EDGE('',*,*,#2901,.F.);
#1813=ORIENTED_EDGE('',*,*,#2942,.T.);
#1814=ORIENTED_EDGE('',*,*,#2862,.F.);
#1815=ORIENTED_EDGE('',*,*,#2677,.F.);
#1816=ORIENTED_EDGE('',*,*,#2943,.F.);
#1817=ORIENTED_EDGE('',*,*,#2299,.F.);
#1818=ORIENTED_EDGE('',*,*,#2943,.T.);
#1819=ORIENTED_EDGE('',*,*,#2676,.F.);
#1820=ORIENTED_EDGE('',*,*,#2944,.F.);
#1821=ORIENTED_EDGE('',*,*,#2914,.F.);
#1822=ORIENTED_EDGE('',*,*,#2944,.T.);
#1823=ORIENTED_EDGE('',*,*,#2675,.F.);
#1824=ORIENTED_EDGE('',*,*,#2945,.F.);
#1825=ORIENTED_EDGE('',*,*,#2900,.F.);
#1826=ORIENTED_EDGE('',*,*,#2945,.T.);
#1827=ORIENTED_EDGE('',*,*,#2674,.F.);
#1828=ORIENTED_EDGE('',*,*,#2946,.F.);
#1829=ORIENTED_EDGE('',*,*,#2940,.F.);
#1830=ORIENTED_EDGE('',*,*,#2946,.T.);
#1831=ORIENTED_EDGE('',*,*,#2673,.F.);
#1832=ORIENTED_EDGE('',*,*,#2947,.F.);
#1833=ORIENTED_EDGE('',*,*,#2904,.F.);
#1834=ORIENTED_EDGE('',*,*,#2947,.T.);
#1835=ORIENTED_EDGE('',*,*,#2672,.F.);
#1836=ORIENTED_EDGE('',*,*,#2948,.F.);
#1837=ORIENTED_EDGE('',*,*,#2942,.F.);
#1838=ORIENTED_EDGE('',*,*,#2948,.T.);
#1839=ORIENTED_EDGE('',*,*,#2671,.F.);
#1840=ORIENTED_EDGE('',*,*,#2949,.F.);
#1841=ORIENTED_EDGE('',*,*,#2892,.F.);
#1842=ORIENTED_EDGE('',*,*,#2949,.T.);
#1843=ORIENTED_EDGE('',*,*,#2670,.F.);
#1844=ORIENTED_EDGE('',*,*,#2950,.F.);
#1845=ORIENTED_EDGE('',*,*,#2906,.F.);
#1846=ORIENTED_EDGE('',*,*,#2950,.T.);
#1847=ORIENTED_EDGE('',*,*,#2669,.F.);
#1848=ORIENTED_EDGE('',*,*,#2951,.F.);
#1849=ORIENTED_EDGE('',*,*,#2838,.F.);
#1850=ORIENTED_EDGE('',*,*,#2951,.T.);
#1851=ORIENTED_EDGE('',*,*,#2668,.F.);
#1852=ORIENTED_EDGE('',*,*,#2952,.F.);
#1853=ORIENTED_EDGE('',*,*,#2910,.F.);
#1854=ORIENTED_EDGE('',*,*,#2352,.F.);
#1855=ORIENTED_EDGE('',*,*,#2858,.F.);
#1856=ORIENTED_EDGE('',*,*,#2952,.T.);
#1857=ORIENTED_EDGE('',*,*,#2667,.F.);
#1858=ORIENTED_EDGE('',*,*,#2848,.F.);
#1859=ORIENTED_EDGE('',*,*,#2823,.F.);
#1860=ORIENTED_EDGE('',*,*,#2953,.F.);
#1861=ORIENTED_EDGE('',*,*,#2648,.F.);
#1862=ORIENTED_EDGE('',*,*,#2953,.T.);
#1863=ORIENTED_EDGE('',*,*,#2916,.F.);
#1864=ORIENTED_EDGE('',*,*,#2954,.F.);
#1865=ORIENTED_EDGE('',*,*,#2649,.F.);
#1866=ORIENTED_EDGE('',*,*,#2954,.T.);
#1867=ORIENTED_EDGE('',*,*,#2876,.F.);
#1868=ORIENTED_EDGE('',*,*,#2955,.F.);
#1869=ORIENTED_EDGE('',*,*,#2650,.F.);
#1870=ORIENTED_EDGE('',*,*,#2955,.T.);
#1871=ORIENTED_EDGE('',*,*,#2938,.F.);
#1872=ORIENTED_EDGE('',*,*,#2956,.F.);
#1873=ORIENTED_EDGE('',*,*,#2651,.F.);
#1874=ORIENTED_EDGE('',*,*,#2956,.T.);
#1875=ORIENTED_EDGE('',*,*,#2888,.F.);
#1876=ORIENTED_EDGE('',*,*,#2957,.F.);
#1877=ORIENTED_EDGE('',*,*,#2652,.F.);
#1878=ORIENTED_EDGE('',*,*,#2957,.T.);
#1879=ORIENTED_EDGE('',*,*,#2936,.F.);
#1880=ORIENTED_EDGE('',*,*,#2958,.F.);
#1881=ORIENTED_EDGE('',*,*,#2653,.F.);
#1882=ORIENTED_EDGE('',*,*,#2958,.T.);
#1883=ORIENTED_EDGE('',*,*,#2884,.F.);
#1884=ORIENTED_EDGE('',*,*,#2959,.F.);
#1885=ORIENTED_EDGE('',*,*,#2654,.F.);
#1886=ORIENTED_EDGE('',*,*,#2959,.T.);
#1887=ORIENTED_EDGE('',*,*,#2908,.F.);
#1888=ORIENTED_EDGE('',*,*,#2960,.F.);
#1889=ORIENTED_EDGE('',*,*,#2655,.F.);
#1890=ORIENTED_EDGE('',*,*,#2960,.T.);
#1891=ORIENTED_EDGE('',*,*,#2303,.F.);
#1892=ORIENTED_EDGE('',*,*,#2961,.F.);
#1893=ORIENTED_EDGE('',*,*,#2656,.F.);
#1894=ORIENTED_EDGE('',*,*,#2310,.F.);
#1895=ORIENTED_EDGE('',*,*,#2642,.F.);
#1896=ORIENTED_EDGE('',*,*,#2962,.F.);
#1897=ORIENTED_EDGE('',*,*,#2853,.F.);
#1898=ORIENTED_EDGE('',*,*,#2961,.T.);
#1899=ORIENTED_EDGE('',*,*,#2912,.F.);
#1900=ORIENTED_EDGE('',*,*,#2962,.T.);
#1901=ORIENTED_EDGE('',*,*,#2657,.F.);
#1902=ORIENTED_EDGE('',*,*,#2312,.F.);
#1903=ORIENTED_EDGE('',*,*,#2852,.F.);
#1904=ORIENTED_EDGE('',*,*,#2963,.F.);
#1905=ORIENTED_EDGE('',*,*,#2929,.F.);
#1906=ORIENTED_EDGE('',*,*,#2963,.T.);
#1907=ORIENTED_EDGE('',*,*,#2851,.F.);
#1908=ORIENTED_EDGE('',*,*,#2964,.F.);
#1909=ORIENTED_EDGE('',*,*,#2815,.F.);
#1910=ORIENTED_EDGE('',*,*,#2964,.T.);
#1911=ORIENTED_EDGE('',*,*,#2911,.F.);
#1912=ORIENTED_EDGE('',*,*,#2965,.F.);
#1913=ORIENTED_EDGE('',*,*,#2816,.F.);
#1914=ORIENTED_EDGE('',*,*,#2965,.T.);
#1915=ORIENTED_EDGE('',*,*,#2301,.F.);
#1916=ORIENTED_EDGE('',*,*,#2966,.F.);
#1917=ORIENTED_EDGE('',*,*,#2817,.F.);
#1918=ORIENTED_EDGE('',*,*,#2966,.T.);
#1919=ORIENTED_EDGE('',*,*,#2907,.F.);
#1920=ORIENTED_EDGE('',*,*,#2967,.F.);
#1921=ORIENTED_EDGE('',*,*,#2818,.F.);
#1922=ORIENTED_EDGE('',*,*,#2967,.T.);
#1923=ORIENTED_EDGE('',*,*,#2882,.F.);
#1924=ORIENTED_EDGE('',*,*,#2968,.F.);
#1925=ORIENTED_EDGE('',*,*,#2819,.F.);
#1926=ORIENTED_EDGE('',*,*,#2968,.T.);
#1927=ORIENTED_EDGE('',*,*,#2881,.F.);
#1928=ORIENTED_EDGE('',*,*,#2969,.F.);
#1929=ORIENTED_EDGE('',*,*,#2932,.F.);
#1930=ORIENTED_EDGE('',*,*,#2969,.T.);
#1931=ORIENTED_EDGE('',*,*,#2880,.F.);
#1932=ORIENTED_EDGE('',*,*,#2970,.F.);
#1933=ORIENTED_EDGE('',*,*,#2921,.F.);
#1934=ORIENTED_EDGE('',*,*,#2886,.F.);
#1935=ORIENTED_EDGE('',*,*,#2971,.T.);
#1936=ORIENTED_EDGE('',*,*,#2917,.F.);
#1937=ORIENTED_EDGE('',*,*,#2972,.F.);
#1938=ORIENTED_EDGE('',*,*,#2970,.T.);
#1939=ORIENTED_EDGE('',*,*,#2935,.F.);
#1940=ORIENTED_EDGE('',*,*,#2972,.T.);
#1941=ORIENTED_EDGE('',*,*,#2922,.F.);
#1942=ORIENTED_EDGE('',*,*,#2350,.F.);
#1943=ORIENTED_EDGE('',*,*,#2930,.F.);
#1944=ORIENTED_EDGE('',*,*,#2973,.F.);
#1945=ORIENTED_EDGE('',*,*,#2855,.F.);
#1946=ORIENTED_EDGE('',*,*,#2973,.T.);
#1947=ORIENTED_EDGE('',*,*,#2831,.F.);
#1948=ORIENTED_EDGE('',*,*,#2974,.F.);
#1949=ORIENTED_EDGE('',*,*,#2856,.F.);
#1950=ORIENTED_EDGE('',*,*,#2974,.T.);
#1951=ORIENTED_EDGE('',*,*,#2830,.F.);
#1952=ORIENTED_EDGE('',*,*,#2975,.F.);
#1953=ORIENTED_EDGE('',*,*,#2909,.F.);
#1954=ORIENTED_EDGE('',*,*,#2975,.T.);
#1955=ORIENTED_EDGE('',*,*,#2829,.F.);
#1956=ORIENTED_EDGE('',*,*,#2976,.F.);
#1957=ORIENTED_EDGE('',*,*,#2836,.F.);
#1958=ORIENTED_EDGE('',*,*,#2976,.T.);
#1959=ORIENTED_EDGE('',*,*,#2828,.F.);
#1960=ORIENTED_EDGE('',*,*,#2977,.F.);
#1961=ORIENTED_EDGE('',*,*,#2905,.F.);
#1962=ORIENTED_EDGE('',*,*,#2977,.T.);
#1963=ORIENTED_EDGE('',*,*,#2827,.F.);
#1964=ORIENTED_EDGE('',*,*,#2978,.F.);
#1965=ORIENTED_EDGE('',*,*,#2894,.F.);
#1966=ORIENTED_EDGE('',*,*,#2978,.T.);
#1967=ORIENTED_EDGE('',*,*,#2934,.F.);
#1968=ORIENTED_EDGE('',*,*,#2979,.F.);
#1969=ORIENTED_EDGE('',*,*,#2889,.F.);
#1970=ORIENTED_EDGE('',*,*,#2979,.T.);
#1971=ORIENTED_EDGE('',*,*,#2927,.F.);
#1972=ORIENTED_EDGE('',*,*,#2980,.F.);
#1973=ORIENTED_EDGE('',*,*,#2890,.F.);
#1974=ORIENTED_EDGE('',*,*,#2980,.T.);
#1975=ORIENTED_EDGE('',*,*,#2926,.F.);
#1976=ORIENTED_EDGE('',*,*,#2981,.F.);
#1977=ORIENTED_EDGE('',*,*,#2941,.F.);
#1978=ORIENTED_EDGE('',*,*,#2925,.F.);
#1979=ORIENTED_EDGE('',*,*,#2982,.T.);
#1980=ORIENTED_EDGE('',*,*,#2902,.F.);
#1981=ORIENTED_EDGE('',*,*,#2981,.T.);
#1982=ORIENTED_EDGE('',*,*,#2847,.F.);
#1983=ORIENTED_EDGE('',*,*,#2812,.F.);
#1984=ORIENTED_EDGE('',*,*,#2983,.F.);
#1985=ORIENTED_EDGE('',*,*,#2821,.F.);
#1986=ORIENTED_EDGE('',*,*,#2983,.T.);
#1987=ORIENTED_EDGE('',*,*,#2811,.F.);
#1988=ORIENTED_EDGE('',*,*,#2984,.F.);
#1989=ORIENTED_EDGE('',*,*,#2915,.F.);
#1990=ORIENTED_EDGE('',*,*,#2984,.T.);
#1991=ORIENTED_EDGE('',*,*,#2810,.F.);
#1992=ORIENTED_EDGE('',*,*,#2985,.F.);
#1993=ORIENTED_EDGE('',*,*,#2878,.F.);
#1994=ORIENTED_EDGE('',*,*,#2985,.T.);
#1995=ORIENTED_EDGE('',*,*,#2931,.F.);
#1996=ORIENTED_EDGE('',*,*,#2986,.F.);
#1997=ORIENTED_EDGE('',*,*,#2873,.F.);
#1998=ORIENTED_EDGE('',*,*,#2986,.T.);
#1999=ORIENTED_EDGE('',*,*,#2919,.F.);
#2000=ORIENTED_EDGE('',*,*,#2987,.F.);
#2001=ORIENTED_EDGE('',*,*,#2874,.F.);
#2002=ORIENTED_EDGE('',*,*,#2987,.T.);
#2003=ORIENTED_EDGE('',*,*,#2918,.F.);
#2004=ORIENTED_EDGE('',*,*,#2971,.F.);
#2005=ORIENTED_EDGE('',*,*,#2937,.F.);
#2006=ORIENTED_EDGE('',*,*,#2859,.F.);
#2007=ORIENTED_EDGE('',*,*,#2297,.F.);
#2008=ORIENTED_EDGE('',*,*,#2988,.F.);
#2009=ORIENTED_EDGE('',*,*,#2834,.F.);
#2010=ORIENTED_EDGE('',*,*,#2988,.T.);
#2011=ORIENTED_EDGE('',*,*,#2913,.F.);
#2012=ORIENTED_EDGE('',*,*,#2989,.F.);
#2013=ORIENTED_EDGE('',*,*,#2824,.F.);
#2014=ORIENTED_EDGE('',*,*,#2989,.T.);
#2015=ORIENTED_EDGE('',*,*,#2898,.F.);
#2016=ORIENTED_EDGE('',*,*,#2990,.F.);
#2017=ORIENTED_EDGE('',*,*,#2825,.F.);
#2018=ORIENTED_EDGE('',*,*,#2990,.T.);
#2019=ORIENTED_EDGE('',*,*,#2897,.F.);
#2020=ORIENTED_EDGE('',*,*,#2991,.F.);
#2021=ORIENTED_EDGE('',*,*,#2933,.F.);
#2022=ORIENTED_EDGE('',*,*,#2991,.T.);
#2023=ORIENTED_EDGE('',*,*,#2896,.F.);
#2024=ORIENTED_EDGE('',*,*,#2992,.F.);
#2025=ORIENTED_EDGE('',*,*,#2923,.F.);
#2026=ORIENTED_EDGE('',*,*,#2992,.T.);
#2027=ORIENTED_EDGE('',*,*,#2939,.F.);
#2028=ORIENTED_EDGE('',*,*,#2982,.F.);
#2029=ORIENTED_EDGE('',*,*,#2924,.F.);
#2030=ORIENTED_EDGE('',*,*,#2993,.F.);
#2031=ORIENTED_EDGE('',*,*,#2994,.T.);
#2032=ORIENTED_EDGE('',*,*,#2995,.F.);
#2033=ORIENTED_EDGE('',*,*,#2996,.T.);
#2034=ORIENTED_EDGE('',*,*,#2993,.T.);
#2035=ORIENTED_EDGE('',*,*,#2997,.T.);
#2036=ORIENTED_EDGE('',*,*,#2995,.T.);
#2037=ORIENTED_EDGE('',*,*,#2998,.T.);
#2038=ORIENTED_EDGE('',*,*,#2999,.F.);
#2039=ORIENTED_EDGE('',*,*,#3000,.T.);
#2040=ORIENTED_EDGE('',*,*,#3001,.F.);
#2041=ORIENTED_EDGE('',*,*,#3002,.T.);
#2042=ORIENTED_EDGE('',*,*,#2999,.T.);
#2043=ORIENTED_EDGE('',*,*,#3003,.T.);
#2044=ORIENTED_EDGE('',*,*,#3001,.T.);
#2045=ORIENTED_EDGE('',*,*,#3004,.T.);
#2046=ORIENTED_EDGE('',*,*,#3005,.F.);
#2047=ORIENTED_EDGE('',*,*,#3006,.T.);
#2048=ORIENTED_EDGE('',*,*,#3007,.F.);
#2049=ORIENTED_EDGE('',*,*,#2997,.F.);
#2050=ORIENTED_EDGE('',*,*,#3007,.T.);
#2051=ORIENTED_EDGE('',*,*,#3008,.T.);
#2052=ORIENTED_EDGE('',*,*,#3009,.F.);
#2053=ORIENTED_EDGE('',*,*,#2998,.F.);
#2054=ORIENTED_EDGE('',*,*,#3010,.F.);
#2055=ORIENTED_EDGE('',*,*,#3011,.T.);
#2056=ORIENTED_EDGE('',*,*,#3005,.T.);
#2057=ORIENTED_EDGE('',*,*,#2994,.F.);
#2058=ORIENTED_EDGE('',*,*,#3009,.T.);
#2059=ORIENTED_EDGE('',*,*,#3012,.T.);
#2060=ORIENTED_EDGE('',*,*,#3010,.T.);
#2061=ORIENTED_EDGE('',*,*,#2996,.F.);
#2062=ORIENTED_EDGE('',*,*,#3013,.F.);
#2063=ORIENTED_EDGE('',*,*,#3014,.T.);
#2064=ORIENTED_EDGE('',*,*,#3015,.F.);
#2065=ORIENTED_EDGE('',*,*,#3003,.F.);
#2066=ORIENTED_EDGE('',*,*,#3015,.T.);
#2067=ORIENTED_EDGE('',*,*,#3016,.T.);
#2068=ORIENTED_EDGE('',*,*,#3017,.F.);
#2069=ORIENTED_EDGE('',*,*,#3004,.F.);
#2070=ORIENTED_EDGE('',*,*,#3018,.F.);
#2071=ORIENTED_EDGE('',*,*,#3019,.T.);
#2072=ORIENTED_EDGE('',*,*,#3013,.T.);
#2073=ORIENTED_EDGE('',*,*,#3000,.F.);
#2074=ORIENTED_EDGE('',*,*,#3017,.T.);
#2075=ORIENTED_EDGE('',*,*,#3020,.T.);
#2076=ORIENTED_EDGE('',*,*,#3018,.T.);
#2077=ORIENTED_EDGE('',*,*,#3002,.F.);
#2078=ORIENTED_EDGE('',*,*,#3021,.F.);
#2079=ORIENTED_EDGE('',*,*,#3012,.F.);
#2080=ORIENTED_EDGE('',*,*,#3022,.F.);
#2081=ORIENTED_EDGE('',*,*,#2637,.F.);
#2082=ORIENTED_EDGE('',*,*,#3022,.T.);
#2083=ORIENTED_EDGE('',*,*,#3008,.F.);
#2084=ORIENTED_EDGE('',*,*,#3023,.F.);
#2085=ORIENTED_EDGE('',*,*,#2634,.F.);
#2086=ORIENTED_EDGE('',*,*,#3021,.T.);
#2087=ORIENTED_EDGE('',*,*,#2636,.F.);
#2088=ORIENTED_EDGE('',*,*,#3024,.F.);
#2089=ORIENTED_EDGE('',*,*,#3011,.F.);
#2090=ORIENTED_EDGE('',*,*,#3023,.T.);
#2091=ORIENTED_EDGE('',*,*,#3006,.F.);
#2092=ORIENTED_EDGE('',*,*,#3024,.T.);
#2093=ORIENTED_EDGE('',*,*,#2635,.F.);
#2094=ORIENTED_EDGE('',*,*,#3025,.F.);
#2095=ORIENTED_EDGE('',*,*,#3020,.F.);
#2096=ORIENTED_EDGE('',*,*,#3026,.F.);
#2097=ORIENTED_EDGE('',*,*,#2641,.F.);
#2098=ORIENTED_EDGE('',*,*,#3026,.T.);
#2099=ORIENTED_EDGE('',*,*,#3016,.F.);
#2100=ORIENTED_EDGE('',*,*,#3027,.F.);
#2101=ORIENTED_EDGE('',*,*,#2638,.F.);
#2102=ORIENTED_EDGE('',*,*,#3025,.T.);
#2103=ORIENTED_EDGE('',*,*,#2640,.F.);
#2104=ORIENTED_EDGE('',*,*,#3028,.F.);
#2105=ORIENTED_EDGE('',*,*,#3019,.F.);
#2106=ORIENTED_EDGE('',*,*,#3027,.T.);
#2107=ORIENTED_EDGE('',*,*,#3014,.F.);
#2108=ORIENTED_EDGE('',*,*,#3028,.T.);
#2109=ORIENTED_EDGE('',*,*,#2639,.F.);
#2110=ORIENTED_EDGE('',*,*,#3029,.F.);
#2111=ORIENTED_EDGE('',*,*,#3030,.T.);
#2112=ORIENTED_EDGE('',*,*,#3031,.F.);
#2113=ORIENTED_EDGE('',*,*,#3032,.T.);
#2114=ORIENTED_EDGE('',*,*,#3031,.T.);
#2115=ORIENTED_EDGE('',*,*,#3033,.T.);
#2116=ORIENTED_EDGE('',*,*,#3029,.T.);
#2117=ORIENTED_EDGE('',*,*,#3034,.T.);
#2118=ORIENTED_EDGE('',*,*,#3035,.F.);
#2119=ORIENTED_EDGE('',*,*,#3036,.T.);
#2120=ORIENTED_EDGE('',*,*,#3037,.F.);
#2121=ORIENTED_EDGE('',*,*,#3038,.T.);
#2122=ORIENTED_EDGE('',*,*,#3037,.T.);
#2123=ORIENTED_EDGE('',*,*,#3039,.T.);
#2124=ORIENTED_EDGE('',*,*,#3035,.T.);
#2125=ORIENTED_EDGE('',*,*,#3040,.T.);
#2126=ORIENTED_EDGE('',*,*,#3041,.F.);
#2127=ORIENTED_EDGE('',*,*,#3042,.T.);
#2128=ORIENTED_EDGE('',*,*,#3043,.F.);
#2129=ORIENTED_EDGE('',*,*,#3032,.F.);
#2130=ORIENTED_EDGE('',*,*,#3043,.T.);
#2131=ORIENTED_EDGE('',*,*,#3044,.T.);
#2132=ORIENTED_EDGE('',*,*,#3045,.F.);
#2133=ORIENTED_EDGE('',*,*,#3034,.F.);
#2134=ORIENTED_EDGE('',*,*,#3046,.F.);
#2135=ORIENTED_EDGE('',*,*,#3047,.T.);
#2136=ORIENTED_EDGE('',*,*,#3041,.T.);
#2137=ORIENTED_EDGE('',*,*,#3033,.F.);
#2138=ORIENTED_EDGE('',*,*,#3045,.T.);
#2139=ORIENTED_EDGE('',*,*,#3048,.T.);
#2140=ORIENTED_EDGE('',*,*,#3046,.T.);
#2141=ORIENTED_EDGE('',*,*,#3030,.F.);
#2142=ORIENTED_EDGE('',*,*,#3049,.F.);
#2143=ORIENTED_EDGE('',*,*,#3050,.T.);
#2144=ORIENTED_EDGE('',*,*,#3051,.F.);
#2145=ORIENTED_EDGE('',*,*,#3038,.F.);
#2146=ORIENTED_EDGE('',*,*,#3051,.T.);
#2147=ORIENTED_EDGE('',*,*,#3052,.T.);
#2148=ORIENTED_EDGE('',*,*,#3053,.F.);
#2149=ORIENTED_EDGE('',*,*,#3040,.F.);
#2150=ORIENTED_EDGE('',*,*,#3054,.F.);
#2151=ORIENTED_EDGE('',*,*,#3055,.T.);
#2152=ORIENTED_EDGE('',*,*,#3049,.T.);
#2153=ORIENTED_EDGE('',*,*,#3039,.F.);
#2154=ORIENTED_EDGE('',*,*,#3053,.T.);
#2155=ORIENTED_EDGE('',*,*,#3056,.T.);
#2156=ORIENTED_EDGE('',*,*,#3054,.T.);
#2157=ORIENTED_EDGE('',*,*,#3036,.F.);
#2158=ORIENTED_EDGE('',*,*,#3057,.F.);
#2159=ORIENTED_EDGE('',*,*,#3044,.F.);
#2160=ORIENTED_EDGE('',*,*,#3058,.F.);
#2161=ORIENTED_EDGE('',*,*,#2661,.F.);
#2162=ORIENTED_EDGE('',*,*,#3058,.T.);
#2163=ORIENTED_EDGE('',*,*,#3042,.F.);
#2164=ORIENTED_EDGE('',*,*,#3059,.F.);
#2165=ORIENTED_EDGE('',*,*,#2658,.F.);
#2166=ORIENTED_EDGE('',*,*,#3057,.T.);
#2167=ORIENTED_EDGE('',*,*,#2660,.F.);
#2168=ORIENTED_EDGE('',*,*,#3060,.F.);
#2169=ORIENTED_EDGE('',*,*,#3048,.F.);
#2170=ORIENTED_EDGE('',*,*,#3059,.T.);
#2171=ORIENTED_EDGE('',*,*,#3047,.F.);
#2172=ORIENTED_EDGE('',*,*,#3060,.T.);
#2173=ORIENTED_EDGE('',*,*,#2659,.F.);
#2174=ORIENTED_EDGE('',*,*,#3061,.F.);
#2175=ORIENTED_EDGE('',*,*,#3052,.F.);
#2176=ORIENTED_EDGE('',*,*,#3062,.F.);
#2177=ORIENTED_EDGE('',*,*,#2665,.F.);
#2178=ORIENTED_EDGE('',*,*,#3062,.T.);
#2179=ORIENTED_EDGE('',*,*,#3050,.F.);
#2180=ORIENTED_EDGE('',*,*,#3063,.F.);
#2181=ORIENTED_EDGE('',*,*,#2662,.F.);
#2182=ORIENTED_EDGE('',*,*,#3061,.T.);
#2183=ORIENTED_EDGE('',*,*,#2664,.F.);
#2184=ORIENTED_EDGE('',*,*,#3064,.F.);
#2185=ORIENTED_EDGE('',*,*,#3056,.F.);
#2186=ORIENTED_EDGE('',*,*,#3063,.T.);
#2187=ORIENTED_EDGE('',*,*,#3055,.F.);
#2188=ORIENTED_EDGE('',*,*,#3064,.T.);
#2189=ORIENTED_EDGE('',*,*,#2663,.F.);
#2190=ORIENTED_EDGE('',*,*,#3065,.F.);
#2191=ORIENTED_EDGE('',*,*,#2694,.F.);
#2192=ORIENTED_EDGE('',*,*,#2595,.F.);
#2193=ORIENTED_EDGE('',*,*,#2378,.F.);
#2194=ORIENTED_EDGE('',*,*,#2273,.F.);
#2195=ORIENTED_EDGE('',*,*,#2328,.F.);
#2196=ORIENTED_EDGE('',*,*,#2367,.F.);
#2197=ORIENTED_EDGE('',*,*,#3066,.F.);
#2198=ORIENTED_EDGE('',*,*,#2789,.F.);
#2199=ORIENTED_EDGE('',*,*,#3065,.T.);
#2200=ORIENTED_EDGE('',*,*,#3067,.F.);
#2201=ORIENTED_EDGE('',*,*,#2708,.F.);
#2202=ORIENTED_EDGE('',*,*,#3067,.T.);
#2203=ORIENTED_EDGE('',*,*,#3066,.T.);
#2204=ORIENTED_EDGE('',*,*,#3068,.F.);
#2205=ORIENTED_EDGE('',*,*,#3068,.T.);
#2206=ORIENTED_EDGE('',*,*,#2366,.F.);
#2207=ORIENTED_EDGE('',*,*,#3069,.F.);
#2208=ORIENTED_EDGE('',*,*,#2709,.F.);
#2209=ORIENTED_EDGE('',*,*,#2756,.F.);
#2210=ORIENTED_EDGE('',*,*,#2289,.T.);
#2211=ORIENTED_EDGE('',*,*,#2757,.F.);
#2212=ORIENTED_EDGE('',*,*,#3069,.T.);
#2213=ORIENTED_EDGE('',*,*,#3070,.F.);
#2214=ORIENTED_EDGE('',*,*,#2779,.F.);
#2215=ORIENTED_EDGE('',*,*,#2714,.F.);
#2216=ORIENTED_EDGE('',*,*,#3071,.F.);
#2217=ORIENTED_EDGE('',*,*,#2692,.F.);
#2218=ORIENTED_EDGE('',*,*,#3070,.T.);
#2219=ORIENTED_EDGE('',*,*,#3072,.F.);
#2220=ORIENTED_EDGE('',*,*,#2459,.F.);
#2221=ORIENTED_EDGE('',*,*,#2334,.F.);
#2222=ORIENTED_EDGE('',*,*,#2278,.F.);
#2223=ORIENTED_EDGE('',*,*,#2605,.F.);
#2224=ORIENTED_EDGE('',*,*,#2486,.F.);
#2225=ORIENTED_EDGE('',*,*,#3072,.T.);
#2226=ORIENTED_EDGE('',*,*,#3071,.T.);
#2227=ORIENTED_EDGE('',*,*,#3073,.F.);
#2228=ORIENTED_EDGE('',*,*,#3073,.T.);
#2229=ORIENTED_EDGE('',*,*,#2713,.F.);
#2230=ORIENTED_EDGE('',*,*,#3074,.F.);
#2231=ORIENTED_EDGE('',*,*,#2460,.F.);
#2232=ORIENTED_EDGE('',*,*,#2768,.F.);
#2233=ORIENTED_EDGE('',*,*,#3074,.T.);
#2234=ORIENTED_EDGE('',*,*,#2769,.F.);
#2235=ORIENTED_EDGE('',*,*,#2282,.T.);
#2236=ORIENTED_EDGE('',*,*,#2782,.F.);
#2237=ORIENTED_EDGE('',*,*,#2776,.F.);
#2238=ORIENTED_EDGE('',*,*,#3075,.F.);
#2239=ORIENTED_EDGE('',*,*,#3075,.T.);
#2240=ORIENTED_EDGE('',*,*,#2775,.F.);
#2241=ORIENTED_EDGE('',*,*,#3076,.F.);
#2242=ORIENTED_EDGE('',*,*,#2781,.F.);
#2243=ORIENTED_EDGE('',*,*,#3076,.T.);
#2244=ORIENTED_EDGE('',*,*,#2778,.F.);
#2245=ORIENTED_EDGE('',*,*,#3077,.F.);
#2246=ORIENTED_EDGE('',*,*,#2716,.F.);
#2247=ORIENTED_EDGE('',*,*,#3077,.T.);
#2248=ORIENTED_EDGE('',*,*,#2698,.F.);
#2249=ORIENTED_EDGE('',*,*,#3078,.F.);
#2250=ORIENTED_EDGE('',*,*,#2717,.F.);
#2251=ORIENTED_EDGE('',*,*,#2771,.F.);
#2252=ORIENTED_EDGE('',*,*,#2770,.F.);
#2253=ORIENTED_EDGE('',*,*,#3078,.T.);
#2254=ORIENTED_EDGE('',*,*,#2758,.F.);
#2255=ORIENTED_EDGE('',*,*,#2759,.F.);
#2256=ORIENTED_EDGE('',*,*,#3079,.F.);
#2257=ORIENTED_EDGE('',*,*,#3079,.T.);
#2258=ORIENTED_EDGE('',*,*,#2703,.F.);
#2259=ORIENTED_EDGE('',*,*,#3080,.F.);
#2260=ORIENTED_EDGE('',*,*,#2711,.F.);
#2261=ORIENTED_EDGE('',*,*,#3080,.T.);
#2262=ORIENTED_EDGE('',*,*,#2785,.F.);
#2263=ORIENTED_EDGE('',*,*,#3081,.F.);
#2264=ORIENTED_EDGE('',*,*,#2712,.F.);
#2265=ORIENTED_EDGE('',*,*,#3081,.T.);
#2266=ORIENTED_EDGE('',*,*,#2784,.F.);
#2267=ORIENTED_EDGE('',*,*,#3082,.F.);
#2268=ORIENTED_EDGE('',*,*,#2790,.F.);
#2269=ORIENTED_EDGE('',*,*,#3082,.T.);
#2270=ORIENTED_EDGE('',*,*,#2783,.F.);
#2271=ORIENTED_EDGE('',*,*,#2788,.F.);
#2272=EDGE_CURVE('',#3083,#3084,#3567,.T.);
#2273=EDGE_CURVE('',#3084,#3085,#388,.T.);
#2274=EDGE_CURVE('',#3085,#3086,#3568,.F.);
#2275=EDGE_CURVE('',#3086,#3087,#3569,.T.);
#2276=EDGE_CURVE('',#3087,#3083,#3570,.F.);
#2277=EDGE_CURVE('',#3088,#3089,#3571,.T.);
#2278=EDGE_CURVE('',#3089,#3090,#389,.F.);
#2279=EDGE_CURVE('',#3091,#3090,#3572,.T.);
#2280=EDGE_CURVE('',#3091,#3092,#3573,.F.);
#2281=EDGE_CURVE('',#3088,#3092,#3574,.T.);
#2282=EDGE_CURVE('',#3093,#3094,#390,.F.);
#2283=EDGE_CURVE('',#3093,#3095,#3575,.F.);
#2284=EDGE_CURVE('',#3095,#3096,#3576,.T.);
#2285=EDGE_CURVE('',#3096,#3097,#3577,.F.);
#2286=EDGE_CURVE('',#3097,#3098,#3578,.T.);
#2287=EDGE_CURVE('',#3098,#3099,#3579,.F.);
#2288=EDGE_CURVE('',#3099,#3094,#3580,.F.);
#2289=EDGE_CURVE('',#3100,#3101,#391,.F.);
#2290=EDGE_CURVE('',#3100,#3102,#3581,.T.);
#2291=EDGE_CURVE('',#3102,#3103,#3582,.F.);
#2292=EDGE_CURVE('',#3103,#3104,#3583,.F.);
#2293=EDGE_CURVE('',#3104,#3105,#3584,.T.);
#2294=EDGE_CURVE('',#3105,#3106,#3585,.F.);
#2295=EDGE_CURVE('',#3106,#3101,#3586,.T.);
#2296=EDGE_CURVE('',#3107,#3108,#3587,.T.);
#2297=EDGE_CURVE('',#3108,#3109,#3588,.F.);
#2298=EDGE_CURVE('',#3109,#3110,#3589,.T.);
#2299=EDGE_CURVE('',#3110,#3107,#3590,.T.);
#2300=EDGE_CURVE('',#3111,#3112,#3591,.T.);
#2301=EDGE_CURVE('',#3112,#3113,#3592,.T.);
#2302=EDGE_CURVE('',#3113,#3114,#3593,.F.);
#2303=EDGE_CURVE('',#3114,#3111,#3594,.F.);
#2304=EDGE_CURVE('',#3115,#3116,#3595,.F.);
#2305=EDGE_CURVE('',#3116,#3117,#392,.F.);
#2306=EDGE_CURVE('',#3117,#3118,#3596,.T.);
#2307=EDGE_CURVE('',#3118,#3115,#393,.F.);
#2308=EDGE_CURVE('',#3119,#3120,#3597,.F.);
#2309=EDGE_CURVE('',#3121,#3120,#3598,.T.);
#2310=EDGE_CURVE('',#3121,#3122,#320,.F.);
#2311=EDGE_CURVE('',#3122,#3123,#3599,.T.);
#2312=EDGE_CURVE('',#3123,#3124,#254,.T.);
#2313=EDGE_CURVE('',#3124,#3125,#3600,.F.);
#2314=EDGE_CURVE('',#3126,#3125,#3601,.T.);
#2315=EDGE_CURVE('',#3126,#3127,#3602,.T.);
#2316=EDGE_CURVE('',#3127,#3128,#3603,.T.);
#2317=EDGE_CURVE('',#3128,#3129,#394,.T.);
#2318=EDGE_CURVE('',#3129,#3130,#3604,.T.);
#2319=EDGE_CURVE('',#3130,#3131,#395,.T.);
#2320=EDGE_CURVE('',#3131,#3132,#3605,.T.);
#2321=EDGE_CURVE('',#3132,#3133,#3606,.T.);
#2322=EDGE_CURVE('',#3133,#3134,#396,.T.);
#2323=EDGE_CURVE('',#3134,#3135,#3607,.T.);
#2324=EDGE_CURVE('',#3135,#3136,#255,.T.);
#2325=EDGE_CURVE('',#3136,#3137,#3608,.T.);
#2326=EDGE_CURVE('',#3137,#3138,#256,.F.);
#2327=EDGE_CURVE('',#3139,#3138,#3609,.T.);
#2328=EDGE_CURVE('',#3139,#3084,#257,.T.);
#2329=EDGE_CURVE('',#3083,#3140,#3610,.T.);
#2330=EDGE_CURVE('',#3140,#3141,#3611,.F.);
#2331=EDGE_CURVE('',#3141,#3142,#3612,.T.);
#2332=EDGE_CURVE('',#3142,#3143,#3613,.T.);
#2333=EDGE_CURVE('',#3143,#3091,#3614,.T.);
#2334=EDGE_CURVE('',#3090,#3144,#258,.T.);
#2335=EDGE_CURVE('',#3144,#3145,#3615,.T.);
#2336=EDGE_CURVE('',#3145,#3146,#259,.T.);
#2337=EDGE_CURVE('',#3146,#3147,#3616,.T.);
#2338=EDGE_CURVE('',#3147,#3148,#260,.F.);
#2339=EDGE_CURVE('',#3149,#3148,#3617,.T.);
#2340=EDGE_CURVE('',#3150,#3149,#397,.T.);
#2341=EDGE_CURVE('',#3151,#3150,#3618,.T.);
#2342=EDGE_CURVE('',#3151,#3152,#3619,.T.);
#2343=EDGE_CURVE('',#3152,#3153,#398,.T.);
#2344=EDGE_CURVE('',#3153,#3154,#3620,.T.);
#2345=EDGE_CURVE('',#3154,#3155,#399,.T.);
#2346=EDGE_CURVE('',#3155,#3156,#3621,.T.);
#2347=EDGE_CURVE('',#3156,#3157,#3622,.F.);
#2348=EDGE_CURVE('',#3157,#3158,#3623,.T.);
#2349=EDGE_CURVE('',#3158,#3159,#3624,.T.);
#2350=EDGE_CURVE('',#3159,#3160,#261,.F.);
#2351=EDGE_CURVE('',#3161,#3160,#3625,.T.);
#2352=EDGE_CURVE('',#3161,#3162,#321,.F.);
#2353=EDGE_CURVE('',#3163,#3162,#3626,.T.);
#2354=EDGE_CURVE('',#3163,#3164,#3627,.F.);
#2355=EDGE_CURVE('',#3164,#3165,#400,.T.);
#2356=EDGE_CURVE('',#3165,#3166,#3628,.T.);
#2357=EDGE_CURVE('',#3166,#3119,#401,.T.);
#2358=EDGE_CURVE('',#3167,#3168,#3629,.F.);
#2359=EDGE_CURVE('',#3168,#3169,#3630,.T.);
#2360=EDGE_CURVE('',#3169,#3170,#3631,.T.);
#2361=EDGE_CURVE('',#3170,#3171,#3632,.T.);
#2362=EDGE_CURVE('',#3171,#3135,#402,.F.);
#2363=EDGE_CURVE('',#3172,#3134,#3633,.T.);
#2364=EDGE_CURVE('',#3172,#3173,#3634,.T.);
#2365=EDGE_CURVE('',#3167,#3173,#403,.T.);
#2366=EDGE_CURVE('',#3174,#3175,#3635,.T.);
#2367=EDGE_CURVE('',#3175,#3139,#404,.T.);
#2368=EDGE_CURVE('',#3138,#3176,#405,.T.);
#2369=EDGE_CURVE('',#3176,#3174,#3636,.F.);
#2370=EDGE_CURVE('',#3177,#3178,#3637,.F.);
#2371=EDGE_CURVE('',#3178,#3179,#3638,.T.);
#2372=EDGE_CURVE('',#3179,#3180,#3639,.F.);
#2373=EDGE_CURVE('',#3180,#3181,#3640,.F.);
#2374=EDGE_CURVE('',#3181,#3177,#3641,.F.);
#2375=EDGE_CURVE('',#3182,#3183,#3642,.F.);
#2376=EDGE_CURVE('',#3182,#3173,#406,.F.);
#2377=EDGE_CURVE('',#3183,#3172,#262,.T.);
#2378=EDGE_CURVE('',#3085,#3184,#263,.F.);
#2379=EDGE_CURVE('',#3185,#3184,#3643,.T.);
#2380=EDGE_CURVE('',#3086,#3185,#322,.T.);
#2381=EDGE_CURVE('',#3186,#3187,#3644,.T.);
#2382=EDGE_CURVE('',#3186,#3188,#3645,.T.);
#2383=EDGE_CURVE('',#3188,#3189,#3646,.F.);
#2384=EDGE_CURVE('',#3189,#3187,#3647,.T.);
#2385=EDGE_CURVE('',#3190,#3191,#3648,.F.);
#2386=EDGE_CURVE('',#3191,#3192,#3649,.F.);
#2387=EDGE_CURVE('',#3192,#3193,#3650,.T.);
#2388=EDGE_CURVE('',#3194,#3193,#407,.F.);
#2389=EDGE_CURVE('',#3194,#3195,#3651,.F.);
#2390=EDGE_CURVE('',#3195,#3149,#3652,.T.);
#2391=EDGE_CURVE('',#3148,#3196,#408,.T.);
#2392=EDGE_CURVE('',#3196,#3190,#3653,.F.);
#2393=EDGE_CURVE('',#3186,#3197,#3654,.F.);
#2394=EDGE_CURVE('',#3197,#3198,#3655,.T.);
#2395=EDGE_CURVE('',#3199,#3198,#3656,.T.);
#2396=EDGE_CURVE('',#3188,#3199,#3657,.T.);
#2397=EDGE_CURVE('',#3127,#3200,#323,.F.);
#2398=EDGE_CURVE('',#3200,#3187,#3658,.T.);
#2399=EDGE_CURVE('',#3189,#3128,#3659,.T.);
#2400=EDGE_CURVE('',#3201,#3202,#3660,.T.);
#2401=EDGE_CURVE('',#3201,#3203,#3661,.T.);
#2402=EDGE_CURVE('',#3203,#3133,#3662,.T.);
#2403=EDGE_CURVE('',#3132,#3202,#3663,.F.);
#2404=EDGE_CURVE('',#3204,#3150,#3664,.T.);
#2405=EDGE_CURVE('',#3204,#3205,#3665,.F.);
#2406=EDGE_CURVE('',#3205,#3206,#3666,.T.);
#2407=EDGE_CURVE('',#3206,#3151,#3667,.F.);
#2408=EDGE_CURVE('',#3207,#3208,#3668,.T.);
#2409=EDGE_CURVE('',#3208,#3209,#3669,.T.);
#2410=EDGE_CURVE('',#3209,#3210,#409,.F.);
#2411=EDGE_CURVE('',#3210,#3211,#3670,.T.);
#2412=EDGE_CURVE('',#3211,#3212,#410,.F.);
#2413=EDGE_CURVE('',#3212,#3213,#3671,.T.);
#2414=EDGE_CURVE('',#3213,#3214,#3672,.T.);
#2415=EDGE_CURVE('',#3214,#3215,#3673,.T.);
#2416=EDGE_CURVE('',#3215,#3216,#3674,.F.);
#2417=EDGE_CURVE('',#3216,#3217,#3675,.T.);
#2418=EDGE_CURVE('',#3217,#3218,#411,.F.);
#2419=EDGE_CURVE('',#3218,#3219,#3676,.T.);
#2420=EDGE_CURVE('',#3219,#3199,#412,.F.);
#2421=EDGE_CURVE('',#3198,#3220,#3677,.T.);
#2422=EDGE_CURVE('',#3220,#3221,#413,.F.);
#2423=EDGE_CURVE('',#3221,#3222,#3678,.T.);
#2424=EDGE_CURVE('',#3222,#3207,#414,.F.);
#2425=EDGE_CURVE('',#3223,#3223,#415,.T.);
#2426=EDGE_CURVE('',#3224,#3224,#416,.T.);
#2427=EDGE_CURVE('',#3225,#3225,#417,.F.);
#2428=EDGE_CURVE('',#3226,#3227,#418,.T.);
#2429=EDGE_CURVE('',#3227,#3228,#3679,.T.);
#2430=EDGE_CURVE('',#3228,#3229,#3680,.T.);
#2431=EDGE_CURVE('',#3229,#3226,#3681,.T.);
#2432=EDGE_CURVE('',#3230,#3231,#419,.T.);
#2433=EDGE_CURVE('',#3231,#3232,#3682,.T.);
#2434=EDGE_CURVE('',#3232,#3233,#3683,.F.);
#2435=EDGE_CURVE('',#3233,#3230,#3684,.T.);
#2436=EDGE_CURVE('',#3234,#3235,#3685,.T.);
#2437=EDGE_CURVE('',#3234,#3236,#3686,.T.);
#2438=EDGE_CURVE('',#3236,#3237,#3687,.T.);
#2439=EDGE_CURVE('',#3237,#3235,#3688,.T.);
#2440=EDGE_CURVE('',#3238,#3239,#3689,.F.);
#2441=EDGE_CURVE('',#3239,#3240,#3690,.T.);
#2442=EDGE_CURVE('',#3240,#3241,#3691,.T.);
#2443=EDGE_CURVE('',#3241,#3238,#3692,.T.);
#2444=EDGE_CURVE('',#3242,#3243,#3693,.T.);
#2445=EDGE_CURVE('',#3243,#3244,#3694,.T.);
#2446=EDGE_CURVE('',#3244,#3245,#3695,.F.);
#2447=EDGE_CURVE('',#3245,#3242,#3696,.T.);
#2448=EDGE_CURVE('',#3246,#3246,#420,.F.);
#2449=EDGE_CURVE('',#3213,#3143,#421,.F.);
#2450=EDGE_CURVE('',#3214,#3142,#324,.F.);
#2451=EDGE_CURVE('',#3215,#3141,#325,.F.);
#2452=EDGE_CURVE('',#3140,#3216,#422,.F.);
#2453=EDGE_CURVE('',#3232,#3243,#423,.T.);
#2454=EDGE_CURVE('',#3242,#3233,#424,.F.);
#2455=EDGE_CURVE('',#3228,#3239,#425,.F.);
#2456=EDGE_CURVE('',#3238,#3229,#426,.T.);
#2457=EDGE_CURVE('',#3205,#3088,#3697,.T.);
#2458=EDGE_CURVE('',#3092,#3206,#3698,.F.);
#2459=EDGE_CURVE('',#3144,#3247,#427,.F.);
#2460=EDGE_CURVE('',#3247,#3248,#3699,.F.);
#2461=EDGE_CURVE('',#3248,#3249,#3700,.T.);
#2462=EDGE_CURVE('',#3249,#3145,#428,.F.);
#2463=EDGE_CURVE('',#3250,#3251,#3701,.T.);
#2464=EDGE_CURVE('',#3251,#3252,#3702,.T.);
#2465=EDGE_CURVE('',#3252,#3253,#3703,.T.);
#2466=EDGE_CURVE('',#3253,#3250,#3704,.T.);
#2467=EDGE_CURVE('',#3254,#3255,#264,.T.);
#2468=EDGE_CURVE('',#3255,#3256,#265,.T.);
#2469=EDGE_CURVE('',#3256,#3257,#3705,.T.);
#2470=EDGE_CURVE('',#3257,#3258,#3706,.T.);
#2471=EDGE_CURVE('',#3258,#3259,#3707,.T.);
#2472=EDGE_CURVE('',#3259,#3260,#3708,.T.);
#2473=EDGE_CURVE('',#3260,#3261,#3709,.T.);
#2474=EDGE_CURVE('',#3261,#3262,#266,.T.);
#2475=EDGE_CURVE('',#3262,#3254,#267,.T.);
#2476=EDGE_CURVE('',#3263,#3264,#268,.T.);
#2477=EDGE_CURVE('',#3264,#3265,#269,.T.);
#2478=EDGE_CURVE('',#3265,#3266,#3710,.T.);
#2479=EDGE_CURVE('',#3266,#3267,#3711,.T.);
#2480=EDGE_CURVE('',#3267,#3268,#3712,.T.);
#2481=EDGE_CURVE('',#3268,#3269,#3713,.T.);
#2482=EDGE_CURVE('',#3269,#3270,#3714,.T.);
#2483=EDGE_CURVE('',#3270,#3271,#270,.T.);
#2484=EDGE_CURVE('',#3271,#3263,#271,.T.);
#2485=EDGE_CURVE('',#3272,#3273,#3715,.T.);
#2486=EDGE_CURVE('',#3273,#3274,#272,.F.);
#2487=EDGE_CURVE('',#3274,#3275,#3716,.F.);
#2488=EDGE_CURVE('',#3275,#3276,#3717,.F.);
#2489=EDGE_CURVE('',#3276,#3277,#3718,.T.);
#2490=EDGE_CURVE('',#3277,#3278,#429,.T.);
#2491=EDGE_CURVE('',#3278,#3279,#3719,.T.);
#2492=EDGE_CURVE('',#3279,#3280,#3720,.T.);
#2493=EDGE_CURVE('',#3280,#3281,#3721,.T.);
#2494=EDGE_CURVE('',#3281,#3282,#3722,.T.);
#2495=EDGE_CURVE('',#3282,#3272,#3723,.T.);
#2496=EDGE_CURVE('',#3283,#3284,#3724,.T.);
#2497=EDGE_CURVE('',#3285,#3284,#3725,.T.);
#2498=EDGE_CURVE('',#3285,#3286,#3726,.F.);
#2499=EDGE_CURVE('',#3286,#3283,#3727,.T.);
#2500=EDGE_CURVE('',#3287,#3283,#3728,.T.);
#2501=EDGE_CURVE('',#3286,#3272,#430,.T.);
#2502=EDGE_CURVE('',#3282,#3287,#3729,.T.);
#2503=EDGE_CURVE('',#3288,#3287,#3730,.T.);
#2504=EDGE_CURVE('',#3281,#3288,#3731,.T.);
#2505=EDGE_CURVE('',#3284,#3288,#3732,.T.);
#2506=EDGE_CURVE('',#3280,#3285,#431,.T.);
#2507=EDGE_CURVE('',#3289,#3290,#273,.T.);
#2508=EDGE_CURVE('',#3264,#3290,#3733,.T.);
#2509=EDGE_CURVE('',#3263,#3289,#3734,.T.);
#2510=EDGE_CURVE('',#3291,#3289,#274,.T.);
#2511=EDGE_CURVE('',#3271,#3291,#3735,.T.);
#2512=EDGE_CURVE('',#3292,#3291,#275,.T.);
#2513=EDGE_CURVE('',#3270,#3292,#3736,.T.);
#2514=EDGE_CURVE('',#3293,#3292,#3737,.T.);
#2515=EDGE_CURVE('',#3269,#3293,#3738,.T.);
#2516=EDGE_CURVE('',#3294,#3293,#3739,.T.);
#2517=EDGE_CURVE('',#3268,#3294,#3740,.T.);
#2518=EDGE_CURVE('',#3295,#3294,#3741,.T.);
#2519=EDGE_CURVE('',#3267,#3295,#3742,.T.);
#2520=EDGE_CURVE('',#3296,#3295,#3743,.T.);
#2521=EDGE_CURVE('',#3266,#3296,#3744,.T.);
#2522=EDGE_CURVE('',#3297,#3296,#3745,.T.);
#2523=EDGE_CURVE('',#3265,#3297,#3746,.T.);
#2524=EDGE_CURVE('',#3298,#3299,#3747,.T.);
#2525=EDGE_CURVE('',#3300,#3299,#3748,.T.);
#2526=EDGE_CURVE('',#3301,#3300,#3749,.T.);
#2527=EDGE_CURVE('',#3301,#3298,#3750,.T.);
#2528=EDGE_CURVE('',#3302,#3298,#3751,.T.);
#2529=EDGE_CURVE('',#3303,#3301,#3752,.T.);
#2530=EDGE_CURVE('',#3303,#3302,#3753,.T.);
#2531=EDGE_CURVE('',#3304,#3302,#3754,.T.);
#2532=EDGE_CURVE('',#3305,#3303,#3755,.T.);
#2533=EDGE_CURVE('',#3305,#3304,#3756,.T.);
#2534=EDGE_CURVE('',#3306,#3304,#276,.T.);
#2535=EDGE_CURVE('',#3307,#3305,#277,.T.);
#2536=EDGE_CURVE('',#3307,#3306,#3757,.T.);
#2537=EDGE_CURVE('',#3308,#3306,#278,.T.);
#2538=EDGE_CURVE('',#3309,#3307,#279,.T.);
#2539=EDGE_CURVE('',#3309,#3308,#3758,.T.);
#2540=EDGE_CURVE('',#3310,#3308,#280,.T.);
#2541=EDGE_CURVE('',#3311,#3309,#281,.T.);
#2542=EDGE_CURVE('',#3311,#3310,#3759,.T.);
#2543=EDGE_CURVE('',#3299,#3310,#282,.T.);
#2544=EDGE_CURVE('',#3300,#3311,#283,.T.);
#2545=EDGE_CURVE('',#3290,#3297,#284,.T.);
#2546=EDGE_CURVE('',#3312,#3313,#285,.T.);
#2547=EDGE_CURVE('',#3255,#3313,#3760,.T.);
#2548=EDGE_CURVE('',#3254,#3312,#3761,.T.);
#2549=EDGE_CURVE('',#3314,#3312,#286,.T.);
#2550=EDGE_CURVE('',#3262,#3314,#3762,.T.);
#2551=EDGE_CURVE('',#3315,#3314,#287,.T.);
#2552=EDGE_CURVE('',#3261,#3315,#3763,.T.);
#2553=EDGE_CURVE('',#3316,#3315,#3764,.T.);
#2554=EDGE_CURVE('',#3260,#3316,#3765,.T.);
#2555=EDGE_CURVE('',#3317,#3316,#3766,.T.);
#2556=EDGE_CURVE('',#3259,#3317,#3767,.T.);
#2557=EDGE_CURVE('',#3318,#3317,#3768,.T.);
#2558=EDGE_CURVE('',#3258,#3318,#3769,.T.);
#2559=EDGE_CURVE('',#3319,#3318,#3770,.T.);
#2560=EDGE_CURVE('',#3257,#3319,#3771,.T.);
#2561=EDGE_CURVE('',#3320,#3319,#3772,.T.);
#2562=EDGE_CURVE('',#3256,#3320,#3773,.T.);
#2563=EDGE_CURVE('',#3321,#3322,#3774,.T.);
#2564=EDGE_CURVE('',#3323,#3322,#3775,.T.);
#2565=EDGE_CURVE('',#3324,#3323,#3776,.T.);
#2566=EDGE_CURVE('',#3324,#3321,#3777,.T.);
#2567=EDGE_CURVE('',#3325,#3321,#3778,.T.);
#2568=EDGE_CURVE('',#3326,#3324,#3779,.T.);
#2569=EDGE_CURVE('',#3326,#3325,#3780,.T.);
#2570=EDGE_CURVE('',#3327,#3325,#3781,.T.);
#2571=EDGE_CURVE('',#3328,#3326,#3782,.T.);
#2572=EDGE_CURVE('',#3328,#3327,#3783,.T.);
#2573=EDGE_CURVE('',#3329,#3327,#288,.T.);
#2574=EDGE_CURVE('',#3330,#3328,#289,.T.);
#2575=EDGE_CURVE('',#3330,#3329,#3784,.T.);
#2576=EDGE_CURVE('',#3331,#3329,#290,.T.);
#2577=EDGE_CURVE('',#3332,#3330,#291,.T.);
#2578=EDGE_CURVE('',#3332,#3331,#3785,.T.);
#2579=EDGE_CURVE('',#3333,#3331,#292,.T.);
#2580=EDGE_CURVE('',#3334,#3332,#293,.T.);
#2581=EDGE_CURVE('',#3334,#3333,#3786,.T.);
#2582=EDGE_CURVE('',#3322,#3333,#294,.T.);
#2583=EDGE_CURVE('',#3323,#3334,#295,.T.);
#2584=EDGE_CURVE('',#3313,#3320,#296,.T.);
#2585=EDGE_CURVE('',#3335,#3336,#3787,.T.);
#2586=EDGE_CURVE('',#3251,#3336,#3788,.T.);
#2587=EDGE_CURVE('',#3250,#3335,#3789,.T.);
#2588=EDGE_CURVE('',#3337,#3335,#3790,.T.);
#2589=EDGE_CURVE('',#3253,#3337,#3791,.T.);
#2590=EDGE_CURVE('',#3338,#3337,#3792,.T.);
#2591=EDGE_CURVE('',#3252,#3338,#3793,.T.);
#2592=EDGE_CURVE('',#3336,#3338,#3794,.T.);
#2593=EDGE_CURVE('',#3086,#3201,#3795,.F.);
#2594=EDGE_CURVE('',#3202,#3087,#3796,.F.);
#2595=EDGE_CURVE('',#3184,#3339,#297,.T.);
#2596=EDGE_CURVE('',#3339,#3182,#3797,.T.);
#2597=EDGE_CURVE('',#3340,#3183,#432,.T.);
#2598=EDGE_CURVE('',#3340,#3341,#3798,.F.);
#2599=EDGE_CURVE('',#3341,#3185,#3799,.T.);
#2600=EDGE_CURVE('',#3195,#3278,#298,.T.);
#2601=EDGE_CURVE('',#3277,#3204,#299,.T.);
#2602=EDGE_CURVE('',#3203,#3340,#300,.T.);
#2603=EDGE_CURVE('',#3194,#3279,#433,.T.);
#2604=EDGE_CURVE('',#3205,#3276,#326,.T.);
#2605=EDGE_CURVE('',#3274,#3089,#301,.T.);
#2606=EDGE_CURVE('',#3275,#3088,#327,.F.);
#2607=EDGE_CURVE('',#3341,#3201,#328,.F.);
#2608=EDGE_CURVE('',#3240,#3189,#434,.F.);
#2609=EDGE_CURVE('',#3188,#3241,#435,.T.);
#2610=EDGE_CURVE('',#3244,#3237,#436,.T.);
#2611=EDGE_CURVE('',#3236,#3245,#437,.F.);
#2612=EDGE_CURVE('',#3241,#3219,#3800,.T.);
#2613=EDGE_CURVE('',#3238,#3218,#3801,.T.);
#2614=EDGE_CURVE('',#3229,#3217,#3802,.T.);
#2615=EDGE_CURVE('',#3226,#3216,#3803,.T.);
#2616=EDGE_CURVE('',#3227,#3140,#3804,.T.);
#2617=EDGE_CURVE('',#3228,#3131,#3805,.T.);
#2618=EDGE_CURVE('',#3239,#3130,#3806,.T.);
#2619=EDGE_CURVE('',#3240,#3129,#3807,.T.);
#2620=EDGE_CURVE('',#3342,#3234,#3808,.F.);
#2621=EDGE_CURVE('',#3342,#3156,#329,.T.);
#2622=EDGE_CURVE('',#3236,#3155,#3809,.T.);
#2623=EDGE_CURVE('',#3245,#3154,#3810,.T.);
#2624=EDGE_CURVE('',#3242,#3153,#3811,.T.);
#2625=EDGE_CURVE('',#3233,#3152,#3812,.T.);
#2626=EDGE_CURVE('',#3230,#3143,#3813,.T.);
#2627=EDGE_CURVE('',#3231,#3213,#3814,.T.);
#2628=EDGE_CURVE('',#3232,#3212,#3815,.T.);
#2629=EDGE_CURVE('',#3243,#3211,#3816,.T.);
#2630=EDGE_CURVE('',#3244,#3210,#3817,.T.);
#2631=EDGE_CURVE('',#3237,#3209,#3818,.T.);
#2632=EDGE_CURVE('',#3235,#3343,#3819,.T.);
#2633=EDGE_CURVE('',#3208,#3343,#3820,.T.);
#2634=EDGE_CURVE('',#3344,#3345,#438,.T.);
#2635=EDGE_CURVE('',#3345,#3346,#3821,.T.);
#2636=EDGE_CURVE('',#3346,#3347,#439,.T.);
#2637=EDGE_CURVE('',#3347,#3344,#3822,.F.);
#2638=EDGE_CURVE('',#3348,#3349,#440,.T.);
#2639=EDGE_CURVE('',#3349,#3350,#3823,.T.);
#2640=EDGE_CURVE('',#3350,#3351,#441,.T.);
#2641=EDGE_CURVE('',#3351,#3348,#3824,.F.);
#2642=EDGE_CURVE('',#3352,#3121,#3825,.F.);
#2643=EDGE_CURVE('',#3120,#3353,#3826,.T.);
#2644=EDGE_CURVE('',#3353,#3354,#3827,.F.);
#2645=EDGE_CURVE('',#3354,#3197,#3828,.T.);
#2646=EDGE_CURVE('',#3200,#3355,#3829,.F.);
#2647=EDGE_CURVE('',#3355,#3356,#3830,.T.);
#2648=EDGE_CURVE('',#3356,#3357,#3831,.T.);
#2649=EDGE_CURVE('',#3357,#3358,#442,.T.);
#2650=EDGE_CURVE('',#3358,#3359,#3832,.F.);
#2651=EDGE_CURVE('',#3359,#3360,#443,.F.);
#2652=EDGE_CURVE('',#3360,#3361,#3833,.T.);
#2653=EDGE_CURVE('',#3361,#3362,#444,.F.);
#2654=EDGE_CURVE('',#3362,#3363,#3834,.T.);
#2655=EDGE_CURVE('',#3363,#3364,#445,.T.);
#2656=EDGE_CURVE('',#3364,#3365,#3835,.T.);
#2657=EDGE_CURVE('',#3365,#3352,#446,.F.);
#2658=EDGE_CURVE('',#3366,#3367,#3836,.T.);
#2659=EDGE_CURVE('',#3367,#3368,#447,.F.);
#2660=EDGE_CURVE('',#3368,#3369,#3837,.F.);
#2661=EDGE_CURVE('',#3369,#3366,#448,.F.);
#2662=EDGE_CURVE('',#3370,#3371,#3838,.T.);
#2663=EDGE_CURVE('',#3371,#3372,#449,.F.);
#2664=EDGE_CURVE('',#3372,#3373,#3839,.F.);
#2665=EDGE_CURVE('',#3373,#3370,#450,.F.);
#2666=EDGE_CURVE('',#3374,#3163,#3840,.T.);
#2667=EDGE_CURVE('',#3162,#3375,#3841,.F.);
#2668=EDGE_CURVE('',#3375,#3376,#451,.T.);
#2669=EDGE_CURVE('',#3376,#3377,#3842,.F.);
#2670=EDGE_CURVE('',#3377,#3378,#452,.F.);
#2671=EDGE_CURVE('',#3378,#3379,#3843,.F.);
#2672=EDGE_CURVE('',#3379,#3380,#453,.T.);
#2673=EDGE_CURVE('',#3380,#3381,#3844,.F.);
#2674=EDGE_CURVE('',#3381,#3382,#454,.T.);
#2675=EDGE_CURVE('',#3382,#3383,#3845,.T.);
#2676=EDGE_CURVE('',#3383,#3384,#455,.F.);
#2677=EDGE_CURVE('',#3384,#3385,#3846,.F.);
#2678=EDGE_CURVE('',#3385,#3386,#3847,.F.);
#2679=EDGE_CURVE('',#3386,#3342,#3848,.T.);
#2680=EDGE_CURVE('',#3343,#3387,#3849,.T.);
#2681=EDGE_CURVE('',#3387,#3374,#3850,.T.);
#2682=EDGE_CURVE('',#3388,#3389,#3851,.T.);
#2683=EDGE_CURVE('',#3389,#3390,#3852,.T.);
#2684=EDGE_CURVE('',#3390,#3391,#3853,.F.);
#2685=EDGE_CURVE('',#3391,#3388,#3854,.T.);
#2686=EDGE_CURVE('',#3392,#3393,#3855,.T.);
#2687=EDGE_CURVE('',#3393,#3394,#3856,.F.);
#2688=EDGE_CURVE('',#3394,#3395,#3857,.T.);
#2689=EDGE_CURVE('',#3395,#3396,#3858,.F.);
#2690=EDGE_CURVE('',#3396,#3392,#3859,.T.);
#2691=EDGE_CURVE('',#3181,#3397,#330,.T.);
#2692=EDGE_CURVE('',#3397,#3273,#456,.T.);
#2693=EDGE_CURVE('',#3177,#3279,#457,.T.);
#2694=EDGE_CURVE('',#3339,#3398,#458,.F.);
#2695=EDGE_CURVE('',#3398,#3396,#331,.F.);
#2696=EDGE_CURVE('',#3395,#3182,#459,.T.);
#2697=EDGE_CURVE('',#3399,#3400,#3860,.F.);
#2698=EDGE_CURVE('',#3400,#3401,#3861,.F.);
#2699=EDGE_CURVE('',#3401,#3402,#3862,.T.);
#2700=EDGE_CURVE('',#3402,#3403,#3863,.T.);
#2701=EDGE_CURVE('',#3403,#3399,#3864,.F.);
#2702=EDGE_CURVE('',#3404,#3405,#3865,.F.);
#2703=EDGE_CURVE('',#3405,#3406,#3866,.T.);
#2704=EDGE_CURVE('',#3406,#3407,#3867,.T.);
#2705=EDGE_CURVE('',#3407,#3408,#3868,.T.);
#2706=EDGE_CURVE('',#3408,#3404,#3869,.T.);
#2707=EDGE_CURVE('',#3409,#3410,#332,.F.);
#2708=EDGE_CURVE('',#3410,#3411,#302,.T.);
#2709=EDGE_CURVE('',#3411,#3412,#3870,.F.);
#2710=EDGE_CURVE('',#3412,#3413,#3871,.F.);
#2711=EDGE_CURVE('',#3413,#3414,#3872,.F.);
#2712=EDGE_CURVE('',#3414,#3409,#333,.F.);
#2713=EDGE_CURVE('',#3415,#3416,#3873,.F.);
#2714=EDGE_CURVE('',#3416,#3417,#303,.T.);
#2715=EDGE_CURVE('',#3417,#3418,#334,.T.);
#2716=EDGE_CURVE('',#3418,#3419,#335,.T.);
#2717=EDGE_CURVE('',#3419,#3420,#3874,.F.);
#2718=EDGE_CURVE('',#3420,#3415,#3875,.F.);
#2719=EDGE_CURVE('',#3421,#3422,#3876,.T.);
#2720=EDGE_CURVE('',#3422,#3423,#460,.T.);
#2721=EDGE_CURVE('',#3423,#3424,#3877,.T.);
#2722=EDGE_CURVE('',#3424,#3421,#461,.T.);
#2723=EDGE_CURVE('',#3423,#3425,#3878,.F.);
#2724=EDGE_CURVE('',#3425,#3426,#3879,.T.);
#2725=EDGE_CURVE('',#3426,#3424,#3880,.F.);
#2726=EDGE_CURVE('',#3427,#3428,#3881,.T.);
#2727=EDGE_CURVE('',#3427,#3429,#462,.F.);
#2728=EDGE_CURVE('',#3429,#3430,#3882,.T.);
#2729=EDGE_CURVE('',#3430,#3428,#463,.F.);
#2730=EDGE_CURVE('',#3431,#3432,#3883,.F.);
#2731=EDGE_CURVE('',#3432,#3427,#3884,.T.);
#2732=EDGE_CURVE('',#3428,#3431,#3885,.F.);
#2733=EDGE_CURVE('',#3429,#3433,#336,.F.);
#2734=EDGE_CURVE('',#3433,#3434,#3886,.F.);
#2735=EDGE_CURVE('',#3434,#3435,#3887,.F.);
#2736=EDGE_CURVE('',#3435,#3436,#3888,.F.);
#2737=EDGE_CURVE('',#3436,#3430,#337,.F.);
#2738=EDGE_CURVE('',#3437,#3438,#3889,.F.);
#2739=EDGE_CURVE('',#3438,#3422,#338,.T.);
#2740=EDGE_CURVE('',#3421,#3439,#339,.T.);
#2741=EDGE_CURVE('',#3439,#3440,#3890,.F.);
#2742=EDGE_CURVE('',#3440,#3437,#3891,.F.);
#2743=EDGE_CURVE('',#3102,#3137,#464,.F.);
#2744=EDGE_CURVE('',#3136,#3103,#465,.T.);
#2745=EDGE_CURVE('',#3146,#3099,#466,.T.);
#2746=EDGE_CURVE('',#3098,#3147,#467,.F.);
#2747=EDGE_CURVE('',#3192,#3178,#468,.T.);
#2748=EDGE_CURVE('',#3193,#3177,#469,.T.);
#2749=EDGE_CURVE('',#3394,#3168,#470,.T.);
#2750=EDGE_CURVE('',#3395,#3167,#471,.T.);
#2751=EDGE_CURVE('',#3103,#3171,#472,.T.);
#2752=EDGE_CURVE('',#3170,#3104,#340,.F.);
#2753=EDGE_CURVE('',#3169,#3438,#304,.F.);
#2754=EDGE_CURVE('',#3437,#3170,#341,.T.);
#2755=EDGE_CURVE('',#3176,#3102,#473,.T.);
#2756=EDGE_CURVE('',#3100,#3174,#474,.T.);
#2757=EDGE_CURVE('',#3412,#3101,#475,.T.);
#2758=EDGE_CURVE('',#3106,#3413,#342,.F.);
#2759=EDGE_CURVE('',#3406,#3106,#343,.T.);
#2760=EDGE_CURVE('',#3105,#3407,#344,.F.);
#2761=EDGE_CURVE('',#3439,#3408,#305,.T.);
#2762=EDGE_CURVE('',#3407,#3440,#345,.T.);
#2763=EDGE_CURVE('',#3196,#3098,#476,.T.);
#2764=EDGE_CURVE('',#3097,#3190,#346,.T.);
#2765=EDGE_CURVE('',#3433,#3191,#306,.T.);
#2766=EDGE_CURVE('',#3190,#3434,#347,.F.);
#2767=EDGE_CURVE('',#3099,#3249,#477,.T.);
#2768=EDGE_CURVE('',#3248,#3094,#478,.T.);
#2769=EDGE_CURVE('',#3093,#3415,#479,.T.);
#2770=EDGE_CURVE('',#3420,#3095,#348,.T.);
#2771=EDGE_CURVE('',#3095,#3400,#349,.F.);
#2772=EDGE_CURVE('',#3399,#3096,#350,.T.);
#2773=EDGE_CURVE('',#3403,#3436,#307,.F.);
#2774=EDGE_CURVE('',#3435,#3399,#351,.F.);
#2775=EDGE_CURVE('',#3441,#3442,#308,.T.);
#2776=EDGE_CURVE('',#3442,#3180,#352,.F.);
#2777=EDGE_CURVE('',#3179,#3402,#480,.T.);
#2778=EDGE_CURVE('',#3401,#3441,#353,.T.);
#2779=EDGE_CURVE('',#3417,#3397,#481,.T.);
#2780=EDGE_CURVE('',#3443,#3181,#482,.T.);
#2781=EDGE_CURVE('',#3443,#3418,#309,.T.);
#2782=EDGE_CURVE('',#3180,#3443,#354,.T.);
#2783=EDGE_CURVE('',#3392,#3444,#355,.T.);
#2784=EDGE_CURVE('',#3444,#3445,#310,.T.);
#2785=EDGE_CURVE('',#3445,#3405,#356,.F.);
#2786=EDGE_CURVE('',#3404,#3393,#483,.T.);
#2787=EDGE_CURVE('',#3446,#3396,#484,.T.);
#2788=EDGE_CURVE('',#3446,#3392,#357,.F.);
#2789=EDGE_CURVE('',#3398,#3410,#485,.T.);
#2790=EDGE_CURVE('',#3409,#3446,#311,.T.);
#2791=EDGE_CURVE('',#3404,#3426,#358,.T.);
#2792=EDGE_CURVE('',#3393,#3426,#359,.T.);
#2793=EDGE_CURVE('',#3394,#3425,#360,.F.);
#2794=EDGE_CURVE('',#3168,#3425,#361,.F.);
#2795=EDGE_CURVE('',#3431,#3402,#362,.T.);
#2796=EDGE_CURVE('',#3431,#3179,#363,.T.);
#2797=EDGE_CURVE('',#3432,#3178,#364,.T.);
#2798=EDGE_CURVE('',#3432,#3192,#365,.T.);
#2799=EDGE_CURVE('',#3440,#3105,#486,.T.);
#2800=EDGE_CURVE('',#3437,#3104,#487,.T.);
#2801=EDGE_CURVE('',#3434,#3097,#488,.T.);
#2802=EDGE_CURVE('',#3435,#3096,#489,.T.);
#2803=EDGE_CURVE('',#3390,#3447,#490,.F.);
#2804=EDGE_CURVE('',#3447,#3374,#366,.F.);
#2805=EDGE_CURVE('',#3387,#3391,#491,.T.);
#2806=EDGE_CURVE('',#3353,#3448,#367,.F.);
#2807=EDGE_CURVE('',#3448,#3389,#492,.F.);
#2808=EDGE_CURVE('',#3388,#3354,#493,.T.);
#2809=EDGE_CURVE('',#3449,#3450,#3892,.F.);
#2810=EDGE_CURVE('',#3450,#3451,#3893,.T.);
#2811=EDGE_CURVE('',#3451,#3452,#494,.T.);
#2812=EDGE_CURVE('',#3452,#3453,#3894,.F.);
#2813=EDGE_CURVE('',#3453,#3454,#3895,.T.);
#2814=EDGE_CURVE('',#3454,#3455,#3896,.T.);
#2815=EDGE_CURVE('',#3455,#3456,#3897,.F.);
#2816=EDGE_CURVE('',#3456,#3457,#495,.F.);
#2817=EDGE_CURVE('',#3457,#3458,#3898,.F.);
#2818=EDGE_CURVE('',#3458,#3459,#496,.T.);
#2819=EDGE_CURVE('',#3459,#3449,#3899,.F.);
#2820=EDGE_CURVE('',#3460,#3461,#3900,.T.);
#2821=EDGE_CURVE('',#3461,#3462,#3901,.T.);
#2822=EDGE_CURVE('',#3462,#3463,#3902,.F.);
#2823=EDGE_CURVE('',#3463,#3460,#3903,.F.);
#2824=EDGE_CURVE('',#3464,#3465,#497,.F.);
#2825=EDGE_CURVE('',#3465,#3466,#3904,.F.);
#2826=EDGE_CURVE('',#3466,#3467,#3905,.F.);
#2827=EDGE_CURVE('',#3467,#3468,#3906,.T.);
#2828=EDGE_CURVE('',#3468,#3469,#498,.F.);
#2829=EDGE_CURVE('',#3469,#3470,#3907,.T.);
#2830=EDGE_CURVE('',#3470,#3471,#499,.T.);
#2831=EDGE_CURVE('',#3471,#3472,#3908,.T.);
#2832=EDGE_CURVE('',#3472,#3473,#3909,.F.);
#2833=EDGE_CURVE('',#3473,#3474,#3910,.F.);
#2834=EDGE_CURVE('',#3474,#3464,#3911,.T.);
#2835=EDGE_CURVE('',#3475,#3476,#3912,.T.);
#2836=EDGE_CURVE('',#3476,#3477,#3913,.F.);
#2837=EDGE_CURVE('',#3477,#3478,#3914,.F.);
#2838=EDGE_CURVE('',#3478,#3475,#3915,.T.);
#2839=EDGE_CURVE('',#3164,#3447,#312,.T.);
#2840=EDGE_CURVE('',#3165,#3390,#3916,.T.);
#2841=EDGE_CURVE('',#3166,#3389,#3917,.T.);
#2842=EDGE_CURVE('',#3448,#3119,#313,.T.);
#2843=EDGE_CURVE('',#3220,#3354,#3918,.T.);
#2844=EDGE_CURVE('',#3221,#3388,#3919,.T.);
#2845=EDGE_CURVE('',#3222,#3391,#3920,.T.);
#2846=EDGE_CURVE('',#3207,#3387,#3921,.T.);
#2847=EDGE_CURVE('',#3453,#3461,#368,.T.);
#2848=EDGE_CURVE('',#3460,#3356,#369,.T.);
#2849=EDGE_CURVE('',#3355,#3126,#370,.F.);
#2850=EDGE_CURVE('',#3125,#3454,#371,.F.);
#2851=EDGE_CURVE('',#3479,#3480,#3922,.F.);
#2852=EDGE_CURVE('',#3480,#3123,#372,.T.);
#2853=EDGE_CURVE('',#3122,#3481,#3923,.F.);
#2854=EDGE_CURVE('',#3481,#3479,#3924,.F.);
#2855=EDGE_CURVE('',#3160,#3482,#373,.F.);
#2856=EDGE_CURVE('',#3482,#3483,#3925,.F.);
#2857=EDGE_CURVE('',#3483,#3484,#3926,.F.);
#2858=EDGE_CURVE('',#3484,#3161,#3927,.T.);
#2859=EDGE_CURVE('',#3109,#3474,#374,.F.);
#2860=EDGE_CURVE('',#3473,#3158,#375,.T.);
#2861=EDGE_CURVE('',#3157,#3386,#376,.T.);
#2862=EDGE_CURVE('',#3385,#3110,#377,.F.);
#2863=EDGE_CURVE('',#3485,#3486,#500,.T.);
#2864=EDGE_CURVE('',#3486,#3485,#501,.T.);
#2865=EDGE_CURVE('',#3485,#3487,#3928,.F.);
#2866=EDGE_CURVE('',#3488,#3486,#3929,.T.);
#2867=EDGE_CURVE('',#3487,#3488,#502,.T.);
#2868=EDGE_CURVE('',#3486,#3118,#503,.T.);
#2869=EDGE_CURVE('',#3115,#3485,#504,.T.);
#2870=EDGE_CURVE('',#3487,#3488,#505,.T.);
#2871=EDGE_CURVE('',#3116,#3487,#506,.T.);
#2872=EDGE_CURVE('',#3488,#3117,#507,.T.);
#2873=EDGE_CURVE('',#3489,#3490,#508,.T.);
#2874=EDGE_CURVE('',#3490,#3491,#3930,.F.);
#2875=EDGE_CURVE('',#3491,#3492,#3931,.F.);
#2876=EDGE_CURVE('',#3492,#3493,#3932,.T.);
#2877=EDGE_CURVE('',#3493,#3494,#3933,.T.);
#2878=EDGE_CURVE('',#3494,#3489,#3934,.F.);
#2879=EDGE_CURVE('',#3495,#3496,#3935,.T.);
#2880=EDGE_CURVE('',#3496,#3497,#3936,.F.);
#2881=EDGE_CURVE('',#3497,#3498,#509,.F.);
#2882=EDGE_CURVE('',#3498,#3499,#3937,.T.);
#2883=EDGE_CURVE('',#3499,#3500,#3938,.F.);
#2884=EDGE_CURVE('',#3500,#3495,#3939,.F.);
#2885=EDGE_CURVE('',#3501,#3502,#3940,.T.);
#2886=EDGE_CURVE('',#3502,#3503,#3941,.T.);
#2887=EDGE_CURVE('',#3503,#3504,#3942,.F.);
#2888=EDGE_CURVE('',#3504,#3501,#3943,.F.);
#2889=EDGE_CURVE('',#3505,#3506,#510,.T.);
#2890=EDGE_CURVE('',#3506,#3507,#3944,.T.);
#2891=EDGE_CURVE('',#3507,#3508,#3945,.F.);
#2892=EDGE_CURVE('',#3508,#3509,#3946,.T.);
#2893=EDGE_CURVE('',#3509,#3510,#3947,.T.);
#2894=EDGE_CURVE('',#3510,#3505,#3948,.F.);
#2895=EDGE_CURVE('',#3511,#3512,#3949,.T.);
#2896=EDGE_CURVE('',#3512,#3513,#3950,.T.);
#2897=EDGE_CURVE('',#3513,#3514,#511,.F.);
#2898=EDGE_CURVE('',#3514,#3515,#3951,.T.);
#2899=EDGE_CURVE('',#3515,#3516,#3952,.F.);
#2900=EDGE_CURVE('',#3516,#3511,#3953,.F.);
#2901=EDGE_CURVE('',#3517,#3518,#3954,.T.);
#2902=EDGE_CURVE('',#3518,#3519,#3955,.F.);
#2903=EDGE_CURVE('',#3519,#3520,#3956,.F.);
#2904=EDGE_CURVE('',#3520,#3517,#3957,.T.);
#2905=EDGE_CURVE('',#3477,#3510,#512,.T.);
#2906=EDGE_CURVE('',#3509,#3478,#513,.T.);
#2907=EDGE_CURVE('',#3499,#3112,#514,.F.);
#2908=EDGE_CURVE('',#3111,#3500,#515,.F.);
#2909=EDGE_CURVE('',#3483,#3476,#516,.F.);
#2910=EDGE_CURVE('',#3475,#3484,#517,.F.);
#2911=EDGE_CURVE('',#3113,#3479,#518,.T.);
#2912=EDGE_CURVE('',#3481,#3114,#519,.T.);
#2913=EDGE_CURVE('',#3515,#3108,#520,.T.);
#2914=EDGE_CURVE('',#3107,#3516,#521,.T.);
#2915=EDGE_CURVE('',#3462,#3494,#522,.F.);
#2916=EDGE_CURVE('',#3493,#3463,#523,.F.);
#2917=EDGE_CURVE('',#3521,#3522,#3958,.T.);
#2918=EDGE_CURVE('',#3522,#3523,#378,.F.);
#2919=EDGE_CURVE('',#3523,#3524,#3959,.F.);
#2920=EDGE_CURVE('',#3524,#3525,#3960,.F.);
#2921=EDGE_CURVE('',#3525,#3526,#3961,.F.);
#2922=EDGE_CURVE('',#3526,#3521,#379,.F.);
#2923=EDGE_CURVE('',#3527,#3528,#3962,.F.);
#2924=EDGE_CURVE('',#3528,#3529,#380,.T.);
#2925=EDGE_CURVE('',#3529,#3530,#3963,.T.);
#2926=EDGE_CURVE('',#3530,#3531,#381,.T.);
#2927=EDGE_CURVE('',#3531,#3532,#3964,.F.);
#2928=EDGE_CURVE('',#3532,#3527,#3965,.T.);
#2929=EDGE_CURVE('',#3124,#3455,#382,.T.);
#2930=EDGE_CURVE('',#3472,#3159,#383,.F.);
#2931=EDGE_CURVE('',#3524,#3450,#524,.F.);
#2932=EDGE_CURVE('',#3449,#3525,#525,.T.);
#2933=EDGE_CURVE('',#3466,#3527,#526,.T.);
#2934=EDGE_CURVE('',#3532,#3467,#527,.F.);
#2935=EDGE_CURVE('',#3503,#3496,#384,.F.);
#2936=EDGE_CURVE('',#3495,#3504,#528,.T.);
#2937=EDGE_CURVE('',#3491,#3502,#385,.F.);
#2938=EDGE_CURVE('',#3501,#3492,#529,.T.);
#2939=EDGE_CURVE('',#3519,#3512,#386,.T.);
#2940=EDGE_CURVE('',#3511,#3520,#530,.F.);
#2941=EDGE_CURVE('',#3507,#3518,#387,.T.);
#2942=EDGE_CURVE('',#3517,#3508,#531,.F.);
#2943=EDGE_CURVE('',#3107,#3384,#532,.T.);
#2944=EDGE_CURVE('',#3516,#3383,#533,.T.);
#2945=EDGE_CURVE('',#3511,#3382,#534,.T.);
#2946=EDGE_CURVE('',#3520,#3381,#535,.T.);
#2947=EDGE_CURVE('',#3517,#3380,#536,.T.);
#2948=EDGE_CURVE('',#3508,#3379,#537,.T.);
#2949=EDGE_CURVE('',#3509,#3378,#538,.T.);
#2950=EDGE_CURVE('',#3478,#3377,#539,.T.);
#2951=EDGE_CURVE('',#3475,#3376,#540,.T.);
#2952=EDGE_CURVE('',#3484,#3375,#541,.T.);
#2953=EDGE_CURVE('',#3357,#3463,#542,.T.);
#2954=EDGE_CURVE('',#3358,#3493,#543,.T.);
#2955=EDGE_CURVE('',#3359,#3492,#544,.T.);
#2956=EDGE_CURVE('',#3360,#3501,#545,.T.);
#2957=EDGE_CURVE('',#3361,#3504,#546,.T.);
#2958=EDGE_CURVE('',#3362,#3495,#547,.T.);
#2959=EDGE_CURVE('',#3363,#3500,#548,.T.);
#2960=EDGE_CURVE('',#3364,#3111,#549,.T.);
#2961=EDGE_CURVE('',#3365,#3114,#550,.T.);
#2962=EDGE_CURVE('',#3481,#3352,#551,.T.);
#2963=EDGE_CURVE('',#3455,#3480,#552,.T.);
#2964=EDGE_CURVE('',#3456,#3479,#553,.T.);
#2965=EDGE_CURVE('',#3457,#3113,#554,.T.);
#2966=EDGE_CURVE('',#3458,#3112,#555,.T.);
#2967=EDGE_CURVE('',#3459,#3499,#556,.T.);
#2968=EDGE_CURVE('',#3449,#3498,#557,.T.);
#2969=EDGE_CURVE('',#3525,#3497,#558,.T.);
#2970=EDGE_CURVE('',#3526,#3496,#559,.T.);
#2971=EDGE_CURVE('',#3502,#3522,#560,.T.);
#2972=EDGE_CURVE('',#3503,#3521,#561,.T.);
#2973=EDGE_CURVE('',#3482,#3472,#562,.T.);
#2974=EDGE_CURVE('',#3483,#3471,#563,.T.);
#2975=EDGE_CURVE('',#3476,#3470,#564,.T.);
#2976=EDGE_CURVE('',#3477,#3469,#565,.T.);
#2977=EDGE_CURVE('',#3510,#3468,#566,.T.);
#2978=EDGE_CURVE('',#3505,#3467,#567,.T.);
#2979=EDGE_CURVE('',#3506,#3532,#568,.T.);
#2980=EDGE_CURVE('',#3507,#3531,#569,.T.);
#2981=EDGE_CURVE('',#3518,#3530,#570,.T.);
#2982=EDGE_CURVE('',#3529,#3519,#571,.T.);
#2983=EDGE_CURVE('',#3462,#3452,#572,.T.);
#2984=EDGE_CURVE('',#3494,#3451,#573,.T.);
#2985=EDGE_CURVE('',#3489,#3450,#574,.T.);
#2986=EDGE_CURVE('',#3490,#3524,#575,.T.);
#2987=EDGE_CURVE('',#3491,#3523,#576,.T.);
#2988=EDGE_CURVE('',#3464,#3108,#577,.T.);
#2989=EDGE_CURVE('',#3465,#3515,#578,.T.);
#2990=EDGE_CURVE('',#3466,#3514,#579,.T.);
#2991=EDGE_CURVE('',#3527,#3513,#580,.T.);
#2992=EDGE_CURVE('',#3528,#3512,#581,.T.);
#2993=EDGE_CURVE('',#3533,#3534,#582,.T.);
#2994=EDGE_CURVE('',#3533,#3534,#583,.F.);
#2995=EDGE_CURVE('',#3535,#3536,#584,.T.);
#2996=EDGE_CURVE('',#3535,#3533,#3966,.F.);
#2997=EDGE_CURVE('',#3534,#3536,#3967,.T.);
#2998=EDGE_CURVE('',#3536,#3535,#585,.F.);
#2999=EDGE_CURVE('',#3537,#3538,#586,.T.);
#3000=EDGE_CURVE('',#3537,#3538,#587,.F.);
#3001=EDGE_CURVE('',#3539,#3540,#588,.T.);
#3002=EDGE_CURVE('',#3539,#3537,#3968,.F.);
#3003=EDGE_CURVE('',#3538,#3540,#3969,.T.);
#3004=EDGE_CURVE('',#3540,#3539,#589,.F.);
#3005=EDGE_CURVE('',#3541,#3534,#590,.T.);
#3006=EDGE_CURVE('',#3541,#3542,#3970,.T.);
#3007=EDGE_CURVE('',#3536,#3542,#591,.T.);
#3008=EDGE_CURVE('',#3542,#3543,#592,.T.);
#3009=EDGE_CURVE('',#3535,#3543,#593,.T.);
#3010=EDGE_CURVE('',#3544,#3533,#594,.T.);
#3011=EDGE_CURVE('',#3544,#3541,#595,.T.);
#3012=EDGE_CURVE('',#3543,#3544,#3971,.F.);
#3013=EDGE_CURVE('',#3545,#3538,#596,.T.);
#3014=EDGE_CURVE('',#3545,#3546,#3972,.T.);
#3015=EDGE_CURVE('',#3540,#3546,#597,.T.);
#3016=EDGE_CURVE('',#3546,#3547,#598,.T.);
#3017=EDGE_CURVE('',#3539,#3547,#599,.T.);
#3018=EDGE_CURVE('',#3548,#3537,#600,.T.);
#3019=EDGE_CURVE('',#3548,#3545,#601,.T.);
#3020=EDGE_CURVE('',#3547,#3548,#3973,.F.);
#3021=EDGE_CURVE('',#3544,#3347,#602,.T.);
#3022=EDGE_CURVE('',#3344,#3543,#603,.T.);
#3023=EDGE_CURVE('',#3345,#3542,#604,.T.);
#3024=EDGE_CURVE('',#3541,#3346,#605,.T.);
#3025=EDGE_CURVE('',#3548,#3351,#606,.T.);
#3026=EDGE_CURVE('',#3348,#3547,#607,.T.);
#3027=EDGE_CURVE('',#3349,#3546,#608,.T.);
#3028=EDGE_CURVE('',#3545,#3350,#609,.T.);
#3029=EDGE_CURVE('',#3549,#3550,#610,.T.);
#3030=EDGE_CURVE('',#3549,#3551,#3974,.T.);
#3031=EDGE_CURVE('',#3552,#3551,#611,.T.);
#3032=EDGE_CURVE('',#3552,#3550,#3975,.F.);
#3033=EDGE_CURVE('',#3551,#3552,#612,.F.);
#3034=EDGE_CURVE('',#3550,#3549,#613,.F.);
#3035=EDGE_CURVE('',#3553,#3554,#614,.T.);
#3036=EDGE_CURVE('',#3553,#3555,#3976,.T.);
#3037=EDGE_CURVE('',#3556,#3555,#615,.T.);
#3038=EDGE_CURVE('',#3556,#3554,#3977,.F.);
#3039=EDGE_CURVE('',#3555,#3556,#616,.F.);
#3040=EDGE_CURVE('',#3554,#3553,#617,.F.);
#3041=EDGE_CURVE('',#3557,#3552,#618,.T.);
#3042=EDGE_CURVE('',#3557,#3558,#3978,.F.);
#3043=EDGE_CURVE('',#3550,#3558,#619,.T.);
#3044=EDGE_CURVE('',#3558,#3559,#620,.T.);
#3045=EDGE_CURVE('',#3549,#3559,#621,.T.);
#3046=EDGE_CURVE('',#3560,#3551,#622,.T.);
#3047=EDGE_CURVE('',#3560,#3557,#623,.T.);
#3048=EDGE_CURVE('',#3559,#3560,#3979,.T.);
#3049=EDGE_CURVE('',#3561,#3556,#624,.T.);
#3050=EDGE_CURVE('',#3561,#3562,#3980,.F.);
#3051=EDGE_CURVE('',#3554,#3562,#625,.T.);
#3052=EDGE_CURVE('',#3562,#3563,#626,.T.);
#3053=EDGE_CURVE('',#3553,#3563,#627,.T.);
#3054=EDGE_CURVE('',#3564,#3555,#628,.T.);
#3055=EDGE_CURVE('',#3564,#3561,#629,.T.);
#3056=EDGE_CURVE('',#3563,#3564,#3981,.T.);
#3057=EDGE_CURVE('',#3559,#3369,#630,.T.);
#3058=EDGE_CURVE('',#3366,#3558,#631,.T.);
#3059=EDGE_CURVE('',#3367,#3557,#632,.T.);
#3060=EDGE_CURVE('',#3560,#3368,#633,.T.);
#3061=EDGE_CURVE('',#3563,#3373,#634,.T.);
#3062=EDGE_CURVE('',#3370,#3562,#635,.T.);
#3063=EDGE_CURVE('',#3371,#3561,#636,.T.);
#3064=EDGE_CURVE('',#3564,#3372,#637,.T.);
#3065=EDGE_CURVE('',#3398,#3565,#314,.T.);
#3066=EDGE_CURVE('',#3565,#3175,#315,.T.);
#3067=EDGE_CURVE('',#3411,#3565,#638,.T.);
#3068=EDGE_CURVE('',#3411,#3175,#316,.T.);
#3069=EDGE_CURVE('',#3412,#3174,#639,.T.);
#3070=EDGE_CURVE('',#3397,#3566,#317,.T.);
#3071=EDGE_CURVE('',#3566,#3416,#640,.T.);
#3072=EDGE_CURVE('',#3247,#3566,#318,.F.);
#3073=EDGE_CURVE('',#3247,#3416,#319,.F.);
#3074=EDGE_CURVE('',#3248,#3415,#641,.T.);
#3075=EDGE_CURVE('',#3443,#3442,#642,.T.);
#3076=EDGE_CURVE('',#3418,#3441,#643,.T.);
#3077=EDGE_CURVE('',#3419,#3401,#644,.T.);
#3078=EDGE_CURVE('',#3420,#3400,#645,.T.);
#3079=EDGE_CURVE('',#3413,#3406,#646,.T.);
#3080=EDGE_CURVE('',#3414,#3405,#647,.T.);
#3081=EDGE_CURVE('',#3409,#3445,#648,.T.);
#3082=EDGE_CURVE('',#3446,#3444,#649,.T.);
#3083=VERTEX_POINT('',#7874);
#3084=VERTEX_POINT('',#7875);
#3085=VERTEX_POINT('',#7877);
#3086=VERTEX_POINT('',#7879);
#3087=VERTEX_POINT('',#7881);
#3088=VERTEX_POINT('',#7885);
#3089=VERTEX_POINT('',#7886);
#3090=VERTEX_POINT('',#7888);
#3091=VERTEX_POINT('',#7890);
#3092=VERTEX_POINT('',#7892);
#3093=VERTEX_POINT('',#7896);
#3094=VERTEX_POINT('',#7897);
#3095=VERTEX_POINT('',#7899);
#3096=VERTEX_POINT('',#7901);
#3097=VERTEX_POINT('',#7903);
#3098=VERTEX_POINT('',#7905);
#3099=VERTEX_POINT('',#7907);
#3100=VERTEX_POINT('',#7911);
#3101=VERTEX_POINT('',#7912);
#3102=VERTEX_POINT('',#7914);
#3103=VERTEX_POINT('',#7916);
#3104=VERTEX_POINT('',#7918);
#3105=VERTEX_POINT('',#7920);
#3106=VERTEX_POINT('',#7922);
#3107=VERTEX_POINT('',#7926);
#3108=VERTEX_POINT('',#7927);
#3109=VERTEX_POINT('',#7929);
#3110=VERTEX_POINT('',#7931);
#3111=VERTEX_POINT('',#7935);
#3112=VERTEX_POINT('',#7936);
#3113=VERTEX_POINT('',#7938);
#3114=VERTEX_POINT('',#7940);
#3115=VERTEX_POINT('',#7944);
#3116=VERTEX_POINT('',#7945);
#3117=VERTEX_POINT('',#7947);
#3118=VERTEX_POINT('',#7949);
#3119=VERTEX_POINT('',#7952);
#3120=VERTEX_POINT('',#7953);
#3121=VERTEX_POINT('',#7955);
#3122=VERTEX_POINT('',#7957);
#3123=VERTEX_POINT('',#7959);
#3124=VERTEX_POINT('',#7964);
#3125=VERTEX_POINT('',#7966);
#3126=VERTEX_POINT('',#7968);
#3127=VERTEX_POINT('',#7970);
#3128=VERTEX_POINT('',#7972);
#3129=VERTEX_POINT('',#7974);
#3130=VERTEX_POINT('',#7976);
#3131=VERTEX_POINT('',#7978);
#3132=VERTEX_POINT('',#7980);
#3133=VERTEX_POINT('',#7982);
#3134=VERTEX_POINT('',#7984);
#3135=VERTEX_POINT('',#7986);
#3136=VERTEX_POINT('',#7991);
#3137=VERTEX_POINT('',#7993);
#3138=VERTEX_POINT('',#7998);
#3139=VERTEX_POINT('',#8000);
#3140=VERTEX_POINT('',#8007);
#3141=VERTEX_POINT('',#8009);
#3142=VERTEX_POINT('',#8011);
#3143=VERTEX_POINT('',#8013);
#3144=VERTEX_POINT('',#8020);
#3145=VERTEX_POINT('',#8022);
#3146=VERTEX_POINT('',#8027);
#3147=VERTEX_POINT('',#8029);
#3148=VERTEX_POINT('',#8034);
#3149=VERTEX_POINT('',#8036);
#3150=VERTEX_POINT('',#8038);
#3151=VERTEX_POINT('',#8040);
#3152=VERTEX_POINT('',#8042);
#3153=VERTEX_POINT('',#8044);
#3154=VERTEX_POINT('',#8046);
#3155=VERTEX_POINT('',#8048);
#3156=VERTEX_POINT('',#8050);
#3157=VERTEX_POINT('',#8052);
#3158=VERTEX_POINT('',#8054);
#3159=VERTEX_POINT('',#8056);
#3160=VERTEX_POINT('',#8061);
#3161=VERTEX_POINT('',#8063);
#3162=VERTEX_POINT('',#8065);
#3163=VERTEX_POINT('',#8067);
#3164=VERTEX_POINT('',#8069);
#3165=VERTEX_POINT('',#8071);
#3166=VERTEX_POINT('',#8073);
#3167=VERTEX_POINT('',#8077);
#3168=VERTEX_POINT('',#8078);
#3169=VERTEX_POINT('',#8080);
#3170=VERTEX_POINT('',#8082);
#3171=VERTEX_POINT('',#8084);
#3172=VERTEX_POINT('',#8087);
#3173=VERTEX_POINT('',#8089);
#3174=VERTEX_POINT('',#8093);
#3175=VERTEX_POINT('',#8094);
#3176=VERTEX_POINT('',#8097);
#3177=VERTEX_POINT('',#8101);
#3178=VERTEX_POINT('',#8102);
#3179=VERTEX_POINT('',#8104);
#3180=VERTEX_POINT('',#8106);
#3181=VERTEX_POINT('',#8108);
#3182=VERTEX_POINT('',#8112);
#3183=VERTEX_POINT('',#8113);
#3184=VERTEX_POINT('',#8127);
#3185=VERTEX_POINT('',#8129);
#3186=VERTEX_POINT('',#8133);
#3187=VERTEX_POINT('',#8134);
#3188=VERTEX_POINT('',#8136);
#3189=VERTEX_POINT('',#8138);
#3190=VERTEX_POINT('',#8142);
#3191=VERTEX_POINT('',#8143);
#3192=VERTEX_POINT('',#8145);
#3193=VERTEX_POINT('',#8147);
#3194=VERTEX_POINT('',#8149);
#3195=VERTEX_POINT('',#8151);
#3196=VERTEX_POINT('',#8154);
#3197=VERTEX_POINT('',#8158);
#3198=VERTEX_POINT('',#8160);
#3199=VERTEX_POINT('',#8162);
#3200=VERTEX_POINT('',#8166);
#3201=VERTEX_POINT('',#8171);
#3202=VERTEX_POINT('',#8172);
#3203=VERTEX_POINT('',#8174);
#3204=VERTEX_POINT('',#8179);
#3205=VERTEX_POINT('',#8181);
#3206=VERTEX_POINT('',#8183);
#3207=VERTEX_POINT('',#8187);
#3208=VERTEX_POINT('',#8188);
#3209=VERTEX_POINT('',#8190);
#3210=VERTEX_POINT('',#8192);
#3211=VERTEX_POINT('',#8194);
#3212=VERTEX_POINT('',#8196);
#3213=VERTEX_POINT('',#8198);
#3214=VERTEX_POINT('',#8200);
#3215=VERTEX_POINT('',#8202);
#3216=VERTEX_POINT('',#8204);
#3217=VERTEX_POINT('',#8206);
#3218=VERTEX_POINT('',#8208);
#3219=VERTEX_POINT('',#8210);
#3220=VERTEX_POINT('',#8213);
#3221=VERTEX_POINT('',#8215);
#3222=VERTEX_POINT('',#8217);
#3223=VERTEX_POINT('',#8220);
#3224=VERTEX_POINT('',#8222);
#3225=VERTEX_POINT('',#8225);
#3226=VERTEX_POINT('',#8228);
#3227=VERTEX_POINT('',#8229);
#3228=VERTEX_POINT('',#8231);
#3229=VERTEX_POINT('',#8233);
#3230=VERTEX_POINT('',#8237);
#3231=VERTEX_POINT('',#8238);
#3232=VERTEX_POINT('',#8240);
#3233=VERTEX_POINT('',#8242);
#3234=VERTEX_POINT('',#8246);
#3235=VERTEX_POINT('',#8247);
#3236=VERTEX_POINT('',#8249);
#3237=VERTEX_POINT('',#8251);
#3238=VERTEX_POINT('',#8255);
#3239=VERTEX_POINT('',#8256);
#3240=VERTEX_POINT('',#8258);
#3241=VERTEX_POINT('',#8260);
#3242=VERTEX_POINT('',#8264);
#3243=VERTEX_POINT('',#8265);
#3244=VERTEX_POINT('',#8267);
#3245=VERTEX_POINT('',#8269);
#3246=VERTEX_POINT('',#8273);
#3247=VERTEX_POINT('',#8292);
#3248=VERTEX_POINT('',#8294);
#3249=VERTEX_POINT('',#8296);
#3250=VERTEX_POINT('',#8300);
#3251=VERTEX_POINT('',#8301);
#3252=VERTEX_POINT('',#8303);
#3253=VERTEX_POINT('',#8305);
#3254=VERTEX_POINT('',#8310);
#3255=VERTEX_POINT('',#8311);
#3256=VERTEX_POINT('',#8315);
#3257=VERTEX_POINT('',#8317);
#3258=VERTEX_POINT('',#8319);
#3259=VERTEX_POINT('',#8321);
#3260=VERTEX_POINT('',#8323);
#3261=VERTEX_POINT('',#8325);
#3262=VERTEX_POINT('',#8329);
#3263=VERTEX_POINT('',#8336);
#3264=VERTEX_POINT('',#8337);
#3265=VERTEX_POINT('',#8341);
#3266=VERTEX_POINT('',#8343);
#3267=VERTEX_POINT('',#8345);
#3268=VERTEX_POINT('',#8347);
#3269=VERTEX_POINT('',#8349);
#3270=VERTEX_POINT('',#8351);
#3271=VERTEX_POINT('',#8355);
#3272=VERTEX_POINT('',#8360);
#3273=VERTEX_POINT('',#8361);
#3274=VERTEX_POINT('',#8366);
#3275=VERTEX_POINT('',#8368);
#3276=VERTEX_POINT('',#8370);
#3277=VERTEX_POINT('',#8372);
#3278=VERTEX_POINT('',#8374);
#3279=VERTEX_POINT('',#8376);
#3280=VERTEX_POINT('',#8378);
#3281=VERTEX_POINT('',#8380);
#3282=VERTEX_POINT('',#8382);
#3283=VERTEX_POINT('',#8386);
#3284=VERTEX_POINT('',#8387);
#3285=VERTEX_POINT('',#8389);
#3286=VERTEX_POINT('',#8391);
#3287=VERTEX_POINT('',#8395);
#3288=VERTEX_POINT('',#8400);
#3289=VERTEX_POINT('',#8417);
#3290=VERTEX_POINT('',#8418);
#3291=VERTEX_POINT('',#8432);
#3292=VERTEX_POINT('',#8445);
#3293=VERTEX_POINT('',#8449);
#3294=VERTEX_POINT('',#8453);
#3295=VERTEX_POINT('',#8457);
#3296=VERTEX_POINT('',#8461);
#3297=VERTEX_POINT('',#8465);
#3298=VERTEX_POINT('',#8469);
#3299=VERTEX_POINT('',#8470);
#3300=VERTEX_POINT('',#8472);
#3301=VERTEX_POINT('',#8474);
#3302=VERTEX_POINT('',#8478);
#3303=VERTEX_POINT('',#8480);
#3304=VERTEX_POINT('',#8484);
#3305=VERTEX_POINT('',#8486);
#3306=VERTEX_POINT('',#8499);
#3307=VERTEX_POINT('',#8503);
#3308=VERTEX_POINT('',#8516);
#3309=VERTEX_POINT('',#8520);
#3310=VERTEX_POINT('',#8533);
#3311=VERTEX_POINT('',#8537);
#3312=VERTEX_POINT('',#8577);
#3313=VERTEX_POINT('',#8578);
#3314=VERTEX_POINT('',#8592);
#3315=VERTEX_POINT('',#8605);
#3316=VERTEX_POINT('',#8609);
#3317=VERTEX_POINT('',#8613);
#3318=VERTEX_POINT('',#8617);
#3319=VERTEX_POINT('',#8621);
#3320=VERTEX_POINT('',#8625);
#3321=VERTEX_POINT('',#8629);
#3322=VERTEX_POINT('',#8630);
#3323=VERTEX_POINT('',#8632);
#3324=VERTEX_POINT('',#8634);
#3325=VERTEX_POINT('',#8638);
#3326=VERTEX_POINT('',#8640);
#3327=VERTEX_POINT('',#8644);
#3328=VERTEX_POINT('',#8646);
#3329=VERTEX_POINT('',#8659);
#3330=VERTEX_POINT('',#8663);
#3331=VERTEX_POINT('',#8676);
#3332=VERTEX_POINT('',#8680);
#3333=VERTEX_POINT('',#8693);
#3334=VERTEX_POINT('',#8697);
#3335=VERTEX_POINT('',#8728);
#3336=VERTEX_POINT('',#8729);
#3337=VERTEX_POINT('',#8734);
#3338=VERTEX_POINT('',#8738);
#3339=VERTEX_POINT('',#8751);
#3340=VERTEX_POINT('',#8754);
#3341=VERTEX_POINT('',#8756);
#3342=VERTEX_POINT('',#8818);
#3343=VERTEX_POINT('',#8841);
#3344=VERTEX_POINT('',#8845);
#3345=VERTEX_POINT('',#8846);
#3346=VERTEX_POINT('',#8848);
#3347=VERTEX_POINT('',#8850);
#3348=VERTEX_POINT('',#8853);
#3349=VERTEX_POINT('',#8854);
#3350=VERTEX_POINT('',#8856);
#3351=VERTEX_POINT('',#8858);
#3352=VERTEX_POINT('',#8861);
#3353=VERTEX_POINT('',#8863);
#3354=VERTEX_POINT('',#8865);
#3355=VERTEX_POINT('',#8868);
#3356=VERTEX_POINT('',#8870);
#3357=VERTEX_POINT('',#8872);
#3358=VERTEX_POINT('',#8874);
#3359=VERTEX_POINT('',#8876);
#3360=VERTEX_POINT('',#8878);
#3361=VERTEX_POINT('',#8880);
#3362=VERTEX_POINT('',#8882);
#3363=VERTEX_POINT('',#8884);
#3364=VERTEX_POINT('',#8886);
#3365=VERTEX_POINT('',#8888);
#3366=VERTEX_POINT('',#8892);
#3367=VERTEX_POINT('',#8893);
#3368=VERTEX_POINT('',#8895);
#3369=VERTEX_POINT('',#8897);
#3370=VERTEX_POINT('',#8900);
#3371=VERTEX_POINT('',#8901);
#3372=VERTEX_POINT('',#8903);
#3373=VERTEX_POINT('',#8905);
#3374=VERTEX_POINT('',#8908);
#3375=VERTEX_POINT('',#8910);
#3376=VERTEX_POINT('',#8912);
#3377=VERTEX_POINT('',#8914);
#3378=VERTEX_POINT('',#8916);
#3379=VERTEX_POINT('',#8918);
#3380=VERTEX_POINT('',#8920);
#3381=VERTEX_POINT('',#8922);
#3382=VERTEX_POINT('',#8924);
#3383=VERTEX_POINT('',#8926);
#3384=VERTEX_POINT('',#8928);
#3385=VERTEX_POINT('',#8930);
#3386=VERTEX_POINT('',#8932);
#3387=VERTEX_POINT('',#8935);
#3388=VERTEX_POINT('',#8939);
#3389=VERTEX_POINT('',#8940);
#3390=VERTEX_POINT('',#8942);
#3391=VERTEX_POINT('',#8944);
#3392=VERTEX_POINT('',#8948);
#3393=VERTEX_POINT('',#8949);
#3394=VERTEX_POINT('',#8951);
#3395=VERTEX_POINT('',#8953);
#3396=VERTEX_POINT('',#8955);
#3397=VERTEX_POINT('',#8959);
#3398=VERTEX_POINT('',#8964);
#3399=VERTEX_POINT('',#8969);
#3400=VERTEX_POINT('',#8970);
#3401=VERTEX_POINT('',#8972);
#3402=VERTEX_POINT('',#8974);
#3403=VERTEX_POINT('',#8976);
#3404=VERTEX_POINT('',#8980);
#3405=VERTEX_POINT('',#8981);
#3406=VERTEX_POINT('',#8983);
#3407=VERTEX_POINT('',#8985);
#3408=VERTEX_POINT('',#8987);
#3409=VERTEX_POINT('',#8991);
#3410=VERTEX_POINT('',#8992);
#3411=VERTEX_POINT('',#8997);
#3412=VERTEX_POINT('',#8999);
#3413=VERTEX_POINT('',#9001);
#3414=VERTEX_POINT('',#9003);
#3415=VERTEX_POINT('',#9007);
#3416=VERTEX_POINT('',#9008);
#3417=VERTEX_POINT('',#9013);
#3418=VERTEX_POINT('',#9015);
#3419=VERTEX_POINT('',#9017);
#3420=VERTEX_POINT('',#9019);
#3421=VERTEX_POINT('',#9023);
#3422=VERTEX_POINT('',#9024);
#3423=VERTEX_POINT('',#9026);
#3424=VERTEX_POINT('',#9028);
#3425=VERTEX_POINT('',#9032);
#3426=VERTEX_POINT('',#9034);
#3427=VERTEX_POINT('',#9038);
#3428=VERTEX_POINT('',#9039);
#3429=VERTEX_POINT('',#9041);
#3430=VERTEX_POINT('',#9043);
#3431=VERTEX_POINT('',#9047);
#3432=VERTEX_POINT('',#9048);
#3433=VERTEX_POINT('',#9053);
#3434=VERTEX_POINT('',#9055);
#3435=VERTEX_POINT('',#9057);
#3436=VERTEX_POINT('',#9059);
#3437=VERTEX_POINT('',#9063);
#3438=VERTEX_POINT('',#9064);
#3439=VERTEX_POINT('',#9067);
#3440=VERTEX_POINT('',#9069);
#3441=VERTEX_POINT('',#9147);
#3442=VERTEX_POINT('',#9148);
#3443=VERTEX_POINT('',#9166);
#3444=VERTEX_POINT('',#9176);
#3445=VERTEX_POINT('',#9182);
#3446=VERTEX_POINT('',#9187);
#3447=VERTEX_POINT('',#9385);
#3448=VERTEX_POINT('',#9390);
#3449=VERTEX_POINT('',#9395);
#3450=VERTEX_POINT('',#9396);
#3451=VERTEX_POINT('',#9398);
#3452=VERTEX_POINT('',#9400);
#3453=VERTEX_POINT('',#9402);
#3454=VERTEX_POINT('',#9404);
#3455=VERTEX_POINT('',#9406);
#3456=VERTEX_POINT('',#9408);
#3457=VERTEX_POINT('',#9410);
#3458=VERTEX_POINT('',#9412);
#3459=VERTEX_POINT('',#9414);
#3460=VERTEX_POINT('',#9418);
#3461=VERTEX_POINT('',#9419);
#3462=VERTEX_POINT('',#9421);
#3463=VERTEX_POINT('',#9423);
#3464=VERTEX_POINT('',#9427);
#3465=VERTEX_POINT('',#9428);
#3466=VERTEX_POINT('',#9430);
#3467=VERTEX_POINT('',#9432);
#3468=VERTEX_POINT('',#9434);
#3469=VERTEX_POINT('',#9436);
#3470=VERTEX_POINT('',#9438);
#3471=VERTEX_POINT('',#9440);
#3472=VERTEX_POINT('',#9442);
#3473=VERTEX_POINT('',#9444);
#3474=VERTEX_POINT('',#9446);
#3475=VERTEX_POINT('',#9450);
#3476=VERTEX_POINT('',#9451);
#3477=VERTEX_POINT('',#9453);
#3478=VERTEX_POINT('',#9455);
#3479=VERTEX_POINT('',#9486);
#3480=VERTEX_POINT('',#9487);
#3481=VERTEX_POINT('',#9490);
#3482=VERTEX_POINT('',#9494);
#3483=VERTEX_POINT('',#9496);
#3484=VERTEX_POINT('',#9498);
#3485=VERTEX_POINT('',#9509);
#3486=VERTEX_POINT('',#9510);
#3487=VERTEX_POINT('',#9514);
#3488=VERTEX_POINT('',#9516);
#3489=VERTEX_POINT('',#9532);
#3490=VERTEX_POINT('',#9533);
#3491=VERTEX_POINT('',#9535);
#3492=VERTEX_POINT('',#9537);
#3493=VERTEX_POINT('',#9539);
#3494=VERTEX_POINT('',#9541);
#3495=VERTEX_POINT('',#9545);
#3496=VERTEX_POINT('',#9546);
#3497=VERTEX_POINT('',#9548);
#3498=VERTEX_POINT('',#9550);
#3499=VERTEX_POINT('',#9552);
#3500=VERTEX_POINT('',#9554);
#3501=VERTEX_POINT('',#9558);
#3502=VERTEX_POINT('',#9559);
#3503=VERTEX_POINT('',#9561);
#3504=VERTEX_POINT('',#9563);
#3505=VERTEX_POINT('',#9567);
#3506=VERTEX_POINT('',#9568);
#3507=VERTEX_POINT('',#9570);
#3508=VERTEX_POINT('',#9572);
#3509=VERTEX_POINT('',#9574);
#3510=VERTEX_POINT('',#9576);
#3511=VERTEX_POINT('',#9580);
#3512=VERTEX_POINT('',#9581);
#3513=VERTEX_POINT('',#9583);
#3514=VERTEX_POINT('',#9585);
#3515=VERTEX_POINT('',#9587);
#3516=VERTEX_POINT('',#9589);
#3517=VERTEX_POINT('',#9593);
#3518=VERTEX_POINT('',#9594);
#3519=VERTEX_POINT('',#9596);
#3520=VERTEX_POINT('',#9598);
#3521=VERTEX_POINT('',#9620);
#3522=VERTEX_POINT('',#9621);
#3523=VERTEX_POINT('',#9623);
#3524=VERTEX_POINT('',#9625);
#3525=VERTEX_POINT('',#9627);
#3526=VERTEX_POINT('',#9629);
#3527=VERTEX_POINT('',#9633);
#3528=VERTEX_POINT('',#9634);
#3529=VERTEX_POINT('',#9636);
#3530=VERTEX_POINT('',#9638);
#3531=VERTEX_POINT('',#9640);
#3532=VERTEX_POINT('',#9642);
#3533=VERTEX_POINT('',#9880);
#3534=VERTEX_POINT('',#9881);
#3535=VERTEX_POINT('',#9885);
#3536=VERTEX_POINT('',#9886);
#3537=VERTEX_POINT('',#9893);
#3538=VERTEX_POINT('',#9894);
#3539=VERTEX_POINT('',#9898);
#3540=VERTEX_POINT('',#9899);
#3541=VERTEX_POINT('',#9906);
#3542=VERTEX_POINT('',#9908);
#3543=VERTEX_POINT('',#9912);
#3544=VERTEX_POINT('',#9916);
#3545=VERTEX_POINT('',#9922);
#3546=VERTEX_POINT('',#9924);
#3547=VERTEX_POINT('',#9928);
#3548=VERTEX_POINT('',#9932);
#3549=VERTEX_POINT('',#9954);
#3550=VERTEX_POINT('',#9955);
#3551=VERTEX_POINT('',#9957);
#3552=VERTEX_POINT('',#9959);
#3553=VERTEX_POINT('',#9967);
#3554=VERTEX_POINT('',#9968);
#3555=VERTEX_POINT('',#9970);
#3556=VERTEX_POINT('',#9972);
#3557=VERTEX_POINT('',#9980);
#3558=VERTEX_POINT('',#9982);
#3559=VERTEX_POINT('',#9986);
#3560=VERTEX_POINT('',#9990);
#3561=VERTEX_POINT('',#9996);
#3562=VERTEX_POINT('',#9998);
#3563=VERTEX_POINT('',#10002);
#3564=VERTEX_POINT('',#10006);
#3565=VERTEX_POINT('',#10031);
#3566=VERTEX_POINT('',#10084);
#3567=LINE('',#7873,#3982);
#3568=LINE('',#7878,#3983);
#3569=LINE('',#7880,#3984);
#3570=LINE('',#7882,#3985);
#3571=LINE('',#7884,#3986);
#3572=LINE('',#7889,#3987);
#3573=LINE('',#7891,#3988);
#3574=LINE('',#7893,#3989);
#3575=LINE('',#7898,#3990);
#3576=LINE('',#7900,#3991);
#3577=LINE('',#7902,#3992);
#3578=LINE('',#7904,#3993);
#3579=LINE('',#7906,#3994);
#3580=LINE('',#7908,#3995);
#3581=LINE('',#7913,#3996);
#3582=LINE('',#7915,#3997);
#3583=LINE('',#7917,#3998);
#3584=LINE('',#7919,#3999);
#3585=LINE('',#7921,#4000);
#3586=LINE('',#7923,#4001);
#3587=LINE('',#7925,#4002);
#3588=LINE('',#7928,#4003);
#3589=LINE('',#7930,#4004);
#3590=LINE('',#7932,#4005);
#3591=LINE('',#7934,#4006);
#3592=LINE('',#7937,#4007);
#3593=LINE('',#7939,#4008);
#3594=LINE('',#7941,#4009);
#3595=LINE('',#7943,#4010);
#3596=LINE('',#7948,#4011);
#3597=LINE('',#7951,#4012);
#3598=LINE('',#7954,#4013);
#3599=LINE('',#7958,#4014);
#3600=LINE('',#7965,#4015);
#3601=LINE('',#7967,#4016);
#3602=LINE('',#7969,#4017);
#3603=LINE('',#7971,#4018);
#3604=LINE('',#7975,#4019);
#3605=LINE('',#7979,#4020);
#3606=LINE('',#7981,#4021);
#3607=LINE('',#7985,#4022);
#3608=LINE('',#7992,#4023);
#3609=LINE('',#7999,#4024);
#3610=LINE('',#8006,#4025);
#3611=LINE('',#8008,#4026);
#3612=LINE('',#8010,#4027);
#3613=LINE('',#8012,#4028);
#3614=LINE('',#8014,#4029);
#3615=LINE('',#8021,#4030);
#3616=LINE('',#8028,#4031);
#3617=LINE('',#8035,#4032);
#3618=LINE('',#8039,#4033);
#3619=LINE('',#8041,#4034);
#3620=LINE('',#8045,#4035);
#3621=LINE('',#8049,#4036);
#3622=LINE('',#8051,#4037);
#3623=LINE('',#8053,#4038);
#3624=LINE('',#8055,#4039);
#3625=LINE('',#8062,#4040);
#3626=LINE('',#8066,#4041);
#3627=LINE('',#8068,#4042);
#3628=LINE('',#8072,#4043);
#3629=LINE('',#8076,#4044);
#3630=LINE('',#8079,#4045);
#3631=LINE('',#8081,#4046);
#3632=LINE('',#8083,#4047);
#3633=LINE('',#8086,#4048);
#3634=LINE('',#8088,#4049);
#3635=LINE('',#8092,#4050);
#3636=LINE('',#8098,#4051);
#3637=LINE('',#8100,#4052);
#3638=LINE('',#8103,#4053);
#3639=LINE('',#8105,#4054);
#3640=LINE('',#8107,#4055);
#3641=LINE('',#8109,#4056);
#3642=LINE('',#8111,#4057);
#3643=LINE('',#8128,#4058);
#3644=LINE('',#8132,#4059);
#3645=LINE('',#8135,#4060);
#3646=LINE('',#8137,#4061);
#3647=LINE('',#8139,#4062);
#3648=LINE('',#8141,#4063);
#3649=LINE('',#8144,#4064);
#3650=LINE('',#8146,#4065);
#3651=LINE('',#8150,#4066);
#3652=LINE('',#8152,#4067);
#3653=LINE('',#8155,#4068);
#3654=LINE('',#8157,#4069);
#3655=LINE('',#8159,#4070);
#3656=LINE('',#8161,#4071);
#3657=LINE('',#8163,#4072);
#3658=LINE('',#8167,#4073);
#3659=LINE('',#8168,#4074);
#3660=LINE('',#8170,#4075);
#3661=LINE('',#8173,#4076);
#3662=LINE('',#8175,#4077);
#3663=LINE('',#8176,#4078);
#3664=LINE('',#8178,#4079);
#3665=LINE('',#8180,#4080);
#3666=LINE('',#8182,#4081);
#3667=LINE('',#8184,#4082);
#3668=LINE('',#8186,#4083);
#3669=LINE('',#8189,#4084);
#3670=LINE('',#8193,#4085);
#3671=LINE('',#8197,#4086);
#3672=LINE('',#8199,#4087);
#3673=LINE('',#8201,#4088);
#3674=LINE('',#8203,#4089);
#3675=LINE('',#8205,#4090);
#3676=LINE('',#8209,#4091);
#3677=LINE('',#8212,#4092);
#3678=LINE('',#8216,#4093);
#3679=LINE('',#8230,#4094);
#3680=LINE('',#8232,#4095);
#3681=LINE('',#8234,#4096);
#3682=LINE('',#8239,#4097);
#3683=LINE('',#8241,#4098);
#3684=LINE('',#8243,#4099);
#3685=LINE('',#8245,#4100);
#3686=LINE('',#8248,#4101);
#3687=LINE('',#8250,#4102);
#3688=LINE('',#8252,#4103);
#3689=LINE('',#8254,#4104);
#3690=LINE('',#8257,#4105);
#3691=LINE('',#8259,#4106);
#3692=LINE('',#8261,#4107);
#3693=LINE('',#8263,#4108);
#3694=LINE('',#8266,#4109);
#3695=LINE('',#8268,#4110);
#3696=LINE('',#8270,#4111);
#3697=LINE('',#8288,#4112);
#3698=LINE('',#8289,#4113);
#3699=LINE('',#8293,#4114);
#3700=LINE('',#8295,#4115);
#3701=LINE('',#8299,#4116);
#3702=LINE('',#8302,#4117);
#3703=LINE('',#8304,#4118);
#3704=LINE('',#8306,#4119);
#3705=LINE('',#8316,#4120);
#3706=LINE('',#8318,#4121);
#3707=LINE('',#8320,#4122);
#3708=LINE('',#8322,#4123);
#3709=LINE('',#8324,#4124);
#3710=LINE('',#8342,#4125);
#3711=LINE('',#8344,#4126);
#3712=LINE('',#8346,#4127);
#3713=LINE('',#8348,#4128);
#3714=LINE('',#8350,#4129);
#3715=LINE('',#8359,#4130);
#3716=LINE('',#8367,#4131);
#3717=LINE('',#8369,#4132);
#3718=LINE('',#8371,#4133);
#3719=LINE('',#8375,#4134);
#3720=LINE('',#8377,#4135);
#3721=LINE('',#8379,#4136);
#3722=LINE('',#8381,#4137);
#3723=LINE('',#8383,#4138);
#3724=LINE('',#8385,#4139);
#3725=LINE('',#8388,#4140);
#3726=LINE('',#8390,#4141);
#3727=LINE('',#8392,#4142);
#3728=LINE('',#8394,#4143);
#3729=LINE('',#8397,#4144);
#3730=LINE('',#8399,#4145);
#3731=LINE('',#8401,#4146);
#3732=LINE('',#8403,#4147);
#3733=LINE('',#8419,#4148);
#3734=LINE('',#8420,#4149);
#3735=LINE('',#8433,#4150);
#3736=LINE('',#8446,#4151);
#3737=LINE('',#8448,#4152);
#3738=LINE('',#8450,#4153);
#3739=LINE('',#8452,#4154);
#3740=LINE('',#8454,#4155);
#3741=LINE('',#8456,#4156);
#3742=LINE('',#8458,#4157);
#3743=LINE('',#8460,#4158);
#3744=LINE('',#8462,#4159);
#3745=LINE('',#8464,#4160);
#3746=LINE('',#8466,#4161);
#3747=LINE('',#8468,#4162);
#3748=LINE('',#8471,#4163);
#3749=LINE('',#8473,#4164);
#3750=LINE('',#8475,#4165);
#3751=LINE('',#8477,#4166);
#3752=LINE('',#8479,#4167);
#3753=LINE('',#8481,#4168);
#3754=LINE('',#8483,#4169);
#3755=LINE('',#8485,#4170);
#3756=LINE('',#8487,#4171);
#3757=LINE('',#8504,#4172);
#3758=LINE('',#8521,#4173);
#3759=LINE('',#8538,#4174);
#3760=LINE('',#8579,#4175);
#3761=LINE('',#8580,#4176);
#3762=LINE('',#8593,#4177);
#3763=LINE('',#8606,#4178);
#3764=LINE('',#8608,#4179);
#3765=LINE('',#8610,#4180);
#3766=LINE('',#8612,#4181);
#3767=LINE('',#8614,#4182);
#3768=LINE('',#8616,#4183);
#3769=LINE('',#8618,#4184);
#3770=LINE('',#8620,#4185);
#3771=LINE('',#8622,#4186);
#3772=LINE('',#8624,#4187);
#3773=LINE('',#8626,#4188);
#3774=LINE('',#8628,#4189);
#3775=LINE('',#8631,#4190);
#3776=LINE('',#8633,#4191);
#3777=LINE('',#8635,#4192);
#3778=LINE('',#8637,#4193);
#3779=LINE('',#8639,#4194);
#3780=LINE('',#8641,#4195);
#3781=LINE('',#8643,#4196);
#3782=LINE('',#8645,#4197);
#3783=LINE('',#8647,#4198);
#3784=LINE('',#8664,#4199);
#3785=LINE('',#8681,#4200);
#3786=LINE('',#8698,#4201);
#3787=LINE('',#8727,#4202);
#3788=LINE('',#8730,#4203);
#3789=LINE('',#8731,#4204);
#3790=LINE('',#8733,#4205);
#3791=LINE('',#8735,#4206);
#3792=LINE('',#8737,#4207);
#3793=LINE('',#8739,#4208);
#3794=LINE('',#8741,#4209);
#3795=LINE('',#8744,#4210);
#3796=LINE('',#8745,#4211);
#3797=LINE('',#8752,#4212);
#3798=LINE('',#8755,#4213);
#3799=LINE('',#8757,#4214);
#3800=LINE('',#8800,#4215);
#3801=LINE('',#8802,#4216);
#3802=LINE('',#8804,#4217);
#3803=LINE('',#8806,#4218);
#3804=LINE('',#8808,#4219);
#3805=LINE('',#8810,#4220);
#3806=LINE('',#8812,#4221);
#3807=LINE('',#8814,#4222);
#3808=LINE('',#8817,#4223);
#3809=LINE('',#8820,#4224);
#3810=LINE('',#8822,#4225);
#3811=LINE('',#8824,#4226);
#3812=LINE('',#8826,#4227);
#3813=LINE('',#8828,#4228);
#3814=LINE('',#8830,#4229);
#3815=LINE('',#8832,#4230);
#3816=LINE('',#8834,#4231);
#3817=LINE('',#8836,#4232);
#3818=LINE('',#8838,#4233);
#3819=LINE('',#8840,#4234);
#3820=LINE('',#8842,#4235);
#3821=LINE('',#8847,#4236);
#3822=LINE('',#8851,#4237);
#3823=LINE('',#8855,#4238);
#3824=LINE('',#8859,#4239);
#3825=LINE('',#8860,#4240);
#3826=LINE('',#8862,#4241);
#3827=LINE('',#8864,#4242);
#3828=LINE('',#8866,#4243);
#3829=LINE('',#8867,#4244);
#3830=LINE('',#8869,#4245);
#3831=LINE('',#8871,#4246);
#3832=LINE('',#8875,#4247);
#3833=LINE('',#8879,#4248);
#3834=LINE('',#8883,#4249);
#3835=LINE('',#8887,#4250);
#3836=LINE('',#8891,#4251);
#3837=LINE('',#8896,#4252);
#3838=LINE('',#8899,#4253);
#3839=LINE('',#8904,#4254);
#3840=LINE('',#8907,#4255);
#3841=LINE('',#8909,#4256);
#3842=LINE('',#8913,#4257);
#3843=LINE('',#8917,#4258);
#3844=LINE('',#8921,#4259);
#3845=LINE('',#8925,#4260);
#3846=LINE('',#8929,#4261);
#3847=LINE('',#8931,#4262);
#3848=LINE('',#8933,#4263);
#3849=LINE('',#8934,#4264);
#3850=LINE('',#8936,#4265);
#3851=LINE('',#8938,#4266);
#3852=LINE('',#8941,#4267);
#3853=LINE('',#8943,#4268);
#3854=LINE('',#8945,#4269);
#3855=LINE('',#8947,#4270);
#3856=LINE('',#8950,#4271);
#3857=LINE('',#8952,#4272);
#3858=LINE('',#8954,#4273);
#3859=LINE('',#8956,#4274);
#3860=LINE('',#8968,#4275);
#3861=LINE('',#8971,#4276);
#3862=LINE('',#8973,#4277);
#3863=LINE('',#8975,#4278);
#3864=LINE('',#8977,#4279);
#3865=LINE('',#8979,#4280);
#3866=LINE('',#8982,#4281);
#3867=LINE('',#8984,#4282);
#3868=LINE('',#8986,#4283);
#3869=LINE('',#8988,#4284);
#3870=LINE('',#8998,#4285);
#3871=LINE('',#9000,#4286);
#3872=LINE('',#9002,#4287);
#3873=LINE('',#9006,#4288);
#3874=LINE('',#9018,#4289);
#3875=LINE('',#9020,#4290);
#3876=LINE('',#9022,#4291);
#3877=LINE('',#9027,#4292);
#3878=LINE('',#9031,#4293);
#3879=LINE('',#9033,#4294);
#3880=LINE('',#9035,#4295);
#3881=LINE('',#9037,#4296);
#3882=LINE('',#9042,#4297);
#3883=LINE('',#9046,#4298);
#3884=LINE('',#9049,#4299);
#3885=LINE('',#9050,#4300);
#3886=LINE('',#9054,#4301);
#3887=LINE('',#9056,#4302);
#3888=LINE('',#9058,#4303);
#3889=LINE('',#9062,#4304);
#3890=LINE('',#9068,#4305);
#3891=LINE('',#9070,#4306);
#3892=LINE('',#9394,#4307);
#3893=LINE('',#9397,#4308);
#3894=LINE('',#9401,#4309);
#3895=LINE('',#9403,#4310);
#3896=LINE('',#9405,#4311);
#3897=LINE('',#9407,#4312);
#3898=LINE('',#9411,#4313);
#3899=LINE('',#9415,#4314);
#3900=LINE('',#9417,#4315);
#3901=LINE('',#9420,#4316);
#3902=LINE('',#9422,#4317);
#3903=LINE('',#9424,#4318);
#3904=LINE('',#9429,#4319);
#3905=LINE('',#9431,#4320);
#3906=LINE('',#9433,#4321);
#3907=LINE('',#9437,#4322);
#3908=LINE('',#9441,#4323);
#3909=LINE('',#9443,#4324);
#3910=LINE('',#9445,#4325);
#3911=LINE('',#9447,#4326);
#3912=LINE('',#9449,#4327);
#3913=LINE('',#9452,#4328);
#3914=LINE('',#9454,#4329);
#3915=LINE('',#9456,#4330);
#3916=LINE('',#9462,#4331);
#3917=LINE('',#9464,#4332);
#3918=LINE('',#9471,#4333);
#3919=LINE('',#9473,#4334);
#3920=LINE('',#9475,#4335);
#3921=LINE('',#9477,#4336);
#3922=LINE('',#9485,#4337);
#3923=LINE('',#9489,#4338);
#3924=LINE('',#9491,#4339);
#3925=LINE('',#9495,#4340);
#3926=LINE('',#9497,#4341);
#3927=LINE('',#9499,#4342);
#3928=LINE('',#9513,#4343);
#3929=LINE('',#9515,#4344);
#3930=LINE('',#9534,#4345);
#3931=LINE('',#9536,#4346);
#3932=LINE('',#9538,#4347);
#3933=LINE('',#9540,#4348);
#3934=LINE('',#9542,#4349);
#3935=LINE('',#9544,#4350);
#3936=LINE('',#9547,#4351);
#3937=LINE('',#9551,#4352);
#3938=LINE('',#9553,#4353);
#3939=LINE('',#9555,#4354);
#3940=LINE('',#9557,#4355);
#3941=LINE('',#9560,#4356);
#3942=LINE('',#9562,#4357);
#3943=LINE('',#9564,#4358);
#3944=LINE('',#9569,#4359);
#3945=LINE('',#9571,#4360);
#3946=LINE('',#9573,#4361);
#3947=LINE('',#9575,#4362);
#3948=LINE('',#9577,#4363);
#3949=LINE('',#9579,#4364);
#3950=LINE('',#9582,#4365);
#3951=LINE('',#9586,#4366);
#3952=LINE('',#9588,#4367);
#3953=LINE('',#9590,#4368);
#3954=LINE('',#9592,#4369);
#3955=LINE('',#9595,#4370);
#3956=LINE('',#9597,#4371);
#3957=LINE('',#9599,#4372);
#3958=LINE('',#9619,#4373);
#3959=LINE('',#9624,#4374);
#3960=LINE('',#9626,#4375);
#3961=LINE('',#9628,#4376);
#3962=LINE('',#9632,#4377);
#3963=LINE('',#9637,#4378);
#3964=LINE('',#9641,#4379);
#3965=LINE('',#9643,#4380);
#3966=LINE('',#9887,#4381);
#3967=LINE('',#9888,#4382);
#3968=LINE('',#9900,#4383);
#3969=LINE('',#9901,#4384);
#3970=LINE('',#9907,#4385);
#3971=LINE('',#9919,#4386);
#3972=LINE('',#9923,#4387);
#3973=LINE('',#9935,#4388);
#3974=LINE('',#9956,#4389);
#3975=LINE('',#9960,#4390);
#3976=LINE('',#9969,#4391);
#3977=LINE('',#9973,#4392);
#3978=LINE('',#9981,#4393);
#3979=LINE('',#9993,#4394);
#3980=LINE('',#9997,#4395);
#3981=LINE('',#10009,#4396);
#3982=VECTOR('',#6202,1.);
#3983=VECTOR('',#6205,1.);
#3984=VECTOR('',#6206,1.);
#3985=VECTOR('',#6207,1.);
#3986=VECTOR('',#6210,1.);
#3987=VECTOR('',#6213,1.);
#3988=VECTOR('',#6214,1.);
#3989=VECTOR('',#6215,1.);
#3990=VECTOR('',#6220,1.);
#3991=VECTOR('',#6221,1.);
#3992=VECTOR('',#6222,1.);
#3993=VECTOR('',#6223,1.);
#3994=VECTOR('',#6224,1.);
#3995=VECTOR('',#6225,1.);
#3996=VECTOR('',#6230,1.);
#3997=VECTOR('',#6231,1.);
#3998=VECTOR('',#6232,1.);
#3999=VECTOR('',#6233,1.);
#4000=VECTOR('',#6234,1.);
#4001=VECTOR('',#6235,1.);
#4002=VECTOR('',#6238,1.);
#4003=VECTOR('',#6239,1.);
#4004=VECTOR('',#6240,1.);
#4005=VECTOR('',#6241,1.);
#4006=VECTOR('',#6244,1.);
#4007=VECTOR('',#6245,1.);
#4008=VECTOR('',#6246,1.);
#4009=VECTOR('',#6247,1.);
#4010=VECTOR('',#6250,1.);
#4011=VECTOR('',#6253,1.);
#4012=VECTOR('',#6256,1.);
#4013=VECTOR('',#6257,1.);
#4014=VECTOR('',#6260,1.);
#4015=VECTOR('',#6261,1.);
#4016=VECTOR('',#6262,1.);
#4017=VECTOR('',#6263,1.);
#4018=VECTOR('',#6264,1.);
#4019=VECTOR('',#6267,1.);
#4020=VECTOR('',#6270,1.);
#4021=VECTOR('',#6271,1.);
#4022=VECTOR('',#6274,1.);
#4023=VECTOR('',#6275,1.);
#4024=VECTOR('',#6276,1.);
#4025=VECTOR('',#6277,1.);
#4026=VECTOR('',#6278,1.);
#4027=VECTOR('',#6279,1.);
#4028=VECTOR('',#6280,1.);
#4029=VECTOR('',#6281,1.);
#4030=VECTOR('',#6282,1.);
#4031=VECTOR('',#6283,1.);
#4032=VECTOR('',#6284,1.);
#4033=VECTOR('',#6287,1.);
#4034=VECTOR('',#6288,1.);
#4035=VECTOR('',#6291,1.);
#4036=VECTOR('',#6294,1.);
#4037=VECTOR('',#6295,1.);
#4038=VECTOR('',#6296,1.);
#4039=VECTOR('',#6297,1.);
#4040=VECTOR('',#6298,1.);
#4041=VECTOR('',#6301,1.);
#4042=VECTOR('',#6302,1.);
#4043=VECTOR('',#6305,1.);
#4044=VECTOR('',#6310,1.);
#4045=VECTOR('',#6311,1.);
#4046=VECTOR('',#6312,1.);
#4047=VECTOR('',#6313,1.);
#4048=VECTOR('',#6316,1.);
#4049=VECTOR('',#6317,1.);
#4050=VECTOR('',#6322,1.);
#4051=VECTOR('',#6327,1.);
#4052=VECTOR('',#6330,1.);
#4053=VECTOR('',#6331,1.);
#4054=VECTOR('',#6332,1.);
#4055=VECTOR('',#6333,1.);
#4056=VECTOR('',#6334,1.);
#4057=VECTOR('',#6337,1.);
#4058=VECTOR('',#6342,1.);
#4059=VECTOR('',#6347,1.);
#4060=VECTOR('',#6348,1.);
#4061=VECTOR('',#6349,1.);
#4062=VECTOR('',#6350,1.);
#4063=VECTOR('',#6353,1.);
#4064=VECTOR('',#6354,1.);
#4065=VECTOR('',#6355,1.);
#4066=VECTOR('',#6358,1.);
#4067=VECTOR('',#6359,1.);
#4068=VECTOR('',#6362,1.);
#4069=VECTOR('',#6365,1.);
#4070=VECTOR('',#6366,1.);
#4071=VECTOR('',#6367,1.);
#4072=VECTOR('',#6368,1.);
#4073=VECTOR('',#6373,1.);
#4074=VECTOR('',#6374,1.);
#4075=VECTOR('',#6377,1.);
#4076=VECTOR('',#6378,1.);
#4077=VECTOR('',#6379,1.);
#4078=VECTOR('',#6380,1.);
#4079=VECTOR('',#6383,1.);
#4080=VECTOR('',#6384,1.);
#4081=VECTOR('',#6385,1.);
#4082=VECTOR('',#6386,1.);
#4083=VECTOR('',#6389,1.);
#4084=VECTOR('',#6390,1.);
#4085=VECTOR('',#6393,1.);
#4086=VECTOR('',#6396,1.);
#4087=VECTOR('',#6397,1.);
#4088=VECTOR('',#6398,1.);
#4089=VECTOR('',#6399,1.);
#4090=VECTOR('',#6400,1.);
#4091=VECTOR('',#6403,1.);
#4092=VECTOR('',#6406,1.);
#4093=VECTOR('',#6409,1.);
#4094=VECTOR('',#6424,1.);
#4095=VECTOR('',#6425,1.);
#4096=VECTOR('',#6426,1.);
#4097=VECTOR('',#6431,1.);
#4098=VECTOR('',#6432,1.);
#4099=VECTOR('',#6433,1.);
#4100=VECTOR('',#6436,1.);
#4101=VECTOR('',#6437,1.);
#4102=VECTOR('',#6438,1.);
#4103=VECTOR('',#6439,1.);
#4104=VECTOR('',#6442,1.);
#4105=VECTOR('',#6443,1.);
#4106=VECTOR('',#6444,1.);
#4107=VECTOR('',#6445,1.);
#4108=VECTOR('',#6448,1.);
#4109=VECTOR('',#6449,1.);
#4110=VECTOR('',#6450,1.);
#4111=VECTOR('',#6451,1.);
#4112=VECTOR('',#6484,1.);
#4113=VECTOR('',#6485,1.);
#4114=VECTOR('',#6490,1.);
#4115=VECTOR('',#6491,1.);
#4116=VECTOR('',#6496,1.);
#4117=VECTOR('',#6497,1.);
#4118=VECTOR('',#6498,1.);
#4119=VECTOR('',#6499,1.);
#4120=VECTOR('',#6500,1.);
#4121=VECTOR('',#6501,1.);
#4122=VECTOR('',#6502,1.);
#4123=VECTOR('',#6503,1.);
#4124=VECTOR('',#6504,1.);
#4125=VECTOR('',#6505,1.);
#4126=VECTOR('',#6506,1.);
#4127=VECTOR('',#6507,1.);
#4128=VECTOR('',#6508,1.);
#4129=VECTOR('',#6509,1.);
#4130=VECTOR('',#6510,1.);
#4131=VECTOR('',#6511,1.);
#4132=VECTOR('',#6512,1.);
#4133=VECTOR('',#6513,1.);
#4134=VECTOR('',#6516,1.);
#4135=VECTOR('',#6517,1.);
#4136=VECTOR('',#6518,1.);
#4137=VECTOR('',#6519,1.);
#4138=VECTOR('',#6520,1.);
#4139=VECTOR('',#6523,1.);
#4140=VECTOR('',#6524,1.);
#4141=VECTOR('',#6525,1.);
#4142=VECTOR('',#6526,1.);
#4143=VECTOR('',#6529,1.);
#4144=VECTOR('',#6532,1.);
#4145=VECTOR('',#6535,1.);
#4146=VECTOR('',#6536,1.);
#4147=VECTOR('',#6539,1.);
#4148=VECTOR('',#6544,1.);
#4149=VECTOR('',#6545,1.);
#4150=VECTOR('',#6546,1.);
#4151=VECTOR('',#6547,1.);
#4152=VECTOR('',#6550,1.);
#4153=VECTOR('',#6551,1.);
#4154=VECTOR('',#6554,1.);
#4155=VECTOR('',#6555,1.);
#4156=VECTOR('',#6558,1.);
#4157=VECTOR('',#6559,1.);
#4158=VECTOR('',#6562,1.);
#4159=VECTOR('',#6563,1.);
#4160=VECTOR('',#6566,1.);
#4161=VECTOR('',#6567,1.);
#4162=VECTOR('',#6570,1.);
#4163=VECTOR('',#6571,1.);
#4164=VECTOR('',#6572,1.);
#4165=VECTOR('',#6573,1.);
#4166=VECTOR('',#6576,1.);
#4167=VECTOR('',#6577,1.);
#4168=VECTOR('',#6578,1.);
#4169=VECTOR('',#6581,1.);
#4170=VECTOR('',#6582,1.);
#4171=VECTOR('',#6583,1.);
#4172=VECTOR('',#6584,1.);
#4173=VECTOR('',#6585,1.);
#4174=VECTOR('',#6586,1.);
#4175=VECTOR('',#6591,1.);
#4176=VECTOR('',#6592,1.);
#4177=VECTOR('',#6593,1.);
#4178=VECTOR('',#6594,1.);
#4179=VECTOR('',#6597,1.);
#4180=VECTOR('',#6598,1.);
#4181=VECTOR('',#6601,1.);
#4182=VECTOR('',#6602,1.);
#4183=VECTOR('',#6605,1.);
#4184=VECTOR('',#6606,1.);
#4185=VECTOR('',#6609,1.);
#4186=VECTOR('',#6610,1.);
#4187=VECTOR('',#6613,1.);
#4188=VECTOR('',#6614,1.);
#4189=VECTOR('',#6617,1.);
#4190=VECTOR('',#6618,1.);
#4191=VECTOR('',#6619,1.);
#4192=VECTOR('',#6620,1.);
#4193=VECTOR('',#6623,1.);
#4194=VECTOR('',#6624,1.);
#4195=VECTOR('',#6625,1.);
#4196=VECTOR('',#6628,1.);
#4197=VECTOR('',#6629,1.);
#4198=VECTOR('',#6630,1.);
#4199=VECTOR('',#6631,1.);
#4200=VECTOR('',#6632,1.);
#4201=VECTOR('',#6633,1.);
#4202=VECTOR('',#6640,1.);
#4203=VECTOR('',#6641,1.);
#4204=VECTOR('',#6642,1.);
#4205=VECTOR('',#6645,1.);
#4206=VECTOR('',#6646,1.);
#4207=VECTOR('',#6649,1.);
#4208=VECTOR('',#6650,1.);
#4209=VECTOR('',#6653,1.);
#4210=VECTOR('',#6658,1.);
#4211=VECTOR('',#6659,1.);
#4212=VECTOR('',#6662,1.);
#4213=VECTOR('',#6665,1.);
#4214=VECTOR('',#6666,1.);
#4215=VECTOR('',#6705,1.);
#4216=VECTOR('',#6708,1.);
#4217=VECTOR('',#6711,1.);
#4218=VECTOR('',#6714,1.);
#4219=VECTOR('',#6717,1.);
#4220=VECTOR('',#6720,1.);
#4221=VECTOR('',#6723,1.);
#4222=VECTOR('',#6726,1.);
#4223=VECTOR('',#6731,1.);
#4224=VECTOR('',#6734,1.);
#4225=VECTOR('',#6737,1.);
#4226=VECTOR('',#6740,1.);
#4227=VECTOR('',#6743,1.);
#4228=VECTOR('',#6746,1.);
#4229=VECTOR('',#6749,1.);
#4230=VECTOR('',#6752,1.);
#4231=VECTOR('',#6755,1.);
#4232=VECTOR('',#6758,1.);
#4233=VECTOR('',#6761,1.);
#4234=VECTOR('',#6764,1.);
#4235=VECTOR('',#6765,1.);
#4236=VECTOR('',#6770,1.);
#4237=VECTOR('',#6773,1.);
#4238=VECTOR('',#6776,1.);
#4239=VECTOR('',#6779,1.);
#4240=VECTOR('',#6780,1.);
#4241=VECTOR('',#6781,1.);
#4242=VECTOR('',#6782,1.);
#4243=VECTOR('',#6783,1.);
#4244=VECTOR('',#6784,1.);
#4245=VECTOR('',#6785,1.);
#4246=VECTOR('',#6786,1.);
#4247=VECTOR('',#6789,1.);
#4248=VECTOR('',#6792,1.);
#4249=VECTOR('',#6795,1.);
#4250=VECTOR('',#6798,1.);
#4251=VECTOR('',#6803,1.);
#4252=VECTOR('',#6806,1.);
#4253=VECTOR('',#6809,1.);
#4254=VECTOR('',#6812,1.);
#4255=VECTOR('',#6815,1.);
#4256=VECTOR('',#6816,1.);
#4257=VECTOR('',#6819,1.);
#4258=VECTOR('',#6822,1.);
#4259=VECTOR('',#6825,1.);
#4260=VECTOR('',#6828,1.);
#4261=VECTOR('',#6831,1.);
#4262=VECTOR('',#6832,1.);
#4263=VECTOR('',#6833,1.);
#4264=VECTOR('',#6834,1.);
#4265=VECTOR('',#6835,1.);
#4266=VECTOR('',#6838,1.);
#4267=VECTOR('',#6839,1.);
#4268=VECTOR('',#6840,1.);
#4269=VECTOR('',#6841,1.);
#4270=VECTOR('',#6844,1.);
#4271=VECTOR('',#6845,1.);
#4272=VECTOR('',#6846,1.);
#4273=VECTOR('',#6847,1.);
#4274=VECTOR('',#6848,1.);
#4275=VECTOR('',#6867,1.);
#4276=VECTOR('',#6868,1.);
#4277=VECTOR('',#6869,1.);
#4278=VECTOR('',#6870,1.);
#4279=VECTOR('',#6871,1.);
#4280=VECTOR('',#6874,1.);
#4281=VECTOR('',#6875,1.);
#4282=VECTOR('',#6876,1.);
#4283=VECTOR('',#6877,1.);
#4284=VECTOR('',#6878,1.);
#4285=VECTOR('',#6883,1.);
#4286=VECTOR('',#6884,1.);
#4287=VECTOR('',#6885,1.);
#4288=VECTOR('',#6890,1.);
#4289=VECTOR('',#6895,1.);
#4290=VECTOR('',#6896,1.);
#4291=VECTOR('',#6899,1.);
#4292=VECTOR('',#6902,1.);
#4293=VECTOR('',#6907,1.);
#4294=VECTOR('',#6908,1.);
#4295=VECTOR('',#6909,1.);
#4296=VECTOR('',#6912,1.);
#4297=VECTOR('',#6915,1.);
#4298=VECTOR('',#6920,1.);
#4299=VECTOR('',#6921,1.);
#4300=VECTOR('',#6922,1.);
#4301=VECTOR('',#6927,1.);
#4302=VECTOR('',#6928,1.);
#4303=VECTOR('',#6929,1.);
#4304=VECTOR('',#6934,1.);
#4305=VECTOR('',#6939,1.);
#4306=VECTOR('',#6940,1.);
#4307=VECTOR('',#7131,1.);
#4308=VECTOR('',#7132,1.);
#4309=VECTOR('',#7135,1.);
#4310=VECTOR('',#7136,1.);
#4311=VECTOR('',#7137,1.);
#4312=VECTOR('',#7138,1.);
#4313=VECTOR('',#7141,1.);
#4314=VECTOR('',#7144,1.);
#4315=VECTOR('',#7147,1.);
#4316=VECTOR('',#7148,1.);
#4317=VECTOR('',#7149,1.);
#4318=VECTOR('',#7150,1.);
#4319=VECTOR('',#7155,1.);
#4320=VECTOR('',#7156,1.);
#4321=VECTOR('',#7157,1.);
#4322=VECTOR('',#7160,1.);
#4323=VECTOR('',#7163,1.);
#4324=VECTOR('',#7164,1.);
#4325=VECTOR('',#7165,1.);
#4326=VECTOR('',#7166,1.);
#4327=VECTOR('',#7169,1.);
#4328=VECTOR('',#7170,1.);
#4329=VECTOR('',#7171,1.);
#4330=VECTOR('',#7172,1.);
#4331=VECTOR('',#7175,1.);
#4332=VECTOR('',#7178,1.);
#4333=VECTOR('',#7183,1.);
#4334=VECTOR('',#7186,1.);
#4335=VECTOR('',#7189,1.);
#4336=VECTOR('',#7192,1.);
#4337=VECTOR('',#7207,1.);
#4338=VECTOR('',#7210,1.);
#4339=VECTOR('',#7211,1.);
#4340=VECTOR('',#7216,1.);
#4341=VECTOR('',#7217,1.);
#4342=VECTOR('',#7218,1.);
#4343=VECTOR('',#7241,1.);
#4344=VECTOR('',#7242,1.);
#4345=VECTOR('',#7273,1.);
#4346=VECTOR('',#7274,1.);
#4347=VECTOR('',#7275,1.);
#4348=VECTOR('',#7276,1.);
#4349=VECTOR('',#7277,1.);
#4350=VECTOR('',#7280,1.);
#4351=VECTOR('',#7281,1.);
#4352=VECTOR('',#7284,1.);
#4353=VECTOR('',#7285,1.);
#4354=VECTOR('',#7286,1.);
#4355=VECTOR('',#7289,1.);
#4356=VECTOR('',#7290,1.);
#4357=VECTOR('',#7291,1.);
#4358=VECTOR('',#7292,1.);
#4359=VECTOR('',#7297,1.);
#4360=VECTOR('',#7298,1.);
#4361=VECTOR('',#7299,1.);
#4362=VECTOR('',#7300,1.);
#4363=VECTOR('',#7301,1.);
#4364=VECTOR('',#7304,1.);
#4365=VECTOR('',#7305,1.);
#4366=VECTOR('',#7308,1.);
#4367=VECTOR('',#7309,1.);
#4368=VECTOR('',#7310,1.);
#4369=VECTOR('',#7313,1.);
#4370=VECTOR('',#7314,1.);
#4371=VECTOR('',#7315,1.);
#4372=VECTOR('',#7316,1.);
#4373=VECTOR('',#7355,1.);
#4374=VECTOR('',#7358,1.);
#4375=VECTOR('',#7359,1.);
#4376=VECTOR('',#7360,1.);
#4377=VECTOR('',#7365,1.);
#4378=VECTOR('',#7368,1.);
#4379=VECTOR('',#7371,1.);
#4380=VECTOR('',#7372,1.);
#4381=VECTOR('',#7623,1.);
#4382=VECTOR('',#7624,1.);
#4383=VECTOR('',#7639,1.);
#4384=VECTOR('',#7640,1.);
#4385=VECTOR('',#7649,1.);
#4386=VECTOR('',#7666,1.);
#4387=VECTOR('',#7671,1.);
#4388=VECTOR('',#7688,1.);
#4389=VECTOR('',#7725,1.);
#4390=VECTOR('',#7728,1.);
#4391=VECTOR('',#7741,1.);
#4392=VECTOR('',#7744,1.);
#4393=VECTOR('',#7757,1.);
#4394=VECTOR('',#7774,1.);
#4395=VECTOR('',#7779,1.);
#4396=VECTOR('',#7796,1.);
#4397=EDGE_LOOP('',(#650,#651,#652,#653,#654));
#4398=EDGE_LOOP('',(#655,#656,#657,#658,#659));
#4399=EDGE_LOOP('',(#660,#661,#662,#663,#664,#665,#666));
#4400=EDGE_LOOP('',(#667,#668,#669,#670,#671,#672,#673));
#4401=EDGE_LOOP('',(#674,#675,#676,#677));
#4402=EDGE_LOOP('',(#678,#679,#680,#681));
#4403=EDGE_LOOP('',(#682,#683,#684,#685));
#4404=EDGE_LOOP('',(#686,#687,#688,#689,#690,#691,#692,#693,#694,#695,#696,
#697,#698,#699,#700,#701,#702,#703,#704,#705,#706,#707,#708,#709,#710,#711,
#712,#713,#714,#715,#716,#717,#718,#719,#720,#721,#722,#723,#724,#725,#726,
#727,#728,#729,#730,#731,#732,#733,#734,#735,#736,#737));
#4405=EDGE_LOOP('',(#738,#739,#740,#741,#742,#743,#744,#745,#746));
#4406=EDGE_LOOP('',(#747,#748,#749,#750,#751));
#4407=EDGE_LOOP('',(#752,#753,#754,#755,#756));
#4408=EDGE_LOOP('',(#757,#758,#759,#760));
#4409=EDGE_LOOP('',(#761,#762,#763,#764));
#4410=EDGE_LOOP('',(#765,#766,#767,#768));
#4411=EDGE_LOOP('',(#769,#770,#771,#772,#773,#774,#775,#776,#777));
#4412=EDGE_LOOP('',(#778,#779,#780,#781,#782));
#4413=EDGE_LOOP('',(#783,#784,#785,#786,#787));
#4414=EDGE_LOOP('',(#788,#789,#790,#791,#792));
#4415=EDGE_LOOP('',(#793,#794,#795,#796,#797));
#4416=EDGE_LOOP('',(#798,#799,#800,#801,#802,#803,#804,#805,#806,#807,#808,
#809,#810,#811,#812,#813,#814,#815));
#4417=EDGE_LOOP('',(#816));
#4418=EDGE_LOOP('',(#817));
#4419=EDGE_LOOP('',(#818));
#4420=EDGE_LOOP('',(#819));
#4421=EDGE_LOOP('',(#820,#821,#822,#823));
#4422=EDGE_LOOP('',(#824,#825,#826,#827));
#4423=EDGE_LOOP('',(#828,#829,#830,#831));
#4424=EDGE_LOOP('',(#832,#833,#834,#835));
#4425=EDGE_LOOP('',(#836,#837,#838,#839));
#4426=EDGE_LOOP('',(#840));
#4427=EDGE_LOOP('',(#841));
#4428=EDGE_LOOP('',(#842,#843,#844,#845));
#4429=EDGE_LOOP('',(#846,#847,#848,#849));
#4430=EDGE_LOOP('',(#850,#851,#852,#853));
#4431=EDGE_LOOP('',(#854,#855,#856,#857));
#4432=EDGE_LOOP('',(#858,#859,#860,#861));
#4433=EDGE_LOOP('',(#862,#863,#864,#865));
#4434=EDGE_LOOP('',(#866,#867,#868,#869,#870));
#4435=EDGE_LOOP('',(#871,#872,#873,#874));
#4436=EDGE_LOOP('',(#875,#876,#877,#878,#879,#880,#881,#882,#883));
#4437=EDGE_LOOP('',(#884,#885,#886,#887,#888,#889,#890,#891,#892));
#4438=EDGE_LOOP('',(#893,#894,#895,#896,#897,#898,#899,#900,#901,#902,#903));
#4439=EDGE_LOOP('',(#904));
#4440=EDGE_LOOP('',(#905,#906,#907,#908));
#4441=EDGE_LOOP('',(#909,#910,#911,#912,#913));
#4442=EDGE_LOOP('',(#914,#915,#916,#917));
#4443=EDGE_LOOP('',(#918,#919,#920,#921,#922));
#4444=EDGE_LOOP('',(#923,#924,#925,#926));
#4445=EDGE_LOOP('',(#927,#928,#929,#930));
#4446=EDGE_LOOP('',(#931,#932,#933,#934));
#4447=EDGE_LOOP('',(#935,#936,#937,#938));
#4448=EDGE_LOOP('',(#939,#940,#941,#942));
#4449=EDGE_LOOP('',(#943,#944,#945,#946));
#4450=EDGE_LOOP('',(#947,#948,#949,#950));
#4451=EDGE_LOOP('',(#951,#952,#953,#954));
#4452=EDGE_LOOP('',(#955,#956,#957,#958));
#4453=EDGE_LOOP('',(#959,#960,#961,#962));
#4454=EDGE_LOOP('',(#963,#964,#965,#966));
#4455=EDGE_LOOP('',(#967,#968,#969,#970));
#4456=EDGE_LOOP('',(#971,#972,#973,#974));
#4457=EDGE_LOOP('',(#975,#976,#977,#978));
#4458=EDGE_LOOP('',(#979,#980,#981,#982));
#4459=EDGE_LOOP('',(#983,#984,#985,#986));
#4460=EDGE_LOOP('',(#987,#988,#989,#990));
#4461=EDGE_LOOP('',(#991,#992,#993,#994,#995,#996,#997));
#4462=EDGE_LOOP('',(#998,#999,#1000,#1001,#1002,#1003,#1004,#1005,#1006));
#4463=EDGE_LOOP('',(#1007,#1008,#1009,#1010,#1011,#1012,#1013));
#4464=EDGE_LOOP('',(#1014,#1015,#1016,#1017));
#4465=EDGE_LOOP('',(#1018,#1019,#1020,#1021));
#4466=EDGE_LOOP('',(#1022,#1023,#1024,#1025));
#4467=EDGE_LOOP('',(#1026,#1027,#1028,#1029));
#4468=EDGE_LOOP('',(#1030,#1031,#1032,#1033));
#4469=EDGE_LOOP('',(#1034,#1035,#1036,#1037));
#4470=EDGE_LOOP('',(#1038,#1039,#1040,#1041));
#4471=EDGE_LOOP('',(#1042,#1043,#1044,#1045));
#4472=EDGE_LOOP('',(#1046,#1047,#1048,#1049));
#4473=EDGE_LOOP('',(#1050,#1051,#1052,#1053));
#4474=EDGE_LOOP('',(#1054,#1055,#1056,#1057));
#4475=EDGE_LOOP('',(#1058,#1059,#1060,#1061));
#4476=EDGE_LOOP('',(#1062,#1063,#1064,#1065));
#4477=EDGE_LOOP('',(#1066,#1067,#1068,#1069));
#4478=EDGE_LOOP('',(#1070,#1071,#1072,#1073));
#4479=EDGE_LOOP('',(#1074,#1075,#1076,#1077));
#4480=EDGE_LOOP('',(#1078,#1079,#1080,#1081,#1082,#1083,#1084));
#4481=EDGE_LOOP('',(#1085,#1086,#1087,#1088,#1089,#1090,#1091,#1092,#1093));
#4482=EDGE_LOOP('',(#1094,#1095,#1096,#1097,#1098,#1099,#1100));
#4483=EDGE_LOOP('',(#1101,#1102,#1103,#1104));
#4484=EDGE_LOOP('',(#1105,#1106,#1107,#1108));
#4485=EDGE_LOOP('',(#1109,#1110,#1111,#1112));
#4486=EDGE_LOOP('',(#1113,#1114,#1115,#1116));
#4487=EDGE_LOOP('',(#1117,#1118,#1119,#1120));
#4488=EDGE_LOOP('',(#1121,#1122,#1123,#1124));
#4489=EDGE_LOOP('',(#1125,#1126,#1127,#1128,#1129,#1130,#1131));
#4490=EDGE_LOOP('',(#1132));
#4491=EDGE_LOOP('',(#1133,#1134,#1135,#1136,#1137,#1138));
#4492=EDGE_LOOP('',(#1139,#1140,#1141,#1142,#1143,#1144));
#4493=EDGE_LOOP('',(#1145,#1146,#1147,#1148));
#4494=EDGE_LOOP('',(#1149,#1150,#1151,#1152));
#4495=EDGE_LOOP('',(#1153,#1154,#1155,#1156));
#4496=EDGE_LOOP('',(#1157,#1158,#1159,#1160));
#4497=EDGE_LOOP('',(#1161,#1162,#1163,#1164));
#4498=EDGE_LOOP('',(#1165,#1166,#1167,#1168));
#4499=EDGE_LOOP('',(#1169,#1170,#1171,#1172));
#4500=EDGE_LOOP('',(#1173,#1174,#1175,#1176));
#4501=EDGE_LOOP('',(#1177,#1178,#1179,#1180));
#4502=EDGE_LOOP('',(#1181,#1182,#1183,#1184));
#4503=EDGE_LOOP('',(#1185,#1186,#1187,#1188));
#4504=EDGE_LOOP('',(#1189,#1190,#1191,#1192));
#4505=EDGE_LOOP('',(#1193,#1194,#1195,#1196));
#4506=EDGE_LOOP('',(#1197,#1198,#1199,#1200,#1201,#1202,#1203,#1204));
#4507=EDGE_LOOP('',(#1205,#1206,#1207,#1208));
#4508=EDGE_LOOP('',(#1209,#1210,#1211,#1212));
#4509=EDGE_LOOP('',(#1213,#1214,#1215,#1216));
#4510=EDGE_LOOP('',(#1217,#1218,#1219,#1220,#1221));
#4511=EDGE_LOOP('',(#1222,#1223,#1224,#1225));
#4512=EDGE_LOOP('',(#1226,#1227,#1228,#1229));
#4513=EDGE_LOOP('',(#1230,#1231,#1232,#1233));
#4514=EDGE_LOOP('',(#1234,#1235,#1236,#1237,#1238,#1239,#1240,#1241));
#4515=EDGE_LOOP('',(#1242,#1243,#1244,#1245));
#4516=EDGE_LOOP('',(#1246,#1247,#1248,#1249));
#4517=EDGE_LOOP('',(#1250,#1251,#1252,#1253));
#4518=EDGE_LOOP('',(#1254,#1255,#1256,#1257));
#4519=EDGE_LOOP('',(#1258,#1259,#1260,#1261));
#4520=EDGE_LOOP('',(#1262,#1263,#1264,#1265,#1266));
#4521=EDGE_LOOP('',(#1267,#1268,#1269,#1270));
#4522=EDGE_LOOP('',(#1271,#1272,#1273,#1274));
#4523=EDGE_LOOP('',(#1275,#1276,#1277,#1278,#1279,#1280,#1281,#1282,#1283,
#1284,#1285,#1286,#1287,#1288,#1289,#1290,#1291,#1292,#1293,#1294));
#4524=EDGE_LOOP('',(#1295,#1296,#1297,#1298));
#4525=EDGE_LOOP('',(#1299,#1300,#1301,#1302));
#4526=EDGE_LOOP('',(#1303,#1304,#1305,#1306,#1307,#1308,#1309,#1310,#1311,
#1312,#1313,#1314,#1315,#1316,#1317,#1318,#1319,#1320,#1321,#1322));
#4527=EDGE_LOOP('',(#1323,#1324,#1325,#1326));
#4528=EDGE_LOOP('',(#1327,#1328,#1329,#1330,#1331));
#4529=EDGE_LOOP('',(#1332,#1333,#1334,#1335,#1336,#1337,#1338,#1339,#1340));
#4530=EDGE_LOOP('',(#1341,#1342,#1343,#1344,#1345));
#4531=EDGE_LOOP('',(#1346,#1347,#1348,#1349,#1350));
#4532=EDGE_LOOP('',(#1351,#1352,#1353,#1354,#1355));
#4533=EDGE_LOOP('',(#1356,#1357,#1358,#1359,#1360,#1361));
#4534=EDGE_LOOP('',(#1362,#1363,#1364,#1365,#1366,#1367));
#4535=EDGE_LOOP('',(#1368,#1369,#1370,#1371));
#4536=EDGE_LOOP('',(#1372,#1373,#1374,#1375));
#4537=EDGE_LOOP('',(#1376,#1377,#1378,#1379));
#4538=EDGE_LOOP('',(#1380,#1381,#1382,#1383));
#4539=EDGE_LOOP('',(#1384,#1385,#1386,#1387,#1388,#1389));
#4540=EDGE_LOOP('',(#1390,#1391,#1392,#1393,#1394,#1395));
#4541=EDGE_LOOP('',(#1396,#1397,#1398,#1399));
#4542=EDGE_LOOP('',(#1400,#1401,#1402,#1403));
#4543=EDGE_LOOP('',(#1404,#1405,#1406,#1407));
#4544=EDGE_LOOP('',(#1408,#1409,#1410,#1411));
#4545=EDGE_LOOP('',(#1412,#1413,#1414,#1415));
#4546=EDGE_LOOP('',(#1416,#1417,#1418,#1419));
#4547=EDGE_LOOP('',(#1420,#1421,#1422,#1423));
#4548=EDGE_LOOP('',(#1424,#1425,#1426,#1427));
#4549=EDGE_LOOP('',(#1428,#1429,#1430,#1431));
#4550=EDGE_LOOP('',(#1432,#1433,#1434,#1435));
#4551=EDGE_LOOP('',(#1436,#1437,#1438,#1439));
#4552=EDGE_LOOP('',(#1440,#1441,#1442,#1443));
#4553=EDGE_LOOP('',(#1444,#1445,#1446,#1447));
#4554=EDGE_LOOP('',(#1448,#1449,#1450,#1451));
#4555=EDGE_LOOP('',(#1452,#1453,#1454,#1455));
#4556=EDGE_LOOP('',(#1456,#1457,#1458,#1459));
#4557=EDGE_LOOP('',(#1460,#1461,#1462,#1463));
#4558=EDGE_LOOP('',(#1464,#1465,#1466,#1467));
#4559=EDGE_LOOP('',(#1468,#1469,#1470,#1471));
#4560=EDGE_LOOP('',(#1472,#1473,#1474,#1475));
#4561=EDGE_LOOP('',(#1476,#1477,#1478,#1479));
#4562=EDGE_LOOP('',(#1480,#1481,#1482,#1483));
#4563=EDGE_LOOP('',(#1484,#1485,#1486,#1487,#1488,#1489));
#4564=EDGE_LOOP('',(#1490,#1491,#1492,#1493,#1494));
#4565=EDGE_LOOP('',(#1495,#1496,#1497));
#4566=EDGE_LOOP('',(#1498,#1499,#1500,#1501,#1502,#1503));
#4567=EDGE_LOOP('',(#1504,#1505,#1506));
#4568=EDGE_LOOP('',(#1507,#1508,#1509,#1510,#1511));
#4569=EDGE_LOOP('',(#1512,#1513,#1514,#1515,#1516,#1517));
#4570=EDGE_LOOP('',(#1518,#1519,#1520));
#4571=EDGE_LOOP('',(#1521,#1522,#1523,#1524));
#4572=EDGE_LOOP('',(#1525,#1526,#1527));
#4573=EDGE_LOOP('',(#1528,#1529,#1530,#1531,#1532,#1533));
#4574=EDGE_LOOP('',(#1534,#1535,#1536,#1537,#1538,#1539));
#4575=EDGE_LOOP('',(#1540,#1541,#1542));
#4576=EDGE_LOOP('',(#1543,#1544,#1545,#1546));
#4577=EDGE_LOOP('',(#1547,#1548,#1549));
#4578=EDGE_LOOP('',(#1550,#1551,#1552,#1553,#1554,#1555));
#4579=EDGE_LOOP('',(#1556,#1557,#1558));
#4580=EDGE_LOOP('',(#1559,#1560,#1561,#1562));
#4581=EDGE_LOOP('',(#1563,#1564,#1565));
#4582=EDGE_LOOP('',(#1566,#1567,#1568));
#4583=EDGE_LOOP('',(#1569,#1570,#1571,#1572));
#4584=EDGE_LOOP('',(#1573,#1574,#1575));
#4585=EDGE_LOOP('',(#1576,#1577,#1578,#1579,#1580));
#4586=EDGE_LOOP('',(#1581,#1582,#1583,#1584,#1585));
#4587=EDGE_LOOP('',(#1586,#1587,#1588,#1589,#1590,#1591,#1592,#1593,#1594,
#1595,#1596));
#4588=EDGE_LOOP('',(#1597,#1598,#1599,#1600));
#4589=EDGE_LOOP('',(#1601,#1602,#1603,#1604,#1605,#1606,#1607,#1608,#1609,
#1610,#1611));
#4590=EDGE_LOOP('',(#1612,#1613,#1614,#1615));
#4591=EDGE_LOOP('',(#1616,#1617,#1618,#1619));
#4592=EDGE_LOOP('',(#1620,#1621,#1622,#1623));
#4593=EDGE_LOOP('',(#1624,#1625,#1626,#1627));
#4594=EDGE_LOOP('',(#1628,#1629,#1630,#1631));
#4595=EDGE_LOOP('',(#1632,#1633,#1634,#1635));
#4596=EDGE_LOOP('',(#1636,#1637,#1638,#1639));
#4597=EDGE_LOOP('',(#1640,#1641,#1642,#1643));
#4598=EDGE_LOOP('',(#1644,#1645,#1646,#1647));
#4599=EDGE_LOOP('',(#1648,#1649,#1650,#1651,#1652,#1653,#1654,#1655));
#4600=EDGE_LOOP('',(#1656,#1657,#1658,#1659,#1660));
#4601=EDGE_LOOP('',(#1661,#1662,#1663,#1664,#1665));
#4602=EDGE_LOOP('',(#1666,#1667,#1668,#1669,#1670,#1671,#1672,#1673));
#4603=EDGE_LOOP('',(#1674,#1675,#1676,#1677));
#4604=EDGE_LOOP('',(#1678,#1679,#1680,#1681));
#4605=EDGE_LOOP('',(#1682,#1683));
#4606=EDGE_LOOP('',(#1684,#1685,#1686,#1687));
#4607=EDGE_LOOP('',(#1688,#1689,#1690,#1691));
#4608=EDGE_LOOP('',(#1692,#1693));
#4609=EDGE_LOOP('',(#1694,#1695,#1696,#1697));
#4610=EDGE_LOOP('',(#1698,#1699,#1700,#1701));
#4611=EDGE_LOOP('',(#1702,#1703,#1704,#1705));
#4612=EDGE_LOOP('',(#1706,#1707,#1708,#1709));
#4613=EDGE_LOOP('',(#1710,#1711,#1712,#1713));
#4614=EDGE_LOOP('',(#1714,#1715,#1716,#1717,#1718,#1719));
#4615=EDGE_LOOP('',(#1720,#1721,#1722,#1723,#1724,#1725));
#4616=EDGE_LOOP('',(#1726,#1727,#1728,#1729));
#4617=EDGE_LOOP('',(#1730,#1731,#1732,#1733,#1734,#1735));
#4618=EDGE_LOOP('',(#1736,#1737,#1738,#1739,#1740,#1741));
#4619=EDGE_LOOP('',(#1742,#1743,#1744,#1745));
#4620=EDGE_LOOP('',(#1746,#1747,#1748,#1749));
#4621=EDGE_LOOP('',(#1750,#1751,#1752,#1753));
#4622=EDGE_LOOP('',(#1754,#1755,#1756,#1757));
#4623=EDGE_LOOP('',(#1758,#1759,#1760,#1761));
#4624=EDGE_LOOP('',(#1762,#1763,#1764,#1765));
#4625=EDGE_LOOP('',(#1766,#1767,#1768,#1769));
#4626=EDGE_LOOP('',(#1770,#1771,#1772,#1773,#1774,#1775));
#4627=EDGE_LOOP('',(#1776,#1777,#1778,#1779,#1780,#1781));
#4628=EDGE_LOOP('',(#1782,#1783,#1784,#1785));
#4629=EDGE_LOOP('',(#1786,#1787,#1788,#1789));
#4630=EDGE_LOOP('',(#1790,#1791,#1792,#1793));
#4631=EDGE_LOOP('',(#1794,#1795,#1796,#1797));
#4632=EDGE_LOOP('',(#1798,#1799,#1800,#1801));
#4633=EDGE_LOOP('',(#1802,#1803,#1804,#1805));
#4634=EDGE_LOOP('',(#1806,#1807,#1808,#1809));
#4635=EDGE_LOOP('',(#1810,#1811,#1812,#1813));
#4636=EDGE_LOOP('',(#1814,#1815,#1816,#1817));
#4637=EDGE_LOOP('',(#1818,#1819,#1820,#1821));
#4638=EDGE_LOOP('',(#1822,#1823,#1824,#1825));
#4639=EDGE_LOOP('',(#1826,#1827,#1828,#1829));
#4640=EDGE_LOOP('',(#1830,#1831,#1832,#1833));
#4641=EDGE_LOOP('',(#1834,#1835,#1836,#1837));
#4642=EDGE_LOOP('',(#1838,#1839,#1840,#1841));
#4643=EDGE_LOOP('',(#1842,#1843,#1844,#1845));
#4644=EDGE_LOOP('',(#1846,#1847,#1848,#1849));
#4645=EDGE_LOOP('',(#1850,#1851,#1852,#1853));
#4646=EDGE_LOOP('',(#1854,#1855,#1856,#1857));
#4647=EDGE_LOOP('',(#1858,#1859,#1860,#1861));
#4648=EDGE_LOOP('',(#1862,#1863,#1864,#1865));
#4649=EDGE_LOOP('',(#1866,#1867,#1868,#1869));
#4650=EDGE_LOOP('',(#1870,#1871,#1872,#1873));
#4651=EDGE_LOOP('',(#1874,#1875,#1876,#1877));
#4652=EDGE_LOOP('',(#1878,#1879,#1880,#1881));
#4653=EDGE_LOOP('',(#1882,#1883,#1884,#1885));
#4654=EDGE_LOOP('',(#1886,#1887,#1888,#1889));
#4655=EDGE_LOOP('',(#1890,#1891,#1892,#1893));
#4656=EDGE_LOOP('',(#1894,#1895,#1896,#1897));
#4657=EDGE_LOOP('',(#1898,#1899,#1900,#1901));
#4658=EDGE_LOOP('',(#1902,#1903,#1904,#1905));
#4659=EDGE_LOOP('',(#1906,#1907,#1908,#1909));
#4660=EDGE_LOOP('',(#1910,#1911,#1912,#1913));
#4661=EDGE_LOOP('',(#1914,#1915,#1916,#1917));
#4662=EDGE_LOOP('',(#1918,#1919,#1920,#1921));
#4663=EDGE_LOOP('',(#1922,#1923,#1924,#1925));
#4664=EDGE_LOOP('',(#1926,#1927,#1928,#1929));
#4665=EDGE_LOOP('',(#1930,#1931,#1932,#1933));
#4666=EDGE_LOOP('',(#1934,#1935,#1936,#1937));
#4667=EDGE_LOOP('',(#1938,#1939,#1940,#1941));
#4668=EDGE_LOOP('',(#1942,#1943,#1944,#1945));
#4669=EDGE_LOOP('',(#1946,#1947,#1948,#1949));
#4670=EDGE_LOOP('',(#1950,#1951,#1952,#1953));
#4671=EDGE_LOOP('',(#1954,#1955,#1956,#1957));
#4672=EDGE_LOOP('',(#1958,#1959,#1960,#1961));
#4673=EDGE_LOOP('',(#1962,#1963,#1964,#1965));
#4674=EDGE_LOOP('',(#1966,#1967,#1968,#1969));
#4675=EDGE_LOOP('',(#1970,#1971,#1972,#1973));
#4676=EDGE_LOOP('',(#1974,#1975,#1976,#1977));
#4677=EDGE_LOOP('',(#1978,#1979,#1980,#1981));
#4678=EDGE_LOOP('',(#1982,#1983,#1984,#1985));
#4679=EDGE_LOOP('',(#1986,#1987,#1988,#1989));
#4680=EDGE_LOOP('',(#1990,#1991,#1992,#1993));
#4681=EDGE_LOOP('',(#1994,#1995,#1996,#1997));
#4682=EDGE_LOOP('',(#1998,#1999,#2000,#2001));
#4683=EDGE_LOOP('',(#2002,#2003,#2004,#2005));
#4684=EDGE_LOOP('',(#2006,#2007,#2008,#2009));
#4685=EDGE_LOOP('',(#2010,#2011,#2012,#2013));
#4686=EDGE_LOOP('',(#2014,#2015,#2016,#2017));
#4687=EDGE_LOOP('',(#2018,#2019,#2020,#2021));
#4688=EDGE_LOOP('',(#2022,#2023,#2024,#2025));
#4689=EDGE_LOOP('',(#2026,#2027,#2028,#2029));
#4690=EDGE_LOOP('',(#2030,#2031));
#4691=EDGE_LOOP('',(#2032,#2033,#2034,#2035));
#4692=EDGE_LOOP('',(#2036,#2037));
#4693=EDGE_LOOP('',(#2038,#2039));
#4694=EDGE_LOOP('',(#2040,#2041,#2042,#2043));
#4695=EDGE_LOOP('',(#2044,#2045));
#4696=EDGE_LOOP('',(#2046,#2047,#2048,#2049));
#4697=EDGE_LOOP('',(#2050,#2051,#2052,#2053));
#4698=EDGE_LOOP('',(#2054,#2055,#2056,#2057));
#4699=EDGE_LOOP('',(#2058,#2059,#2060,#2061));
#4700=EDGE_LOOP('',(#2062,#2063,#2064,#2065));
#4701=EDGE_LOOP('',(#2066,#2067,#2068,#2069));
#4702=EDGE_LOOP('',(#2070,#2071,#2072,#2073));
#4703=EDGE_LOOP('',(#2074,#2075,#2076,#2077));
#4704=EDGE_LOOP('',(#2078,#2079,#2080,#2081));
#4705=EDGE_LOOP('',(#2082,#2083,#2084,#2085));
#4706=EDGE_LOOP('',(#2086,#2087,#2088,#2089));
#4707=EDGE_LOOP('',(#2090,#2091,#2092,#2093));
#4708=EDGE_LOOP('',(#2094,#2095,#2096,#2097));
#4709=EDGE_LOOP('',(#2098,#2099,#2100,#2101));
#4710=EDGE_LOOP('',(#2102,#2103,#2104,#2105));
#4711=EDGE_LOOP('',(#2106,#2107,#2108,#2109));
#4712=EDGE_LOOP('',(#2110,#2111,#2112,#2113));
#4713=EDGE_LOOP('',(#2114,#2115));
#4714=EDGE_LOOP('',(#2116,#2117));
#4715=EDGE_LOOP('',(#2118,#2119,#2120,#2121));
#4716=EDGE_LOOP('',(#2122,#2123));
#4717=EDGE_LOOP('',(#2124,#2125));
#4718=EDGE_LOOP('',(#2126,#2127,#2128,#2129));
#4719=EDGE_LOOP('',(#2130,#2131,#2132,#2133));
#4720=EDGE_LOOP('',(#2134,#2135,#2136,#2137));
#4721=EDGE_LOOP('',(#2138,#2139,#2140,#2141));
#4722=EDGE_LOOP('',(#2142,#2143,#2144,#2145));
#4723=EDGE_LOOP('',(#2146,#2147,#2148,#2149));
#4724=EDGE_LOOP('',(#2150,#2151,#2152,#2153));
#4725=EDGE_LOOP('',(#2154,#2155,#2156,#2157));
#4726=EDGE_LOOP('',(#2158,#2159,#2160,#2161));
#4727=EDGE_LOOP('',(#2162,#2163,#2164,#2165));
#4728=EDGE_LOOP('',(#2166,#2167,#2168,#2169));
#4729=EDGE_LOOP('',(#2170,#2171,#2172,#2173));
#4730=EDGE_LOOP('',(#2174,#2175,#2176,#2177));
#4731=EDGE_LOOP('',(#2178,#2179,#2180,#2181));
#4732=EDGE_LOOP('',(#2182,#2183,#2184,#2185));
#4733=EDGE_LOOP('',(#2186,#2187,#2188,#2189));
#4734=EDGE_LOOP('',(#2190,#2191,#2192,#2193,#2194,#2195,#2196,#2197));
#4735=EDGE_LOOP('',(#2198,#2199,#2200,#2201));
#4736=EDGE_LOOP('',(#2202,#2203,#2204));
#4737=EDGE_LOOP('',(#2205,#2206,#2207,#2208));
#4738=EDGE_LOOP('',(#2209,#2210,#2211,#2212));
#4739=EDGE_LOOP('',(#2213,#2214,#2215,#2216));
#4740=EDGE_LOOP('',(#2217,#2218,#2219,#2220,#2221,#2222,#2223,#2224));
#4741=EDGE_LOOP('',(#2225,#2226,#2227));
#4742=EDGE_LOOP('',(#2228,#2229,#2230,#2231));
#4743=EDGE_LOOP('',(#2232,#2233,#2234,#2235));
#4744=EDGE_LOOP('',(#2236,#2237,#2238));
#4745=EDGE_LOOP('',(#2239,#2240,#2241,#2242));
#4746=EDGE_LOOP('',(#2243,#2244,#2245,#2246));
#4747=EDGE_LOOP('',(#2247,#2248,#2249,#2250));
#4748=EDGE_LOOP('',(#2251,#2252,#2253));
#4749=EDGE_LOOP('',(#2254,#2255,#2256));
#4750=EDGE_LOOP('',(#2257,#2258,#2259,#2260));
#4751=EDGE_LOOP('',(#2261,#2262,#2263,#2264));
#4752=EDGE_LOOP('',(#2265,#2266,#2267,#2268));
#4753=EDGE_LOOP('',(#2269,#2270,#2271));
#4754=FACE_BOUND('',#4397,.T.);
#4755=FACE_BOUND('',#4398,.T.);
#4756=FACE_BOUND('',#4399,.T.);
#4757=FACE_BOUND('',#4400,.T.);
#4758=FACE_BOUND('',#4401,.T.);
#4759=FACE_BOUND('',#4402,.T.);
#4760=FACE_BOUND('',#4403,.T.);
#4761=FACE_BOUND('',#4404,.T.);
#4762=FACE_BOUND('',#4405,.T.);
#4763=FACE_BOUND('',#4406,.T.);
#4764=FACE_BOUND('',#4407,.T.);
#4765=FACE_BOUND('',#4408,.T.);
#4766=FACE_BOUND('',#4409,.T.);
#4767=FACE_BOUND('',#4410,.T.);
#4768=FACE_BOUND('',#4411,.T.);
#4769=FACE_BOUND('',#4412,.T.);
#4770=FACE_BOUND('',#4413,.T.);
#4771=FACE_BOUND('',#4414,.T.);
#4772=FACE_BOUND('',#4415,.T.);
#4773=FACE_BOUND('',#4416,.T.);
#4774=FACE_BOUND('',#4417,.T.);
#4775=FACE_BOUND('',#4418,.T.);
#4776=FACE_BOUND('',#4419,.T.);
#4777=FACE_BOUND('',#4420,.T.);
#4778=FACE_BOUND('',#4421,.T.);
#4779=FACE_BOUND('',#4422,.T.);
#4780=FACE_BOUND('',#4423,.T.);
#4781=FACE_BOUND('',#4424,.T.);
#4782=FACE_BOUND('',#4425,.T.);
#4783=FACE_BOUND('',#4426,.T.);
#4784=FACE_BOUND('',#4427,.T.);
#4785=FACE_BOUND('',#4428,.T.);
#4786=FACE_BOUND('',#4429,.T.);
#4787=FACE_BOUND('',#4430,.T.);
#4788=FACE_BOUND('',#4431,.T.);
#4789=FACE_BOUND('',#4432,.T.);
#4790=FACE_BOUND('',#4433,.T.);
#4791=FACE_BOUND('',#4434,.T.);
#4792=FACE_BOUND('',#4435,.T.);
#4793=FACE_BOUND('',#4436,.T.);
#4794=FACE_BOUND('',#4437,.T.);
#4795=FACE_BOUND('',#4438,.T.);
#4796=FACE_BOUND('',#4439,.T.);
#4797=FACE_BOUND('',#4440,.T.);
#4798=FACE_BOUND('',#4441,.T.);
#4799=FACE_BOUND('',#4442,.T.);
#4800=FACE_BOUND('',#4443,.T.);
#4801=FACE_BOUND('',#4444,.T.);
#4802=FACE_BOUND('',#4445,.T.);
#4803=FACE_BOUND('',#4446,.T.);
#4804=FACE_BOUND('',#4447,.T.);
#4805=FACE_BOUND('',#4448,.T.);
#4806=FACE_BOUND('',#4449,.T.);
#4807=FACE_BOUND('',#4450,.T.);
#4808=FACE_BOUND('',#4451,.T.);
#4809=FACE_BOUND('',#4452,.T.);
#4810=FACE_BOUND('',#4453,.T.);
#4811=FACE_BOUND('',#4454,.T.);
#4812=FACE_BOUND('',#4455,.T.);
#4813=FACE_BOUND('',#4456,.T.);
#4814=FACE_BOUND('',#4457,.T.);
#4815=FACE_BOUND('',#4458,.T.);
#4816=FACE_BOUND('',#4459,.T.);
#4817=FACE_BOUND('',#4460,.T.);
#4818=FACE_BOUND('',#4461,.T.);
#4819=FACE_BOUND('',#4462,.T.);
#4820=FACE_BOUND('',#4463,.T.);
#4821=FACE_BOUND('',#4464,.T.);
#4822=FACE_BOUND('',#4465,.T.);
#4823=FACE_BOUND('',#4466,.T.);
#4824=FACE_BOUND('',#4467,.T.);
#4825=FACE_BOUND('',#4468,.T.);
#4826=FACE_BOUND('',#4469,.T.);
#4827=FACE_BOUND('',#4470,.T.);
#4828=FACE_BOUND('',#4471,.T.);
#4829=FACE_BOUND('',#4472,.T.);
#4830=FACE_BOUND('',#4473,.T.);
#4831=FACE_BOUND('',#4474,.T.);
#4832=FACE_BOUND('',#4475,.T.);
#4833=FACE_BOUND('',#4476,.T.);
#4834=FACE_BOUND('',#4477,.T.);
#4835=FACE_BOUND('',#4478,.T.);
#4836=FACE_BOUND('',#4479,.T.);
#4837=FACE_BOUND('',#4480,.T.);
#4838=FACE_BOUND('',#4481,.T.);
#4839=FACE_BOUND('',#4482,.T.);
#4840=FACE_BOUND('',#4483,.T.);
#4841=FACE_BOUND('',#4484,.T.);
#4842=FACE_BOUND('',#4485,.T.);
#4843=FACE_BOUND('',#4486,.T.);
#4844=FACE_BOUND('',#4487,.T.);
#4845=FACE_BOUND('',#4488,.T.);
#4846=FACE_BOUND('',#4489,.T.);
#4847=FACE_BOUND('',#4490,.T.);
#4848=FACE_BOUND('',#4491,.T.);
#4849=FACE_BOUND('',#4492,.T.);
#4850=FACE_BOUND('',#4493,.T.);
#4851=FACE_BOUND('',#4494,.T.);
#4852=FACE_BOUND('',#4495,.T.);
#4853=FACE_BOUND('',#4496,.T.);
#4854=FACE_BOUND('',#4497,.T.);
#4855=FACE_BOUND('',#4498,.T.);
#4856=FACE_BOUND('',#4499,.T.);
#4857=FACE_BOUND('',#4500,.T.);
#4858=FACE_BOUND('',#4501,.T.);
#4859=FACE_BOUND('',#4502,.T.);
#4860=FACE_BOUND('',#4503,.T.);
#4861=FACE_BOUND('',#4504,.T.);
#4862=FACE_BOUND('',#4505,.T.);
#4863=FACE_BOUND('',#4506,.T.);
#4864=FACE_BOUND('',#4507,.T.);
#4865=FACE_BOUND('',#4508,.T.);
#4866=FACE_BOUND('',#4509,.T.);
#4867=FACE_BOUND('',#4510,.T.);
#4868=FACE_BOUND('',#4511,.T.);
#4869=FACE_BOUND('',#4512,.T.);
#4870=FACE_BOUND('',#4513,.T.);
#4871=FACE_BOUND('',#4514,.T.);
#4872=FACE_BOUND('',#4515,.T.);
#4873=FACE_BOUND('',#4516,.T.);
#4874=FACE_BOUND('',#4517,.T.);
#4875=FACE_BOUND('',#4518,.T.);
#4876=FACE_BOUND('',#4519,.T.);
#4877=FACE_BOUND('',#4520,.T.);
#4878=FACE_BOUND('',#4521,.T.);
#4879=FACE_BOUND('',#4522,.T.);
#4880=FACE_BOUND('',#4523,.T.);
#4881=FACE_BOUND('',#4524,.T.);
#4882=FACE_BOUND('',#4525,.T.);
#4883=FACE_BOUND('',#4526,.T.);
#4884=FACE_BOUND('',#4527,.T.);
#4885=FACE_BOUND('',#4528,.T.);
#4886=FACE_BOUND('',#4529,.T.);
#4887=FACE_BOUND('',#4530,.T.);
#4888=FACE_BOUND('',#4531,.T.);
#4889=FACE_BOUND('',#4532,.T.);
#4890=FACE_BOUND('',#4533,.T.);
#4891=FACE_BOUND('',#4534,.T.);
#4892=FACE_BOUND('',#4535,.T.);
#4893=FACE_BOUND('',#4536,.T.);
#4894=FACE_BOUND('',#4537,.T.);
#4895=FACE_BOUND('',#4538,.T.);
#4896=FACE_BOUND('',#4539,.T.);
#4897=FACE_BOUND('',#4540,.T.);
#4898=FACE_BOUND('',#4541,.T.);
#4899=FACE_BOUND('',#4542,.T.);
#4900=FACE_BOUND('',#4543,.T.);
#4901=FACE_BOUND('',#4544,.T.);
#4902=FACE_BOUND('',#4545,.T.);
#4903=FACE_BOUND('',#4546,.T.);
#4904=FACE_BOUND('',#4547,.T.);
#4905=FACE_BOUND('',#4548,.T.);
#4906=FACE_BOUND('',#4549,.T.);
#4907=FACE_BOUND('',#4550,.T.);
#4908=FACE_BOUND('',#4551,.T.);
#4909=FACE_BOUND('',#4552,.T.);
#4910=FACE_BOUND('',#4553,.T.);
#4911=FACE_BOUND('',#4554,.T.);
#4912=FACE_BOUND('',#4555,.T.);
#4913=FACE_BOUND('',#4556,.T.);
#4914=FACE_BOUND('',#4557,.T.);
#4915=FACE_BOUND('',#4558,.T.);
#4916=FACE_BOUND('',#4559,.T.);
#4917=FACE_BOUND('',#4560,.T.);
#4918=FACE_BOUND('',#4561,.T.);
#4919=FACE_BOUND('',#4562,.T.);
#4920=FACE_BOUND('',#4563,.T.);
#4921=FACE_BOUND('',#4564,.T.);
#4922=FACE_BOUND('',#4565,.T.);
#4923=FACE_BOUND('',#4566,.T.);
#4924=FACE_BOUND('',#4567,.T.);
#4925=FACE_BOUND('',#4568,.T.);
#4926=FACE_BOUND('',#4569,.T.);
#4927=FACE_BOUND('',#4570,.T.);
#4928=FACE_BOUND('',#4571,.T.);
#4929=FACE_BOUND('',#4572,.T.);
#4930=FACE_BOUND('',#4573,.T.);
#4931=FACE_BOUND('',#4574,.T.);
#4932=FACE_BOUND('',#4575,.T.);
#4933=FACE_BOUND('',#4576,.T.);
#4934=FACE_BOUND('',#4577,.T.);
#4935=FACE_BOUND('',#4578,.T.);
#4936=FACE_BOUND('',#4579,.T.);
#4937=FACE_BOUND('',#4580,.T.);
#4938=FACE_BOUND('',#4581,.T.);
#4939=FACE_BOUND('',#4582,.T.);
#4940=FACE_BOUND('',#4583,.T.);
#4941=FACE_BOUND('',#4584,.T.);
#4942=FACE_BOUND('',#4585,.T.);
#4943=FACE_BOUND('',#4586,.T.);
#4944=FACE_BOUND('',#4587,.T.);
#4945=FACE_BOUND('',#4588,.T.);
#4946=FACE_BOUND('',#4589,.T.);
#4947=FACE_BOUND('',#4590,.T.);
#4948=FACE_BOUND('',#4591,.T.);
#4949=FACE_BOUND('',#4592,.T.);
#4950=FACE_BOUND('',#4593,.T.);
#4951=FACE_BOUND('',#4594,.T.);
#4952=FACE_BOUND('',#4595,.T.);
#4953=FACE_BOUND('',#4596,.T.);
#4954=FACE_BOUND('',#4597,.T.);
#4955=FACE_BOUND('',#4598,.T.);
#4956=FACE_BOUND('',#4599,.T.);
#4957=FACE_BOUND('',#4600,.T.);
#4958=FACE_BOUND('',#4601,.T.);
#4959=FACE_BOUND('',#4602,.T.);
#4960=FACE_BOUND('',#4603,.T.);
#4961=FACE_BOUND('',#4604,.T.);
#4962=FACE_BOUND('',#4605,.T.);
#4963=FACE_BOUND('',#4606,.T.);
#4964=FACE_BOUND('',#4607,.T.);
#4965=FACE_BOUND('',#4608,.T.);
#4966=FACE_BOUND('',#4609,.T.);
#4967=FACE_BOUND('',#4610,.T.);
#4968=FACE_BOUND('',#4611,.T.);
#4969=FACE_BOUND('',#4612,.T.);
#4970=FACE_BOUND('',#4613,.T.);
#4971=FACE_BOUND('',#4614,.T.);
#4972=FACE_BOUND('',#4615,.T.);
#4973=FACE_BOUND('',#4616,.T.);
#4974=FACE_BOUND('',#4617,.T.);
#4975=FACE_BOUND('',#4618,.T.);
#4976=FACE_BOUND('',#4619,.T.);
#4977=FACE_BOUND('',#4620,.T.);
#4978=FACE_BOUND('',#4621,.T.);
#4979=FACE_BOUND('',#4622,.T.);
#4980=FACE_BOUND('',#4623,.T.);
#4981=FACE_BOUND('',#4624,.T.);
#4982=FACE_BOUND('',#4625,.T.);
#4983=FACE_BOUND('',#4626,.T.);
#4984=FACE_BOUND('',#4627,.T.);
#4985=FACE_BOUND('',#4628,.T.);
#4986=FACE_BOUND('',#4629,.T.);
#4987=FACE_BOUND('',#4630,.T.);
#4988=FACE_BOUND('',#4631,.T.);
#4989=FACE_BOUND('',#4632,.T.);
#4990=FACE_BOUND('',#4633,.T.);
#4991=FACE_BOUND('',#4634,.T.);
#4992=FACE_BOUND('',#4635,.T.);
#4993=FACE_BOUND('',#4636,.T.);
#4994=FACE_BOUND('',#4637,.T.);
#4995=FACE_BOUND('',#4638,.T.);
#4996=FACE_BOUND('',#4639,.T.);
#4997=FACE_BOUND('',#4640,.T.);
#4998=FACE_BOUND('',#4641,.T.);
#4999=FACE_BOUND('',#4642,.T.);
#5000=FACE_BOUND('',#4643,.T.);
#5001=FACE_BOUND('',#4644,.T.);
#5002=FACE_BOUND('',#4645,.T.);
#5003=FACE_BOUND('',#4646,.T.);
#5004=FACE_BOUND('',#4647,.T.);
#5005=FACE_BOUND('',#4648,.T.);
#5006=FACE_BOUND('',#4649,.T.);
#5007=FACE_BOUND('',#4650,.T.);
#5008=FACE_BOUND('',#4651,.T.);
#5009=FACE_BOUND('',#4652,.T.);
#5010=FACE_BOUND('',#4653,.T.);
#5011=FACE_BOUND('',#4654,.T.);
#5012=FACE_BOUND('',#4655,.T.);
#5013=FACE_BOUND('',#4656,.T.);
#5014=FACE_BOUND('',#4657,.T.);
#5015=FACE_BOUND('',#4658,.T.);
#5016=FACE_BOUND('',#4659,.T.);
#5017=FACE_BOUND('',#4660,.T.);
#5018=FACE_BOUND('',#4661,.T.);
#5019=FACE_BOUND('',#4662,.T.);
#5020=FACE_BOUND('',#4663,.T.);
#5021=FACE_BOUND('',#4664,.T.);
#5022=FACE_BOUND('',#4665,.T.);
#5023=FACE_BOUND('',#4666,.T.);
#5024=FACE_BOUND('',#4667,.T.);
#5025=FACE_BOUND('',#4668,.T.);
#5026=FACE_BOUND('',#4669,.T.);
#5027=FACE_BOUND('',#4670,.T.);
#5028=FACE_BOUND('',#4671,.T.);
#5029=FACE_BOUND('',#4672,.T.);
#5030=FACE_BOUND('',#4673,.T.);
#5031=FACE_BOUND('',#4674,.T.);
#5032=FACE_BOUND('',#4675,.T.);
#5033=FACE_BOUND('',#4676,.T.);
#5034=FACE_BOUND('',#4677,.T.);
#5035=FACE_BOUND('',#4678,.T.);
#5036=FACE_BOUND('',#4679,.T.);
#5037=FACE_BOUND('',#4680,.T.);
#5038=FACE_BOUND('',#4681,.T.);
#5039=FACE_BOUND('',#4682,.T.);
#5040=FACE_BOUND('',#4683,.T.);
#5041=FACE_BOUND('',#4684,.T.);
#5042=FACE_BOUND('',#4685,.T.);
#5043=FACE_BOUND('',#4686,.T.);
#5044=FACE_BOUND('',#4687,.T.);
#5045=FACE_BOUND('',#4688,.T.);
#5046=FACE_BOUND('',#4689,.T.);
#5047=FACE_BOUND('',#4690,.T.);
#5048=FACE_BOUND('',#4691,.T.);
#5049=FACE_BOUND('',#4692,.T.);
#5050=FACE_BOUND('',#4693,.T.);
#5051=FACE_BOUND('',#4694,.T.);
#5052=FACE_BOUND('',#4695,.T.);
#5053=FACE_BOUND('',#4696,.T.);
#5054=FACE_BOUND('',#4697,.T.);
#5055=FACE_BOUND('',#4698,.T.);
#5056=FACE_BOUND('',#4699,.T.);
#5057=FACE_BOUND('',#4700,.T.);
#5058=FACE_BOUND('',#4701,.T.);
#5059=FACE_BOUND('',#4702,.T.);
#5060=FACE_BOUND('',#4703,.T.);
#5061=FACE_BOUND('',#4704,.T.);
#5062=FACE_BOUND('',#4705,.T.);
#5063=FACE_BOUND('',#4706,.T.);
#5064=FACE_BOUND('',#4707,.T.);
#5065=FACE_BOUND('',#4708,.T.);
#5066=FACE_BOUND('',#4709,.T.);
#5067=FACE_BOUND('',#4710,.T.);
#5068=FACE_BOUND('',#4711,.T.);
#5069=FACE_BOUND('',#4712,.T.);
#5070=FACE_BOUND('',#4713,.T.);
#5071=FACE_BOUND('',#4714,.T.);
#5072=FACE_BOUND('',#4715,.T.);
#5073=FACE_BOUND('',#4716,.T.);
#5074=FACE_BOUND('',#4717,.T.);
#5075=FACE_BOUND('',#4718,.T.);
#5076=FACE_BOUND('',#4719,.T.);
#5077=FACE_BOUND('',#4720,.T.);
#5078=FACE_BOUND('',#4721,.T.);
#5079=FACE_BOUND('',#4722,.T.);
#5080=FACE_BOUND('',#4723,.T.);
#5081=FACE_BOUND('',#4724,.T.);
#5082=FACE_BOUND('',#4725,.T.);
#5083=FACE_BOUND('',#4726,.T.);
#5084=FACE_BOUND('',#4727,.T.);
#5085=FACE_BOUND('',#4728,.T.);
#5086=FACE_BOUND('',#4729,.T.);
#5087=FACE_BOUND('',#4730,.T.);
#5088=FACE_BOUND('',#4731,.T.);
#5089=FACE_BOUND('',#4732,.T.);
#5090=FACE_BOUND('',#4733,.T.);
#5091=FACE_BOUND('',#4734,.T.);
#5092=FACE_BOUND('',#4735,.T.);
#5093=FACE_BOUND('',#4736,.T.);
#5094=FACE_BOUND('',#4737,.T.);
#5095=FACE_BOUND('',#4738,.T.);
#5096=FACE_BOUND('',#4739,.T.);
#5097=FACE_BOUND('',#4740,.T.);
#5098=FACE_BOUND('',#4741,.T.);
#5099=FACE_BOUND('',#4742,.T.);
#5100=FACE_BOUND('',#4743,.T.);
#5101=FACE_BOUND('',#4744,.T.);
#5102=FACE_BOUND('',#4745,.T.);
#5103=FACE_BOUND('',#4746,.T.);
#5104=FACE_BOUND('',#4747,.T.);
#5105=FACE_BOUND('',#4748,.T.);
#5106=FACE_BOUND('',#4749,.T.);
#5107=FACE_BOUND('',#4750,.T.);
#5108=FACE_BOUND('',#4751,.T.);
#5109=FACE_BOUND('',#4752,.T.);
#5110=FACE_BOUND('',#4753,.T.);
#5111=PLANE('',#5570);
#5112=PLANE('',#5572);
#5113=PLANE('',#5574);
#5114=PLANE('',#5576);
#5115=PLANE('',#5578);
#5116=PLANE('',#5579);
#5117=PLANE('',#5580);
#5118=PLANE('',#5593);
#5119=PLANE('',#5596);
#5120=PLANE('',#5599);
#5121=PLANE('',#5604);
#5122=PLANE('',#5605);
#5123=PLANE('',#5608);
#5124=PLANE('',#5609);
#5125=PLANE('',#5611);
#5126=PLANE('',#5612);
#5127=PLANE('',#5613);
#5128=PLANE('',#5624);
#5129=PLANE('',#5626);
#5130=PLANE('',#5628);
#5131=PLANE('',#5629);
#5132=PLANE('',#5630);
#5133=PLANE('',#5646);
#5134=PLANE('',#5647);
#5135=PLANE('',#5650);
#5136=PLANE('',#5652);
#5137=PLANE('',#5653);
#5138=PLANE('',#5655);
#5139=PLANE('',#5656);
#5140=PLANE('',#5658);
#5141=PLANE('',#5659);
#5142=PLANE('',#5660);
#5143=PLANE('',#5661);
#5144=PLANE('',#5662);
#5145=PLANE('',#5663);
#5146=PLANE('',#5664);
#5147=PLANE('',#5665);
#5148=PLANE('',#5666);
#5149=PLANE('',#5667);
#5150=PLANE('',#5668);
#5151=PLANE('',#5669);
#5152=PLANE('',#5670);
#5153=PLANE('',#5671);
#5154=PLANE('',#5672);
#5155=PLANE('',#5673);
#5156=PLANE('',#5674);
#5157=PLANE('',#5675);
#5158=PLANE('',#5676);
#5159=PLANE('',#5677);
#5160=PLANE('',#5678);
#5161=PLANE('',#5679);
#5162=PLANE('',#5680);
#5163=PLANE('',#5681);
#5164=PLANE('',#5682);
#5165=PLANE('',#5683);
#5166=PLANE('',#5684);
#5167=PLANE('',#5685);
#5168=PLANE('',#5706);
#5169=PLANE('',#5708);
#5170=PLANE('',#5710);
#5171=PLANE('',#5712);
#5172=PLANE('',#5714);
#5173=PLANE('',#5717);
#5174=PLANE('',#5719);
#5175=PLANE('',#5721);
#5176=PLANE('',#5723);
#5177=PLANE('',#5725);
#5178=PLANE('',#5726);
#5179=PLANE('',#5736);
#5180=PLANE('',#5746);
#5181=PLANE('',#5747);
#5182=PLANE('',#5756);
#5183=PLANE('',#5757);
#5184=PLANE('',#5758);
#5185=PLANE('',#5761);
#5186=PLANE('',#5764);
#5187=PLANE('',#5767);
#5188=PLANE('',#5768);
#5189=PLANE('',#5771);
#5190=PLANE('',#5772);
#5191=PLANE('',#5775);
#5192=PLANE('',#5872);
#5193=PLANE('',#5876);
#5194=PLANE('',#5877);
#5195=PLANE('',#5881);
#5196=PLANE('',#5883);
#5197=PLANE('',#5885);
#5198=PLANE('',#5887);
#5199=PLANE('',#5889);
#5200=PLANE('',#5890);
#5201=PLANE('',#5895);
#5202=PLANE('',#5897);
#5203=PLANE('',#5899);
#5204=PLANE('',#5921);
#5205=PLANE('',#5922);
#5206=PLANE('',#5923);
#5207=PLANE('',#5925);
#5208=PLANE('',#5927);
#5209=PLANE('',#5928);
#5210=PLANE('',#5930);
#5211=PLANE('',#5932);
#5212=PLANE('',#5951);
#5213=PLANE('',#5954);
#5214=ADVANCED_FACE('',(#4754),#5111,.F.);
#5215=ADVANCED_FACE('',(#4755),#5112,.T.);
#5216=ADVANCED_FACE('',(#4756),#5113,.T.);
#5217=ADVANCED_FACE('',(#4757),#5114,.T.);
#5218=ADVANCED_FACE('',(#4758),#5115,.T.);
#5219=ADVANCED_FACE('',(#4759),#5116,.T.);
#5220=ADVANCED_FACE('',(#4760,#4761),#5117,.T.);
#5221=ADVANCED_FACE('',(#4762),#5118,.T.);
#5222=ADVANCED_FACE('',(#4763),#5119,.F.);
#5223=ADVANCED_FACE('',(#4764),#5120,.T.);
#5224=ADVANCED_FACE('',(#4765),#132,.T.);
#5225=ADVANCED_FACE('',(#4766),#133,.T.);
#5226=ADVANCED_FACE('',(#4767),#5121,.F.);
#5227=ADVANCED_FACE('',(#4768),#5122,.F.);
#5228=ADVANCED_FACE('',(#4769),#5123,.F.);
#5229=ADVANCED_FACE('',(#4770),#5124,.T.);
#5230=ADVANCED_FACE('',(#4771),#5125,.T.);
#5231=ADVANCED_FACE('',(#4772),#5126,.F.);
#5232=ADVANCED_FACE('',(#4773,#4774,#4775),#5127,.F.);
#5233=ADVANCED_FACE('',(#4776,#4777),#134,.F.);
#5234=ADVANCED_FACE('',(#4778),#5128,.T.);
#5235=ADVANCED_FACE('',(#4779),#5129,.T.);
#5236=ADVANCED_FACE('',(#4780),#5130,.T.);
#5237=ADVANCED_FACE('',(#4781),#5131,.T.);
#5238=ADVANCED_FACE('',(#4782),#5132,.F.);
#5239=ADVANCED_FACE('',(#4783,#4784),#135,.F.);
#5240=ADVANCED_FACE('',(#4785),#136,.T.);
#5241=ADVANCED_FACE('',(#4786),#137,.T.);
#5242=ADVANCED_FACE('',(#4787),#138,.T.);
#5243=ADVANCED_FACE('',(#4788),#139,.T.);
#5244=ADVANCED_FACE('',(#4789),#140,.T.);
#5245=ADVANCED_FACE('',(#4790),#5133,.T.);
#5246=ADVANCED_FACE('',(#4791),#5134,.T.);
#5247=ADVANCED_FACE('',(#4792,#4793,#4794,#4795,#4796),#5135,.T.);
#5248=ADVANCED_FACE('',(#4797),#5136,.F.);
#5249=ADVANCED_FACE('',(#4798),#5137,.F.);
#5250=ADVANCED_FACE('',(#4799),#5138,.F.);
#5251=ADVANCED_FACE('',(#4800),#5139,.F.);
#5252=ADVANCED_FACE('',(#4801),#5140,.T.);
#5253=ADVANCED_FACE('',(#4802),#116,.F.);
#5254=ADVANCED_FACE('',(#4803),#117,.F.);
#5255=ADVANCED_FACE('',(#4804),#118,.F.);
#5256=ADVANCED_FACE('',(#4805),#5141,.F.);
#5257=ADVANCED_FACE('',(#4806),#5142,.F.);
#5258=ADVANCED_FACE('',(#4807),#5143,.F.);
#5259=ADVANCED_FACE('',(#4808),#5144,.F.);
#5260=ADVANCED_FACE('',(#4809),#5145,.F.);
#5261=ADVANCED_FACE('',(#4810),#5146,.F.);
#5262=ADVANCED_FACE('',(#4811),#5147,.F.);
#5263=ADVANCED_FACE('',(#4812),#5148,.F.);
#5264=ADVANCED_FACE('',(#4813),#119,.F.);
#5265=ADVANCED_FACE('',(#4814),#120,.F.);
#5266=ADVANCED_FACE('',(#4815),#121,.F.);
#5267=ADVANCED_FACE('',(#4816),#122,.F.);
#5268=ADVANCED_FACE('',(#4817),#123,.F.);
#5269=ADVANCED_FACE('',(#4818,#4819),#5149,.T.);
#5270=ADVANCED_FACE('',(#4820),#5150,.T.);
#5271=ADVANCED_FACE('',(#4821),#124,.F.);
#5272=ADVANCED_FACE('',(#4822),#125,.F.);
#5273=ADVANCED_FACE('',(#4823),#126,.F.);
#5274=ADVANCED_FACE('',(#4824),#5151,.F.);
#5275=ADVANCED_FACE('',(#4825),#5152,.F.);
#5276=ADVANCED_FACE('',(#4826),#5153,.F.);
#5277=ADVANCED_FACE('',(#4827),#5154,.F.);
#5278=ADVANCED_FACE('',(#4828),#5155,.F.);
#5279=ADVANCED_FACE('',(#4829),#5156,.F.);
#5280=ADVANCED_FACE('',(#4830),#5157,.F.);
#5281=ADVANCED_FACE('',(#4831),#5158,.F.);
#5282=ADVANCED_FACE('',(#4832),#127,.F.);
#5283=ADVANCED_FACE('',(#4833),#128,.F.);
#5284=ADVANCED_FACE('',(#4834),#129,.F.);
#5285=ADVANCED_FACE('',(#4835),#130,.F.);
#5286=ADVANCED_FACE('',(#4836),#131,.F.);
#5287=ADVANCED_FACE('',(#4837,#4838),#5159,.T.);
#5288=ADVANCED_FACE('',(#4839),#5160,.T.);
#5289=ADVANCED_FACE('',(#4840),#5161,.F.);
#5290=ADVANCED_FACE('',(#4841),#5162,.F.);
#5291=ADVANCED_FACE('',(#4842),#5163,.F.);
#5292=ADVANCED_FACE('',(#4843),#5164,.F.);
#5293=ADVANCED_FACE('',(#4844),#5165,.T.);
#5294=ADVANCED_FACE('',(#4845),#5166,.F.);
#5295=ADVANCED_FACE('',(#4846,#4847),#5167,.T.);
#5296=ADVANCED_FACE('',(#4848),#141,.T.);
#5297=ADVANCED_FACE('',(#4849),#142,.T.);
#5298=ADVANCED_FACE('',(#4850),#143,.T.);
#5299=ADVANCED_FACE('',(#4851),#144,.T.);
#5300=ADVANCED_FACE('',(#4852),#145,.T.);
#5301=ADVANCED_FACE('',(#4853),#146,.T.);
#5302=ADVANCED_FACE('',(#4854),#147,.T.);
#5303=ADVANCED_FACE('',(#4855),#148,.T.);
#5304=ADVANCED_FACE('',(#4856),#149,.T.);
#5305=ADVANCED_FACE('',(#4857),#150,.T.);
#5306=ADVANCED_FACE('',(#4858),#102,.T.);
#5307=ADVANCED_FACE('',(#4859),#5168,.T.);
#5308=ADVANCED_FACE('',(#4860),#103,.T.);
#5309=ADVANCED_FACE('',(#4861),#5169,.T.);
#5310=ADVANCED_FACE('',(#4862),#104,.T.);
#5311=ADVANCED_FACE('',(#4863),#5170,.F.);
#5312=ADVANCED_FACE('',(#4864),#105,.T.);
#5313=ADVANCED_FACE('',(#4865),#5171,.F.);
#5314=ADVANCED_FACE('',(#4866),#106,.T.);
#5315=ADVANCED_FACE('',(#4867),#5172,.F.);
#5316=ADVANCED_FACE('',(#4868),#107,.T.);
#5317=ADVANCED_FACE('',(#4869),#5173,.T.);
#5318=ADVANCED_FACE('',(#4870),#108,.T.);
#5319=ADVANCED_FACE('',(#4871),#5174,.F.);
#5320=ADVANCED_FACE('',(#4872),#109,.T.);
#5321=ADVANCED_FACE('',(#4873),#5175,.T.);
#5322=ADVANCED_FACE('',(#4874),#110,.T.);
#5323=ADVANCED_FACE('',(#4875),#5176,.F.);
#5324=ADVANCED_FACE('',(#4876),#111,.T.);
#5325=ADVANCED_FACE('',(#4877),#5177,.T.);
#5326=ADVANCED_FACE('',(#4878,#4879,#4880),#5178,.F.);
#5327=ADVANCED_FACE('',(#4881,#4882,#4883),#5179,.T.);
#5328=ADVANCED_FACE('',(#4884),#5180,.T.);
#5329=ADVANCED_FACE('',(#4885),#5181,.F.);
#5330=ADVANCED_FACE('',(#4886),#151,.F.);
#5331=ADVANCED_FACE('',(#4887),#152,.F.);
#5332=ADVANCED_FACE('',(#4888),#5182,.T.);
#5333=ADVANCED_FACE('',(#4889),#5183,.F.);
#5334=ADVANCED_FACE('',(#4890),#5184,.T.);
#5335=ADVANCED_FACE('',(#4891),#5185,.F.);
#5336=ADVANCED_FACE('',(#4892),#5186,.T.);
#5337=ADVANCED_FACE('',(#4893),#5187,.T.);
#5338=ADVANCED_FACE('',(#4894),#5188,.F.);
#5339=ADVANCED_FACE('',(#4895),#5189,.T.);
#5340=ADVANCED_FACE('',(#4896),#5190,.F.);
#5341=ADVANCED_FACE('',(#4897),#5191,.T.);
#5342=ADVANCED_FACE('',(#4898),#153,.F.);
#5343=ADVANCED_FACE('',(#4899),#154,.F.);
#5344=ADVANCED_FACE('',(#4900),#155,.T.);
#5345=ADVANCED_FACE('',(#4901),#60,.T.);
#5346=ADVANCED_FACE('',(#4902),#156,.T.);
#5347=ADVANCED_FACE('',(#4903),#61,.T.);
#5348=ADVANCED_FACE('',(#4904),#62,.T.);
#5349=ADVANCED_FACE('',(#4905),#157,.T.);
#5350=ADVANCED_FACE('',(#4906),#158,.T.);
#5351=ADVANCED_FACE('',(#4907),#63,.T.);
#5352=ADVANCED_FACE('',(#4908),#159,.T.);
#5353=ADVANCED_FACE('',(#4909),#160,.T.);
#5354=ADVANCED_FACE('',(#4910),#161,.T.);
#5355=ADVANCED_FACE('',(#4911),#162,.T.);
#5356=ADVANCED_FACE('',(#4912),#64,.T.);
#5357=ADVANCED_FACE('',(#4913),#163,.T.);
#5358=ADVANCED_FACE('',(#4914),#164,.T.);
#5359=ADVANCED_FACE('',(#4915),#65,.T.);
#5360=ADVANCED_FACE('',(#4916),#165,.T.);
#5361=ADVANCED_FACE('',(#4917),#166,.T.);
#5362=ADVANCED_FACE('',(#4918),#167,.T.);
#5363=ADVANCED_FACE('',(#4919),#168,.T.);
#5364=ADVANCED_FACE('',(#4920),#169,.T.);
#5365=ADVANCED_FACE('',(#4921),#32,.T.);
#5366=ADVANCED_FACE('',(#4922),#170,.T.);
#5367=ADVANCED_FACE('',(#4923),#171,.T.);
#5368=ADVANCED_FACE('',(#4924),#172,.T.);
#5369=ADVANCED_FACE('',(#4925),#33,.T.);
#5370=ADVANCED_FACE('',(#4926),#173,.T.);
#5371=ADVANCED_FACE('',(#4927),#34,.T.);
#5372=ADVANCED_FACE('',(#4928),#174,.T.);
#5373=ADVANCED_FACE('',(#4929),#35,.T.);
#5374=ADVANCED_FACE('',(#4930),#175,.T.);
#5375=ADVANCED_FACE('',(#4931),#176,.T.);
#5376=ADVANCED_FACE('',(#4932),#36,.T.);
#5377=ADVANCED_FACE('',(#4933),#177,.T.);
#5378=ADVANCED_FACE('',(#4934),#37,.T.);
#5379=ADVANCED_FACE('',(#4935),#178,.T.);
#5380=ADVANCED_FACE('',(#4936),#38,.F.);
#5381=ADVANCED_FACE('',(#4937),#179,.F.);
#5382=ADVANCED_FACE('',(#4938),#39,.F.);
#5383=ADVANCED_FACE('',(#4939),#40,.F.);
#5384=ADVANCED_FACE('',(#4940),#180,.F.);
#5385=ADVANCED_FACE('',(#4941),#41,.F.);
#5386=ADVANCED_FACE('',(#4942),#181,.T.);
#5387=ADVANCED_FACE('',(#4943),#182,.T.);
#5388=ADVANCED_FACE('',(#4944),#5192,.F.);
#5389=ADVANCED_FACE('',(#4945),#5193,.T.);
#5390=ADVANCED_FACE('',(#4946),#5194,.T.);
#5391=ADVANCED_FACE('',(#4947),#5195,.T.);
#5392=ADVANCED_FACE('',(#4948),#112,.T.);
#5393=ADVANCED_FACE('',(#4949),#5196,.F.);
#5394=ADVANCED_FACE('',(#4950),#113,.T.);
#5395=ADVANCED_FACE('',(#4951),#5197,.F.);
#5396=ADVANCED_FACE('',(#4952),#114,.T.);
#5397=ADVANCED_FACE('',(#4953),#5198,.T.);
#5398=ADVANCED_FACE('',(#4954),#115,.T.);
#5399=ADVANCED_FACE('',(#4955),#5199,.T.);
#5400=ADVANCED_FACE('',(#4956),#5200,.T.);
#5401=ADVANCED_FACE('',(#4957),#5201,.F.);
#5402=ADVANCED_FACE('',(#4958),#5202,.T.);
#5403=ADVANCED_FACE('',(#4959),#5203,.F.);
#5404=ADVANCED_FACE('',(#4960),#183,.F.);
#5405=ADVANCED_FACE('',(#4961),#184,.F.);
#5406=ADVANCED_FACE('',(#4962),#22,.T.);
#5407=ADVANCED_FACE('',(#4963),#185,.T.);
#5408=ADVANCED_FACE('',(#4964),#66,.F.);
#5409=ADVANCED_FACE('',(#4965),#23,.T.);
#5410=ADVANCED_FACE('',(#4966),#186,.F.);
#5411=ADVANCED_FACE('',(#4967),#187,.F.);
#5412=ADVANCED_FACE('',(#4968),#67,.F.);
#5413=ADVANCED_FACE('',(#4969),#5204,.F.);
#5414=ADVANCED_FACE('',(#4970),#5205,.F.);
#5415=ADVANCED_FACE('',(#4971),#5206,.F.);
#5416=ADVANCED_FACE('',(#4972),#5207,.T.);
#5417=ADVANCED_FACE('',(#4973),#5208,.T.);
#5418=ADVANCED_FACE('',(#4974),#5209,.F.);
#5419=ADVANCED_FACE('',(#4975),#5210,.T.);
#5420=ADVANCED_FACE('',(#4976),#5211,.T.);
#5421=ADVANCED_FACE('',(#4977),#188,.F.);
#5422=ADVANCED_FACE('',(#4978),#189,.F.);
#5423=ADVANCED_FACE('',(#4979),#190,.T.);
#5424=ADVANCED_FACE('',(#4980),#191,.T.);
#5425=ADVANCED_FACE('',(#4981),#192,.F.);
#5426=ADVANCED_FACE('',(#4982),#193,.F.);
#5427=ADVANCED_FACE('',(#4983),#5212,.F.);
#5428=ADVANCED_FACE('',(#4984),#5213,.T.);
#5429=ADVANCED_FACE('',(#4985),#194,.F.);
#5430=ADVANCED_FACE('',(#4986),#195,.F.);
#5431=ADVANCED_FACE('',(#4987),#196,.F.);
#5432=ADVANCED_FACE('',(#4988),#197,.F.);
#5433=ADVANCED_FACE('',(#4989),#198,.T.);
#5434=ADVANCED_FACE('',(#4990),#199,.T.);
#5435=ADVANCED_FACE('',(#4991),#200,.T.);
#5436=ADVANCED_FACE('',(#4992),#201,.T.);
#5437=ADVANCED_FACE('',(#4993),#202,.T.);
#5438=ADVANCED_FACE('',(#4994),#68,.T.);
#5439=ADVANCED_FACE('',(#4995),#203,.T.);
#5440=ADVANCED_FACE('',(#4996),#16,.T.);
#5441=ADVANCED_FACE('',(#4997),#204,.T.);
#5442=ADVANCED_FACE('',(#4998),#17,.T.);
#5443=ADVANCED_FACE('',(#4999),#205,.T.);
#5444=ADVANCED_FACE('',(#5000),#69,.T.);
#5445=ADVANCED_FACE('',(#5001),#206,.T.);
#5446=ADVANCED_FACE('',(#5002),#70,.T.);
#5447=ADVANCED_FACE('',(#5003),#207,.T.);
#5448=ADVANCED_FACE('',(#5004),#208,.T.);
#5449=ADVANCED_FACE('',(#5005),#71,.T.);
#5450=ADVANCED_FACE('',(#5006),#209,.T.);
#5451=ADVANCED_FACE('',(#5007),#18,.T.);
#5452=ADVANCED_FACE('',(#5008),#210,.T.);
#5453=ADVANCED_FACE('',(#5009),#19,.T.);
#5454=ADVANCED_FACE('',(#5010),#211,.T.);
#5455=ADVANCED_FACE('',(#5011),#72,.T.);
#5456=ADVANCED_FACE('',(#5012),#212,.T.);
#5457=ADVANCED_FACE('',(#5013),#213,.T.);
#5458=ADVANCED_FACE('',(#5014),#73,.T.);
#5459=ADVANCED_FACE('',(#5015),#42,.T.);
#5460=ADVANCED_FACE('',(#5016),#214,.T.);
#5461=ADVANCED_FACE('',(#5017),#74,.T.);
#5462=ADVANCED_FACE('',(#5018),#215,.T.);
#5463=ADVANCED_FACE('',(#5019),#75,.T.);
#5464=ADVANCED_FACE('',(#5020),#216,.T.);
#5465=ADVANCED_FACE('',(#5021),#76,.T.);
#5466=ADVANCED_FACE('',(#5022),#217,.T.);
#5467=ADVANCED_FACE('',(#5023),#218,.T.);
#5468=ADVANCED_FACE('',(#5024),#43,.T.);
#5469=ADVANCED_FACE('',(#5025),#44,.T.);
#5470=ADVANCED_FACE('',(#5026),#219,.T.);
#5471=ADVANCED_FACE('',(#5027),#77,.T.);
#5472=ADVANCED_FACE('',(#5028),#220,.T.);
#5473=ADVANCED_FACE('',(#5029),#78,.T.);
#5474=ADVANCED_FACE('',(#5030),#221,.T.);
#5475=ADVANCED_FACE('',(#5031),#79,.T.);
#5476=ADVANCED_FACE('',(#5032),#222,.T.);
#5477=ADVANCED_FACE('',(#5033),#45,.T.);
#5478=ADVANCED_FACE('',(#5034),#223,.T.);
#5479=ADVANCED_FACE('',(#5035),#224,.T.);
#5480=ADVANCED_FACE('',(#5036),#80,.T.);
#5481=ADVANCED_FACE('',(#5037),#225,.T.);
#5482=ADVANCED_FACE('',(#5038),#81,.T.);
#5483=ADVANCED_FACE('',(#5039),#226,.T.);
#5484=ADVANCED_FACE('',(#5040),#46,.T.);
#5485=ADVANCED_FACE('',(#5041),#227,.T.);
#5486=ADVANCED_FACE('',(#5042),#82,.T.);
#5487=ADVANCED_FACE('',(#5043),#228,.T.);
#5488=ADVANCED_FACE('',(#5044),#83,.T.);
#5489=ADVANCED_FACE('',(#5045),#229,.T.);
#5490=ADVANCED_FACE('',(#5046),#47,.T.);
#5491=ADVANCED_FACE('',(#5047),#24,.T.);
#5492=ADVANCED_FACE('',(#5048),#230,.T.);
#5493=ADVANCED_FACE('',(#5049),#25,.T.);
#5494=ADVANCED_FACE('',(#5050),#26,.T.);
#5495=ADVANCED_FACE('',(#5051),#231,.T.);
#5496=ADVANCED_FACE('',(#5052),#27,.T.);
#5497=ADVANCED_FACE('',(#5053),#232,.F.);
#5498=ADVANCED_FACE('',(#5054),#84,.F.);
#5499=ADVANCED_FACE('',(#5055),#85,.F.);
#5500=ADVANCED_FACE('',(#5056),#233,.F.);
#5501=ADVANCED_FACE('',(#5057),#234,.F.);
#5502=ADVANCED_FACE('',(#5058),#86,.F.);
#5503=ADVANCED_FACE('',(#5059),#87,.F.);
#5504=ADVANCED_FACE('',(#5060),#235,.F.);
#5505=ADVANCED_FACE('',(#5061),#236,.F.);
#5506=ADVANCED_FACE('',(#5062),#88,.F.);
#5507=ADVANCED_FACE('',(#5063),#89,.F.);
#5508=ADVANCED_FACE('',(#5064),#237,.F.);
#5509=ADVANCED_FACE('',(#5065),#238,.F.);
#5510=ADVANCED_FACE('',(#5066),#90,.F.);
#5511=ADVANCED_FACE('',(#5067),#91,.F.);
#5512=ADVANCED_FACE('',(#5068),#239,.F.);
#5513=ADVANCED_FACE('',(#5069),#240,.T.);
#5514=ADVANCED_FACE('',(#5070),#28,.T.);
#5515=ADVANCED_FACE('',(#5071),#29,.T.);
#5516=ADVANCED_FACE('',(#5072),#241,.T.);
#5517=ADVANCED_FACE('',(#5073),#30,.T.);
#5518=ADVANCED_FACE('',(#5074),#31,.T.);
#5519=ADVANCED_FACE('',(#5075),#242,.F.);
#5520=ADVANCED_FACE('',(#5076),#92,.F.);
#5521=ADVANCED_FACE('',(#5077),#93,.F.);
#5522=ADVANCED_FACE('',(#5078),#243,.F.);
#5523=ADVANCED_FACE('',(#5079),#244,.F.);
#5524=ADVANCED_FACE('',(#5080),#94,.F.);
#5525=ADVANCED_FACE('',(#5081),#95,.F.);
#5526=ADVANCED_FACE('',(#5082),#245,.F.);
#5527=ADVANCED_FACE('',(#5083),#96,.F.);
#5528=ADVANCED_FACE('',(#5084),#246,.F.);
#5529=ADVANCED_FACE('',(#5085),#247,.F.);
#5530=ADVANCED_FACE('',(#5086),#97,.F.);
#5531=ADVANCED_FACE('',(#5087),#98,.F.);
#5532=ADVANCED_FACE('',(#5088),#248,.F.);
#5533=ADVANCED_FACE('',(#5089),#249,.F.);
#5534=ADVANCED_FACE('',(#5090),#99,.F.);
#5535=ADVANCED_FACE('',(#5091),#100,.T.);
#5536=ADVANCED_FACE('',(#5092),#48,.T.);
#5537=ADVANCED_FACE('',(#5093),#49,.T.);
#5538=ADVANCED_FACE('',(#5094),#250,.T.);
#5539=ADVANCED_FACE('',(#5095),#20,.T.);
#5540=ADVANCED_FACE('',(#5096),#50,.T.);
#5541=ADVANCED_FACE('',(#5097),#101,.T.);
#5542=ADVANCED_FACE('',(#5098),#51,.T.);
#5543=ADVANCED_FACE('',(#5099),#251,.T.);
#5544=ADVANCED_FACE('',(#5100),#21,.T.);
#5545=ADVANCED_FACE('',(#5101),#52,.F.);
#5546=ADVANCED_FACE('',(#5102),#53,.F.);
#5547=ADVANCED_FACE('',(#5103),#54,.F.);
#5548=ADVANCED_FACE('',(#5104),#252,.F.);
#5549=ADVANCED_FACE('',(#5105),#55,.F.);
#5550=ADVANCED_FACE('',(#5106),#56,.F.);
#5551=ADVANCED_FACE('',(#5107),#253,.F.);
#5552=ADVANCED_FACE('',(#5108),#57,.F.);
#5553=ADVANCED_FACE('',(#5109),#58,.F.);
#5554=ADVANCED_FACE('',(#5110),#59,.F.);
#5555=CLOSED_SHELL('',(#5214,#5215,#5216,#5217,#5218,#5219,#5220,#5221,
#5222,#5223,#5224,#5225,#5226,#5227,#5228,#5229,#5230,#5231,#5232,#5233,
#5234,#5235,#5236,#5237,#5238,#5239,#5240,#5241,#5242,#5243,#5244,#5245,
#5246,#5247,#5248,#5249,#5250,#5251,#5252,#5253,#5254,#5255,#5256,#5257,
#5258,#5259,#5260,#5261,#5262,#5263,#5264,#5265,#5266,#5267,#5268,#5269,
#5270,#5271,#5272,#5273,#5274,#5275,#5276,#5277,#5278,#5279,#5280,#5281,
#5282,#5283,#5284,#5285,#5286,#5287,#5288,#5289,#5290,#5291,#5292,#5293,
#5294,#5295,#5296,#5297,#5298,#5299,#5300,#5301,#5302,#5303,#5304,#5305,
#5306,#5307,#5308,#5309,#5310,#5311,#5312,#5313,#5314,#5315,#5316,#5317,
#5318,#5319,#5320,#5321,#5322,#5323,#5324,#5325,#5326,#5327,#5328,#5329,
#5330,#5331,#5332,#5333,#5334,#5335,#5336,#5337,#5338,#5339,#5340,#5341,
#5342,#5343,#5344,#5345,#5346,#5347,#5348,#5349,#5350,#5351,#5352,#5353,
#5354,#5355,#5356,#5357,#5358,#5359,#5360,#5361,#5362,#5363,#5364,#5365,
#5366,#5367,#5368,#5369,#5370,#5371,#5372,#5373,#5374,#5375,#5376,#5377,
#5378,#5379,#5380,#5381,#5382,#5383,#5384,#5385,#5386,#5387,#5388,#5389,
#5390,#5391,#5392,#5393,#5394,#5395,#5396,#5397,#5398,#5399,#5400,#5401,
#5402,#5403,#5404,#5405,#5406,#5407,#5408,#5409,#5410,#5411,#5412,#5413,
#5414,#5415,#5416,#5417,#5418,#5419,#5420,#5421,#5422,#5423,#5424,#5425,
#5426,#5427,#5428,#5429,#5430,#5431,#5432,#5433,#5434,#5435,#5436,#5437,
#5438,#5439,#5440,#5441,#5442,#5443,#5444,#5445,#5446,#5447,#5448,#5449,
#5450,#5451,#5452,#5453,#5454,#5455,#5456,#5457,#5458,#5459,#5460,#5461,
#5462,#5463,#5464,#5465,#5466,#5467,#5468,#5469,#5470,#5471,#5472,#5473,
#5474,#5475,#5476,#5477,#5478,#5479,#5480,#5481,#5482,#5483,#5484,#5485,
#5486,#5487,#5488,#5489,#5490,#5491,#5492,#5493,#5494,#5495,#5496,#5497,
#5498,#5499,#5500,#5501,#5502,#5503,#5504,#5505,#5506,#5507,#5508,#5509,
#5510,#5511,#5512,#5513,#5514,#5515,#5516,#5517,#5518,#5519,#5520,#5521,
#5522,#5523,#5524,#5525,#5526,#5527,#5528,#5529,#5530,#5531,#5532,#5533,
#5534,#5535,#5536,#5537,#5538,#5539,#5540,#5541,#5542,#5543,#5544,#5545,
#5546,#5547,#5548,#5549,#5550,#5551,#5552,#5553,#5554));
#5556=STYLED_ITEM('',(#5557),#5564);
#5557=PRESENTATION_STYLE_ASSIGNMENT((#5558));
#5558=SURFACE_STYLE_USAGE(.BOTH.,#5559);
#5559=SURFACE_SIDE_STYLE('',(#5560));
#5560=SURFACE_STYLE_FILL_AREA(#5561);
#5561=FILL_AREA_STYLE('',(#5562));
#5562=FILL_AREA_STYLE_COLOUR('',#5563);
#5563=COLOUR_RGB('',0.615686274509804,0.811764705882353,0.929411764705882);
#5564=MANIFOLD_SOLID_BREP('BasePlate',#5555);
#5565=SHAPE_DEFINITION_REPRESENTATION(#10237,#5567);
#5566=SHAPE_DEFINITION_REPRESENTATION(#10238,#5568);
#5567=SHAPE_REPRESENTATION('Base',(#5569,#6197),#10230);
#5568=SHAPE_REPRESENTATION('BasePlate',(#5569),#10231);
#5569=AXIS2_PLACEMENT_3D('',#7871,#6198,#6199);
#5570=AXIS2_PLACEMENT_3D('',#7872,#6200,#6201);
#5571=AXIS2_PLACEMENT_3D('',#7876,#6203,#6204);
#5572=AXIS2_PLACEMENT_3D('',#7883,#6208,#6209);
#5573=AXIS2_PLACEMENT_3D('',#7887,#6211,#6212);
#5574=AXIS2_PLACEMENT_3D('',#7894,#6216,#6217);
#5575=AXIS2_PLACEMENT_3D('',#7895,#6218,#6219);
#5576=AXIS2_PLACEMENT_3D('',#7909,#6226,#6227);
#5577=AXIS2_PLACEMENT_3D('',#7910,#6228,#6229);
#5578=AXIS2_PLACEMENT_3D('',#7924,#6236,#6237);
#5579=AXIS2_PLACEMENT_3D('',#7933,#6242,#6243);
#5580=AXIS2_PLACEMENT_3D('',#7942,#6248,#6249);
#5581=AXIS2_PLACEMENT_3D('',#7946,#6251,#6252);
#5582=AXIS2_PLACEMENT_3D('',#7950,#6254,#6255);
#5583=AXIS2_PLACEMENT_3D('',#7956,#6258,#6259);
#5584=AXIS2_PLACEMENT_3D('',#7973,#6265,#6266);
#5585=AXIS2_PLACEMENT_3D('',#7977,#6268,#6269);
#5586=AXIS2_PLACEMENT_3D('',#7983,#6272,#6273);
#5587=AXIS2_PLACEMENT_3D('',#8037,#6285,#6286);
#5588=AXIS2_PLACEMENT_3D('',#8043,#6289,#6290);
#5589=AXIS2_PLACEMENT_3D('',#8047,#6292,#6293);
#5590=AXIS2_PLACEMENT_3D('',#8064,#6299,#6300);
#5591=AXIS2_PLACEMENT_3D('',#8070,#6303,#6304);
#5592=AXIS2_PLACEMENT_3D('',#8074,#6306,#6307);
#5593=AXIS2_PLACEMENT_3D('',#8075,#6308,#6309);
#5594=AXIS2_PLACEMENT_3D('',#8085,#6314,#6315);
#5595=AXIS2_PLACEMENT_3D('',#8090,#6318,#6319);
#5596=AXIS2_PLACEMENT_3D('',#8091,#6320,#6321);
#5597=AXIS2_PLACEMENT_3D('',#8095,#6323,#6324);
#5598=AXIS2_PLACEMENT_3D('',#8096,#6325,#6326);
#5599=AXIS2_PLACEMENT_3D('',#8099,#6328,#6329);
#5600=AXIS2_PLACEMENT_3D('',#8110,#6335,#6336);
#5601=AXIS2_PLACEMENT_3D('',#8114,#6338,#6339);
#5602=AXIS2_PLACEMENT_3D('',#8121,#6340,#6341);
#5603=AXIS2_PLACEMENT_3D('',#8130,#6343,#6344);
#5604=AXIS2_PLACEMENT_3D('',#8131,#6345,#6346);
#5605=AXIS2_PLACEMENT_3D('',#8140,#6351,#6352);
#5606=AXIS2_PLACEMENT_3D('',#8148,#6356,#6357);
#5607=AXIS2_PLACEMENT_3D('',#8153,#6360,#6361);
#5608=AXIS2_PLACEMENT_3D('',#8156,#6363,#6364);
#5609=AXIS2_PLACEMENT_3D('',#8164,#6369,#6370);
#5610=AXIS2_PLACEMENT_3D('',#8165,#6371,#6372);
#5611=AXIS2_PLACEMENT_3D('',#8169,#6375,#6376);
#5612=AXIS2_PLACEMENT_3D('',#8177,#6381,#6382);
#5613=AXIS2_PLACEMENT_3D('',#8185,#6387,#6388);
#5614=AXIS2_PLACEMENT_3D('',#8191,#6391,#6392);
#5615=AXIS2_PLACEMENT_3D('',#8195,#6394,#6395);
#5616=AXIS2_PLACEMENT_3D('',#8207,#6401,#6402);
#5617=AXIS2_PLACEMENT_3D('',#8211,#6404,#6405);
#5618=AXIS2_PLACEMENT_3D('',#8214,#6407,#6408);
#5619=AXIS2_PLACEMENT_3D('',#8218,#6410,#6411);
#5620=AXIS2_PLACEMENT_3D('',#8219,#6412,#6413);
#5621=AXIS2_PLACEMENT_3D('',#8221,#6414,#6415);
#5622=AXIS2_PLACEMENT_3D('',#8223,#6416,#6417);
#5623=AXIS2_PLACEMENT_3D('',#8224,#6418,#6419);
#5624=AXIS2_PLACEMENT_3D('',#8226,#6420,#6421);
#5625=AXIS2_PLACEMENT_3D('',#8227,#6422,#6423);
#5626=AXIS2_PLACEMENT_3D('',#8235,#6427,#6428);
#5627=AXIS2_PLACEMENT_3D('',#8236,#6429,#6430);
#5628=AXIS2_PLACEMENT_3D('',#8244,#6434,#6435);
#5629=AXIS2_PLACEMENT_3D('',#8253,#6440,#6441);
#5630=AXIS2_PLACEMENT_3D('',#8262,#6446,#6447);
#5631=AXIS2_PLACEMENT_3D('',#8271,#6452,#6453);
#5632=AXIS2_PLACEMENT_3D('',#8272,#6454,#6455);
#5633=AXIS2_PLACEMENT_3D('',#8274,#6456,#6457);
#5634=AXIS2_PLACEMENT_3D('',#8275,#6458,#6459);
#5635=AXIS2_PLACEMENT_3D('',#8276,#6460,#6461);
#5636=AXIS2_PLACEMENT_3D('',#8277,#6462,#6463);
#5637=AXIS2_PLACEMENT_3D('',#8278,#6464,#6465);
#5638=AXIS2_PLACEMENT_3D('',#8279,#6466,#6467);
#5639=AXIS2_PLACEMENT_3D('',#8280,#6468,#6469);
#5640=AXIS2_PLACEMENT_3D('',#8281,#6470,#6471);
#5641=AXIS2_PLACEMENT_3D('',#8282,#6472,#6473);
#5642=AXIS2_PLACEMENT_3D('',#8283,#6474,#6475);
#5643=AXIS2_PLACEMENT_3D('',#8284,#6476,#6477);
#5644=AXIS2_PLACEMENT_3D('',#8285,#6478,#6479);
#5645=AXIS2_PLACEMENT_3D('',#8286,#6480,#6481);
#5646=AXIS2_PLACEMENT_3D('',#8287,#6482,#6483);
#5647=AXIS2_PLACEMENT_3D('',#8290,#6486,#6487);
#5648=AXIS2_PLACEMENT_3D('',#8291,#6488,#6489);
#5649=AXIS2_PLACEMENT_3D('',#8297,#6492,#6493);
#5650=AXIS2_PLACEMENT_3D('',#8298,#6494,#6495);
#5651=AXIS2_PLACEMENT_3D('',#8373,#6514,#6515);
#5652=AXIS2_PLACEMENT_3D('',#8384,#6521,#6522);
#5653=AXIS2_PLACEMENT_3D('',#8393,#6527,#6528);
#5654=AXIS2_PLACEMENT_3D('',#8396,#6530,#6531);
#5655=AXIS2_PLACEMENT_3D('',#8398,#6533,#6534);
#5656=AXIS2_PLACEMENT_3D('',#8402,#6537,#6538);
#5657=AXIS2_PLACEMENT_3D('',#8404,#6540,#6541);
#5658=AXIS2_PLACEMENT_3D('',#8405,#6542,#6543);
#5659=AXIS2_PLACEMENT_3D('',#8447,#6548,#6549);
#5660=AXIS2_PLACEMENT_3D('',#8451,#6552,#6553);
#5661=AXIS2_PLACEMENT_3D('',#8455,#6556,#6557);
#5662=AXIS2_PLACEMENT_3D('',#8459,#6560,#6561);
#5663=AXIS2_PLACEMENT_3D('',#8463,#6564,#6565);
#5664=AXIS2_PLACEMENT_3D('',#8467,#6568,#6569);
#5665=AXIS2_PLACEMENT_3D('',#8476,#6574,#6575);
#5666=AXIS2_PLACEMENT_3D('',#8482,#6579,#6580);
#5667=AXIS2_PLACEMENT_3D('',#8564,#6587,#6588);
#5668=AXIS2_PLACEMENT_3D('',#8565,#6589,#6590);
#5669=AXIS2_PLACEMENT_3D('',#8607,#6595,#6596);
#5670=AXIS2_PLACEMENT_3D('',#8611,#6599,#6600);
#5671=AXIS2_PLACEMENT_3D('',#8615,#6603,#6604);
#5672=AXIS2_PLACEMENT_3D('',#8619,#6607,#6608);
#5673=AXIS2_PLACEMENT_3D('',#8623,#6611,#6612);
#5674=AXIS2_PLACEMENT_3D('',#8627,#6615,#6616);
#5675=AXIS2_PLACEMENT_3D('',#8636,#6621,#6622);
#5676=AXIS2_PLACEMENT_3D('',#8642,#6626,#6627);
#5677=AXIS2_PLACEMENT_3D('',#8724,#6634,#6635);
#5678=AXIS2_PLACEMENT_3D('',#8725,#6636,#6637);
#5679=AXIS2_PLACEMENT_3D('',#8726,#6638,#6639);
#5680=AXIS2_PLACEMENT_3D('',#8732,#6643,#6644);
#5681=AXIS2_PLACEMENT_3D('',#8736,#6647,#6648);
#5682=AXIS2_PLACEMENT_3D('',#8740,#6651,#6652);
#5683=AXIS2_PLACEMENT_3D('',#8742,#6654,#6655);
#5684=AXIS2_PLACEMENT_3D('',#8743,#6656,#6657);
#5685=AXIS2_PLACEMENT_3D('',#8746,#6660,#6661);
#5686=AXIS2_PLACEMENT_3D('',#8753,#6663,#6664);
#5687=AXIS2_PLACEMENT_3D('',#8758,#6667,#6668);
#5688=AXIS2_PLACEMENT_3D('',#8771,#6669,#6670);
#5689=AXIS2_PLACEMENT_3D('',#8778,#6671,#6672);
#5690=AXIS2_PLACEMENT_3D('',#8779,#6673,#6674);
#5691=AXIS2_PLACEMENT_3D('',#8780,#6675,#6676);
#5692=AXIS2_PLACEMENT_3D('',#8781,#6677,#6678);
#5693=AXIS2_PLACEMENT_3D('',#8782,#6679,#6680);
#5694=AXIS2_PLACEMENT_3D('',#8788,#6681,#6682);
#5695=AXIS2_PLACEMENT_3D('',#8789,#6683,#6684);
#5696=AXIS2_PLACEMENT_3D('',#8790,#6685,#6686);
#5697=AXIS2_PLACEMENT_3D('',#8791,#6687,#6688);
#5698=AXIS2_PLACEMENT_3D('',#8792,#6689,#6690);
#5699=AXIS2_PLACEMENT_3D('',#8793,#6691,#6692);
#5700=AXIS2_PLACEMENT_3D('',#8794,#6693,#6694);
#5701=AXIS2_PLACEMENT_3D('',#8795,#6695,#6696);
#5702=AXIS2_PLACEMENT_3D('',#8796,#6697,#6698);
#5703=AXIS2_PLACEMENT_3D('',#8797,#6699,#6700);
#5704=AXIS2_PLACEMENT_3D('',#8798,#6701,#6702);
#5705=AXIS2_PLACEMENT_3D('',#8799,#6703,#6704);
#5706=AXIS2_PLACEMENT_3D('',#8801,#6706,#6707);
#5707=AXIS2_PLACEMENT_3D('',#8803,#6709,#6710);
#5708=AXIS2_PLACEMENT_3D('',#8805,#6712,#6713);
#5709=AXIS2_PLACEMENT_3D('',#8807,#6715,#6716);
#5710=AXIS2_PLACEMENT_3D('',#8809,#6718,#6719);
#5711=AXIS2_PLACEMENT_3D('',#8811,#6721,#6722);
#5712=AXIS2_PLACEMENT_3D('',#8813,#6724,#6725);
#5713=AXIS2_PLACEMENT_3D('',#8815,#6727,#6728);
#5714=AXIS2_PLACEMENT_3D('',#8816,#6729,#6730);
#5715=AXIS2_PLACEMENT_3D('',#8819,#6732,#6733);
#5716=AXIS2_PLACEMENT_3D('',#8821,#6735,#6736);
#5717=AXIS2_PLACEMENT_3D('',#8823,#6738,#6739);
#5718=AXIS2_PLACEMENT_3D('',#8825,#6741,#6742);
#5719=AXIS2_PLACEMENT_3D('',#8827,#6744,#6745);
#5720=AXIS2_PLACEMENT_3D('',#8829,#6747,#6748);
#5721=AXIS2_PLACEMENT_3D('',#8831,#6750,#6751);
#5722=AXIS2_PLACEMENT_3D('',#8833,#6753,#6754);
#5723=AXIS2_PLACEMENT_3D('',#8835,#6756,#6757);
#5724=AXIS2_PLACEMENT_3D('',#8837,#6759,#6760);
#5725=AXIS2_PLACEMENT_3D('',#8839,#6762,#6763);
#5726=AXIS2_PLACEMENT_3D('',#8843,#6766,#6767);
#5727=AXIS2_PLACEMENT_3D('',#8844,#6768,#6769);
#5728=AXIS2_PLACEMENT_3D('',#8849,#6771,#6772);
#5729=AXIS2_PLACEMENT_3D('',#8852,#6774,#6775);
#5730=AXIS2_PLACEMENT_3D('',#8857,#6777,#6778);
#5731=AXIS2_PLACEMENT_3D('',#8873,#6787,#6788);
#5732=AXIS2_PLACEMENT_3D('',#8877,#6790,#6791);
#5733=AXIS2_PLACEMENT_3D('',#8881,#6793,#6794);
#5734=AXIS2_PLACEMENT_3D('',#8885,#6796,#6797);
#5735=AXIS2_PLACEMENT_3D('',#8889,#6799,#6800);
#5736=AXIS2_PLACEMENT_3D('',#8890,#6801,#6802);
#5737=AXIS2_PLACEMENT_3D('',#8894,#6804,#6805);
#5738=AXIS2_PLACEMENT_3D('',#8898,#6807,#6808);
#5739=AXIS2_PLACEMENT_3D('',#8902,#6810,#6811);
#5740=AXIS2_PLACEMENT_3D('',#8906,#6813,#6814);
#5741=AXIS2_PLACEMENT_3D('',#8911,#6817,#6818);
#5742=AXIS2_PLACEMENT_3D('',#8915,#6820,#6821);
#5743=AXIS2_PLACEMENT_3D('',#8919,#6823,#6824);
#5744=AXIS2_PLACEMENT_3D('',#8923,#6826,#6827);
#5745=AXIS2_PLACEMENT_3D('',#8927,#6829,#6830);
#5746=AXIS2_PLACEMENT_3D('',#8937,#6836,#6837);
#5747=AXIS2_PLACEMENT_3D('',#8946,#6842,#6843);
#5748=AXIS2_PLACEMENT_3D('',#8957,#6849,#6850);
#5749=AXIS2_PLACEMENT_3D('',#8958,#6851,#6852);
#5750=AXIS2_PLACEMENT_3D('',#8960,#6853,#6854);
#5751=AXIS2_PLACEMENT_3D('',#8961,#6855,#6856);
#5752=AXIS2_PLACEMENT_3D('',#8962,#6857,#6858);
#5753=AXIS2_PLACEMENT_3D('',#8963,#6859,#6860);
#5754=AXIS2_PLACEMENT_3D('',#8965,#6861,#6862);
#5755=AXIS2_PLACEMENT_3D('',#8966,#6863,#6864);
#5756=AXIS2_PLACEMENT_3D('',#8967,#6865,#6866);
#5757=AXIS2_PLACEMENT_3D('',#8978,#6872,#6873);
#5758=AXIS2_PLACEMENT_3D('',#8989,#6879,#6880);
#5759=AXIS2_PLACEMENT_3D('',#8990,#6881,#6882);
#5760=AXIS2_PLACEMENT_3D('',#9004,#6886,#6887);
#5761=AXIS2_PLACEMENT_3D('',#9005,#6888,#6889);
#5762=AXIS2_PLACEMENT_3D('',#9014,#6891,#6892);
#5763=AXIS2_PLACEMENT_3D('',#9016,#6893,#6894);
#5764=AXIS2_PLACEMENT_3D('',#9021,#6897,#6898);
#5765=AXIS2_PLACEMENT_3D('',#9025,#6900,#6901);
#5766=AXIS2_PLACEMENT_3D('',#9029,#6903,#6904);
#5767=AXIS2_PLACEMENT_3D('',#9030,#6905,#6906);
#5768=AXIS2_PLACEMENT_3D('',#9036,#6910,#6911);
#5769=AXIS2_PLACEMENT_3D('',#9040,#6913,#6914);
#5770=AXIS2_PLACEMENT_3D('',#9044,#6916,#6917);
#5771=AXIS2_PLACEMENT_3D('',#9045,#6918,#6919);
#5772=AXIS2_PLACEMENT_3D('',#9051,#6923,#6924);
#5773=AXIS2_PLACEMENT_3D('',#9052,#6925,#6926);
#5774=AXIS2_PLACEMENT_3D('',#9060,#6930,#6931);
#5775=AXIS2_PLACEMENT_3D('',#9061,#6932,#6933);
#5776=AXIS2_PLACEMENT_3D('',#9065,#6935,#6936);
#5777=AXIS2_PLACEMENT_3D('',#9066,#6937,#6938);
#5778=AXIS2_PLACEMENT_3D('',#9071,#6941,#6942);
#5779=AXIS2_PLACEMENT_3D('',#9072,#6943,#6944);
#5780=AXIS2_PLACEMENT_3D('',#9073,#6945,#6946);
#5781=AXIS2_PLACEMENT_3D('',#9074,#6947,#6948);
#5782=AXIS2_PLACEMENT_3D('',#9075,#6949,#6950);
#5783=AXIS2_PLACEMENT_3D('',#9076,#6951,#6952);
#5784=AXIS2_PLACEMENT_3D('',#9077,#6953,#6954);
#5785=AXIS2_PLACEMENT_3D('',#9078,#6955,#6956);
#5786=AXIS2_PLACEMENT_3D('',#9079,#6957,#6958);
#5787=AXIS2_PLACEMENT_3D('',#9080,#6959,#6960);
#5788=AXIS2_PLACEMENT_3D('',#9081,#6961,#6962);
#5789=AXIS2_PLACEMENT_3D('',#9082,#6963,#6964);
#5790=AXIS2_PLACEMENT_3D('',#9083,#6965,#6966);
#5791=AXIS2_PLACEMENT_3D('',#9084,#6967,#6968);
#5792=AXIS2_PLACEMENT_3D('',#9085,#6969,#6970);
#5793=AXIS2_PLACEMENT_3D('',#9086,#6971,#6972);
#5794=AXIS2_PLACEMENT_3D('',#9087,#6973,#6974);
#5795=AXIS2_PLACEMENT_3D('',#9088,#6975,#6976);
#5796=AXIS2_PLACEMENT_3D('',#9089,#6977,#6978);
#5797=AXIS2_PLACEMENT_3D('',#9095,#6979,#6980);
#5798=AXIS2_PLACEMENT_3D('',#9096,#6981,#6982);
#5799=AXIS2_PLACEMENT_3D('',#9097,#6983,#6984);
#5800=AXIS2_PLACEMENT_3D('',#9098,#6985,#6986);
#5801=AXIS2_PLACEMENT_3D('',#9099,#6987,#6988);
#5802=AXIS2_PLACEMENT_3D('',#9100,#6989,#6990);
#5803=AXIS2_PLACEMENT_3D('',#9101,#6991,#6992);
#5804=AXIS2_PLACEMENT_3D('',#9102,#6993,#6994);
#5805=AXIS2_PLACEMENT_3D('',#9103,#6995,#6996);
#5806=AXIS2_PLACEMENT_3D('',#9104,#6997,#6998);
#5807=AXIS2_PLACEMENT_3D('',#9105,#6999,#7000);
#5808=AXIS2_PLACEMENT_3D('',#9106,#7001,#7002);
#5809=AXIS2_PLACEMENT_3D('',#9112,#7003,#7004);
#5810=AXIS2_PLACEMENT_3D('',#9113,#7005,#7006);
#5811=AXIS2_PLACEMENT_3D('',#9114,#7007,#7008);
#5812=AXIS2_PLACEMENT_3D('',#9115,#7009,#7010);
#5813=AXIS2_PLACEMENT_3D('',#9116,#7011,#7012);
#5814=AXIS2_PLACEMENT_3D('',#9117,#7013,#7014);
#5815=AXIS2_PLACEMENT_3D('',#9123,#7015,#7016);
#5816=AXIS2_PLACEMENT_3D('',#9124,#7017,#7018);
#5817=AXIS2_PLACEMENT_3D('',#9125,#7019,#7020);
#5818=AXIS2_PLACEMENT_3D('',#9126,#7021,#7022);
#5819=AXIS2_PLACEMENT_3D('',#9127,#7023,#7024);
#5820=AXIS2_PLACEMENT_3D('',#9128,#7025,#7026);
#5821=AXIS2_PLACEMENT_3D('',#9129,#7027,#7028);
#5822=AXIS2_PLACEMENT_3D('',#9130,#7029,#7030);
#5823=AXIS2_PLACEMENT_3D('',#9131,#7031,#7032);
#5824=AXIS2_PLACEMENT_3D('',#9132,#7033,#7034);
#5825=AXIS2_PLACEMENT_3D('',#9133,#7035,#7036);
#5826=AXIS2_PLACEMENT_3D('',#9134,#7037,#7038);
#5827=AXIS2_PLACEMENT_3D('',#9140,#7039,#7040);
#5828=AXIS2_PLACEMENT_3D('',#9141,#7041,#7042);
#5829=AXIS2_PLACEMENT_3D('',#9149,#7043,#7044);
#5830=AXIS2_PLACEMENT_3D('',#9150,#7045,#7046);
#5831=AXIS2_PLACEMENT_3D('',#9151,#7047,#7048);
#5832=AXIS2_PLACEMENT_3D('',#9164,#7049,#7050);
#5833=AXIS2_PLACEMENT_3D('',#9165,#7051,#7052);
#5834=AXIS2_PLACEMENT_3D('',#9172,#7053,#7054);
#5835=AXIS2_PLACEMENT_3D('',#9173,#7055,#7056);
#5836=AXIS2_PLACEMENT_3D('',#9174,#7057,#7058);
#5837=AXIS2_PLACEMENT_3D('',#9175,#7059,#7060);
#5838=AXIS2_PLACEMENT_3D('',#9183,#7061,#7062);
#5839=AXIS2_PLACEMENT_3D('',#9184,#7063,#7064);
#5840=AXIS2_PLACEMENT_3D('',#9185,#7065,#7066);
#5841=AXIS2_PLACEMENT_3D('',#9186,#7067,#7068);
#5842=AXIS2_PLACEMENT_3D('',#9188,#7069,#7070);
#5843=AXIS2_PLACEMENT_3D('',#9201,#7071,#7072);
#5844=AXIS2_PLACEMENT_3D('',#9207,#7073,#7074);
#5845=AXIS2_PLACEMENT_3D('',#9208,#7075,#7076);
#5846=AXIS2_PLACEMENT_3D('',#9227,#7077,#7078);
#5847=AXIS2_PLACEMENT_3D('',#9228,#7079,#7080);
#5848=AXIS2_PLACEMENT_3D('',#9229,#7081,#7082);
#5849=AXIS2_PLACEMENT_3D('',#9248,#7083,#7084);
#5850=AXIS2_PLACEMENT_3D('',#9249,#7085,#7086);
#5851=AXIS2_PLACEMENT_3D('',#9250,#7087,#7088);
#5852=AXIS2_PLACEMENT_3D('',#9251,#7089,#7090);
#5853=AXIS2_PLACEMENT_3D('',#9270,#7091,#7092);
#5854=AXIS2_PLACEMENT_3D('',#9271,#7093,#7094);
#5855=AXIS2_PLACEMENT_3D('',#9272,#7095,#7096);
#5856=AXIS2_PLACEMENT_3D('',#9291,#7097,#7098);
#5857=AXIS2_PLACEMENT_3D('',#9292,#7099,#7100);
#5858=AXIS2_PLACEMENT_3D('',#9314,#7101,#7102);
#5859=AXIS2_PLACEMENT_3D('',#9315,#7103,#7104);
#5860=AXIS2_PLACEMENT_3D('',#9316,#7105,#7106);
#5861=AXIS2_PLACEMENT_3D('',#9359,#7107,#7108);
#5862=AXIS2_PLACEMENT_3D('',#9360,#7109,#7110);
#5863=AXIS2_PLACEMENT_3D('',#9361,#7111,#7112);
#5864=AXIS2_PLACEMENT_3D('',#9383,#7113,#7114);
#5865=AXIS2_PLACEMENT_3D('',#9384,#7115,#7116);
#5866=AXIS2_PLACEMENT_3D('',#9386,#7117,#7118);
#5867=AXIS2_PLACEMENT_3D('',#9387,#7119,#7120);
#5868=AXIS2_PLACEMENT_3D('',#9388,#7121,#7122);
#5869=AXIS2_PLACEMENT_3D('',#9389,#7123,#7124);
#5870=AXIS2_PLACEMENT_3D('',#9391,#7125,#7126);
#5871=AXIS2_PLACEMENT_3D('',#9392,#7127,#7128);
#5872=AXIS2_PLACEMENT_3D('',#9393,#7129,#7130);
#5873=AXIS2_PLACEMENT_3D('',#9399,#7133,#7134);
#5874=AXIS2_PLACEMENT_3D('',#9409,#7139,#7140);
#5875=AXIS2_PLACEMENT_3D('',#9413,#7142,#7143);
#5876=AXIS2_PLACEMENT_3D('',#9416,#7145,#7146);
#5877=AXIS2_PLACEMENT_3D('',#9425,#7151,#7152);
#5878=AXIS2_PLACEMENT_3D('',#9426,#7153,#7154);
#5879=AXIS2_PLACEMENT_3D('',#9435,#7158,#7159);
#5880=AXIS2_PLACEMENT_3D('',#9439,#7161,#7162);
#5881=AXIS2_PLACEMENT_3D('',#9448,#7167,#7168);
#5882=AXIS2_PLACEMENT_3D('',#9457,#7173,#7174);
#5883=AXIS2_PLACEMENT_3D('',#9463,#7176,#7177);
#5884=AXIS2_PLACEMENT_3D('',#9465,#7179,#7180);
#5885=AXIS2_PLACEMENT_3D('',#9470,#7181,#7182);
#5886=AXIS2_PLACEMENT_3D('',#9472,#7184,#7185);
#5887=AXIS2_PLACEMENT_3D('',#9474,#7187,#7188);
#5888=AXIS2_PLACEMENT_3D('',#9476,#7190,#7191);
#5889=AXIS2_PLACEMENT_3D('',#9478,#7193,#7194);
#5890=AXIS2_PLACEMENT_3D('',#9479,#7195,#7196);
#5891=AXIS2_PLACEMENT_3D('',#9480,#7197,#7198);
#5892=AXIS2_PLACEMENT_3D('',#9481,#7199,#7200);
#5893=AXIS2_PLACEMENT_3D('',#9482,#7201,#7202);
#5894=AXIS2_PLACEMENT_3D('',#9483,#7203,#7204);
#5895=AXIS2_PLACEMENT_3D('',#9484,#7205,#7206);
#5896=AXIS2_PLACEMENT_3D('',#9488,#7208,#7209);
#5897=AXIS2_PLACEMENT_3D('',#9492,#7212,#7213);
#5898=AXIS2_PLACEMENT_3D('',#9493,#7214,#7215);
#5899=AXIS2_PLACEMENT_3D('',#9500,#7219,#7220);
#5900=AXIS2_PLACEMENT_3D('',#9501,#7221,#7222);
#5901=AXIS2_PLACEMENT_3D('',#9502,#7223,#7224);
#5902=AXIS2_PLACEMENT_3D('',#9503,#7225,#7226);
#5903=AXIS2_PLACEMENT_3D('',#9504,#7227,#7228);
#5904=AXIS2_PLACEMENT_3D('',#9505,#7229,#7230);
#5905=AXIS2_PLACEMENT_3D('',#9506,#7231,#7232);
#5906=AXIS2_PLACEMENT_3D('',#9507,#7233,#7234);
#5907=AXIS2_PLACEMENT_3D('',#9508,#7235,#7236);
#5908=AXIS2_PLACEMENT_3D('',#9511,#7237,#7238);
#5909=AXIS2_PLACEMENT_3D('',#9512,#7239,#7240);
#5910=AXIS2_PLACEMENT_3D('',#9517,#7243,#7244);
#5911=AXIS2_PLACEMENT_3D('',#9518,#7245,#7246);
#5912=AXIS2_PLACEMENT_3D('',#9519,#7247,#7248);
#5913=AXIS2_PLACEMENT_3D('',#9520,#7249,#7250);
#5914=AXIS2_PLACEMENT_3D('',#9521,#7251,#7252);
#5915=AXIS2_PLACEMENT_3D('',#9522,#7253,#7254);
#5916=AXIS2_PLACEMENT_3D('',#9523,#7255,#7256);
#5917=AXIS2_PLACEMENT_3D('',#9524,#7257,#7258);
#5918=AXIS2_PLACEMENT_3D('',#9525,#7259,#7260);
#5919=AXIS2_PLACEMENT_3D('',#9526,#7261,#7262);
#5920=AXIS2_PLACEMENT_3D('',#9527,#7263,#7264);
#5921=AXIS2_PLACEMENT_3D('',#9528,#7265,#7266);
#5922=AXIS2_PLACEMENT_3D('',#9529,#7267,#7268);
#5923=AXIS2_PLACEMENT_3D('',#9530,#7269,#7270);
#5924=AXIS2_PLACEMENT_3D('',#9531,#7271,#7272);
#5925=AXIS2_PLACEMENT_3D('',#9543,#7278,#7279);
#5926=AXIS2_PLACEMENT_3D('',#9549,#7282,#7283);
#5927=AXIS2_PLACEMENT_3D('',#9556,#7287,#7288);
#5928=AXIS2_PLACEMENT_3D('',#9565,#7293,#7294);
#5929=AXIS2_PLACEMENT_3D('',#9566,#7295,#7296);
#5930=AXIS2_PLACEMENT_3D('',#9578,#7302,#7303);
#5931=AXIS2_PLACEMENT_3D('',#9584,#7306,#7307);
#5932=AXIS2_PLACEMENT_3D('',#9591,#7311,#7312);
#5933=AXIS2_PLACEMENT_3D('',#9600,#7317,#7318);
#5934=AXIS2_PLACEMENT_3D('',#9601,#7319,#7320);
#5935=AXIS2_PLACEMENT_3D('',#9602,#7321,#7322);
#5936=AXIS2_PLACEMENT_3D('',#9603,#7323,#7324);
#5937=AXIS2_PLACEMENT_3D('',#9604,#7325,#7326);
#5938=AXIS2_PLACEMENT_3D('',#9605,#7327,#7328);
#5939=AXIS2_PLACEMENT_3D('',#9606,#7329,#7330);
#5940=AXIS2_PLACEMENT_3D('',#9607,#7331,#7332);
#5941=AXIS2_PLACEMENT_3D('',#9608,#7333,#7334);
#5942=AXIS2_PLACEMENT_3D('',#9609,#7335,#7336);
#5943=AXIS2_PLACEMENT_3D('',#9610,#7337,#7338);
#5944=AXIS2_PLACEMENT_3D('',#9611,#7339,#7340);
#5945=AXIS2_PLACEMENT_3D('',#9612,#7341,#7342);
#5946=AXIS2_PLACEMENT_3D('',#9613,#7343,#7344);
#5947=AXIS2_PLACEMENT_3D('',#9614,#7345,#7346);
#5948=AXIS2_PLACEMENT_3D('',#9615,#7347,#7348);
#5949=AXIS2_PLACEMENT_3D('',#9616,#7349,#7350);
#5950=AXIS2_PLACEMENT_3D('',#9617,#7351,#7352);
#5951=AXIS2_PLACEMENT_3D('',#9618,#7353,#7354);
#5952=AXIS2_PLACEMENT_3D('',#9622,#7356,#7357);
#5953=AXIS2_PLACEMENT_3D('',#9630,#7361,#7362);
#5954=AXIS2_PLACEMENT_3D('',#9631,#7363,#7364);
#5955=AXIS2_PLACEMENT_3D('',#9635,#7366,#7367);
#5956=AXIS2_PLACEMENT_3D('',#9639,#7369,#7370);
#5957=AXIS2_PLACEMENT_3D('',#9644,#7373,#7374);
#5958=AXIS2_PLACEMENT_3D('',#9645,#7375,#7376);
#5959=AXIS2_PLACEMENT_3D('',#9646,#7377,#7378);
#5960=AXIS2_PLACEMENT_3D('',#9647,#7379,#7380);
#5961=AXIS2_PLACEMENT_3D('',#9648,#7381,#7382);
#5962=AXIS2_PLACEMENT_3D('',#9649,#7383,#7384);
#5963=AXIS2_PLACEMENT_3D('',#9650,#7385,#7386);
#5964=AXIS2_PLACEMENT_3D('',#9651,#7387,#7388);
#5965=AXIS2_PLACEMENT_3D('',#9652,#7389,#7390);
#5966=AXIS2_PLACEMENT_3D('',#9653,#7391,#7392);
#5967=AXIS2_PLACEMENT_3D('',#9654,#7393,#7394);
#5968=AXIS2_PLACEMENT_3D('',#9655,#7395,#7396);
#5969=AXIS2_PLACEMENT_3D('',#9656,#7397,#7398);
#5970=AXIS2_PLACEMENT_3D('',#9657,#7399,#7400);
#5971=AXIS2_PLACEMENT_3D('',#9658,#7401,#7402);
#5972=AXIS2_PLACEMENT_3D('',#9659,#7403,#7404);
#5973=AXIS2_PLACEMENT_3D('',#9660,#7405,#7406);
#5974=AXIS2_PLACEMENT_3D('',#9661,#7407,#7408);
#5975=AXIS2_PLACEMENT_3D('',#9662,#7409,#7410);
#5976=AXIS2_PLACEMENT_3D('',#9663,#7411,#7412);
#5977=AXIS2_PLACEMENT_3D('',#9664,#7413,#7414);
#5978=AXIS2_PLACEMENT_3D('',#9665,#7415,#7416);
#5979=AXIS2_PLACEMENT_3D('',#9666,#7417,#7418);
#5980=AXIS2_PLACEMENT_3D('',#9667,#7419,#7420);
#5981=AXIS2_PLACEMENT_3D('',#9668,#7421,#7422);
#5982=AXIS2_PLACEMENT_3D('',#9669,#7423,#7424);
#5983=AXIS2_PLACEMENT_3D('',#9670,#7425,#7426);
#5984=AXIS2_PLACEMENT_3D('',#9671,#7427,#7428);
#5985=AXIS2_PLACEMENT_3D('',#9672,#7429,#7430);
#5986=AXIS2_PLACEMENT_3D('',#9673,#7431,#7432);
#5987=AXIS2_PLACEMENT_3D('',#9674,#7433,#7434);
#5988=AXIS2_PLACEMENT_3D('',#9675,#7435,#7436);
#5989=AXIS2_PLACEMENT_3D('',#9676,#7437,#7438);
#5990=AXIS2_PLACEMENT_3D('',#9677,#7439,#7440);
#5991=AXIS2_PLACEMENT_3D('',#9678,#7441,#7442);
#5992=AXIS2_PLACEMENT_3D('',#9679,#7443,#7444);
#5993=AXIS2_PLACEMENT_3D('',#9680,#7445,#7446);
#5994=AXIS2_PLACEMENT_3D('',#9681,#7447,#7448);
#5995=AXIS2_PLACEMENT_3D('',#9682,#7449,#7450);
#5996=AXIS2_PLACEMENT_3D('',#9683,#7451,#7452);
#5997=AXIS2_PLACEMENT_3D('',#9684,#7453,#7454);
#5998=AXIS2_PLACEMENT_3D('',#9685,#7455,#7456);
#5999=AXIS2_PLACEMENT_3D('',#9686,#7457,#7458);
#6000=AXIS2_PLACEMENT_3D('',#9687,#7459,#7460);
#6001=AXIS2_PLACEMENT_3D('',#9688,#7461,#7462);
#6002=AXIS2_PLACEMENT_3D('',#9689,#7463,#7464);
#6003=AXIS2_PLACEMENT_3D('',#9690,#7465,#7466);
#6004=AXIS2_PLACEMENT_3D('',#9691,#7467,#7468);
#6005=AXIS2_PLACEMENT_3D('',#9692,#7469,#7470);
#6006=AXIS2_PLACEMENT_3D('',#9693,#7471,#7472);
#6007=AXIS2_PLACEMENT_3D('',#9694,#7473,#7474);
#6008=AXIS2_PLACEMENT_3D('',#9695,#7475,#7476);
#6009=AXIS2_PLACEMENT_3D('',#9696,#7477,#7478);
#6010=AXIS2_PLACEMENT_3D('',#9697,#7479,#7480);
#6011=AXIS2_PLACEMENT_3D('',#9698,#7481,#7482);
#6012=AXIS2_PLACEMENT_3D('',#9699,#7483,#7484);
#6013=AXIS2_PLACEMENT_3D('',#9700,#7485,#7486);
#6014=AXIS2_PLACEMENT_3D('',#9701,#7487,#7488);
#6015=AXIS2_PLACEMENT_3D('',#9702,#7489,#7490);
#6016=AXIS2_PLACEMENT_3D('',#9703,#7491,#7492);
#6017=AXIS2_PLACEMENT_3D('',#9704,#7493,#7494);
#6018=AXIS2_PLACEMENT_3D('',#9705,#7495,#7496);
#6019=AXIS2_PLACEMENT_3D('',#9706,#7497,#7498);
#6020=AXIS2_PLACEMENT_3D('',#9707,#7499,#7500);
#6021=AXIS2_PLACEMENT_3D('',#9723,#7501,#7502);
#6022=AXIS2_PLACEMENT_3D('',#9724,#7503,#7504);
#6023=AXIS2_PLACEMENT_3D('',#9725,#7505,#7506);
#6024=AXIS2_PLACEMENT_3D('',#9726,#7507,#7508);
#6025=AXIS2_PLACEMENT_3D('',#9727,#7509,#7510);
#6026=AXIS2_PLACEMENT_3D('',#9728,#7511,#7512);
#6027=AXIS2_PLACEMENT_3D('',#9729,#7513,#7514);
#6028=AXIS2_PLACEMENT_3D('',#9730,#7515,#7516);
#6029=AXIS2_PLACEMENT_3D('',#9731,#7517,#7518);
#6030=AXIS2_PLACEMENT_3D('',#9732,#7519,#7520);
#6031=AXIS2_PLACEMENT_3D('',#9733,#7521,#7522);
#6032=AXIS2_PLACEMENT_3D('',#9734,#7523,#7524);
#6033=AXIS2_PLACEMENT_3D('',#9735,#7525,#7526);
#6034=AXIS2_PLACEMENT_3D('',#9736,#7527,#7528);
#6035=AXIS2_PLACEMENT_3D('',#9737,#7529,#7530);
#6036=AXIS2_PLACEMENT_3D('',#9738,#7531,#7532);
#6037=AXIS2_PLACEMENT_3D('',#9739,#7533,#7534);
#6038=AXIS2_PLACEMENT_3D('',#9740,#7535,#7536);
#6039=AXIS2_PLACEMENT_3D('',#9777,#7537,#7538);
#6040=AXIS2_PLACEMENT_3D('',#9778,#7539,#7540);
#6041=AXIS2_PLACEMENT_3D('',#9779,#7541,#7542);
#6042=AXIS2_PLACEMENT_3D('',#9780,#7543,#7544);
#6043=AXIS2_PLACEMENT_3D('',#9781,#7545,#7546);
#6044=AXIS2_PLACEMENT_3D('',#9782,#7547,#7548);
#6045=AXIS2_PLACEMENT_3D('',#9783,#7549,#7550);
#6046=AXIS2_PLACEMENT_3D('',#9784,#7551,#7552);
#6047=AXIS2_PLACEMENT_3D('',#9785,#7553,#7554);
#6048=AXIS2_PLACEMENT_3D('',#9786,#7555,#7556);
#6049=AXIS2_PLACEMENT_3D('',#9787,#7557,#7558);
#6050=AXIS2_PLACEMENT_3D('',#9788,#7559,#7560);
#6051=AXIS2_PLACEMENT_3D('',#9789,#7561,#7562);
#6052=AXIS2_PLACEMENT_3D('',#9790,#7563,#7564);
#6053=AXIS2_PLACEMENT_3D('',#9791,#7565,#7566);
#6054=AXIS2_PLACEMENT_3D('',#9813,#7567,#7568);
#6055=AXIS2_PLACEMENT_3D('',#9814,#7569,#7570);
#6056=AXIS2_PLACEMENT_3D('',#9815,#7571,#7572);
#6057=AXIS2_PLACEMENT_3D('',#9816,#7573,#7574);
#6058=AXIS2_PLACEMENT_3D('',#9817,#7575,#7576);
#6059=AXIS2_PLACEMENT_3D('',#9818,#7577,#7578);
#6060=AXIS2_PLACEMENT_3D('',#9819,#7579,#7580);
#6061=AXIS2_PLACEMENT_3D('',#9820,#7581,#7582);
#6062=AXIS2_PLACEMENT_3D('',#9821,#7583,#7584);
#6063=AXIS2_PLACEMENT_3D('',#9822,#7585,#7586);
#6064=AXIS2_PLACEMENT_3D('',#9823,#7587,#7588);
#6065=AXIS2_PLACEMENT_3D('',#9824,#7589,#7590);
#6066=AXIS2_PLACEMENT_3D('',#9825,#7591,#7592);
#6067=AXIS2_PLACEMENT_3D('',#9847,#7593,#7594);
#6068=AXIS2_PLACEMENT_3D('',#9848,#7595,#7596);
#6069=AXIS2_PLACEMENT_3D('',#9849,#7597,#7598);
#6070=AXIS2_PLACEMENT_3D('',#9850,#7599,#7600);
#6071=AXIS2_PLACEMENT_3D('',#9851,#7601,#7602);
#6072=AXIS2_PLACEMENT_3D('',#9852,#7603,#7604);
#6073=AXIS2_PLACEMENT_3D('',#9853,#7605,#7606);
#6074=AXIS2_PLACEMENT_3D('',#9854,#7607,#7608);
#6075=AXIS2_PLACEMENT_3D('',#9855,#7609,#7610);
#6076=AXIS2_PLACEMENT_3D('',#9856,#7611,#7612);
#6077=AXIS2_PLACEMENT_3D('',#9878,#7613,#7614);
#6078=AXIS2_PLACEMENT_3D('',#9879,#7615,#7616);
#6079=AXIS2_PLACEMENT_3D('',#9882,#7617,#7618);
#6080=AXIS2_PLACEMENT_3D('',#9883,#7619,#7620);
#6081=AXIS2_PLACEMENT_3D('',#9884,#7621,#7622);
#6082=AXIS2_PLACEMENT_3D('',#9889,#7625,#7626);
#6083=AXIS2_PLACEMENT_3D('',#9890,#7627,#7628);
#6084=AXIS2_PLACEMENT_3D('',#9891,#7629,#7630);
#6085=AXIS2_PLACEMENT_3D('',#9892,#7631,#7632);
#6086=AXIS2_PLACEMENT_3D('',#9895,#7633,#7634);
#6087=AXIS2_PLACEMENT_3D('',#9896,#7635,#7636);
#6088=AXIS2_PLACEMENT_3D('',#9897,#7637,#7638);
#6089=AXIS2_PLACEMENT_3D('',#9902,#7641,#7642);
#6090=AXIS2_PLACEMENT_3D('',#9903,#7643,#7644);
#6091=AXIS2_PLACEMENT_3D('',#9904,#7645,#7646);
#6092=AXIS2_PLACEMENT_3D('',#9905,#7647,#7648);
#6093=AXIS2_PLACEMENT_3D('',#9909,#7650,#7651);
#6094=AXIS2_PLACEMENT_3D('',#9910,#7652,#7653);
#6095=AXIS2_PLACEMENT_3D('',#9911,#7654,#7655);
#6096=AXIS2_PLACEMENT_3D('',#9913,#7656,#7657);
#6097=AXIS2_PLACEMENT_3D('',#9914,#7658,#7659);
#6098=AXIS2_PLACEMENT_3D('',#9915,#7660,#7661);
#6099=AXIS2_PLACEMENT_3D('',#9917,#7662,#7663);
#6100=AXIS2_PLACEMENT_3D('',#9918,#7664,#7665);
#6101=AXIS2_PLACEMENT_3D('',#9920,#7667,#7668);
#6102=AXIS2_PLACEMENT_3D('',#9921,#7669,#7670);
#6103=AXIS2_PLACEMENT_3D('',#9925,#7672,#7673);
#6104=AXIS2_PLACEMENT_3D('',#9926,#7674,#7675);
#6105=AXIS2_PLACEMENT_3D('',#9927,#7676,#7677);
#6106=AXIS2_PLACEMENT_3D('',#9929,#7678,#7679);
#6107=AXIS2_PLACEMENT_3D('',#9930,#7680,#7681);
#6108=AXIS2_PLACEMENT_3D('',#9931,#7682,#7683);
#6109=AXIS2_PLACEMENT_3D('',#9933,#7684,#7685);
#6110=AXIS2_PLACEMENT_3D('',#9934,#7686,#7687);
#6111=AXIS2_PLACEMENT_3D('',#9936,#7689,#7690);
#6112=AXIS2_PLACEMENT_3D('',#9937,#7691,#7692);
#6113=AXIS2_PLACEMENT_3D('',#9938,#7693,#7694);
#6114=AXIS2_PLACEMENT_3D('',#9939,#7695,#7696);
#6115=AXIS2_PLACEMENT_3D('',#9940,#7697,#7698);
#6116=AXIS2_PLACEMENT_3D('',#9941,#7699,#7700);
#6117=AXIS2_PLACEMENT_3D('',#9942,#7701,#7702);
#6118=AXIS2_PLACEMENT_3D('',#9943,#7703,#7704);
#6119=AXIS2_PLACEMENT_3D('',#9944,#7705,#7706);
#6120=AXIS2_PLACEMENT_3D('',#9945,#7707,#7708);
#6121=AXIS2_PLACEMENT_3D('',#9946,#7709,#7710);
#6122=AXIS2_PLACEMENT_3D('',#9947,#7711,#7712);
#6123=AXIS2_PLACEMENT_3D('',#9948,#7713,#7714);
#6124=AXIS2_PLACEMENT_3D('',#9949,#7715,#7716);
#6125=AXIS2_PLACEMENT_3D('',#9950,#7717,#7718);
#6126=AXIS2_PLACEMENT_3D('',#9951,#7719,#7720);
#6127=AXIS2_PLACEMENT_3D('',#9952,#7721,#7722);
#6128=AXIS2_PLACEMENT_3D('',#9953,#7723,#7724);
#6129=AXIS2_PLACEMENT_3D('',#9958,#7726,#7727);
#6130=AXIS2_PLACEMENT_3D('',#9961,#7729,#7730);
#6131=AXIS2_PLACEMENT_3D('',#9962,#7731,#7732);
#6132=AXIS2_PLACEMENT_3D('',#9963,#7733,#7734);
#6133=AXIS2_PLACEMENT_3D('',#9964,#7735,#7736);
#6134=AXIS2_PLACEMENT_3D('',#9965,#7737,#7738);
#6135=AXIS2_PLACEMENT_3D('',#9966,#7739,#7740);
#6136=AXIS2_PLACEMENT_3D('',#9971,#7742,#7743);
#6137=AXIS2_PLACEMENT_3D('',#9974,#7745,#7746);
#6138=AXIS2_PLACEMENT_3D('',#9975,#7747,#7748);
#6139=AXIS2_PLACEMENT_3D('',#9976,#7749,#7750);
#6140=AXIS2_PLACEMENT_3D('',#9977,#7751,#7752);
#6141=AXIS2_PLACEMENT_3D('',#9978,#7753,#7754);
#6142=AXIS2_PLACEMENT_3D('',#9979,#7755,#7756);
#6143=AXIS2_PLACEMENT_3D('',#9983,#7758,#7759);
#6144=AXIS2_PLACEMENT_3D('',#9984,#7760,#7761);
#6145=AXIS2_PLACEMENT_3D('',#9985,#7762,#7763);
#6146=AXIS2_PLACEMENT_3D('',#9987,#7764,#7765);
#6147=AXIS2_PLACEMENT_3D('',#9988,#7766,#7767);
#6148=AXIS2_PLACEMENT_3D('',#9989,#7768,#7769);
#6149=AXIS2_PLACEMENT_3D('',#9991,#7770,#7771);
#6150=AXIS2_PLACEMENT_3D('',#9992,#7772,#7773);
#6151=AXIS2_PLACEMENT_3D('',#9994,#7775,#7776);
#6152=AXIS2_PLACEMENT_3D('',#9995,#7777,#7778);
#6153=AXIS2_PLACEMENT_3D('',#9999,#7780,#7781);
#6154=AXIS2_PLACEMENT_3D('',#10000,#7782,#7783);
#6155=AXIS2_PLACEMENT_3D('',#10001,#7784,#7785);
#6156=AXIS2_PLACEMENT_3D('',#10003,#7786,#7787);
#6157=AXIS2_PLACEMENT_3D('',#10004,#7788,#7789);
#6158=AXIS2_PLACEMENT_3D('',#10005,#7790,#7791);
#6159=AXIS2_PLACEMENT_3D('',#10007,#7792,#7793);
#6160=AXIS2_PLACEMENT_3D('',#10008,#7794,#7795);
#6161=AXIS2_PLACEMENT_3D('',#10010,#7797,#7798);
#6162=AXIS2_PLACEMENT_3D('',#10011,#7799,#7800);
#6163=AXIS2_PLACEMENT_3D('',#10012,#7801,#7802);
#6164=AXIS2_PLACEMENT_3D('',#10013,#7803,#7804);
#6165=AXIS2_PLACEMENT_3D('',#10014,#7805,#7806);
#6166=AXIS2_PLACEMENT_3D('',#10015,#7807,#7808);
#6167=AXIS2_PLACEMENT_3D('',#10016,#7809,#7810);
#6168=AXIS2_PLACEMENT_3D('',#10017,#7811,#7812);
#6169=AXIS2_PLACEMENT_3D('',#10018,#7813,#7814);
#6170=AXIS2_PLACEMENT_3D('',#10019,#7815,#7816);
#6171=AXIS2_PLACEMENT_3D('',#10020,#7817,#7818);
#6172=AXIS2_PLACEMENT_3D('',#10021,#7819,#7820);
#6173=AXIS2_PLACEMENT_3D('',#10022,#7821,#7822);
#6174=AXIS2_PLACEMENT_3D('',#10023,#7823,#7824);
#6175=AXIS2_PLACEMENT_3D('',#10024,#7825,#7826);
#6176=AXIS2_PLACEMENT_3D('',#10025,#7827,#7828);
#6177=AXIS2_PLACEMENT_3D('',#10026,#7829,#7830);
#6178=AXIS2_PLACEMENT_3D('',#10048,#7831,#7832);
#6179=AXIS2_PLACEMENT_3D('',#10065,#7833,#7834);
#6180=AXIS2_PLACEMENT_3D('',#10066,#7835,#7836);
#6181=AXIS2_PLACEMENT_3D('',#10067,#7837,#7838);
#6182=AXIS2_PLACEMENT_3D('',#10085,#7839,#7840);
#6183=AXIS2_PLACEMENT_3D('',#10086,#7841,#7842);
#6184=AXIS2_PLACEMENT_3D('',#10107,#7843,#7844);
#6185=AXIS2_PLACEMENT_3D('',#10108,#7845,#7846);
#6186=AXIS2_PLACEMENT_3D('',#10109,#7847,#7848);
#6187=AXIS2_PLACEMENT_3D('',#10122,#7849,#7850);
#6188=AXIS2_PLACEMENT_3D('',#10138,#7851,#7852);
#6189=AXIS2_PLACEMENT_3D('',#10151,#7853,#7854);
#6190=AXIS2_PLACEMENT_3D('',#10152,#7855,#7856);
#6191=AXIS2_PLACEMENT_3D('',#10153,#7857,#7858);
#6192=AXIS2_PLACEMENT_3D('',#10184,#7859,#7860);
#6193=AXIS2_PLACEMENT_3D('',#10185,#7861,#7862);
#6194=AXIS2_PLACEMENT_3D('',#10186,#7863,#7864);
#6195=AXIS2_PLACEMENT_3D('',#10199,#7865,#7866);
#6196=AXIS2_PLACEMENT_3D('',#10215,#7867,#7868);
#6197=AXIS2_PLACEMENT_3D('',#10228,#7869,#7870);
#6198=DIRECTION('',(0.,0.,1.));
#6199=DIRECTION('',(1.,0.,0.));
#6200=DIRECTION('',(-1.,-4.45409998966999E-17,0.));
#6201=DIRECTION('',(4.45409998966999E-17,-1.,0.));
#6202=DIRECTION('',(-4.45409998966999E-17,1.,0.));
#6203=DIRECTION('',(-1.,-4.45409998966999E-17,0.));
#6204=DIRECTION('',(4.45409998966999E-17,-1.,0.));
#6205=DIRECTION('',(-4.45409998966999E-17,1.,0.));
#6206=DIRECTION('',(0.,0.,-1.));
#6207=DIRECTION('',(3.14952430677861E-17,-0.707106781186553,-0.707106781186542));
#6208=DIRECTION('',(-1.,4.45409998966999E-17,0.));
#6209=DIRECTION('',(-4.45409998966999E-17,-1.,0.));
#6210=DIRECTION('',(4.45409998966999E-17,1.,0.));
#6211=DIRECTION('',(-1.,4.45409998966999E-17,0.));
#6212=DIRECTION('',(-4.45409998966999E-17,-1.,0.));
#6213=DIRECTION('',(4.45409998966999E-17,1.,0.));
#6214=DIRECTION('',(3.14952430677861E-17,0.707106781186553,0.707106781186542));
#6215=DIRECTION('',(0.,0.,-1.));
#6216=DIRECTION('',(0.,1.,0.));
#6217=DIRECTION('',(0.,0.,1.));
#6218=DIRECTION('',(0.,1.,0.));
#6219=DIRECTION('',(0.,0.,1.));
#6220=DIRECTION('',(-0.707106781186548,0.,-0.707106781186548));
#6221=DIRECTION('',(0.,0.,1.));
#6222=DIRECTION('',(-1.,0.,0.));
#6223=DIRECTION('',(0.,0.,-1.));
#6224=DIRECTION('',(1.,0.,0.));
#6225=DIRECTION('',(0.,0.,-1.));
#6226=DIRECTION('',(0.,1.,0.));
#6227=DIRECTION('',(0.,0.,1.));
#6228=DIRECTION('',(0.,1.,0.));
#6229=DIRECTION('',(0.,0.,1.));
#6230=DIRECTION('',(0.,0.,-1.));
#6231=DIRECTION('',(1.,0.,0.));
#6232=DIRECTION('',(0.,0.,-1.));
#6233=DIRECTION('',(1.,0.,0.));
#6234=DIRECTION('',(0.,0.,1.));
#6235=DIRECTION('',(0.707106781186548,0.,-0.707106781186548));
#6236=DIRECTION('',(0.,0.,1.));
#6237=DIRECTION('',(1.,0.,0.));
#6238=DIRECTION('',(-1.,0.,0.));
#6239=DIRECTION('',(0.,1.,0.));
#6240=DIRECTION('',(1.,0.,0.));
#6241=DIRECTION('',(0.,1.,0.));
#6242=DIRECTION('',(0.,0.,1.));
#6243=DIRECTION('',(1.,0.,0.));
#6244=DIRECTION('',(1.,0.,0.));
#6245=DIRECTION('',(9.46212805078258E-17,1.,0.));
#6246=DIRECTION('',(1.,-1.73472347597679E-16,0.));
#6247=DIRECTION('',(0.,1.,0.));
#6248=DIRECTION('',(0.,0.,1.));
#6249=DIRECTION('',(1.,0.,0.));
#6250=DIRECTION('',(-1.,-1.30104260698261E-16,0.));
#6251=DIRECTION('',(0.,0.,1.));
#6252=DIRECTION('',(1.,0.,0.));
#6253=DIRECTION('',(-1.,-8.67361737988404E-17,0.));
#6254=DIRECTION('',(0.,0.,1.));
#6255=DIRECTION('',(1.,0.,0.));
#6256=DIRECTION('',(0.577350269189626,0.816496580927726,0.));
#6257=DIRECTION('',(0.,1.,0.));
#6258=DIRECTION('',(0.,0.,1.));
#6259=DIRECTION('',(0.,1.,0.));
#6260=DIRECTION('',(1.,-1.73472347597679E-16,0.));
#6261=DIRECTION('',(9.46212805078258E-17,1.,0.));
#6262=DIRECTION('',(1.,0.,0.));
#6263=DIRECTION('',(0.,1.,0.));
#6264=DIRECTION('',(-0.285979368394243,-0.9582357751894,0.));
#6265=DIRECTION('',(0.,0.,1.));
#6266=DIRECTION('',(1.,0.,0.));
#6267=DIRECTION('',(1.57565306353622E-16,-1.,0.));
#6268=DIRECTION('',(0.,0.,1.));
#6269=DIRECTION('',(1.,0.,0.));
#6270=DIRECTION('',(1.,0.,0.));
#6271=DIRECTION('',(-5.93879998622666E-17,1.,0.));
#6272=DIRECTION('',(0.,0.,-1.));
#6273=DIRECTION('',(-1.,0.,0.));
#6274=DIRECTION('',(-5.93879998622666E-17,1.,0.));
#6275=DIRECTION('',(1.,0.,0.));
#6276=DIRECTION('',(-4.45409998966999E-17,1.,0.));
#6277=DIRECTION('',(1.,0.,0.));
#6278=DIRECTION('',(1.84374621430182E-16,-1.,0.));
#6279=DIRECTION('',(1.,0.,0.));
#6280=DIRECTION('',(1.84374621430182E-16,-1.,0.));
#6281=DIRECTION('',(1.,0.,0.));
#6282=DIRECTION('',(4.45409998966999E-17,1.,0.));
#6283=DIRECTION('',(1.,0.,0.));
#6284=DIRECTION('',(5.93879998622666E-17,1.,0.));
#6285=DIRECTION('',(0.,0.,1.));
#6286=DIRECTION('',(1.,0.,0.));
#6287=DIRECTION('',(5.93879998622666E-17,1.,0.));
#6288=DIRECTION('',(1.,0.,0.));
#6289=DIRECTION('',(0.,0.,1.));
#6290=DIRECTION('',(1.,0.,0.));
#6291=DIRECTION('',(1.57565306353622E-16,1.,0.));
#6292=DIRECTION('',(0.,0.,1.));
#6293=DIRECTION('',(1.,0.,0.));
#6294=DIRECTION('',(-0.285979368394243,0.9582357751894,0.));
#6295=DIRECTION('',(0.,1.,0.));
#6296=DIRECTION('',(-1.,0.,0.));
#6297=DIRECTION('',(0.,1.,0.));
#6298=DIRECTION('',(-1.,-8.67361737988397E-17,0.));
#6299=DIRECTION('',(0.,0.,1.));
#6300=DIRECTION('',(0.,1.,0.));
#6301=DIRECTION('',(0.,-1.,0.));
#6302=DIRECTION('',(0.577350269189625,-0.816496580927727,0.));
#6303=DIRECTION('',(0.,0.,1.));
#6304=DIRECTION('',(1.,0.,0.));
#6305=DIRECTION('',(-1.,0.,0.));
#6306=DIRECTION('',(0.,0.,1.));
#6307=DIRECTION('',(1.,0.,0.));
#6308=DIRECTION('',(-1.,-5.93879998622666E-17,0.));
#6309=DIRECTION('',(5.93879998622666E-17,-1.,0.));
#6310=DIRECTION('',(0.,0.,-1.));
#6311=DIRECTION('',(-5.93879998622666E-17,1.,0.));
#6312=DIRECTION('',(4.19936574237145E-17,-0.707106781186548,-0.707106781186547));
#6313=DIRECTION('',(0.,0.,-1.));
#6314=DIRECTION('',(-1.,-5.93879998622666E-17,0.));
#6315=DIRECTION('',(5.93879998622666E-17,-1.,0.));
#6316=DIRECTION('',(0.,0.,-1.));
#6317=DIRECTION('',(-5.93879998622666E-17,1.,0.));
#6318=DIRECTION('',(-1.,-5.93879998622666E-17,0.));
#6319=DIRECTION('',(5.93879998622666E-17,-1.,0.));
#6320=DIRECTION('',(-1.,-4.45409998966999E-17,0.));
#6321=DIRECTION('',(4.45409998966999E-17,-1.,0.));
#6322=DIRECTION('',(4.45409998966999E-17,-1.,0.));
#6323=DIRECTION('',(-1.,-4.45409998966999E-17,0.));
#6324=DIRECTION('',(4.45409998966999E-17,-1.,0.));
#6325=DIRECTION('',(-1.,-4.45409998966999E-17,0.));
#6326=DIRECTION('',(4.45409998966999E-17,-1.,0.));
#6327=DIRECTION('',(0.,0.,-1.));
#6328=DIRECTION('',(0.,-1.,0.));
#6329=DIRECTION('',(0.,0.,-1.));
#6330=DIRECTION('',(0.,0.,-1.));
#6331=DIRECTION('',(-1.,0.,0.));
#6332=DIRECTION('',(0.,0.,1.));
#6333=DIRECTION('',(0.707106781186548,0.,0.707106781186548));
#6334=DIRECTION('',(-1.,0.,0.));
#6335=DIRECTION('',(-5.93879998622666E-17,1.,0.));
#6336=DIRECTION('',(-1.,-5.93879998622666E-17,0.));
#6337=DIRECTION('',(-5.93879998622666E-17,1.,0.));
#6338=DIRECTION('',(0.,1.,0.));
#6339=DIRECTION('',(0.,0.,1.));
#6340=DIRECTION('',(4.45409998966999E-17,-1.,0.));
#6341=DIRECTION('',(1.,4.45409998966999E-17,0.));
#6342=DIRECTION('',(-4.45409998966999E-17,1.,0.));
#6343=DIRECTION('',(-0.707106781186548,-0.707106781186548,0.));
#6344=DIRECTION('',(0.707106781186548,-0.707106781186548,0.));
#6345=DIRECTION('',(0.9582357751894,-0.285979368394243,0.));
#6346=DIRECTION('',(0.285979368394243,0.9582357751894,0.));
#6347=DIRECTION('',(0.,0.,1.));
#6348=DIRECTION('',(-0.285979368394243,-0.9582357751894,0.));
#6349=DIRECTION('',(0.,0.,-1.));
#6350=DIRECTION('',(0.285979368394243,0.9582357751894,0.));
#6351=DIRECTION('',(-1.,5.93879998622666E-17,0.));
#6352=DIRECTION('',(-5.93879998622666E-17,-1.,0.));
#6353=DIRECTION('',(-4.19936574237145E-17,-0.707106781186548,-0.707106781186547));
#6354=DIRECTION('',(5.93879998622666E-17,1.,0.));
#6355=DIRECTION('',(0.,0.,-1.));
#6356=DIRECTION('',(-1.,5.93879998622666E-17,0.));
#6357=DIRECTION('',(-5.93879998622666E-17,-1.,0.));
#6358=DIRECTION('',(5.93879998622666E-17,1.,0.));
#6359=DIRECTION('',(0.,0.,-1.));
#6360=DIRECTION('',(-1.,5.93879998622666E-17,0.));
#6361=DIRECTION('',(-5.93879998622666E-17,-1.,0.));
#6362=DIRECTION('',(0.,0.,-1.));
#6363=DIRECTION('',(0.67757501461197,-0.202217950671014,0.707106781186551));
#6364=DIRECTION('',(-0.285979368394243,-0.9582357751894,0.));
#6365=DIRECTION('',(0.,0.961456595809213,0.274956750007995));
#6366=DIRECTION('',(0.703366468455224,-0.102719141865878,-0.703366468455218));
#6367=DIRECTION('',(0.285979368394243,0.9582357751894,0.));
#6368=DIRECTION('',(0.677575014611974,-0.202217950671023,-0.707106781186544));
#6369=DIRECTION('',(-0.67757501461197,0.202217950671014,0.707106781186551));
#6370=DIRECTION('',(0.285979368394243,0.9582357751894,0.));
#6371=DIRECTION('',(-0.67757501461197,0.202217950671014,0.707106781186551));
#6372=DIRECTION('',(0.139908259460782,0.979340543644761,-0.146006090654599));
#6373=DIRECTION('',(0.,0.961456595809213,-0.274956750007995));
#6374=DIRECTION('',(0.677575014611991,-0.202217950671021,0.707106781186528));
#6375=DIRECTION('',(-1.,-5.93879998622666E-17,0.));
#6376=DIRECTION('',(5.93879998622666E-17,-1.,0.));
#6377=DIRECTION('',(0.,0.,-1.));
#6378=DIRECTION('',(-5.93879998622666E-17,1.,0.));
#6379=DIRECTION('',(0.,0.,-1.));
#6380=DIRECTION('',(-4.19936574237148E-17,0.707106781186553,0.707106781186542));
#6381=DIRECTION('',(-1.,5.93879998622666E-17,0.));
#6382=DIRECTION('',(-5.93879998622666E-17,-1.,0.));
#6383=DIRECTION('',(0.,0.,-1.));
#6384=DIRECTION('',(5.93879998622666E-17,1.,0.));
#6385=DIRECTION('',(0.,0.,-1.));
#6386=DIRECTION('',(-4.19936574237148E-17,-0.707106781186553,-0.707106781186542));
#6387=DIRECTION('',(0.,0.,1.));
#6388=DIRECTION('',(1.,0.,0.));
#6389=DIRECTION('',(0.,-1.,0.));
#6390=DIRECTION('',(0.285979368394243,-0.9582357751894,0.));
#6391=DIRECTION('',(0.,0.,1.));
#6392=DIRECTION('',(1.,0.,0.));
#6393=DIRECTION('',(-1.57565306353622E-16,-1.,0.));
#6394=DIRECTION('',(0.,0.,1.));
#6395=DIRECTION('',(1.,0.,0.));
#6396=DIRECTION('',(-1.,0.,0.));
#6397=DIRECTION('',(-1.84374621430182E-16,1.,0.));
#6398=DIRECTION('',(-1.,0.,0.));
#6399=DIRECTION('',(-1.84374621430182E-16,1.,0.));
#6400=DIRECTION('',(-1.,0.,0.));
#6401=DIRECTION('',(0.,0.,1.));
#6402=DIRECTION('',(1.,0.,0.));
#6403=DIRECTION('',(-1.57565306353622E-16,1.,0.));
#6404=DIRECTION('',(0.,0.,1.));
#6405=DIRECTION('',(1.,0.,0.));
#6406=DIRECTION('',(0.,1.,0.));
#6407=DIRECTION('',(0.,0.,1.));
#6408=DIRECTION('',(1.,0.,0.));
#6409=DIRECTION('',(1.,0.,0.));
#6410=DIRECTION('',(0.,0.,1.));
#6411=DIRECTION('',(1.,0.,0.));
#6412=DIRECTION('',(0.,0.,1.));
#6413=DIRECTION('',(1.,0.,0.));
#6414=DIRECTION('',(0.,0.,-1.));
#6415=DIRECTION('',(-1.,0.,0.));
#6416=DIRECTION('',(0.,0.,-1.));
#6417=DIRECTION('',(1.,0.,0.));
#6418=DIRECTION('',(0.,0.,-1.));
#6419=DIRECTION('',(-1.,0.,0.));
#6420=DIRECTION('',(0.,-1.,0.));
#6421=DIRECTION('',(0.,0.,-1.));
#6422=DIRECTION('',(0.,-1.,0.));
#6423=DIRECTION('',(0.,0.,-1.));
#6424=DIRECTION('',(-1.,0.,0.));
#6425=DIRECTION('',(0.,0.,-1.));
#6426=DIRECTION('',(1.,0.,0.));
#6427=DIRECTION('',(0.,-1.,0.));
#6428=DIRECTION('',(0.,0.,-1.));
#6429=DIRECTION('',(0.,-1.,0.));
#6430=DIRECTION('',(0.,0.,-1.));
#6431=DIRECTION('',(1.,0.,0.));
#6432=DIRECTION('',(0.,0.,-1.));
#6433=DIRECTION('',(-1.,0.,0.));
#6434=DIRECTION('',(0.9582357751894,0.285979368394243,0.));
#6435=DIRECTION('',(-0.285979368394243,0.9582357751894,0.));
#6436=DIRECTION('',(0.,0.,-1.));
#6437=DIRECTION('',(0.285979368394243,-0.9582357751894,0.));
#6438=DIRECTION('',(0.,0.,-1.));
#6439=DIRECTION('',(-0.285979368394243,0.9582357751894,0.));
#6440=DIRECTION('',(-1.,-1.57565306353622E-16,0.));
#6441=DIRECTION('',(1.57565306353622E-16,-1.,0.));
#6442=DIRECTION('',(0.,0.,-1.));
#6443=DIRECTION('',(-1.57565306353622E-16,1.,0.));
#6444=DIRECTION('',(0.,0.,-1.));
#6445=DIRECTION('',(1.57565306353622E-16,-1.,0.));
#6446=DIRECTION('',(-1.,1.57565306353622E-16,0.));
#6447=DIRECTION('',(-1.57565306353622E-16,-1.,0.));
#6448=DIRECTION('',(0.,0.,-1.));
#6449=DIRECTION('',(1.57565306353622E-16,1.,0.));
#6450=DIRECTION('',(0.,0.,-1.));
#6451=DIRECTION('',(-1.57565306353622E-16,-1.,0.));
#6452=DIRECTION('',(0.,0.,-1.));
#6453=DIRECTION('',(-1.,0.,0.));
#6454=DIRECTION('',(0.,0.,1.));
#6455=DIRECTION('',(1.,0.,0.));
#6456=DIRECTION('',(1.84374621430182E-16,-1.,0.));
#6457=DIRECTION('',(1.,1.84374621430182E-16,0.));
#6458=DIRECTION('',(0.,-1.,0.));
#6459=DIRECTION('',(0.,0.,-1.));
#6460=DIRECTION('',(0.707106781186548,-0.707106781186548,0.));
#6461=DIRECTION('',(0.707106781186548,0.707106781186548,0.));
#6462=DIRECTION('',(1.,0.,0.));
#6463=DIRECTION('',(0.,0.,-1.));
#6464=DIRECTION('',(0.707106781186548,0.707106781186548,0.));
#6465=DIRECTION('',(-0.707106781186548,0.707106781186548,0.));
#6466=DIRECTION('',(-1.84374621430182E-16,1.,0.));
#6467=DIRECTION('',(-1.,-1.84374621430182E-16,0.));
#6468=DIRECTION('',(0.,-1.,0.));
#6469=DIRECTION('',(0.,0.,-1.));
#6470=DIRECTION('',(0.,0.,1.));
#6471=DIRECTION('',(1.,0.,0.));
#6472=DIRECTION('',(0.,0.,1.));
#6473=DIRECTION('',(1.,0.,0.));
#6474=DIRECTION('',(0.,0.,1.));
#6475=DIRECTION('',(1.,0.,0.));
#6476=DIRECTION('',(0.,0.,-1.));
#6477=DIRECTION('',(-1.,0.,0.));
#6478=DIRECTION('',(0.,0.,1.));
#6479=DIRECTION('',(1.,0.,0.));
#6480=DIRECTION('',(0.,0.,1.));
#6481=DIRECTION('',(1.,0.,0.));
#6482=DIRECTION('',(0.,-1.,0.));
#6483=DIRECTION('',(0.,0.,-1.));
#6484=DIRECTION('',(-1.,0.,0.));
#6485=DIRECTION('',(-1.,0.,0.));
#6486=DIRECTION('',(-1.,4.45409998966999E-17,0.));
#6487=DIRECTION('',(-4.45409998966999E-17,-1.,0.));
#6488=DIRECTION('',(-1.,4.45409998966999E-17,0.));
#6489=DIRECTION('',(-4.45409998966999E-17,-1.,0.));
#6490=DIRECTION('',(-4.45409998966999E-17,-1.,0.));
#6491=DIRECTION('',(0.,0.,-1.));
#6492=DIRECTION('',(-1.,4.45409998966999E-17,0.));
#6493=DIRECTION('',(-4.45409998966999E-17,-1.,0.));
#6494=DIRECTION('',(0.,0.,1.));
#6495=DIRECTION('',(1.,0.,0.));
#6496=DIRECTION('',(-1.,0.,0.));
#6497=DIRECTION('',(0.,1.,0.));
#6498=DIRECTION('',(1.,0.,0.));
#6499=DIRECTION('',(0.,-1.,0.));
#6500=DIRECTION('',(0.,1.,0.));
#6501=DIRECTION('',(-1.,0.,0.));
#6502=DIRECTION('',(0.,1.,0.));
#6503=DIRECTION('',(1.,0.,0.));
#6504=DIRECTION('',(0.,-1.,0.));
#6505=DIRECTION('',(0.,-1.,0.));
#6506=DIRECTION('',(1.,0.,0.));
#6507=DIRECTION('',(0.,-1.,0.));
#6508=DIRECTION('',(-1.,0.,0.));
#6509=DIRECTION('',(0.,1.,0.));
#6510=DIRECTION('',(-1.,0.,0.));
#6511=DIRECTION('',(4.45409998966999E-17,1.,0.));
#6512=DIRECTION('',(-1.,0.,0.));
#6513=DIRECTION('',(5.93879998622666E-17,1.,0.));
#6514=DIRECTION('',(0.,0.,1.));
#6515=DIRECTION('',(1.,0.,0.));
#6516=DIRECTION('',(5.93879998622666E-17,1.,0.));
#6517=DIRECTION('',(-1.,0.,0.));
#6518=DIRECTION('',(0.,-1.,0.));
#6519=DIRECTION('',(-1.,0.,0.));
#6520=DIRECTION('',(0.,1.,0.));
#6521=DIRECTION('',(0.,1.,0.));
#6522=DIRECTION('',(0.,0.,1.));
#6523=DIRECTION('',(1.,0.,0.));
#6524=DIRECTION('',(0.,0.,-1.));
#6525=DIRECTION('',(1.,0.,0.));
#6526=DIRECTION('',(0.,0.,-1.));
#6527=DIRECTION('',(-1.,0.,0.));
#6528=DIRECTION('',(0.,0.,1.));
#6529=DIRECTION('',(0.,1.,0.));
#6530=DIRECTION('',(-1.,0.,0.));
#6531=DIRECTION('',(0.,0.,1.));
#6532=DIRECTION('',(0.,0.,-1.));
#6533=DIRECTION('',(0.,-1.,0.));
#6534=DIRECTION('',(0.,0.,-1.));
#6535=DIRECTION('',(-1.,0.,0.));
#6536=DIRECTION('',(0.,0.,-1.));
#6537=DIRECTION('',(1.,0.,0.));
#6538=DIRECTION('',(0.,0.,-1.));
#6539=DIRECTION('',(0.,-1.,0.));
#6540=DIRECTION('',(1.,0.,0.));
#6541=DIRECTION('',(0.,0.,-1.));
#6542=DIRECTION('',(0.,0.,1.));
#6543=DIRECTION('',(1.,0.,0.));
#6544=DIRECTION('',(0.,0.,-1.));
#6545=DIRECTION('',(0.,0.,-1.));
#6546=DIRECTION('',(0.,0.,-1.));
#6547=DIRECTION('',(0.,0.,-1.));
#6548=DIRECTION('',(-1.,0.,0.));
#6549=DIRECTION('',(0.,0.,1.));
#6550=DIRECTION('',(0.,1.,0.));
#6551=DIRECTION('',(0.,0.,-1.));
#6552=DIRECTION('',(0.,-1.,0.));
#6553=DIRECTION('',(0.,0.,-1.));
#6554=DIRECTION('',(-1.,0.,0.));
#6555=DIRECTION('',(0.,0.,-1.));
#6556=DIRECTION('',(1.,0.,0.));
#6557=DIRECTION('',(0.,0.,-1.));
#6558=DIRECTION('',(0.,-1.,0.));
#6559=DIRECTION('',(0.,0.,-1.));
#6560=DIRECTION('',(0.,1.,0.));
#6561=DIRECTION('',(0.,0.,1.));
#6562=DIRECTION('',(1.,0.,0.));
#6563=DIRECTION('',(0.,0.,-1.));
#6564=DIRECTION('',(1.,0.,0.));
#6565=DIRECTION('',(0.,0.,-1.));
#6566=DIRECTION('',(0.,-1.,0.));
#6567=DIRECTION('',(0.,0.,-1.));
#6568=DIRECTION('',(-1.,0.,0.));
#6569=DIRECTION('',(0.,0.,1.));
#6570=DIRECTION('',(0.,1.,0.));
#6571=DIRECTION('',(0.,0.,-1.));
#6572=DIRECTION('',(0.,1.,0.));
#6573=DIRECTION('',(0.,0.,-1.));
#6574=DIRECTION('',(0.,1.,0.));
#6575=DIRECTION('',(0.,0.,1.));
#6576=DIRECTION('',(1.,0.,0.));
#6577=DIRECTION('',(1.,0.,0.));
#6578=DIRECTION('',(0.,0.,-1.));
#6579=DIRECTION('',(1.,0.,0.));
#6580=DIRECTION('',(0.,0.,-1.));
#6581=DIRECTION('',(0.,-1.,0.));
#6582=DIRECTION('',(0.,-1.,0.));
#6583=DIRECTION('',(0.,0.,-1.));
#6584=DIRECTION('',(0.,0.,-1.));
#6585=DIRECTION('',(0.,0.,-1.));
#6586=DIRECTION('',(0.,0.,-1.));
#6587=DIRECTION('',(0.,0.,1.));
#6588=DIRECTION('',(1.,0.,0.));
#6589=DIRECTION('',(0.,0.,1.));
#6590=DIRECTION('',(1.,0.,0.));
#6591=DIRECTION('',(0.,0.,-1.));
#6592=DIRECTION('',(0.,0.,-1.));
#6593=DIRECTION('',(0.,0.,-1.));
#6594=DIRECTION('',(0.,0.,-1.));
#6595=DIRECTION('',(1.,0.,0.));
#6596=DIRECTION('',(0.,0.,-1.));
#6597=DIRECTION('',(0.,-1.,0.));
#6598=DIRECTION('',(0.,0.,-1.));
#6599=DIRECTION('',(0.,1.,0.));
#6600=DIRECTION('',(0.,0.,1.));
#6601=DIRECTION('',(1.,0.,0.));
#6602=DIRECTION('',(0.,0.,-1.));
#6603=DIRECTION('',(-1.,0.,0.));
#6604=DIRECTION('',(0.,0.,1.));
#6605=DIRECTION('',(0.,1.,0.));
#6606=DIRECTION('',(0.,0.,-1.));
#6607=DIRECTION('',(0.,-1.,0.));
#6608=DIRECTION('',(0.,0.,-1.));
#6609=DIRECTION('',(-1.,0.,0.));
#6610=DIRECTION('',(0.,0.,-1.));
#6611=DIRECTION('',(-1.,0.,0.));
#6612=DIRECTION('',(0.,0.,1.));
#6613=DIRECTION('',(0.,1.,0.));
#6614=DIRECTION('',(0.,0.,-1.));
#6615=DIRECTION('',(1.,0.,0.));
#6616=DIRECTION('',(0.,0.,-1.));
#6617=DIRECTION('',(0.,-1.,0.));
#6618=DIRECTION('',(0.,0.,-1.));
#6619=DIRECTION('',(0.,-1.,0.));
#6620=DIRECTION('',(0.,0.,-1.));
#6621=DIRECTION('',(0.,-1.,0.));
#6622=DIRECTION('',(0.,0.,-1.));
#6623=DIRECTION('',(-1.,0.,0.));
#6624=DIRECTION('',(-1.,0.,0.));
#6625=DIRECTION('',(0.,0.,-1.));
#6626=DIRECTION('',(-1.,0.,0.));
#6627=DIRECTION('',(0.,0.,1.));
#6628=DIRECTION('',(0.,1.,0.));
#6629=DIRECTION('',(0.,1.,0.));
#6630=DIRECTION('',(0.,0.,-1.));
#6631=DIRECTION('',(0.,0.,-1.));
#6632=DIRECTION('',(0.,0.,-1.));
#6633=DIRECTION('',(0.,0.,-1.));
#6634=DIRECTION('',(0.,0.,1.));
#6635=DIRECTION('',(1.,0.,0.));
#6636=DIRECTION('',(0.,0.,1.));
#6637=DIRECTION('',(1.,0.,0.));
#6638=DIRECTION('',(0.,-1.,0.));
#6639=DIRECTION('',(0.,0.,-1.));
#6640=DIRECTION('',(-1.,0.,0.));
#6641=DIRECTION('',(0.,0.,-1.));
#6642=DIRECTION('',(0.,0.,-1.));
#6643=DIRECTION('',(1.,0.,0.));
#6644=DIRECTION('',(0.,0.,-1.));
#6645=DIRECTION('',(0.,-1.,0.));
#6646=DIRECTION('',(0.,0.,-1.));
#6647=DIRECTION('',(0.,1.,0.));
#6648=DIRECTION('',(0.,0.,1.));
#6649=DIRECTION('',(1.,0.,0.));
#6650=DIRECTION('',(0.,0.,-1.));
#6651=DIRECTION('',(-1.,0.,0.));
#6652=DIRECTION('',(0.,0.,1.));
#6653=DIRECTION('',(0.,1.,0.));
#6654=DIRECTION('',(0.,0.,1.));
#6655=DIRECTION('',(1.,0.,0.));
#6656=DIRECTION('',(0.,1.,0.));
#6657=DIRECTION('',(0.,0.,1.));
#6658=DIRECTION('',(1.,0.,0.));
#6659=DIRECTION('',(-1.,0.,0.));
#6660=DIRECTION('',(0.,0.,1.));
#6661=DIRECTION('',(-1.,0.,0.));
#6662=DIRECTION('',(-1.,0.,0.));
#6663=DIRECTION('',(0.,0.,-1.));
#6664=DIRECTION('',(-1.,0.,0.));
#6665=DIRECTION('',(-5.93879998622666E-17,1.,0.));
#6666=DIRECTION('',(1.,0.,0.));
#6667=DIRECTION('',(0.,0.,-1.));
#6668=DIRECTION('',(-1.,0.,0.));
#6669=DIRECTION('',(0.,0.,-1.));
#6670=DIRECTION('',(-1.,0.,0.));
#6671=DIRECTION('',(-5.93879998622666E-17,-1.,0.));
#6672=DIRECTION('',(1.,-5.93879998622666E-17,0.));
#6673=DIRECTION('',(0.,-1.,0.));
#6674=DIRECTION('',(0.,0.,-1.));
#6675=DIRECTION('',(-5.93879998622666E-17,-1.,0.));
#6676=DIRECTION('',(1.,-5.93879998622666E-17,0.));
#6677=DIRECTION('',(-0.707106781186548,-0.707106781186548,0.));
#6678=DIRECTION('',(0.707106781186548,-0.707106781186548,0.));
#6679=DIRECTION('',(4.45409998966999E-17,1.,0.));
#6680=DIRECTION('',(-1.,4.45409998966999E-17,0.));
#6681=DIRECTION('',(-0.707106781186548,0.707106781186548,0.));
#6682=DIRECTION('',(0.707106781186548,0.707106781186548,0.));
#6683=DIRECTION('',(-1.,0.,0.));
#6684=DIRECTION('',(0.,0.,1.));
#6685=DIRECTION('',(-5.93879998622666E-17,1.,0.));
#6686=DIRECTION('',(-1.,-5.93879998622666E-17,0.));
#6687=DIRECTION('',(-0.707106781186548,0.707106781186548,0.));
#6688=DIRECTION('',(0.707106781186548,0.707106781186548,0.));
#6689=DIRECTION('',(-1.,0.,0.));
#6690=DIRECTION('',(0.,0.,1.));
#6691=DIRECTION('',(0.,0.,1.));
#6692=DIRECTION('',(1.,0.,0.));
#6693=DIRECTION('',(0.,0.,1.));
#6694=DIRECTION('',(1.,0.,0.));
#6695=DIRECTION('',(0.,0.,1.));
#6696=DIRECTION('',(1.,0.,0.));
#6697=DIRECTION('',(0.,0.,1.));
#6698=DIRECTION('',(1.,0.,0.));
#6699=DIRECTION('',(0.,0.,1.));
#6700=DIRECTION('',(1.,0.,0.));
#6701=DIRECTION('',(0.,0.,1.));
#6702=DIRECTION('',(1.,0.,0.));
#6703=DIRECTION('',(0.,0.,1.));
#6704=DIRECTION('',(1.,0.,0.));
#6705=DIRECTION('',(0.707106781186548,0.,-0.707106781186548));
#6706=DIRECTION('',(-0.707106781186549,-1.11415496602382E-16,-0.707106781186546));
#6707=DIRECTION('',(1.57565306353622E-16,-1.,0.));
#6708=DIRECTION('',(0.707106781186548,0.,-0.707106781186548));
#6709=DIRECTION('',(0.,0.,1.));
#6710=DIRECTION('',(1.,0.,0.));
#6711=DIRECTION('',(0.,0.707106781186553,-0.707106781186542));
#6712=DIRECTION('',(0.,-0.707106781186542,-0.707106781186553));
#6713=DIRECTION('',(1.,0.,0.));
#6714=DIRECTION('',(0.,0.707106781186553,-0.707106781186542));
#6715=DIRECTION('',(0.,1.,0.));
#6716=DIRECTION('',(0.,0.,1.));
#6717=DIRECTION('',(0.,0.707106781186553,0.707106781186542));
#6718=DIRECTION('',(0.,0.707106781186542,-0.707106781186553));
#6719=DIRECTION('',(-1.,0.,0.));
#6720=DIRECTION('',(0.,0.707106781186553,0.707106781186542));
#6721=DIRECTION('',(0.,0.,-1.));
#6722=DIRECTION('',(-1.,0.,0.));
#6723=DIRECTION('',(0.707106781186558,0.,0.707106781186537));
#6724=DIRECTION('',(0.70710678118654,1.11415496602381E-16,-0.707106781186556));
#6725=DIRECTION('',(1.57565306353622E-16,-1.,0.));
#6726=DIRECTION('',(0.707106781186555,0.,0.70710678118654));
#6727=DIRECTION('',(0.,0.,-1.));
#6728=DIRECTION('',(-1.,0.,0.));
#6729=DIRECTION('',(-0.677575014611967,-0.202217950671013,-0.707106781186553));
#6730=DIRECTION('',(0.285979368394243,-0.9582357751894,0.));
#6731=DIRECTION('',(0.,-0.961456595809214,0.274956750007993));
#6732=DIRECTION('',(-0.677575014611967,-0.202217950671013,-0.707106781186553));
#6733=DIRECTION('',(0.139908259460781,-0.979340543644761,0.146006090654599));
#6734=DIRECTION('',(-0.677575014611977,-0.202217950671023,0.707106781186541));
#6735=DIRECTION('',(0.,0.,-1.));
#6736=DIRECTION('',(-1.,0.,0.));
#6737=DIRECTION('',(-0.707106781186553,0.,0.707106781186542));
#6738=DIRECTION('',(0.707106781186535,-1.1141549660238E-16,0.707106781186561));
#6739=DIRECTION('',(1.57565306353622E-16,1.,0.));
#6740=DIRECTION('',(-0.707106781186562,0.,0.707106781186533));
#6741=DIRECTION('',(0.,0.,-1.));
#6742=DIRECTION('',(-1.,0.,0.));
#6743=DIRECTION('',(0.,0.707106781186557,0.707106781186538));
#6744=DIRECTION('',(0.,0.707106781186542,-0.707106781186553));
#6745=DIRECTION('',(-1.,0.,0.));
#6746=DIRECTION('',(0.,0.707106781186553,0.707106781186542));
#6747=DIRECTION('',(0.,1.,0.));
#6748=DIRECTION('',(0.,0.,1.));
#6749=DIRECTION('',(0.,0.707106781186553,-0.707106781186542));
#6750=DIRECTION('',(0.,-0.707106781186542,-0.707106781186553));
#6751=DIRECTION('',(1.,0.,0.));
#6752=DIRECTION('',(0.,0.707106781186553,-0.707106781186542));
#6753=DIRECTION('',(0.,0.,1.));
#6754=DIRECTION('',(1.,0.,0.));
#6755=DIRECTION('',(-0.707106781186552,0.,-0.707106781186543));
#6756=DIRECTION('',(-0.707106781186544,1.11415496602381E-16,0.707106781186551));
#6757=DIRECTION('',(1.57565306353622E-16,1.,0.));
#6758=DIRECTION('',(-0.70710678118655,0.,-0.707106781186545));
#6759=DIRECTION('',(0.,0.,1.));
#6760=DIRECTION('',(1.,0.,0.));
#6761=DIRECTION('',(-0.677575014611977,-0.202217950671023,-0.707106781186541));
#6762=DIRECTION('',(0.677575014611967,0.202217950671013,-0.707106781186553));
#6763=DIRECTION('',(-0.285979368394243,0.9582357751894,0.));
#6764=DIRECTION('',(0.,-0.961456595809214,-0.274956750007993));
#6765=DIRECTION('',(0.703366468455222,0.102719141865895,0.703366468455216));
#6766=DIRECTION('',(1.,0.,0.));
#6767=DIRECTION('',(0.,0.,-1.));
#6768=DIRECTION('',(1.,0.,0.));
#6769=DIRECTION('',(0.,0.,-1.));
#6770=DIRECTION('',(0.,0.,1.));
#6771=DIRECTION('',(1.,0.,0.));
#6772=DIRECTION('',(0.,0.,-1.));
#6773=DIRECTION('',(0.,0.,1.));
#6774=DIRECTION('',(1.,0.,0.));
#6775=DIRECTION('',(0.,0.,-1.));
#6776=DIRECTION('',(0.,0.,1.));
#6777=DIRECTION('',(1.,0.,0.));
#6778=DIRECTION('',(0.,0.,-1.));
#6779=DIRECTION('',(0.,0.,1.));
#6780=DIRECTION('',(0.,-0.707106781186547,0.707106781186548));
#6781=DIRECTION('',(0.,0.707106781186547,-0.707106781186548));
#6782=DIRECTION('',(0.,0.,1.));
#6783=DIRECTION('',(0.,-1.,0.));
#6784=DIRECTION('',(0.,1.,0.));
#6785=DIRECTION('',(0.,0.707106781186548,0.707106781186547));
#6786=DIRECTION('',(0.,1.,0.));
#6787=DIRECTION('',(1.,0.,0.));
#6788=DIRECTION('',(0.,0.,-1.));
#6789=DIRECTION('',(0.,0.,-1.));
#6790=DIRECTION('',(1.,0.,0.));
#6791=DIRECTION('',(0.,0.,-1.));
#6792=DIRECTION('',(0.,1.,0.));
#6793=DIRECTION('',(1.,0.,0.));
#6794=DIRECTION('',(0.,0.,-1.));
#6795=DIRECTION('',(0.,0.,-1.));
#6796=DIRECTION('',(1.,0.,0.));
#6797=DIRECTION('',(0.,0.,-1.));
#6798=DIRECTION('',(0.,1.,0.));
#6799=DIRECTION('',(1.,0.,0.));
#6800=DIRECTION('',(0.,0.,-1.));
#6801=DIRECTION('',(1.,0.,0.));
#6802=DIRECTION('',(0.,0.,-1.));
#6803=DIRECTION('',(0.,0.,1.));
#6804=DIRECTION('',(1.,0.,0.));
#6805=DIRECTION('',(0.,0.,-1.));
#6806=DIRECTION('',(0.,0.,1.));
#6807=DIRECTION('',(1.,0.,0.));
#6808=DIRECTION('',(0.,0.,-1.));
#6809=DIRECTION('',(0.,0.,1.));
#6810=DIRECTION('',(1.,0.,0.));
#6811=DIRECTION('',(0.,0.,-1.));
#6812=DIRECTION('',(0.,0.,1.));
#6813=DIRECTION('',(1.,0.,0.));
#6814=DIRECTION('',(0.,0.,-1.));
#6815=DIRECTION('',(0.,-0.707106781186548,0.707106781186547));
#6816=DIRECTION('',(0.,0.707106781186548,-0.707106781186547));
#6817=DIRECTION('',(1.,0.,0.));
#6818=DIRECTION('',(0.,0.,-1.));
#6819=DIRECTION('',(0.,1.,0.));
#6820=DIRECTION('',(1.,0.,0.));
#6821=DIRECTION('',(0.,0.,-1.));
#6822=DIRECTION('',(0.,0.,-1.));
#6823=DIRECTION('',(1.,0.,0.));
#6824=DIRECTION('',(0.,0.,-1.));
#6825=DIRECTION('',(0.,1.,0.));
#6826=DIRECTION('',(1.,0.,0.));
#6827=DIRECTION('',(0.,0.,-1.));
#6828=DIRECTION('',(0.,0.,-1.));
#6829=DIRECTION('',(1.,0.,0.));
#6830=DIRECTION('',(0.,0.,-1.));
#6831=DIRECTION('',(0.,1.,0.));
#6832=DIRECTION('',(0.,0.707106781186548,0.707106781186547));
#6833=DIRECTION('',(0.,1.,0.));
#6834=DIRECTION('',(0.,1.,0.));
#6835=DIRECTION('',(0.,0.,1.));
#6836=DIRECTION('',(0.,1.,0.));
#6837=DIRECTION('',(-1.,0.,0.));
#6838=DIRECTION('',(0.,0.,1.));
#6839=DIRECTION('',(1.,0.,0.));
#6840=DIRECTION('',(0.,0.,1.));
#6841=DIRECTION('',(-1.,0.,0.));
#6842=DIRECTION('',(0.,1.,0.));
#6843=DIRECTION('',(0.,0.,1.));
#6844=DIRECTION('',(0.,0.,1.));
#6845=DIRECTION('',(1.,0.,0.));
#6846=DIRECTION('',(0.,0.,-1.));
#6847=DIRECTION('',(-1.,0.,0.));
#6848=DIRECTION('',(-0.707106781186548,0.,0.707106781186548));
#6849=DIRECTION('',(1.,0.,0.));
#6850=DIRECTION('',(0.,0.,-1.));
#6851=DIRECTION('',(-0.623477747490892,3.48239841473795E-17,0.781841095353579));
#6852=DIRECTION('',(0.781841095353579,0.,0.623477747490892));
#6853=DIRECTION('',(-1.,4.45409998966999E-17,0.));
#6854=DIRECTION('',(-4.45409998966999E-17,-1.,0.));
#6855=DIRECTION('',(-1.,0.,-1.73472347597681E-15));
#6856=DIRECTION('',(-1.73472347597681E-15,0.,1.));
#6857=DIRECTION('',(-1.,0.,0.));
#6858=DIRECTION('',(0.,0.,1.));
#6859=DIRECTION('',(-1.,-4.45409998966999E-17,0.));
#6860=DIRECTION('',(4.45409998966999E-17,-1.,0.));
#6861=DIRECTION('',(-0.623477747490892,-3.48239841473795E-17,-0.781841095353579));
#6862=DIRECTION('',(-0.781841095353579,0.,0.623477747490892));
#6863=DIRECTION('',(-1.,0.,3.46944695195361E-15));
#6864=DIRECTION('',(3.46944695195361E-15,0.,1.));
#6865=DIRECTION('',(-1.,0.,0.));
#6866=DIRECTION('',(0.,0.,1.));
#6867=DIRECTION('',(0.,0.,1.));
#6868=DIRECTION('',(0.,1.,-4.45409998966999E-17));
#6869=DIRECTION('',(0.,0.,1.));
#6870=DIRECTION('',(0.,1.,0.));
#6871=DIRECTION('',(0.,0.707106781186548,0.707106781186547));
#6872=DIRECTION('',(-1.,0.,0.));
#6873=DIRECTION('',(0.,0.,1.));
#6874=DIRECTION('',(0.,0.,1.));
#6875=DIRECTION('',(0.,1.,-4.45409998966999E-17));
#6876=DIRECTION('',(0.,0.,1.));
#6877=DIRECTION('',(0.,0.707106781186548,0.707106781186547));
#6878=DIRECTION('',(0.,-1.,0.));
#6879=DIRECTION('',(0.707106781186548,3.14952430677858E-17,0.707106781186548));
#6880=DIRECTION('',(4.45409998966999E-17,-1.,0.));
#6881=DIRECTION('',(0.707106781186548,3.14952430677858E-17,0.707106781186548));
#6882=DIRECTION('',(-0.707106781186548,3.14952430677858E-17,0.707106781186548));
#6883=DIRECTION('',(4.45409998966999E-17,-1.,0.));
#6884=DIRECTION('',(0.707106781186548,0.,-0.707106781186548));
#6885=DIRECTION('',(0.,1.,-4.45409998966999E-17));
#6886=DIRECTION('',(0.707106781186548,3.14952430677858E-17,0.707106781186548));
#6887=DIRECTION('',(-0.707106781186548,-3.14952430677858E-17,0.707106781186548));
#6888=DIRECTION('',(0.707106781186548,-3.14952430677858E-17,-0.707106781186548));
#6889=DIRECTION('',(-4.45409998966999E-17,-1.,0.));
#6890=DIRECTION('',(4.45409998966999E-17,1.,0.));
#6891=DIRECTION('',(0.707106781186548,-3.14952430677858E-17,-0.707106781186548));
#6892=DIRECTION('',(0.707106781186548,3.14952430677858E-17,0.707106781186548));
#6893=DIRECTION('',(0.707106781186548,-3.14952430677858E-17,-0.707106781186548));
#6894=DIRECTION('',(0.707106781186548,-3.14952430677858E-17,0.707106781186548));
#6895=DIRECTION('',(0.,-1.,4.45409998966999E-17));
#6896=DIRECTION('',(0.707106781186548,0.,0.707106781186548));
#6897=DIRECTION('',(0.,1.,0.));
#6898=DIRECTION('',(0.,0.,1.));
#6899=DIRECTION('',(-1.,0.,0.));
#6900=DIRECTION('',(0.,1.,0.));
#6901=DIRECTION('',(0.,0.,1.));
#6902=DIRECTION('',(1.,0.,0.));
#6903=DIRECTION('',(0.,1.,0.));
#6904=DIRECTION('',(0.,0.,1.));
#6905=DIRECTION('',(0.,0.,1.));
#6906=DIRECTION('',(1.,0.,0.));
#6907=DIRECTION('',(-5.93879998622666E-17,1.,0.));
#6908=DIRECTION('',(1.,0.,0.));
#6909=DIRECTION('',(0.,-1.,0.));
#6910=DIRECTION('',(0.,-1.,0.));
#6911=DIRECTION('',(0.,0.,-1.));
#6912=DIRECTION('',(-1.,0.,0.));
#6913=DIRECTION('',(0.,-1.,0.));
#6914=DIRECTION('',(0.,0.,-1.));
#6915=DIRECTION('',(-1.,0.,0.));
#6916=DIRECTION('',(0.,-1.,0.));
#6917=DIRECTION('',(0.,0.,-1.));
#6918=DIRECTION('',(0.,0.,1.));
#6919=DIRECTION('',(1.,0.,0.));
#6920=DIRECTION('',(-1.,0.,0.));
#6921=DIRECTION('',(5.93879998622666E-17,1.,0.));
#6922=DIRECTION('',(0.,1.,0.));
#6923=DIRECTION('',(0.,-0.707106781186547,0.707106781186548));
#6924=DIRECTION('',(-1.,0.,0.));
#6925=DIRECTION('',(0.,-0.707106781186547,0.707106781186548));
#6926=DIRECTION('',(-8.39873148474289E-17,-0.707106781186548,-0.707106781186547));
#6927=DIRECTION('',(4.19936574237145E-17,0.707106781186548,0.707106781186547));
#6928=DIRECTION('',(1.,0.,0.));
#6929=DIRECTION('',(0.,-0.707106781186548,-0.707106781186547));
#6930=DIRECTION('',(0.,-0.707106781186547,0.707106781186548));
#6931=DIRECTION('',(0.,0.707106781186548,0.707106781186547));
#6932=DIRECTION('',(0.,0.707106781186547,-0.707106781186548));
#6933=DIRECTION('',(-1.,0.,0.));
#6934=DIRECTION('',(4.19936574237145E-17,-0.707106781186548,-0.707106781186547));
#6935=DIRECTION('',(0.,0.707106781186547,-0.707106781186548));
#6936=DIRECTION('',(-8.39873148474289E-17,0.707106781186548,0.707106781186547));
#6937=DIRECTION('',(0.,0.707106781186547,-0.707106781186548));
#6938=DIRECTION('',(0.,0.707106781186548,0.707106781186547));
#6939=DIRECTION('',(0.,0.707106781186548,0.707106781186547));
#6940=DIRECTION('',(1.,0.,0.));
#6941=DIRECTION('',(-1.,0.,0.));
#6942=DIRECTION('',(0.,0.,1.));
#6943=DIRECTION('',(-1.,-4.45409998966999E-17,0.));
#6944=DIRECTION('',(4.45409998966999E-17,-1.,0.));
#6945=DIRECTION('',(-1.,-5.93879998622666E-17,0.));
#6946=DIRECTION('',(5.93879998622666E-17,-1.,0.));
#6947=DIRECTION('',(-1.,0.,0.));
#6948=DIRECTION('',(0.,0.,1.));
#6949=DIRECTION('',(-1.,4.45409998966999E-17,0.));
#6950=DIRECTION('',(-4.45409998966999E-17,-1.,0.));
#6951=DIRECTION('',(-1.,5.93879998622666E-17,0.));
#6952=DIRECTION('',(-5.93879998622666E-17,-1.,0.));
#6953=DIRECTION('',(0.,0.,1.));
#6954=DIRECTION('',(1.,0.,0.));
#6955=DIRECTION('',(0.,0.,-1.));
#6956=DIRECTION('',(-1.,0.,0.));
#6957=DIRECTION('',(0.,0.,-1.));
#6958=DIRECTION('',(-1.,0.,0.));
#6959=DIRECTION('',(-1.,5.93879998622666E-17,0.));
#6960=DIRECTION('',(-5.93879998622666E-17,-1.,0.));
#6961=DIRECTION('',(0.,0.,1.));
#6962=DIRECTION('',(1.,0.,0.));
#6963=DIRECTION('',(0.,0.,-1.));
#6964=DIRECTION('',(-1.,0.,0.));
#6965=DIRECTION('',(0.,0.,-1.));
#6966=DIRECTION('',(-1.,0.,0.));
#6967=DIRECTION('',(-1.,-5.93879998622666E-17,0.));
#6968=DIRECTION('',(5.93879998622666E-17,-1.,0.));
#6969=DIRECTION('',(-1.,-5.93879998622666E-17,0.));
#6970=DIRECTION('',(5.93879998622666E-17,-1.,0.));
#6971=DIRECTION('',(0.,0.,1.));
#6972=DIRECTION('',(1.,0.,0.));
#6973=DIRECTION('',(0.,0.,-1.));
#6974=DIRECTION('',(-1.,0.,0.));
#6975=DIRECTION('',(-5.33508397992336E-17,0.898343771855687,0.439293145368895));
#6976=DIRECTION('',(0.,-0.439293145368895,0.898343771855687));
#6977=DIRECTION('',(4.19936574237145E-17,-0.707106781186548,-0.707106781186547));
#6978=DIRECTION('',(0.,0.707106781186547,-0.707106781186548));
#6979=DIRECTION('',(1.92772147488275E-17,-0.324597810896738,0.945852134934973));
#6980=DIRECTION('',(0.,-0.945852134934973,-0.324597810896738));
#6981=DIRECTION('',(-1.,-4.45409998966999E-17,0.));
#6982=DIRECTION('',(4.45409998966999E-17,-1.,0.));
#6983=DIRECTION('',(0.,0.,1.));
#6984=DIRECTION('',(1.,0.,0.));
#6985=DIRECTION('',(0.,0.,1.));
#6986=DIRECTION('',(1.,0.,0.));
#6987=DIRECTION('',(0.,0.,-1.));
#6988=DIRECTION('',(-1.,0.,0.));
#6989=DIRECTION('',(0.707106781186548,0.,-0.707106781186548));
#6990=DIRECTION('',(-0.707106781186548,0.,-0.707106781186548));
#6991=DIRECTION('',(-0.707106781186548,0.,0.707106781186548));
#6992=DIRECTION('',(0.707106781186548,0.,0.707106781186548));
#6993=DIRECTION('',(0.102434259886487,0.,0.994739776223665));
#6994=DIRECTION('',(-0.994739776223665,0.,0.102434259886487));
#6995=DIRECTION('',(0.,0.,-1.));
#6996=DIRECTION('',(-1.,0.,0.));
#6997=DIRECTION('',(-0.775819201075303,0.,0.630955281492182));
#6998=DIRECTION('',(-0.630955281492182,0.,-0.775819201075303));
#6999=DIRECTION('',(0.,0.898343771855687,0.439293145368895));
#7000=DIRECTION('',(0.,-0.439293145368895,0.898343771855687));
#7001=DIRECTION('',(0.,-0.707106781186548,-0.707106781186547));
#7002=DIRECTION('',(0.,0.707106781186547,-0.707106781186548));
#7003=DIRECTION('',(0.,-0.324597810896738,0.945852134934973));
#7004=DIRECTION('',(0.,-0.945852134934973,-0.324597810896738));
#7005=DIRECTION('',(-1.,5.93879998622666E-17,0.));
#7006=DIRECTION('',(-5.93879998622666E-17,-1.,0.));
#7007=DIRECTION('',(0.,0.,1.));
#7008=DIRECTION('',(1.,0.,0.));
#7009=DIRECTION('',(0.,0.,1.));
#7010=DIRECTION('',(1.,0.,0.));
#7011=DIRECTION('',(-5.33508397992336E-17,-0.898343771855687,-0.439293145368895));
#7012=DIRECTION('',(0.,0.439293145368895,-0.898343771855687));
#7013=DIRECTION('',(4.19936574237145E-17,0.707106781186548,0.707106781186547));
#7014=DIRECTION('',(0.,-0.707106781186547,0.707106781186548));
#7015=DIRECTION('',(1.92772147488275E-17,0.324597810896738,-0.945852134934973));
#7016=DIRECTION('',(0.,0.945852134934973,0.324597810896738));
#7017=DIRECTION('',(-1.,4.45409998966999E-17,0.));
#7018=DIRECTION('',(-4.45409998966999E-17,-1.,0.));
#7019=DIRECTION('',(0.,0.,1.));
#7020=DIRECTION('',(1.,0.,0.));
#7021=DIRECTION('',(0.,0.,-1.));
#7022=DIRECTION('',(-1.,0.,0.));
#7023=DIRECTION('',(0.,0.,-1.));
#7024=DIRECTION('',(-1.,0.,0.));
#7025=DIRECTION('',(-0.707106781186548,0.,-0.707106781186548));
#7026=DIRECTION('',(-0.707106781186548,0.,0.707106781186548));
#7027=DIRECTION('',(0.707106781186548,0.,0.707106781186548));
#7028=DIRECTION('',(0.707106781186548,0.,-0.707106781186548));
#7029=DIRECTION('',(0.102434259886488,0.,-0.994739776223665));
#7030=DIRECTION('',(-0.994739776223665,0.,-0.102434259886488));
#7031=DIRECTION('',(0.,0.,1.));
#7032=DIRECTION('',(1.,0.,0.));
#7033=DIRECTION('',(-0.775819201075303,0.,-0.630955281492182));
#7034=DIRECTION('',(-0.630955281492182,0.,0.775819201075303));
#7035=DIRECTION('',(0.,-0.898343771855687,-0.439293145368895));
#7036=DIRECTION('',(0.,0.439293145368895,-0.898343771855687));
#7037=DIRECTION('',(0.,0.707106781186548,0.707106781186547));
#7038=DIRECTION('',(0.,-0.707106781186547,0.707106781186548));
#7039=DIRECTION('',(0.,0.324597810896738,-0.945852134934973));
#7040=DIRECTION('',(0.,0.945852134934973,0.324597810896738));
#7041=DIRECTION('',(0.,0.,1.));
#7042=DIRECTION('',(1.,0.,0.));
#7043=DIRECTION('',(-0.775819201075303,0.,-0.630955281492182));
#7044=DIRECTION('',(0.630955281492182,0.,-0.775819201075303));
#7045=DIRECTION('',(0.,0.,-1.));
#7046=DIRECTION('',(-1.,0.,0.));
#7047=DIRECTION('',(-0.947673013800686,4.22103036098016E-17,0.319242633296252));
#7048=DIRECTION('',(0.319242633296252,0.,0.947673013800686));
#7049=DIRECTION('',(0.690197663815137,0.217380702290373,0.690197663815137));
#7050=DIRECTION('',(0.707106781186548,0.,-0.707106781186548));
#7051=DIRECTION('',(0.707106781186548,0.,0.707106781186548));
#7052=DIRECTION('',(0.707106781186548,0.,-0.707106781186548));
#7053=DIRECTION('',(0.707106781186548,0.,0.707106781186548));
#7054=DIRECTION('',(0.707106781186548,0.,-0.707106781186548));
#7055=DIRECTION('',(0.102434259886487,0.,-0.994739776223665));
#7056=DIRECTION('',(0.994739776223665,0.,0.102434259886487));
#7057=DIRECTION('',(0.,0.,1.));
#7058=DIRECTION('',(1.,0.,0.));
#7059=DIRECTION('',(-0.775819201075303,0.,0.630955281492182));
#7060=DIRECTION('',(0.630955281492182,0.,0.775819201075303));
#7061=DIRECTION('',(-0.947673013800686,-4.22103036098016E-17,-0.319242633296252));
#7062=DIRECTION('',(-0.319242633296252,0.,0.947673013800686));
#7063=DIRECTION('',(0.,0.,-1.));
#7064=DIRECTION('',(-1.,0.,0.));
#7065=DIRECTION('',(0.707106781186548,0.,-0.707106781186548));
#7066=DIRECTION('',(-0.707106781186548,0.,-0.707106781186548));
#7067=DIRECTION('',(0.707106781186548,0.,-0.707106781186548));
#7068=DIRECTION('',(-0.707106781186548,0.,-0.707106781186548));
#7069=DIRECTION('',(0.102434259886487,0.,0.994739776223665));
#7070=DIRECTION('',(0.994739776223665,0.,-0.102434259886487));
#7071=DIRECTION('',(-0.690197663815138,0.217380702290375,0.690197663815135));
#7072=DIRECTION('',(0.707106781186546,0.,0.707106781186549));
#7073=DIRECTION('',(0.,1.,0.));
#7074=DIRECTION('',(0.,0.,1.));
#7075=DIRECTION('',(-0.597946093383576,-0.801536318208551,0.));
#7076=DIRECTION('',(-0.801536318208551,0.597946093383576,0.));
#7077=DIRECTION('',(-0.80153631820855,-0.597946093383578,0.));
#7078=DIRECTION('',(-0.597946093383578,0.80153631820855,0.));
#7079=DIRECTION('',(-1.,0.,0.));
#7080=DIRECTION('',(0.,0.,1.));
#7081=DIRECTION('',(0.80153631820855,-0.597946093383578,0.));
#7082=DIRECTION('',(-0.597946093383578,-0.80153631820855,0.));
#7083=DIRECTION('',(0.597946093383576,-0.801536318208551,0.));
#7084=DIRECTION('',(-0.801536318208551,-0.597946093383576,0.));
#7085=DIRECTION('',(-5.93879998622666E-17,1.,0.));
#7086=DIRECTION('',(-1.,-5.93879998622666E-17,0.));
#7087=DIRECTION('',(0.,1.,0.));
#7088=DIRECTION('',(0.,0.,1.));
#7089=DIRECTION('',(0.597946093383576,-0.801536318208551,0.));
#7090=DIRECTION('',(-0.801536318208551,-0.597946093383576,0.));
#7091=DIRECTION('',(0.80153631820855,-0.597946093383578,0.));
#7092=DIRECTION('',(-0.597946093383578,-0.80153631820855,0.));
#7093=DIRECTION('',(-1.,0.,0.));
#7094=DIRECTION('',(0.,0.,1.));
#7095=DIRECTION('',(0.80153631820855,0.597946093383578,0.));
#7096=DIRECTION('',(0.597946093383578,-0.80153631820855,0.));
#7097=DIRECTION('',(0.597946093383576,0.801536318208551,0.));
#7098=DIRECTION('',(0.801536318208551,-0.597946093383576,0.));
#7099=DIRECTION('',(-5.93879998622666E-17,-1.,0.));
#7100=DIRECTION('',(1.,-5.93879998622666E-17,0.));
#7101=DIRECTION('',(1.,0.,0.));
#7102=DIRECTION('',(0.,0.,-1.));
#7103=DIRECTION('',(-1.,0.,0.));
#7104=DIRECTION('',(0.,0.,1.));
#7105=DIRECTION('',(1.,0.,0.));
#7106=DIRECTION('',(0.,0.,-1.));
#7107=DIRECTION('',(1.,0.,0.));
#7108=DIRECTION('',(0.,0.,-1.));
#7109=DIRECTION('',(1.,0.,0.));
#7110=DIRECTION('',(0.,0.,-1.));
#7111=DIRECTION('',(1.,0.,0.));
#7112=DIRECTION('',(0.,0.,-1.));
#7113=DIRECTION('',(0.,0.,1.));
#7114=DIRECTION('',(1.,0.,0.));
#7115=DIRECTION('',(0.,0.,1.));
#7116=DIRECTION('',(1.,0.,0.));
#7117=DIRECTION('',(-0.707106781186548,-0.5,-0.5));
#7118=DIRECTION('',(-0.408248290463863,-0.288675134594812,0.866025403784439));
#7119=DIRECTION('',(0.,0.,1.));
#7120=DIRECTION('',(1.,0.,0.));
#7121=DIRECTION('',(0.,0.,-1.));
#7122=DIRECTION('',(-1.,0.,0.));
#7123=DIRECTION('',(0.707106781186548,-0.5,-0.5));
#7124=DIRECTION('',(-0.408248290463863,0.288675134594813,-0.866025403784439));
#7125=DIRECTION('',(0.,0.,1.));
#7126=DIRECTION('',(1.,0.,0.));
#7127=DIRECTION('',(0.,0.,1.));
#7128=DIRECTION('',(1.,0.,0.));
#7129=DIRECTION('',(-1.,9.46212805078258E-17,0.));
#7130=DIRECTION('',(-9.46212805078258E-17,-1.,0.));
#7131=DIRECTION('',(9.46212805078258E-17,1.,2.31296463463574E-16));
#7132=DIRECTION('',(0.,0.,-1.));
#7133=DIRECTION('',(-1.,9.46212805078258E-17,0.));
#7134=DIRECTION('',(-9.46212805078258E-17,-1.,0.));
#7135=DIRECTION('',(9.46212805078258E-17,1.,0.));
#7136=DIRECTION('',(-6.69073490916382E-17,-0.707106781186548,-0.707106781186547));
#7137=DIRECTION('',(9.46212805078258E-17,1.,0.));
#7138=DIRECTION('',(6.69073490916381E-17,0.707106781186547,-0.707106781186548));
#7139=DIRECTION('',(-1.,9.46212805078258E-17,0.));
#7140=DIRECTION('',(-9.46212805078258E-17,-1.,0.));
#7141=DIRECTION('',(9.46212805078258E-17,1.,0.));
#7142=DIRECTION('',(-1.,9.46212805078258E-17,0.));
#7143=DIRECTION('',(-9.46212805078258E-17,-1.,0.));
#7144=DIRECTION('',(0.,0.,-1.));
#7145=DIRECTION('',(0.,0.,1.));
#7146=DIRECTION('',(1.,0.,0.));
#7147=DIRECTION('',(1.,0.,0.));
#7148=DIRECTION('',(9.46212805078258E-17,1.,0.));
#7149=DIRECTION('',(1.,0.,0.));
#7150=DIRECTION('',(0.,1.,0.));
#7151=DIRECTION('',(-1.,0.,0.));
#7152=DIRECTION('',(0.,0.,1.));
#7153=DIRECTION('',(-1.,0.,0.));
#7154=DIRECTION('',(0.,0.,1.));
#7155=DIRECTION('',(0.,0.,-1.));
#7156=DIRECTION('',(0.,-1.,-1.36675182955748E-16));
#7157=DIRECTION('',(0.,0.,-1.));
#7158=DIRECTION('',(-1.,0.,0.));
#7159=DIRECTION('',(0.,0.,1.));
#7160=DIRECTION('',(0.,1.,0.));
#7161=DIRECTION('',(-1.,0.,0.));
#7162=DIRECTION('',(0.,0.,1.));
#7163=DIRECTION('',(0.,0.707106781186548,-0.707106781186547));
#7164=DIRECTION('',(0.,1.,0.));
#7165=DIRECTION('',(0.,-0.707106781186548,-0.707106781186547));
#7166=DIRECTION('',(0.,1.,0.));
#7167=DIRECTION('',(0.,0.,1.));
#7168=DIRECTION('',(1.,0.,0.));
#7169=DIRECTION('',(-1.,-8.67361737988398E-17,0.));
#7170=DIRECTION('',(0.,1.,0.));
#7171=DIRECTION('',(-1.,0.,0.));
#7172=DIRECTION('',(0.,1.,0.));
#7173=DIRECTION('',(0.,0.,-1.));
#7174=DIRECTION('',(-1.,0.,0.));
#7175=DIRECTION('',(0.,0.707106781186547,-0.707106781186549));
#7176=DIRECTION('',(0.,-0.707106781186549,-0.707106781186547));
#7177=DIRECTION('',(1.,0.,0.));
#7178=DIRECTION('',(0.,0.707106781186547,-0.707106781186549));
#7179=DIRECTION('',(0.,0.,-1.));
#7180=DIRECTION('',(-1.,0.,0.));
#7181=DIRECTION('',(0.707106781186545,0.,0.707106781186551));
#7182=DIRECTION('',(0.,-1.,0.));
#7183=DIRECTION('',(-0.707106781186551,0.,0.707106781186545));
#7184=DIRECTION('',(0.,0.,1.));
#7185=DIRECTION('',(1.,0.,0.));
#7186=DIRECTION('',(0.,0.707106781186551,0.707106781186545));
#7187=DIRECTION('',(0.,0.707106781186545,-0.707106781186551));
#7188=DIRECTION('',(-1.,0.,0.));
#7189=DIRECTION('',(0.,0.707106781186551,0.707106781186545));
#7190=DIRECTION('',(0.,0.,1.));
#7191=DIRECTION('',(1.,0.,0.));
#7192=DIRECTION('',(0.707106781186551,0.,0.707106781186545));
#7193=DIRECTION('',(0.707106781186545,0.,-0.707106781186551));
#7194=DIRECTION('',(0.,1.,0.));
#7195=DIRECTION('',(0.,-0.707106781186547,0.707106781186548));
#7196=DIRECTION('',(-1.,0.,0.));
#7197=DIRECTION('',(0.,-0.707106781186547,0.707106781186548));
#7198=DIRECTION('',(-1.33814698183276E-16,-0.707106781186548,-0.707106781186547));
#7199=DIRECTION('',(0.,-0.707106781186547,0.707106781186548));
#7200=DIRECTION('',(0.,-0.707106781186548,-0.707106781186547));
#7201=DIRECTION('',(0.,-0.707106781186547,0.707106781186548));
#7202=DIRECTION('',(0.,0.707106781186548,0.707106781186547));
#7203=DIRECTION('',(0.,-0.707106781186547,0.707106781186548));
#7204=DIRECTION('',(1.33814698183276E-16,0.707106781186548,0.707106781186547));
#7205=DIRECTION('',(-1.22663473334669E-16,-0.707106781186548,-0.707106781186547));
#7206=DIRECTION('',(1.,-1.73472347597679E-16,0.));
#7207=DIRECTION('',(-6.69073490916381E-17,-0.707106781186547,0.707106781186548));
#7208=DIRECTION('',(-1.22663473334669E-16,-0.707106781186548,-0.707106781186547));
#7209=DIRECTION('',(1.11512248486071E-17,0.707106781186547,-0.707106781186548));
#7210=DIRECTION('',(0.,0.707106781186547,-0.707106781186548));
#7211=DIRECTION('',(-1.,1.73472347597679E-16,2.05130158952301E-32));
#7212=DIRECTION('',(-6.13317366673345E-17,0.707106781186547,0.707106781186548));
#7213=DIRECTION('',(1.,8.67361737988398E-17,0.));
#7214=DIRECTION('',(-6.13317366673345E-17,0.707106781186547,0.707106781186548));
#7215=DIRECTION('',(-6.13317366673345E-17,-0.707106781186548,0.707106781186547));
#7216=DIRECTION('',(0.,0.707106781186548,-0.707106781186547));
#7217=DIRECTION('',(-1.,-8.67361737988398E-17,4.35788199605263E-33));
#7218=DIRECTION('',(0.,0.707106781186548,-0.707106781186547));
#7219=DIRECTION('',(0.,0.707106781186547,-0.707106781186548));
#7220=DIRECTION('',(-1.,0.,0.));
#7221=DIRECTION('',(0.,0.707106781186547,-0.707106781186548));
#7222=DIRECTION('',(0.,0.707106781186548,0.707106781186547));
#7223=DIRECTION('',(0.,0.707106781186547,-0.707106781186548));
#7224=DIRECTION('',(0.,-0.707106781186548,-0.707106781186547));
#7225=DIRECTION('',(0.,0.707106781186547,-0.707106781186548));
#7226=DIRECTION('',(0.,-0.707106781186548,-0.707106781186547));
#7227=DIRECTION('',(0.,0.707106781186547,-0.707106781186548));
#7228=DIRECTION('',(0.,0.707106781186548,0.707106781186547));
#7229=DIRECTION('',(0.,1.,0.));
#7230=DIRECTION('',(0.,0.,1.));
#7231=DIRECTION('',(0.,-1.,0.));
#7232=DIRECTION('',(0.,0.,-1.));
#7233=DIRECTION('',(0.,0.,1.));
#7234=DIRECTION('',(1.,0.,0.));
#7235=DIRECTION('',(1.,0.,0.));
#7236=DIRECTION('',(0.,0.,-1.));
#7237=DIRECTION('',(0.,0.,-1.));
#7238=DIRECTION('',(-1.,0.,0.));
#7239=DIRECTION('',(1.,1.30104260698261E-16,0.));
#7240=DIRECTION('',(-1.30104260698261E-16,1.,0.));
#7241=DIRECTION('',(-1.,-1.30104260698261E-16,0.));
#7242=DIRECTION('',(-1.,-8.67361737988404E-17,0.));
#7243=DIRECTION('',(1.,0.,0.));
#7244=DIRECTION('',(0.,0.,-1.));
#7245=DIRECTION('',(0.,0.,1.));
#7246=DIRECTION('',(1.,0.,0.));
#7247=DIRECTION('',(-1.,0.,0.));
#7248=DIRECTION('',(0.,0.,1.));
#7249=DIRECTION('',(-1.,0.,0.));
#7250=DIRECTION('',(0.,0.,1.));
#7251=DIRECTION('',(0.,0.,1.));
#7252=DIRECTION('',(1.,0.,0.));
#7253=DIRECTION('',(0.,0.,-1.));
#7254=DIRECTION('',(-1.,0.,0.));
#7255=DIRECTION('',(-1.,-1.30104260698261E-16,0.));
#7256=DIRECTION('',(1.30104260698261E-16,-1.,0.));
#7257=DIRECTION('',(-1.,0.,0.));
#7258=DIRECTION('',(0.,0.,1.));
#7259=DIRECTION('',(1.,8.67361737988404E-17,0.));
#7260=DIRECTION('',(-8.67361737988404E-17,1.,0.));
#7261=DIRECTION('',(-1.,0.,0.));
#7262=DIRECTION('',(0.,0.,1.));
#7263=DIRECTION('',(0.,0.,1.));
#7264=DIRECTION('',(1.,0.,0.));
#7265=DIRECTION('',(0.707106781186548,-0.5,-0.5));
#7266=DIRECTION('',(0.,0.707106781186547,-0.707106781186548));
#7267=DIRECTION('',(-0.707106781186548,-0.5,-0.5));
#7268=DIRECTION('',(0.,-0.707106781186548,0.707106781186547));
#7269=DIRECTION('',(0.,1.,0.));
#7270=DIRECTION('',(0.,0.,1.));
#7271=DIRECTION('',(0.,1.,0.));
#7272=DIRECTION('',(0.,0.,1.));
#7273=DIRECTION('',(-0.707106781186548,0.,-0.707106781186548));
#7274=DIRECTION('',(1.,0.,0.));
#7275=DIRECTION('',(0.,0.,-1.));
#7276=DIRECTION('',(1.,0.,0.));
#7277=DIRECTION('',(0.,0.,-1.));
#7278=DIRECTION('',(0.,1.,0.));
#7279=DIRECTION('',(0.,0.,1.));
#7280=DIRECTION('',(1.,0.,0.));
#7281=DIRECTION('',(0.707106781186548,0.,0.707106781186548));
#7282=DIRECTION('',(0.,1.,0.));
#7283=DIRECTION('',(0.,0.,1.));
#7284=DIRECTION('',(0.,0.,-1.));
#7285=DIRECTION('',(1.,0.,0.));
#7286=DIRECTION('',(0.,0.,-1.));
#7287=DIRECTION('',(0.,0.,1.));
#7288=DIRECTION('',(1.,0.,0.));
#7289=DIRECTION('',(1.,0.,0.));
#7290=DIRECTION('',(-1.36675182955748E-16,1.,0.));
#7291=DIRECTION('',(1.,0.,0.));
#7292=DIRECTION('',(0.,1.,0.));
#7293=DIRECTION('',(0.,-1.,0.));
#7294=DIRECTION('',(0.,0.,-1.));
#7295=DIRECTION('',(0.,-1.,0.));
#7296=DIRECTION('',(0.,0.,-1.));
#7297=DIRECTION('',(-0.707106781186548,0.,0.707106781186548));
#7298=DIRECTION('',(-1.,0.,0.));
#7299=DIRECTION('',(0.,0.,-1.));
#7300=DIRECTION('',(-1.,0.,0.));
#7301=DIRECTION('',(0.,0.,-1.));
#7302=DIRECTION('',(0.,-1.,0.));
#7303=DIRECTION('',(0.,0.,-1.));
#7304=DIRECTION('',(-1.,0.,0.));
#7305=DIRECTION('',(0.707106781186548,0.,-0.707106781186548));
#7306=DIRECTION('',(0.,-1.,0.));
#7307=DIRECTION('',(0.,0.,-1.));
#7308=DIRECTION('',(0.,0.,-1.));
#7309=DIRECTION('',(-1.,0.,0.));
#7310=DIRECTION('',(0.,0.,-1.));
#7311=DIRECTION('',(0.,0.,1.));
#7312=DIRECTION('',(1.,0.,0.));
#7313=DIRECTION('',(-1.,0.,0.));
#7314=DIRECTION('',(1.36675182955748E-16,1.,0.));
#7315=DIRECTION('',(-1.,0.,0.));
#7316=DIRECTION('',(0.,1.,0.));
#7317=DIRECTION('',(-1.,0.,0.));
#7318=DIRECTION('',(0.,0.,1.));
#7319=DIRECTION('',(-1.,0.,0.));
#7320=DIRECTION('',(0.,0.,1.));
#7321=DIRECTION('',(1.,0.,0.));
#7322=DIRECTION('',(0.,0.,-1.));
#7323=DIRECTION('',(-1.,0.,0.));
#7324=DIRECTION('',(0.,0.,1.));
#7325=DIRECTION('',(-1.,9.46212805078258E-17,0.));
#7326=DIRECTION('',(-9.46212805078258E-17,-1.,0.));
#7327=DIRECTION('',(1.,0.,0.));
#7328=DIRECTION('',(0.,0.,-1.));
#7329=DIRECTION('',(-1.,-8.67361737988398E-17,0.));
#7330=DIRECTION('',(8.67361737988398E-17,-1.,0.));
#7331=DIRECTION('',(-1.,0.,0.));
#7332=DIRECTION('',(0.,0.,1.));
#7333=DIRECTION('',(1.,0.,0.));
#7334=DIRECTION('',(0.,0.,-1.));
#7335=DIRECTION('',(1.,-1.73472347597679E-16,0.));
#7336=DIRECTION('',(1.73472347597679E-16,1.,0.));
#7337=DIRECTION('',(-1.,9.46212805078258E-17,0.));
#7338=DIRECTION('',(-9.46212805078258E-17,-1.,0.));
#7339=DIRECTION('',(1.,0.,0.));
#7340=DIRECTION('',(0.,0.,-1.));
#7341=DIRECTION('',(1.,0.,0.));
#7342=DIRECTION('',(0.,0.,-1.));
#7343=DIRECTION('',(-1.,0.,0.));
#7344=DIRECTION('',(0.,0.,1.));
#7345=DIRECTION('',(1.,0.,0.));
#7346=DIRECTION('',(0.,0.,-1.));
#7347=DIRECTION('',(1.,0.,0.));
#7348=DIRECTION('',(0.,0.,-1.));
#7349=DIRECTION('',(-1.,9.46212805078258E-17,0.));
#7350=DIRECTION('',(-9.46212805078258E-17,-1.,0.));
#7351=DIRECTION('',(1.,0.,0.));
#7352=DIRECTION('',(0.,0.,-1.));
#7353=DIRECTION('',(-0.707106781186548,-9.66439486879216E-17,0.707106781186547));
#7354=DIRECTION('',(-9.46212805078258E-17,-1.,-2.31296463463574E-16));
#7355=DIRECTION('',(1.36675182955748E-16,-1.,1.17972519031248E-32));
#7356=DIRECTION('',(-0.707106781186548,-9.66439486879216E-17,0.707106781186547));
#7357=DIRECTION('',(-0.707106781186547,9.66439486879217E-17,-0.707106781186548));
#7358=DIRECTION('',(0.707106781186547,0.,0.707106781186548));
#7359=DIRECTION('',(-9.46212805078259E-17,-1.,-2.31296463463574E-16));
#7360=DIRECTION('',(-0.707106781186547,0.,-0.707106781186548));
#7361=DIRECTION('',(-0.707106781186548,-9.66439486879216E-17,0.707106781186547));
#7362=DIRECTION('',(0.707106781186547,-9.66439486879217E-17,0.707106781186548));
#7363=DIRECTION('',(-0.707106781186548,9.66439486879216E-17,-0.707106781186547));
#7364=DIRECTION('',(-9.46212805078258E-17,1.,2.31296463463574E-16));
#7365=DIRECTION('',(0.707106781186547,0.,-0.707106781186548));
#7366=DIRECTION('',(-0.707106781186548,9.66439486879216E-17,-0.707106781186547));
#7367=DIRECTION('',(-0.707106781186547,-9.66439486879217E-17,0.707106781186548));
#7368=DIRECTION('',(1.36675182955748E-16,1.,-1.17972519031248E-32));
#7369=DIRECTION('',(-0.707106781186548,9.66439486879216E-17,-0.707106781186547));
#7370=DIRECTION('',(0.707106781186547,9.66439486879217E-17,-0.707106781186548));
#7371=DIRECTION('',(-0.707106781186547,0.,0.707106781186548));
#7372=DIRECTION('',(3.61018765197307E-33,-1.,-1.36675182955748E-16));
#7373=DIRECTION('',(9.46212805078258E-17,1.,0.));
#7374=DIRECTION('',(-1.,9.46212805078258E-17,0.));
#7375=DIRECTION('',(1.12842461511239E-16,0.447213595499958,0.894427190999916));
#7376=DIRECTION('',(0.,0.894427190999916,-0.447213595499958));
#7377=DIRECTION('',(0.,-1.,0.));
#7378=DIRECTION('',(0.,0.,-1.));
#7379=DIRECTION('',(7.75791922889767E-17,-0.447213595499958,-0.894427190999916));
#7380=DIRECTION('',(0.,-0.894427190999916,0.447213595499958));
#7381=DIRECTION('',(9.46212805078259E-17,1.,2.31296463463574E-16));
#7382=DIRECTION('',(0.,-2.31296463463574E-16,1.));
#7383=DIRECTION('',(0.,1.,0.));
#7384=DIRECTION('',(0.,0.,1.));
#7385=DIRECTION('',(0.,1.,0.));
#7386=DIRECTION('',(0.,0.,1.));
#7387=DIRECTION('',(0.,1.,1.36675182955748E-16));
#7388=DIRECTION('',(0.,-1.36675182955748E-16,1.));
#7389=DIRECTION('',(0.,-1.,0.));
#7390=DIRECTION('',(0.,0.,-1.));
#7391=DIRECTION('',(0.,-1.,0.));
#7392=DIRECTION('',(0.,0.,-1.));
#7393=DIRECTION('',(1.,0.,0.));
#7394=DIRECTION('',(0.,0.,-1.));
#7395=DIRECTION('',(0.819231920519041,7.83780708340902E-17,-0.573462344363328));
#7396=DIRECTION('',(0.573462344363328,0.,0.819231920519041));
#7397=DIRECTION('',(1.,0.,0.));
#7398=DIRECTION('',(0.,0.,-1.));
#7399=DIRECTION('',(-1.,0.,0.));
#7400=DIRECTION('',(0.,0.,1.));
#7401=DIRECTION('',(0.819231920519041,7.83780708340902E-17,-0.573462344363328));
#7402=DIRECTION('',(-0.573462344363328,0.,-0.819231920519041));
#7403=DIRECTION('',(1.,0.,0.));
#7404=DIRECTION('',(0.,0.,-1.));
#7405=DIRECTION('',(-1.,0.,0.));
#7406=DIRECTION('',(0.,0.,1.));
#7407=DIRECTION('',(0.819231920519041,-7.83780708340902E-17,0.573462344363328));
#7408=DIRECTION('',(-0.573462344363328,0.,0.819231920519041));
#7409=DIRECTION('',(1.,0.,0.));
#7410=DIRECTION('',(0.,0.,-1.));
#7411=DIRECTION('',(1.,0.,0.));
#7412=DIRECTION('',(0.,0.,-1.));
#7413=DIRECTION('',(0.819231920519041,-7.83780708340902E-17,0.573462344363328));
#7414=DIRECTION('',(0.573462344363328,0.,-0.819231920519041));
#7415=DIRECTION('',(1.,0.,0.));
#7416=DIRECTION('',(0.,0.,-1.));
#7417=DIRECTION('',(0.,1.,0.));
#7418=DIRECTION('',(0.,0.,1.));
#7419=DIRECTION('',(0.,1.,0.));
#7420=DIRECTION('',(0.,0.,1.));
#7421=DIRECTION('',(1.,0.,0.));
#7422=DIRECTION('',(0.,0.,-1.));
#7423=DIRECTION('',(0.,0.,1.));
#7424=DIRECTION('',(1.,0.,0.));
#7425=DIRECTION('',(0.,0.,-1.));
#7426=DIRECTION('',(-1.,0.,0.));
#7427=DIRECTION('',(0.,0.,1.));
#7428=DIRECTION('',(1.,0.,0.));
#7429=DIRECTION('',(1.,0.,0.));
#7430=DIRECTION('',(0.,0.,-1.));
#7431=DIRECTION('',(0.,1.,0.));
#7432=DIRECTION('',(0.,0.,1.));
#7433=DIRECTION('',(0.,1.,0.));
#7434=DIRECTION('',(0.,0.,1.));
#7435=DIRECTION('',(0.,1.,0.));
#7436=DIRECTION('',(0.,0.,1.));
#7437=DIRECTION('',(1.,0.,0.));
#7438=DIRECTION('',(0.,0.,-1.));
#7439=DIRECTION('',(0.,0.,-1.));
#7440=DIRECTION('',(-1.,0.,0.));
#7441=DIRECTION('',(0.,0.,1.));
#7442=DIRECTION('',(1.,0.,0.));
#7443=DIRECTION('',(0.,0.,-1.));
#7444=DIRECTION('',(-1.,0.,0.));
#7445=DIRECTION('',(1.,0.,0.));
#7446=DIRECTION('',(0.,0.,-1.));
#7447=DIRECTION('',(0.,1.,0.));
#7448=DIRECTION('',(0.,0.,1.));
#7449=DIRECTION('',(0.,1.,0.));
#7450=DIRECTION('',(0.,0.,1.));
#7451=DIRECTION('',(0.,1.,0.));
#7452=DIRECTION('',(0.,0.,1.));
#7453=DIRECTION('',(1.,0.,0.));
#7454=DIRECTION('',(0.,0.,-1.));
#7455=DIRECTION('',(0.,0.707106781186548,-0.707106781186547));
#7456=DIRECTION('',(0.,0.707106781186547,0.707106781186548));
#7457=DIRECTION('',(0.,0.707106781186548,-0.707106781186547));
#7458=DIRECTION('',(0.,0.707106781186547,0.707106781186548));
#7459=DIRECTION('',(0.,-1.,0.));
#7460=DIRECTION('',(0.,0.,-1.));
#7461=DIRECTION('',(0.,1.,0.));
#7462=DIRECTION('',(0.,0.,1.));
#7463=DIRECTION('',(1.,0.,0.));
#7464=DIRECTION('',(0.,0.,-1.));
#7465=DIRECTION('',(0.,0.,1.));
#7466=DIRECTION('',(1.,0.,0.));
#7467=DIRECTION('',(0.,0.,-1.));
#7468=DIRECTION('',(-1.,0.,0.));
#7469=DIRECTION('',(0.,0.,1.));
#7470=DIRECTION('',(1.,0.,0.));
#7471=DIRECTION('',(1.,0.,0.));
#7472=DIRECTION('',(0.,0.,-1.));
#7473=DIRECTION('',(0.,1.,0.));
#7474=DIRECTION('',(0.,0.,1.));
#7475=DIRECTION('',(0.,-1.,0.));
#7476=DIRECTION('',(0.,0.,-1.));
#7477=DIRECTION('',(0.,1.,0.));
#7478=DIRECTION('',(0.,0.,1.));
#7479=DIRECTION('',(1.,0.,0.));
#7480=DIRECTION('',(0.,0.,-1.));
#7481=DIRECTION('',(0.,0.,-1.));
#7482=DIRECTION('',(-1.,0.,0.));
#7483=DIRECTION('',(0.,0.,1.));
#7484=DIRECTION('',(1.,0.,0.));
#7485=DIRECTION('',(0.,0.,-1.));
#7486=DIRECTION('',(-1.,0.,0.));
#7487=DIRECTION('',(1.,0.,0.));
#7488=DIRECTION('',(0.,0.,-1.));
#7489=DIRECTION('',(0.,1.,0.));
#7490=DIRECTION('',(0.,0.,1.));
#7491=DIRECTION('',(0.,-1.,0.));
#7492=DIRECTION('',(0.,0.,-1.));
#7493=DIRECTION('',(0.,1.,0.));
#7494=DIRECTION('',(0.,0.,1.));
#7495=DIRECTION('',(0.,0.707106781186547,-0.707106781186548));
#7496=DIRECTION('',(0.,0.707106781186548,0.707106781186547));
#7497=DIRECTION('',(2.55548902780563E-16,-0.707106781186547,0.707106781186548));
#7498=DIRECTION('',(0.,-0.707106781186548,-0.707106781186547));
#7499=DIRECTION('',(1.,0.,0.));
#7500=DIRECTION('',(0.,0.,-1.));
#7501=DIRECTION('',(0.,-0.707106781186547,0.707106781186548));
#7502=DIRECTION('',(0.,-0.707106781186548,-0.707106781186547));
#7503=DIRECTION('',(-6.69073490916381E-17,-0.707106781186547,0.707106781186548));
#7504=DIRECTION('',(0.,-0.707106781186548,-0.707106781186547));
#7505=DIRECTION('',(0.,-0.707106781186547,0.707106781186548));
#7506=DIRECTION('',(0.,-0.707106781186548,-0.707106781186547));
#7507=DIRECTION('',(-1.,9.46212805078258E-17,0.));
#7508=DIRECTION('',(-9.46212805078258E-17,-1.,0.));
#7509=DIRECTION('',(0.,-1.,0.));
#7510=DIRECTION('',(0.,0.,-1.));
#7511=DIRECTION('',(-9.46212805078258E-17,-1.,0.));
#7512=DIRECTION('',(1.,-9.46212805078258E-17,0.));
#7513=DIRECTION('',(0.,-1.,0.));
#7514=DIRECTION('',(0.,0.,-1.));
#7515=DIRECTION('',(-1.,9.46212805078258E-17,0.));
#7516=DIRECTION('',(-9.46212805078258E-17,-1.,0.));
#7517=DIRECTION('',(0.,0.,1.));
#7518=DIRECTION('',(1.,0.,0.));
#7519=DIRECTION('',(0.,0.,1.));
#7520=DIRECTION('',(1.,0.,0.));
#7521=DIRECTION('',(0.,0.,1.));
#7522=DIRECTION('',(1.,0.,0.));
#7523=DIRECTION('',(0.,1.,0.));
#7524=DIRECTION('',(0.,0.,1.));
#7525=DIRECTION('',(0.707106781186548,0.,0.707106781186548));
#7526=DIRECTION('',(0.707106781186548,0.,-0.707106781186548));
#7527=DIRECTION('',(0.707106781186547,0.,0.707106781186548));
#7528=DIRECTION('',(0.707106781186548,0.,-0.707106781186548));
#7529=DIRECTION('',(0.707106781186548,-2.0443912222445E-15,0.707106781186548));
#7530=DIRECTION('',(0.707106781186548,0.,-0.707106781186548));
#7531=DIRECTION('',(-1.36675182955748E-16,1.,0.));
#7532=DIRECTION('',(-1.,-1.36675182955748E-16,0.));
#7533=DIRECTION('',(-1.36675182955748E-16,1.,0.));
#7534=DIRECTION('',(-1.,-1.36675182955748E-16,0.));
#7535=DIRECTION('',(0.,1.,0.));
#7536=DIRECTION('',(0.,0.,1.));
#7537=DIRECTION('',(0.,-0.707106781186548,0.707106781186548));
#7538=DIRECTION('',(0.,-0.707106781186548,-0.707106781186548));
#7539=DIRECTION('',(0.,0.707106781186548,-0.707106781186547));
#7540=DIRECTION('',(0.,0.707106781186547,0.707106781186548));
#7541=DIRECTION('',(-2.55548902780561E-16,-0.707106781186547,0.707106781186548));
#7542=DIRECTION('',(0.,-0.707106781186548,-0.707106781186547));
#7543=DIRECTION('',(-1.,0.,0.));
#7544=DIRECTION('',(0.,0.,1.));
#7545=DIRECTION('',(0.,-1.,0.));
#7546=DIRECTION('',(0.,0.,-1.));
#7547=DIRECTION('',(0.,1.,0.));
#7548=DIRECTION('',(0.,0.,1.));
#7549=DIRECTION('',(0.,-1.,0.));
#7550=DIRECTION('',(0.,0.,-1.));
#7551=DIRECTION('',(-1.,0.,0.));
#7552=DIRECTION('',(0.,0.,1.));
#7553=DIRECTION('',(0.,0.,1.));
#7554=DIRECTION('',(1.,0.,0.));
#7555=DIRECTION('',(0.,0.,1.));
#7556=DIRECTION('',(1.,0.,0.));
#7557=DIRECTION('',(0.,0.,1.));
#7558=DIRECTION('',(1.,0.,0.));
#7559=DIRECTION('',(0.,-1.,0.));
#7560=DIRECTION('',(0.,0.,-1.));
#7561=DIRECTION('',(-0.707106781186549,0.,0.707106781186546));
#7562=DIRECTION('',(0.707106781186546,0.,0.707106781186549));
#7563=DIRECTION('',(0.707106781186547,0.,-0.707106781186548));
#7564=DIRECTION('',(-0.707106781186548,0.,-0.707106781186548));
#7565=DIRECTION('',(-0.707106781186546,0.,0.707106781186549));
#7566=DIRECTION('',(0.707106781186549,0.,0.707106781186546));
#7567=DIRECTION('',(0.,-1.,0.));
#7568=DIRECTION('',(0.,0.,-1.));
#7569=DIRECTION('',(1.36675182955748E-16,1.,0.));
#7570=DIRECTION('',(-1.,1.36675182955748E-16,0.));
#7571=DIRECTION('',(1.36675182955748E-16,1.,0.));
#7572=DIRECTION('',(-1.,1.36675182955748E-16,0.));
#7573=DIRECTION('',(-9.46212805078258E-17,-1.,0.));
#7574=DIRECTION('',(1.,-9.46212805078258E-17,0.));
#7575=DIRECTION('',(0.,1.,0.));
#7576=DIRECTION('',(0.,0.,1.));
#7577=DIRECTION('',(-1.,9.46212805078258E-17,0.));
#7578=DIRECTION('',(-9.46212805078258E-17,-1.,0.));
#7579=DIRECTION('',(0.,0.,1.));
#7580=DIRECTION('',(1.,0.,0.));
#7581=DIRECTION('',(0.,0.,-1.));
#7582=DIRECTION('',(-1.,0.,0.));
#7583=DIRECTION('',(0.,0.,1.));
#7584=DIRECTION('',(1.,0.,0.));
#7585=DIRECTION('',(0.,1.,0.));
#7586=DIRECTION('',(0.,0.,1.));
#7587=DIRECTION('',(0.707106781186546,0.,0.707106781186549));
#7588=DIRECTION('',(0.707106781186549,0.,-0.707106781186546));
#7589=DIRECTION('',(0.707106781186547,0.,0.707106781186548));
#7590=DIRECTION('',(0.707106781186548,0.,-0.707106781186548));
#7591=DIRECTION('',(0.707106781186546,0.,0.707106781186549));
#7592=DIRECTION('',(0.707106781186549,0.,-0.707106781186546));
#7593=DIRECTION('',(0.,1.,0.));
#7594=DIRECTION('',(0.,0.,1.));
#7595=DIRECTION('',(0.,1.,0.));
#7596=DIRECTION('',(0.,0.,1.));
#7597=DIRECTION('',(-1.,0.,0.));
#7598=DIRECTION('',(0.,0.,1.));
#7599=DIRECTION('',(0.,0.,1.));
#7600=DIRECTION('',(1.,0.,0.));
#7601=DIRECTION('',(0.,0.,-1.));
#7602=DIRECTION('',(-1.,0.,0.));
#7603=DIRECTION('',(0.,0.,1.));
#7604=DIRECTION('',(1.,0.,0.));
#7605=DIRECTION('',(0.,-1.,0.));
#7606=DIRECTION('',(0.,0.,-1.));
#7607=DIRECTION('',(-0.707106781186548,0.,0.707106781186548));
#7608=DIRECTION('',(0.707106781186548,0.,0.707106781186548));
#7609=DIRECTION('',(0.707106781186547,0.,-0.707106781186548));
#7610=DIRECTION('',(-0.707106781186548,0.,-0.707106781186548));
#7611=DIRECTION('',(-0.707106781186548,2.0443912222445E-15,0.707106781186548));
#7612=DIRECTION('',(0.707106781186548,0.,0.707106781186548));
#7613=DIRECTION('',(-1.,0.,0.));
#7614=DIRECTION('',(0.,0.,1.));
#7615=DIRECTION('',(0.,0.,-1.));
#7616=DIRECTION('',(-1.,0.,0.));
#7617=DIRECTION('',(1.,0.,0.));
#7618=DIRECTION('',(0.,0.,-1.));
#7619=DIRECTION('',(0.,0.,-1.));
#7620=DIRECTION('',(-1.,0.,0.));
#7621=DIRECTION('',(0.,0.,-1.));
#7622=DIRECTION('',(-1.,0.,0.));
#7623=DIRECTION('',(0.,0.,-1.));
#7624=DIRECTION('',(0.,0.,-1.));
#7625=DIRECTION('',(-1.,0.,0.));
#7626=DIRECTION('',(0.,0.,1.));
#7627=DIRECTION('',(1.,0.,0.));
#7628=DIRECTION('',(0.,0.,-1.));
#7629=DIRECTION('',(-1.,0.,0.));
#7630=DIRECTION('',(0.,0.,1.));
#7631=DIRECTION('',(0.,0.,-1.));
#7632=DIRECTION('',(-1.,0.,0.));
#7633=DIRECTION('',(1.,0.,0.));
#7634=DIRECTION('',(0.,0.,-1.));
#7635=DIRECTION('',(0.,0.,-1.));
#7636=DIRECTION('',(-1.,0.,0.));
#7637=DIRECTION('',(8.67361737988403E-16,0.,-1.));
#7638=DIRECTION('',(-1.,0.,-8.67361737988403E-16));
#7639=DIRECTION('',(0.,0.,-1.));
#7640=DIRECTION('',(0.,0.,-1.));
#7641=DIRECTION('',(-1.,0.,0.));
#7642=DIRECTION('',(0.,0.,1.));
#7643=DIRECTION('',(1.,0.,0.));
#7644=DIRECTION('',(0.,0.,-1.));
#7645=DIRECTION('',(0.,0.,-1.));
#7646=DIRECTION('',(-1.,0.,0.));
#7647=DIRECTION('',(0.,0.,-1.));
#7648=DIRECTION('',(-1.,0.,0.));
#7649=DIRECTION('',(0.,0.,-1.));
#7650=DIRECTION('',(0.,0.,1.));
#7651=DIRECTION('',(1.,0.,0.));
#7652=DIRECTION('',(-1.,0.,0.));
#7653=DIRECTION('',(0.,0.,1.));
#7654=DIRECTION('',(-1.,0.,0.));
#7655=DIRECTION('',(0.,0.,1.));
#7656=DIRECTION('',(0.,0.,-1.));
#7657=DIRECTION('',(-1.,0.,0.));
#7658=DIRECTION('',(-1.,0.,0.));
#7659=DIRECTION('',(0.,0.,1.));
#7660=DIRECTION('',(0.,0.,1.));
#7661=DIRECTION('',(1.,0.,0.));
#7662=DIRECTION('',(-1.,0.,0.));
#7663=DIRECTION('',(0.,0.,1.));
#7664=DIRECTION('',(0.,0.,-1.));
#7665=DIRECTION('',(-1.,0.,0.));
#7666=DIRECTION('',(0.,0.,-1.));
#7667=DIRECTION('',(0.,0.,-1.));
#7668=DIRECTION('',(-1.,0.,0.));
#7669=DIRECTION('',(0.,0.,-1.));
#7670=DIRECTION('',(-1.,0.,0.));
#7671=DIRECTION('',(0.,0.,-1.));
#7672=DIRECTION('',(1.00143141361155E-15,5.10777520272871E-16,1.));
#7673=DIRECTION('',(1.,0.,-1.00143141361155E-15));
#7674=DIRECTION('',(-1.,0.,0.));
#7675=DIRECTION('',(0.,0.,1.));
#7676=DIRECTION('',(-1.,0.,0.));
#7677=DIRECTION('',(0.,0.,1.));
#7678=DIRECTION('',(-1.55919667022188E-17,-9.65715819975143E-16,-1.));
#7679=DIRECTION('',(0.,1.,-9.65715819975143E-16));
#7680=DIRECTION('',(-1.,0.,0.));
#7681=DIRECTION('',(0.,0.,1.));
#7682=DIRECTION('',(0.,0.,1.));
#7683=DIRECTION('',(1.,0.,0.));
#7684=DIRECTION('',(-1.,0.,0.));
#7685=DIRECTION('',(0.,0.,1.));
#7686=DIRECTION('',(0.,0.,-1.));
#7687=DIRECTION('',(-1.,0.,0.));
#7688=DIRECTION('',(0.,0.,-1.));
#7689=DIRECTION('',(0.,0.,-1.));
#7690=DIRECTION('',(-1.,0.,0.));
#7691=DIRECTION('',(0.,0.,-1.));
#7692=DIRECTION('',(-1.,0.,0.));
#7693=DIRECTION('',(0.,0.,1.));
#7694=DIRECTION('',(1.,0.,0.));
#7695=DIRECTION('',(-1.,0.,0.));
#7696=DIRECTION('',(0.,0.,1.));
#7697=DIRECTION('',(0.,0.,-1.));
#7698=DIRECTION('',(-1.,0.,0.));
#7699=DIRECTION('',(-1.,0.,0.));
#7700=DIRECTION('',(0.,0.,1.));
#7701=DIRECTION('',(0.,0.,1.));
#7702=DIRECTION('',(1.,0.,0.));
#7703=DIRECTION('',(0.,0.,-1.));
#7704=DIRECTION('',(-1.,0.,0.));
#7705=DIRECTION('',(0.,0.,-1.));
#7706=DIRECTION('',(-1.,0.,0.));
#7707=DIRECTION('',(0.,0.,-1.));
#7708=DIRECTION('',(-1.,0.,0.));
#7709=DIRECTION('',(0.,1.18527436940477E-15,1.));
#7710=DIRECTION('',(0.,-1.,1.18527436940477E-15));
#7711=DIRECTION('',(-1.,0.,0.));
#7712=DIRECTION('',(0.,0.,1.));
#7713=DIRECTION('',(0.,0.,-1.));
#7714=DIRECTION('',(-1.,0.,0.));
#7715=DIRECTION('',(-1.,0.,0.));
#7716=DIRECTION('',(0.,0.,1.));
#7717=DIRECTION('',(0.,0.,1.));
#7718=DIRECTION('',(1.,0.,0.));
#7719=DIRECTION('',(0.,0.,-1.));
#7720=DIRECTION('',(-1.,0.,0.));
#7721=DIRECTION('',(0.,0.,1.));
#7722=DIRECTION('',(1.,0.,0.));
#7723=DIRECTION('',(0.,0.,-1.));
#7724=DIRECTION('',(-1.,0.,0.));
#7725=DIRECTION('',(0.,0.,1.));
#7726=DIRECTION('',(0.,0.,1.));
#7727=DIRECTION('',(1.,0.,0.));
#7728=DIRECTION('',(0.,0.,1.));
#7729=DIRECTION('',(1.,0.,0.));
#7730=DIRECTION('',(0.,0.,-1.));
#7731=DIRECTION('',(-1.,0.,0.));
#7732=DIRECTION('',(0.,0.,1.));
#7733=DIRECTION('',(1.,0.,0.));
#7734=DIRECTION('',(0.,0.,-1.));
#7735=DIRECTION('',(-1.,0.,0.));
#7736=DIRECTION('',(0.,0.,1.));
#7737=DIRECTION('',(0.,0.,1.));
#7738=DIRECTION('',(1.,0.,0.));
#7739=DIRECTION('',(0.,-8.67361737988403E-16,-1.));
#7740=DIRECTION('',(0.,1.,-8.67361737988403E-16));
#7741=DIRECTION('',(0.,0.,1.));
#7742=DIRECTION('',(0.,0.,1.));
#7743=DIRECTION('',(1.,0.,0.));
#7744=DIRECTION('',(0.,0.,1.));
#7745=DIRECTION('',(1.,0.,0.));
#7746=DIRECTION('',(0.,0.,-1.));
#7747=DIRECTION('',(-1.,0.,0.));
#7748=DIRECTION('',(0.,0.,1.));
#7749=DIRECTION('',(1.,0.,0.));
#7750=DIRECTION('',(0.,0.,-1.));
#7751=DIRECTION('',(-1.,0.,0.));
#7752=DIRECTION('',(0.,0.,1.));
#7753=DIRECTION('',(0.,0.,1.));
#7754=DIRECTION('',(1.,0.,0.));
#7755=DIRECTION('',(0.,0.,-1.));
#7756=DIRECTION('',(-1.,0.,0.));
#7757=DIRECTION('',(0.,0.,1.));
#7758=DIRECTION('',(0.,0.,1.));
#7759=DIRECTION('',(1.,0.,0.));
#7760=DIRECTION('',(1.,0.,0.));
#7761=DIRECTION('',(0.,0.,-1.));
#7762=DIRECTION('',(1.,0.,0.));
#7763=DIRECTION('',(0.,0.,-1.));
#7764=DIRECTION('',(0.,0.,-1.));
#7765=DIRECTION('',(-1.,0.,0.));
#7766=DIRECTION('',(1.,0.,0.));
#7767=DIRECTION('',(0.,0.,-1.));
#7768=DIRECTION('',(0.,0.,1.));
#7769=DIRECTION('',(1.,0.,0.));
#7770=DIRECTION('',(1.,0.,0.));
#7771=DIRECTION('',(0.,0.,-1.));
#7772=DIRECTION('',(0.,0.,1.));
#7773=DIRECTION('',(1.,0.,0.));
#7774=DIRECTION('',(0.,0.,1.));
#7775=DIRECTION('',(0.,0.,1.));
#7776=DIRECTION('',(1.,0.,0.));
#7777=DIRECTION('',(0.,0.,-1.));
#7778=DIRECTION('',(-1.,0.,0.));
#7779=DIRECTION('',(0.,0.,1.));
#7780=DIRECTION('',(5.00715706805775E-16,2.55388760136436E-16,1.));
#7781=DIRECTION('',(1.,0.,-5.00715706805775E-16));
#7782=DIRECTION('',(1.,0.,0.));
#7783=DIRECTION('',(0.,0.,-1.));
#7784=DIRECTION('',(1.,0.,0.));
#7785=DIRECTION('',(0.,0.,-1.));
#7786=DIRECTION('',(-5.16307673507992E-16,-7.10327059838706E-16,-1.));
#7787=DIRECTION('',(0.,1.,-7.10327059838706E-16));
#7788=DIRECTION('',(1.,0.,0.));
#7789=DIRECTION('',(0.,0.,-1.));
#7790=DIRECTION('',(0.,0.,1.));
#7791=DIRECTION('',(1.,0.,0.));
#7792=DIRECTION('',(1.,0.,0.));
#7793=DIRECTION('',(0.,0.,-1.));
#7794=DIRECTION('',(0.,0.,1.));
#7795=DIRECTION('',(1.,0.,0.));
#7796=DIRECTION('',(0.,0.,1.));
#7797=DIRECTION('',(-1.,0.,0.));
#7798=DIRECTION('',(0.,0.,1.));
#7799=DIRECTION('',(0.,0.,-1.));
#7800=DIRECTION('',(-1.,0.,0.));
#7801=DIRECTION('',(0.,0.,-1.));
#7802=DIRECTION('',(-1.,0.,0.));
#7803=DIRECTION('',(0.,0.,1.));
#7804=DIRECTION('',(1.,0.,0.));
#7805=DIRECTION('',(0.,0.,-1.));
#7806=DIRECTION('',(-1.,0.,0.));
#7807=DIRECTION('',(0.,0.,1.));
#7808=DIRECTION('',(1.,0.,0.));
#7809=DIRECTION('',(0.,0.,-1.));
#7810=DIRECTION('',(-1.,0.,0.));
#7811=DIRECTION('',(-1.,0.,0.));
#7812=DIRECTION('',(0.,0.,1.));
#7813=DIRECTION('',(-1.,0.,0.));
#7814=DIRECTION('',(0.,0.,1.));
#7815=DIRECTION('',(0.,0.,-1.));
#7816=DIRECTION('',(-1.,0.,0.));
#7817=DIRECTION('',(0.,0.,-1.));
#7818=DIRECTION('',(-1.,0.,0.));
#7819=DIRECTION('',(0.,0.,1.));
#7820=DIRECTION('',(1.,0.,0.));
#7821=DIRECTION('',(0.,0.,-1.));
#7822=DIRECTION('',(-1.,0.,0.));
#7823=DIRECTION('',(0.,0.,1.));
#7824=DIRECTION('',(1.,0.,0.));
#7825=DIRECTION('',(0.,0.,-1.));
#7826=DIRECTION('',(-1.,0.,0.));
#7827=DIRECTION('',(-1.,0.,0.));
#7828=DIRECTION('',(0.,0.,1.));
#7829=DIRECTION('',(-1.,-4.45409998966999E-17,0.));
#7830=DIRECTION('',(4.45409998966999E-17,-1.,0.));
#7831=DIRECTION('',(0.643733905671919,0.413779309991152,-0.643733905671919));
#7832=DIRECTION('',(-0.707106781186548,0.,-0.707106781186548));
#7833=DIRECTION('',(-4.45409998966999E-17,1.,0.));
#7834=DIRECTION('',(-1.,-4.45409998966999E-17,0.));
#7835=DIRECTION('',(0.,1.,0.));
#7836=DIRECTION('',(0.,0.,1.));
#7837=DIRECTION('',(0.,1.,0.));
#7838=DIRECTION('',(0.,0.,1.));
#7839=DIRECTION('',(-0.643733905671919,0.413779309991152,-0.643733905671919));
#7840=DIRECTION('',(-0.707106781186548,0.,0.707106781186548));
#7841=DIRECTION('',(-1.,4.45409998966999E-17,0.));
#7842=DIRECTION('',(-4.45409998966999E-17,-1.,0.));
#7843=DIRECTION('',(-4.45409998966999E-17,-1.,0.));
#7844=DIRECTION('',(1.,-4.45409998966999E-17,0.));
#7845=DIRECTION('',(0.,1.,0.));
#7846=DIRECTION('',(0.,0.,1.));
#7847=DIRECTION('',(0.,1.,0.));
#7848=DIRECTION('',(0.,0.,1.));
#7849=DIRECTION('',(0.851237333849649,-0.388680380824502,-0.352594048478788));
#7850=DIRECTION('',(0.41535604908409,0.909658920963927,0.));
#7851=DIRECTION('',(0.00883457164935223,-0.99992194729766,0.00883457164935228));
#7852=DIRECTION('',(0.,-0.00883491643717541,-0.999960971364157));
#7853=DIRECTION('',(0.,-1.,0.));
#7854=DIRECTION('',(0.,0.,-1.));
#7855=DIRECTION('',(0.,-1.,4.45409998966999E-17));
#7856=DIRECTION('',(0.,-4.45409998966999E-17,-1.));
#7857=DIRECTION('',(0.,-1.,0.));
#7858=DIRECTION('',(0.,0.,-1.));
#7859=DIRECTION('',(0.,1.,0.));
#7860=DIRECTION('',(0.,0.,1.));
#7861=DIRECTION('',(0.,1.,-4.45409998966999E-17));
#7862=DIRECTION('',(0.,4.45409998966999E-17,1.));
#7863=DIRECTION('',(0.,1.,0.));
#7864=DIRECTION('',(0.,0.,1.));
#7865=DIRECTION('',(0.00883457164935224,0.99992194729766,-0.00883457164935224));
#7866=DIRECTION('',(0.,0.00883491643717538,0.999960971364157));
#7867=DIRECTION('',(0.851237333849473,0.388680380824902,0.352594048478771));
#7868=DIRECTION('',(-0.415356049084515,0.909658920963733,0.));
#7869=DIRECTION('',(0.,0.,1.));
#7870=DIRECTION('',(1.,0.,0.));
#7871=CARTESIAN_POINT('',(0.,0.,0.));
#7872=CARTESIAN_POINT('',(-0.00457112381529809,-0.0993423940512538,0.003175));
#7873=CARTESIAN_POINT('',(-0.00457112381529809,-0.0993423940512538,0.00254));
#7874=CARTESIAN_POINT('',(-0.00457112381529809,-0.128157154204369,0.00254));
#7875=CARTESIAN_POINT('',(-0.00457112381529809,-0.0740745401386521,0.00254));
#7876=CARTESIAN_POINT('',(-0.00457112381529809,-0.0726403940512538,0.005175));
#7877=CARTESIAN_POINT('',(-0.00457112381529809,-0.0742865823758388,0.002667));
#7878=CARTESIAN_POINT('',(-0.00457112381529809,-0.128552394051254,0.002667));
#7879=CARTESIAN_POINT('',(-0.00457112381529809,-0.128552394051254,0.002667));
#7880=CARTESIAN_POINT('',(-0.00457112381529809,-0.128552394051254,0.003175));
#7881=CARTESIAN_POINT('',(-0.00457112381529809,-0.128552394051254,0.00214476015311479));
#7882=CARTESIAN_POINT('',(-0.00457112381529809,-0.113432274127811,0.0172648800765574));
#7883=CARTESIAN_POINT('',(0.00457112381529809,-0.0993423940512538,0.003175));
#7884=CARTESIAN_POINT('',(0.00457112381529809,-0.0993423940512538,0.002667));
#7885=CARTESIAN_POINT('',(0.00457112381529809,-0.128552394051254,0.002667));
#7886=CARTESIAN_POINT('',(0.00457112381529809,-0.0742865823758388,0.002667));
#7887=CARTESIAN_POINT('',(0.00457112381529809,-0.0726403940512538,0.005175));
#7888=CARTESIAN_POINT('',(0.00457112381529809,-0.0740745401386521,0.00254));
#7889=CARTESIAN_POINT('',(0.00457112381529809,-0.0993423940512538,0.00254));
#7890=CARTESIAN_POINT('',(0.00457112381529809,-0.128157154204369,0.00254));
#7891=CARTESIAN_POINT('',(0.00457112381529809,-0.128665154204369,0.002032));
#7892=CARTESIAN_POINT('',(0.00457112381529809,-0.128552394051254,0.00214476015311479));
#7893=CARTESIAN_POINT('',(0.00457112381529809,-0.128552394051254,0.003175));
#7894=CARTESIAN_POINT('',(0.007375,-0.0673383940512538,0.02189));
#7895=CARTESIAN_POINT('',(0.00557112381529809,-0.0673383940512538,0.00372578643762691));
#7896=CARTESIAN_POINT('',(0.00522322727895431,-0.0673383940512538,0.00407368297397069));
#7897=CARTESIAN_POINT('',(0.00507912381529809,-0.0673383940512538,0.00372578643762691));
#7898=CARTESIAN_POINT('',(0.0152072721524918,-0.0673383940512538,0.0140577278475082));
#7899=CARTESIAN_POINT('',(0.006508,-0.0673383940512538,0.00535845569501639));
#7900=CARTESIAN_POINT('',(0.006508,-0.0673383940512538,0.02189));
#7901=CARTESIAN_POINT('',(0.006508,-0.0673383940512538,0.0210615728752538));
#7902=CARTESIAN_POINT('',(0.0111751238152981,-0.0673383940512538,0.0210615728752538));
#7903=CARTESIAN_POINT('',(0.0111751238152981,-0.0673383940512538,0.0210615728752538));
#7904=CARTESIAN_POINT('',(0.0111751238152981,-0.0673383940512538,0.003048));
#7905=CARTESIAN_POINT('',(0.0111751238152981,-0.0673383940512538,0.003048));
#7906=CARTESIAN_POINT('',(0.00457112381529809,-0.0673383940512538,0.003048));
#7907=CARTESIAN_POINT('',(0.00507912381529809,-0.0673383940512538,0.003048));
#7908=CARTESIAN_POINT('',(0.00507912381529809,-0.0673383940512538,0.02189));
#7909=CARTESIAN_POINT('',(-0.007375,-0.0673383940512538,0.02189));
#7910=CARTESIAN_POINT('',(-0.00557112381529809,-0.0673383940512538,0.00372578643762691));
#7911=CARTESIAN_POINT('',(-0.00507912381529809,-0.0673383940512538,0.00372578643762691));
#7912=CARTESIAN_POINT('',(-0.00522322727895431,-0.0673383940512538,0.00407368297397069));
#7913=CARTESIAN_POINT('',(-0.00507912381529809,-0.0673383940512538,0.003048));
#7914=CARTESIAN_POINT('',(-0.00507912381529809,-0.0673383940512538,0.003048));
#7915=CARTESIAN_POINT('',(-0.0116831238152981,-0.0673383940512538,0.003048));
#7916=CARTESIAN_POINT('',(-0.0111751238152981,-0.0673383940512538,0.003048));
#7917=CARTESIAN_POINT('',(-0.0111751238152981,-0.0673383940512538,0.02189));
#7918=CARTESIAN_POINT('',(-0.0111751238152981,-0.0673383940512538,0.0210615728752538));
#7919=CARTESIAN_POINT('',(-0.006508,-0.0673383940512538,0.0210615728752538));
#7920=CARTESIAN_POINT('',(-0.006508,-0.0673383940512538,0.0210615728752538));
#7921=CARTESIAN_POINT('',(-0.006508,-0.0673383940512538,0.00556887618470192));
#7922=CARTESIAN_POINT('',(-0.006508,-0.0673383940512538,0.00535845569501639));
#7923=CARTESIAN_POINT('',(-0.0152072721524918,-0.0673383940512538,0.0140577278475082));
#7924=CARTESIAN_POINT('',(-3.46944695195361E-18,-0.0613685771021843,0.00654));
#7925=CARTESIAN_POINT('',(0.0125,-0.0366525305106044,0.00654));
#7926=CARTESIAN_POINT('',(0.0138,-0.0366525305106044,0.00654));
#7927=CARTESIAN_POINT('',(0.0131,-0.0366525305106044,0.00654));
#7928=CARTESIAN_POINT('',(0.0131,-0.0613685771021843,0.00654));
#7929=CARTESIAN_POINT('',(0.0131,-0.105152530510604,0.00654));
#7930=CARTESIAN_POINT('',(-3.46944695195361E-18,-0.105152530510604,0.00654));
#7931=CARTESIAN_POINT('',(0.0138,-0.105152530510604,0.00654));
#7932=CARTESIAN_POINT('',(0.0138,-0.0613685771021843,0.00654));
#7933=CARTESIAN_POINT('',(-3.46944695195361E-18,-0.0613685771021843,0.00654));
#7934=CARTESIAN_POINT('',(-0.0125,-0.00965253051060438,0.00654));
#7935=CARTESIAN_POINT('',(-0.0138,-0.00965253051060438,0.00654));
#7936=CARTESIAN_POINT('',(-0.0131,-0.00965253051060438,0.00654));
#7937=CARTESIAN_POINT('',(-0.0131,-0.00563781188484296,0.00654));
#7938=CARTESIAN_POINT('',(-0.0131,-0.00563781188484295,0.00654));
#7939=CARTESIAN_POINT('',(6.19829972371369E-18,-0.00563781188484296,0.00654));
#7940=CARTESIAN_POINT('',(-0.0138,-0.00563781188484295,0.00654));
#7941=CARTESIAN_POINT('',(-0.0138,-0.00965253051060438,0.00654));
#7942=CARTESIAN_POINT('',(1.21430643318376E-17,0.,0.00254));
#7943=CARTESIAN_POINT('',(1.21025230702468E-17,0.000311605948746227,0.00254));
#7944=CARTESIAN_POINT('',(-0.005,0.000311605948746227,0.00254));
#7945=CARTESIAN_POINT('',(0.005,0.000311605948746228,0.00254));
#7946=CARTESIAN_POINT('',(0.005,-0.00168839405125378,0.00254));
#7947=CARTESIAN_POINT('',(0.005,-0.00368839405125377,0.00254));
#7948=CARTESIAN_POINT('',(-0.005,-0.00368839405125377,0.00254));
#7949=CARTESIAN_POINT('',(-0.005,-0.00368839405125377,0.00254));
#7950=CARTESIAN_POINT('',(-0.005,-0.00168839405125378,0.00254));
#7951=CARTESIAN_POINT('',(-0.0100661676152002,0.0071178553812685,0.00254));
#7952=CARTESIAN_POINT('',(-0.0144614532029735,0.000901982892536582,0.00254));
#7953=CARTESIAN_POINT('',(-0.015,0.000140362708209065,0.00254));
#7954=CARTESIAN_POINT('',(-0.015,0.,0.00254));
#7955=CARTESIAN_POINT('',(-0.015,-0.000849586785452102,0.00254));
#7956=CARTESIAN_POINT('',(-0.0138,-0.000849586785452102,0.00254));
#7957=CARTESIAN_POINT('',(-0.0138,0.000847469489395612,0.00254));
#7958=CARTESIAN_POINT('',(-0.01375,0.000847469489395612,0.00254));
#7959=CARTESIAN_POINT('',(-0.012525206459936,0.000847469489395612,0.00254));
#7960=CARTESIAN_POINT('',(-0.012525206459936,0.000847469489395612,0.00254));
#7961=CARTESIAN_POINT('',(-0.0122928889667732,0.00084746948939561,0.00254));
#7962=CARTESIAN_POINT('',(-0.0120624206684829,0.000760425649341029,0.00254));
#7963=CARTESIAN_POINT('',(-0.0119,0.000598941351971755,0.00254));
#7964=CARTESIAN_POINT('',(-0.0119,0.000598941351971754,0.00254));
#7965=CARTESIAN_POINT('',(-0.0119,1.12599323804313E-18,0.00254));
#7966=CARTESIAN_POINT('',(-0.0119,-0.109152530510604,0.00254));
#7967=CARTESIAN_POINT('',(-0.01375,-0.109152530510604,0.00254));
#7968=CARTESIAN_POINT('',(-0.0162,-0.109152530510604,0.00254));
#7969=CARTESIAN_POINT('',(-0.0162,0.,0.00254));
#7970=CARTESIAN_POINT('',(-0.0162,-0.0886598759414262,0.00254));
#7971=CARTESIAN_POINT('',(-0.0208156077435618,-0.10412546875309,0.00254));
#7972=CARTESIAN_POINT('',(-0.0208156077435618,-0.10412546875309,0.00254));
#7973=CARTESIAN_POINT('',(-0.003048,-0.109428098201856,0.00254));
#7974=CARTESIAN_POINT('',(-0.02159,-0.109428098201856,0.00254));
#7975=CARTESIAN_POINT('',(-0.02159,-3.4018349641747E-18,0.00254));
#7976=CARTESIAN_POINT('',(-0.02159,-0.124855154204369,0.00254));
#7977=CARTESIAN_POINT('',(-0.018288,-0.124855154204369,0.00254));
#7978=CARTESIAN_POINT('',(-0.018288,-0.128157154204369,0.00254));
#7979=CARTESIAN_POINT('',(1.21430643318376E-17,-0.128157154204369,0.00254));
#7980=CARTESIAN_POINT('',(-0.0116831238152981,-0.128157154204369,0.00254));
#7981=CARTESIAN_POINT('',(-0.0116831238152981,-0.0993423940512538,0.00254));
#7982=CARTESIAN_POINT('',(-0.0116831238152981,-0.125391236884881,0.00254));
#7983=CARTESIAN_POINT('',(-0.015875,-0.122315154204369,0.00254));
#7984=CARTESIAN_POINT('',(-0.0116831238152981,-0.119239071523856,0.00254));
#7985=CARTESIAN_POINT('',(-0.0116831238152981,-0.0993423940512538,0.00254));
#7986=CARTESIAN_POINT('',(-0.0116831238152981,-0.0677102758614988,0.00254));
#7987=CARTESIAN_POINT('',(-0.0116831238152981,-0.0677102758614988,0.00254));
#7988=CARTESIAN_POINT('',(-0.0116831238152981,-0.0673580746707794,0.00254));
#7989=CARTESIAN_POINT('',(-0.0114202821468915,-0.0670755547899962,0.00254));
#7990=CARTESIAN_POINT('',(-0.0111751238152981,-0.0668303940512538,0.00254));
#7991=CARTESIAN_POINT('',(-0.0111751238152981,-0.0668303940512538,0.00254));
#7992=CARTESIAN_POINT('',(-0.00457112381529809,-0.0668303940512538,0.00254));
#7993=CARTESIAN_POINT('',(-0.00507912381529809,-0.0668303940512538,0.00254));
#7994=CARTESIAN_POINT('',(-0.00457112381529809,-0.0677102758614988,0.00254));
#7995=CARTESIAN_POINT('',(-0.00457112381529809,-0.0673580746707794,0.00254));
#7996=CARTESIAN_POINT('',(-0.00483396548370494,-0.0670755547899965,0.00254));
#7997=CARTESIAN_POINT('',(-0.00507912381529809,-0.0668303940512538,0.00254));
#7998=CARTESIAN_POINT('',(-0.00457112381529809,-0.0677102758614988,0.00254));
#7999=CARTESIAN_POINT('',(-0.00457112381529809,-0.0993423940512538,0.00254));
#8000=CARTESIAN_POINT('',(-0.00457112381529809,-0.0712062479638554,0.00254));
#8001=CARTESIAN_POINT('',(-0.00457112381529809,-0.0712062479638554,0.00254));
#8002=CARTESIAN_POINT('',(-0.00457112381529808,-0.0716856996103773,0.00254));
#8003=CARTESIAN_POINT('',(-0.00470910874179708,-0.0726410120556882,0.00254));
#8004=CARTESIAN_POINT('',(-0.0045711238152981,-0.0735958191785442,0.00254));
#8005=CARTESIAN_POINT('',(-0.00457112381529809,-0.0740745401386521,0.00254));
#8006=CARTESIAN_POINT('',(1.21430643318376E-17,-0.128157154204369,0.00254));
#8007=CARTESIAN_POINT('',(-0.004445,-0.128157154204369,0.00254));
#8008=CARTESIAN_POINT('',(-0.004445,-0.0886782258749008,0.00254));
#8009=CARTESIAN_POINT('',(-0.004445,-0.0874082258749008,0.00254));
#8010=CARTESIAN_POINT('',(1.21430643318376E-17,-0.0874082258749008,0.00254));
#8011=CARTESIAN_POINT('',(0.004445,-0.0874082258749008,0.00254));
#8012=CARTESIAN_POINT('',(0.004445,8.19545192257152E-19,0.00254));
#8013=CARTESIAN_POINT('',(0.004445,-0.128157154204369,0.00254));
#8014=CARTESIAN_POINT('',(1.21430643318376E-17,-0.128157154204369,0.00254));
#8015=CARTESIAN_POINT('',(0.00457112381529809,-0.0740745401386521,0.00254));
#8016=CARTESIAN_POINT('',(0.0045711238152981,-0.0735950884921302,0.00254));
#8017=CARTESIAN_POINT('',(0.00470910874179708,-0.0726397760468193,0.00254));
#8018=CARTESIAN_POINT('',(0.00457112381529808,-0.0716849689239633,0.00254));
#8019=CARTESIAN_POINT('',(0.00457112381529809,-0.0712062479638554,0.00254));
#8020=CARTESIAN_POINT('',(0.00457112381529809,-0.0712062479638554,0.00254));
#8021=CARTESIAN_POINT('',(0.00457112381529809,-0.0993423940512538,0.00254));
#8022=CARTESIAN_POINT('',(0.00457112381529809,-0.0677102758614988,0.00254));
#8023=CARTESIAN_POINT('',(0.00457112381529809,-0.0677102758614988,0.00254));
#8024=CARTESIAN_POINT('',(0.00457112381529809,-0.0673580746707794,0.00254));
#8025=CARTESIAN_POINT('',(0.00483396548370494,-0.0670755547899965,0.00254));
#8026=CARTESIAN_POINT('',(0.00507912381529809,-0.0668303940512538,0.00254));
#8027=CARTESIAN_POINT('',(0.00507912381529809,-0.0668303940512538,0.00254));
#8028=CARTESIAN_POINT('',(0.0116831238152981,-0.0668303940512538,0.00254));
#8029=CARTESIAN_POINT('',(0.0111751238152981,-0.0668303940512538,0.00254));
#8030=CARTESIAN_POINT('',(0.0116831238152981,-0.0677102758614988,0.00254));
#8031=CARTESIAN_POINT('',(0.0116831238152981,-0.0673580746707794,0.00254));
#8032=CARTESIAN_POINT('',(0.0114202821468915,-0.0670755547899962,0.00254));
#8033=CARTESIAN_POINT('',(0.0111751238152981,-0.0668303940512538,0.00254));
#8034=CARTESIAN_POINT('',(0.0116831238152981,-0.0677102758614988,0.00254));
#8035=CARTESIAN_POINT('',(0.0116831238152981,-0.0993423940512538,0.00254));
#8036=CARTESIAN_POINT('',(0.0116831238152981,-0.119239071523856,0.00254));
#8037=CARTESIAN_POINT('',(0.015875,-0.122315154204369,0.00254));
#8038=CARTESIAN_POINT('',(0.0116831238152981,-0.125391236884881,0.00254));
#8039=CARTESIAN_POINT('',(0.0116831238152981,-0.0993423940512538,0.00254));
#8040=CARTESIAN_POINT('',(0.0116831238152981,-0.128157154204369,0.00254));
#8041=CARTESIAN_POINT('',(1.21430643318376E-17,-0.128157154204369,0.00254));
#8042=CARTESIAN_POINT('',(0.018288,-0.128157154204369,0.00254));
#8043=CARTESIAN_POINT('',(0.018288,-0.124855154204369,0.00254));
#8044=CARTESIAN_POINT('',(0.02159,-0.124855154204369,0.00254));
#8045=CARTESIAN_POINT('',(0.02159,-0.109428098201856,0.00254));
#8046=CARTESIAN_POINT('',(0.02159,-0.109428098201856,0.00254));
#8047=CARTESIAN_POINT('',(0.003048,-0.109428098201856,0.00254));
#8048=CARTESIAN_POINT('',(0.0208156077435618,-0.10412546875309,0.00254));
#8049=CARTESIAN_POINT('',(-0.00942087180147935,-0.00281159922982178,0.00254));
#8050=CARTESIAN_POINT('',(0.0162,-0.0886598759414262,0.00254));
#8051=CARTESIAN_POINT('',(0.0162,-0.109152530510604,0.00254));
#8052=CARTESIAN_POINT('',(0.0162,-0.109152530510604,0.00254));
#8053=CARTESIAN_POINT('',(0.01375,-0.109152530510604,0.00254));
#8054=CARTESIAN_POINT('',(0.0119,-0.109152530510604,0.00254));
#8055=CARTESIAN_POINT('',(0.0119,0.000847469489395604,0.00254));
#8056=CARTESIAN_POINT('',(0.0119,0.000598941351971754,0.00254));
#8057=CARTESIAN_POINT('',(0.012525206459936,0.000847469489395611,0.00254));
#8058=CARTESIAN_POINT('',(0.0122932682145528,0.000847469489395615,0.00254));
#8059=CARTESIAN_POINT('',(0.0120628574521531,0.000760859914907845,0.00254));
#8060=CARTESIAN_POINT('',(0.0119,0.000598941351971754,0.00254));
#8061=CARTESIAN_POINT('',(0.012525206459936,0.000847469489395611,0.00254));
#8062=CARTESIAN_POINT('',(0.01375,0.000847469489395611,0.00254));
#8063=CARTESIAN_POINT('',(0.0138,0.000847469489395611,0.00254));
#8064=CARTESIAN_POINT('',(0.0138,-0.000849586785452103,0.00254));
#8065=CARTESIAN_POINT('',(0.015,-0.000849586785452103,0.00254));
#8066=CARTESIAN_POINT('',(0.015,0.00542,0.00254));
#8067=CARTESIAN_POINT('',(0.015,0.000140362708209061,0.00254));
#8068=CARTESIAN_POINT('',(0.0100661676152002,0.00711785538126849,0.00254));
#8069=CARTESIAN_POINT('',(0.0144614532029735,0.000901982892536579,0.00254));
#8070=CARTESIAN_POINT('',(0.011,0.00141999999999998,0.00254));
#8071=CARTESIAN_POINT('',(0.011,0.00492,0.00254));
#8072=CARTESIAN_POINT('',(1.21430643318376E-17,0.00492,0.00254));
#8073=CARTESIAN_POINT('',(-0.011,0.00492,0.00254));
#8074=CARTESIAN_POINT('',(-0.011,0.00141999999999998,0.00254));
#8075=CARTESIAN_POINT('',(-0.0116831238152981,-0.0993423940512538,0.003175));
#8076=CARTESIAN_POINT('',(-0.0116831238152981,-0.0701323940512538,0.02539));
#8077=CARTESIAN_POINT('',(-0.0116831238152981,-0.0701323940512538,0.005175));
#8078=CARTESIAN_POINT('',(-0.0116831238152981,-0.0701323940512538,0.02339));
#8079=CARTESIAN_POINT('',(-0.0116831238152981,-0.0993423940512538,0.02339));
#8080=CARTESIAN_POINT('',(-0.0116831238152981,-0.0665568145409393,0.02339));
#8081=CARTESIAN_POINT('',(-0.0116831238152981,-0.0930571042960966,-0.00311028975515722));
#8082=CARTESIAN_POINT('',(-0.0116831238152981,-0.0678463940512538,0.0221004204896856));
#8083=CARTESIAN_POINT('',(-0.0116831238152981,-0.0678463940512538,0.003175));
#8084=CARTESIAN_POINT('',(-0.0116831238152981,-0.0678463940512538,0.003048));
#8085=CARTESIAN_POINT('',(-0.0116831238152981,-0.0668303940512538,0.003048));
#8086=CARTESIAN_POINT('',(-0.0116831238152981,-0.119239071523856,0.003175));
#8087=CARTESIAN_POINT('',(-0.0116831238152981,-0.119239071523856,0.002667));
#8088=CARTESIAN_POINT('',(-0.0116831238152981,-0.0993423940512538,0.002667));
#8089=CARTESIAN_POINT('',(-0.0116831238152981,-0.0726403940512538,0.002667));
#8090=CARTESIAN_POINT('',(-0.0116831238152981,-0.0726403940512538,0.005175));
#8091=CARTESIAN_POINT('',(-0.00457112381529809,-0.0993423940512538,0.003175));
#8092=CARTESIAN_POINT('',(-0.00457112381529809,-0.0705490467451568,0.00372578643762691));
#8093=CARTESIAN_POINT('',(-0.00457112381529809,-0.0678463940512538,0.00372578643762691));
#8094=CARTESIAN_POINT('',(-0.00457112381529809,-0.070013650810921,0.00372578643762691));
#8095=CARTESIAN_POINT('',(-0.00457112381529809,-0.0726403940512538,0.005175));
#8096=CARTESIAN_POINT('',(-0.00457112381529809,-0.0668303940512538,0.003048));
#8097=CARTESIAN_POINT('',(-0.00457112381529809,-0.0678463940512538,0.003048));
#8098=CARTESIAN_POINT('',(-0.00457112381529809,-0.0678463940512538,0.00414));
#8099=CARTESIAN_POINT('',(0.00812712381529808,-0.0706403940512538,0.02189));
#8100=CARTESIAN_POINT('',(0.0111751238152981,-0.0706403940512538,0.02539));
#8101=CARTESIAN_POINT('',(0.0111751238152981,-0.0706403940512538,0.005175));
#8102=CARTESIAN_POINT('',(0.0111751238152981,-0.0706403940512538,0.02339));
#8103=CARTESIAN_POINT('',(0.00812712381529808,-0.0706403940512538,0.02339));
#8104=CARTESIAN_POINT('',(0.006508,-0.0706403940512538,0.02339));
#8105=CARTESIAN_POINT('',(0.006508,-0.0706403940512538,0.02189));
#8106=CARTESIAN_POINT('',(0.006508,-0.0706403940512538,0.00535845569501639));
#8107=CARTESIAN_POINT('',(0.0155833340601408,-0.0706403940512538,0.0144337897551572));
#8108=CARTESIAN_POINT('',(0.00632454430498362,-0.0706403940512538,0.005175));
#8109=CARTESIAN_POINT('',(0.0111751238152981,-0.0706403940512538,0.005175));
#8110=CARTESIAN_POINT('',(-0.0111751238152981,-0.0993423940512538,0.002667));
#8111=CARTESIAN_POINT('',(-0.0111751238152981,-0.0262325771021843,0.003175));
#8112=CARTESIAN_POINT('',(-0.0111751238152981,-0.0726403940512538,0.003175));
#8113=CARTESIAN_POINT('',(-0.0111751238152981,-0.120091356899376,0.003175));
#8114=CARTESIAN_POINT('',(-0.0111751238152981,-0.0726403940512538,0.002667));
#8115=CARTESIAN_POINT('',(-0.0111751238152981,-0.120091356899376,0.003175));
#8116=CARTESIAN_POINT('',(-0.0112622410198595,-0.119907239365788,0.003175));
#8117=CARTESIAN_POINT('',(-0.0114097960424375,-0.119638689528387,0.0031451066908642));
#8118=CARTESIAN_POINT('',(-0.0116157361261718,-0.119329950928479,0.00295845805179827));
#8119=CARTESIAN_POINT('',(-0.0116831238152981,-0.119239071523856,0.00277026125429529));
#8120=CARTESIAN_POINT('',(-0.0116831238152981,-0.119239071523856,0.002667));
#8121=CARTESIAN_POINT('',(-0.00507912381529809,-0.0262325771021843,0.002667));
#8122=CARTESIAN_POINT('',(-0.00507912381529809,-0.0733713966557623,0.003175));
#8123=CARTESIAN_POINT('',(-0.00497288290466445,-0.0735462926748083,0.003175));
#8124=CARTESIAN_POINT('',(-0.0046978677320096,-0.0738490033367367,0.00309009212502295));
#8125=CARTESIAN_POINT('',(-0.00457112381529809,-0.0741415380250822,0.00280733070952832));
#8126=CARTESIAN_POINT('',(-0.00457112381529809,-0.0742865823758388,0.002667));
#8127=CARTESIAN_POINT('',(-0.00507912381529809,-0.0733713966557623,0.003175));
#8128=CARTESIAN_POINT('',(-0.00507912381529809,-0.0701323940512538,0.003175));
#8129=CARTESIAN_POINT('',(-0.00507912381529809,-0.128044394051254,0.003175));
#8130=CARTESIAN_POINT('',(-0.00507912381529809,-0.128044394051254,0.002667));
#8131=CARTESIAN_POINT('',(-0.0202719808039665,-0.100527577102184,0.00254));
#8132=CARTESIAN_POINT('',(-0.015,-0.0828626642770457,0.00254));
#8133=CARTESIAN_POINT('',(-0.015,-0.0828626642770457,0.000508));
#8134=CARTESIAN_POINT('',(-0.015,-0.0828626642770457,0.002032));
#8135=CARTESIAN_POINT('',(-0.0202719808039665,-0.100527577102184,0.000508));
#8136=CARTESIAN_POINT('',(-0.0213023915173581,-0.103980191233946,0.000508));
#8137=CARTESIAN_POINT('',(-0.0213023915173581,-0.103980191233946,0.00254));
#8138=CARTESIAN_POINT('',(-0.0213023915173581,-0.103980191233946,0.002032));
#8139=CARTESIAN_POINT('',(-0.0126701084826419,-0.0750558584337478,0.002032));
#8140=CARTESIAN_POINT('',(0.0116831238152981,-0.0993423940512538,0.003175));
#8141=CARTESIAN_POINT('',(0.0116831238152981,-0.0646976042960966,0.0252492102448428));
#8142=CARTESIAN_POINT('',(0.0116831238152981,-0.0678463940512538,0.0221004204896856));
#8143=CARTESIAN_POINT('',(0.0116831238152981,-0.0665568145409393,0.02339));
#8144=CARTESIAN_POINT('',(0.0116831238152981,-0.0701323940512538,0.02339));
#8145=CARTESIAN_POINT('',(0.0116831238152981,-0.0701323940512538,0.02339));
#8146=CARTESIAN_POINT('',(0.0116831238152981,-0.0701323940512538,0.0051230130292814));
#8147=CARTESIAN_POINT('',(0.0116831238152981,-0.0701323940512538,0.005175));
#8148=CARTESIAN_POINT('',(0.0116831238152981,-0.0726403940512538,0.005175));
#8149=CARTESIAN_POINT('',(0.0116831238152981,-0.0726403940512538,0.002667));
#8150=CARTESIAN_POINT('',(0.0116831238152981,-0.119239071523856,0.002667));
#8151=CARTESIAN_POINT('',(0.0116831238152981,-0.119239071523856,0.002667));
#8152=CARTESIAN_POINT('',(0.0116831238152981,-0.119239071523856,0.003175));
#8153=CARTESIAN_POINT('',(0.0116831238152981,-0.0668303940512538,0.003048));
#8154=CARTESIAN_POINT('',(0.0116831238152981,-0.0678463940512538,0.003048));
#8155=CARTESIAN_POINT('',(0.0116831238152981,-0.0678463940512538,0.02189));
#8156=CARTESIAN_POINT('',(-0.0202719808039665,-0.100527577102184,0.000508));
#8157=CARTESIAN_POINT('',(-0.015,-0.099192088240776,-0.00416187835138937));
#8158=CARTESIAN_POINT('',(-0.015,-0.0828906383230229,0.0005));
#8159=CARTESIAN_POINT('',(-0.0213803729753574,-0.0819588531637839,0.00688037297535733));
#8160=CARTESIAN_POINT('',(-0.0145,-0.0829636579695888,0.));
#8161=CARTESIAN_POINT('',(0.00942087180147935,-0.00281159922982178,0.));
#8162=CARTESIAN_POINT('',(-0.0208156077435618,-0.10412546875309,0.));
#8163=CARTESIAN_POINT('',(-0.0213023915173581,-0.103980191233946,0.000508));
#8164=CARTESIAN_POINT('',(0.00942087180147935,-0.00281159922982178,0.00254));
#8165=CARTESIAN_POINT('',(-0.0162,-0.0928559828380109,0.00374));
#8166=CARTESIAN_POINT('',(-0.015,-0.0888351230931845,0.00374));
#8167=CARTESIAN_POINT('',(-0.015,-0.00899785132167632,-0.0190918125555352));
#8168=CARTESIAN_POINT('',(-0.0213023915173581,-0.103980191233946,0.002032));
#8169=CARTESIAN_POINT('',(-0.0116831238152981,-0.0993423940512538,0.003175));
#8170=CARTESIAN_POINT('',(-0.0116831238152981,-0.128552394051254,0.003175));
#8171=CARTESIAN_POINT('',(-0.0116831238152981,-0.128552394051254,0.002667));
#8172=CARTESIAN_POINT('',(-0.0116831238152981,-0.128552394051254,0.00214476015311479));
#8173=CARTESIAN_POINT('',(-0.0116831238152981,-0.0993423940512538,0.002667));
#8174=CARTESIAN_POINT('',(-0.0116831238152981,-0.125391236884881,0.002667));
#8175=CARTESIAN_POINT('',(-0.0116831238152981,-0.125391236884881,0.003175));
#8176=CARTESIAN_POINT('',(-0.0116831238152981,-0.128665154204369,0.002032));
#8177=CARTESIAN_POINT('',(0.0116831238152981,-0.0993423940512538,0.003175));
#8178=CARTESIAN_POINT('',(0.0116831238152981,-0.125391236884881,0.003175));
#8179=CARTESIAN_POINT('',(0.0116831238152981,-0.125391236884881,0.002667));
#8180=CARTESIAN_POINT('',(0.0116831238152981,-0.128552394051254,0.002667));
#8181=CARTESIAN_POINT('',(0.0116831238152981,-0.128552394051254,0.002667));
#8182=CARTESIAN_POINT('',(0.0116831238152981,-0.128552394051254,0.003175));
#8183=CARTESIAN_POINT('',(0.0116831238152981,-0.128552394051254,0.00214476015311479));
#8184=CARTESIAN_POINT('',(0.0116831238152981,-0.113432274127811,0.0172648800765574));
#8185=CARTESIAN_POINT('',(1.21430643318376E-17,0.,0.));
#8186=CARTESIAN_POINT('',(0.0145,-0.0846390161965999,0.));
#8187=CARTESIAN_POINT('',(0.0145,0.00141999999999998,0.));
#8188=CARTESIAN_POINT('',(0.0145,-0.0829636579695889,0.));
#8189=CARTESIAN_POINT('',(0.0208156077435618,-0.10412546875309,0.));
#8190=CARTESIAN_POINT('',(0.0208156077435618,-0.10412546875309,0.));
#8191=CARTESIAN_POINT('',(0.003048,-0.109428098201856,0.));
#8192=CARTESIAN_POINT('',(0.02159,-0.109428098201856,0.));
#8193=CARTESIAN_POINT('',(0.02159,-3.4018349641747E-18,0.));
#8194=CARTESIAN_POINT('',(0.02159,-0.124855154204369,0.));
#8195=CARTESIAN_POINT('',(0.018288,-0.124855154204369,0.));
#8196=CARTESIAN_POINT('',(0.018288,-0.128157154204369,0.));
#8197=CARTESIAN_POINT('',(0.004445,-0.128157154204369,0.));
#8198=CARTESIAN_POINT('',(0.004445,-0.128157154204369,0.));
#8199=CARTESIAN_POINT('',(0.004445,-0.0886782258749008,0.));
#8200=CARTESIAN_POINT('',(0.004445,-0.0874082258749008,0.));
#8201=CARTESIAN_POINT('',(-0.003175,-0.0874082258749008,0.));
#8202=CARTESIAN_POINT('',(-0.004445,-0.0874082258749008,0.));
#8203=CARTESIAN_POINT('',(-0.004445,-8.19545192257164E-19,0.));
#8204=CARTESIAN_POINT('',(-0.004445,-0.128157154204369,0.));
#8205=CARTESIAN_POINT('',(-0.018288,-0.128157154204369,0.));
#8206=CARTESIAN_POINT('',(-0.018288,-0.128157154204369,0.));
#8207=CARTESIAN_POINT('',(-0.018288,-0.124855154204369,0.));
#8208=CARTESIAN_POINT('',(-0.02159,-0.124855154204369,0.));
#8209=CARTESIAN_POINT('',(-0.02159,-0.109428098201856,0.));
#8210=CARTESIAN_POINT('',(-0.02159,-0.109428098201856,0.));
#8211=CARTESIAN_POINT('',(-0.003048,-0.109428098201856,0.));
#8212=CARTESIAN_POINT('',(-0.0145,0.,0.));
#8213=CARTESIAN_POINT('',(-0.0145,0.00141999999999998,0.));
#8214=CARTESIAN_POINT('',(-0.011,0.00141999999999998,0.));
#8215=CARTESIAN_POINT('',(-0.011,0.00492,0.));
#8216=CARTESIAN_POINT('',(0.011,0.00492,0.));
#8217=CARTESIAN_POINT('',(0.011,0.00492,0.));
#8218=CARTESIAN_POINT('',(0.011,0.00141999999999998,0.));
#8219=CARTESIAN_POINT('',(-0.015875,-0.122315154204369,0.));
#8220=CARTESIAN_POINT('',(-0.0123825,-0.122315154204369,0.));
#8221=CARTESIAN_POINT('',(0.015875,-0.122315154204369,0.));
#8222=CARTESIAN_POINT('',(0.0123825,-0.122315154204369,0.));
#8223=CARTESIAN_POINT('',(0.015875,-0.122315154204369,0.210555272843835));
#8224=CARTESIAN_POINT('',(0.015875,-0.122315154204369,0.003175));
#8225=CARTESIAN_POINT('',(0.0123825,-0.122315154204369,0.003175));
#8226=CARTESIAN_POINT('',(0.,-0.128665154204369,0.00254));
#8227=CARTESIAN_POINT('',(-0.004445,-0.128665154204369,0.00127));
#8228=CARTESIAN_POINT('',(-0.004445,-0.128665154204369,0.000508));
#8229=CARTESIAN_POINT('',(-0.004445,-0.128665154204369,0.002032));
#8230=CARTESIAN_POINT('',(0.,-0.128665154204369,0.002032));
#8231=CARTESIAN_POINT('',(-0.018288,-0.128665154204369,0.002032));
#8232=CARTESIAN_POINT('',(-0.018288,-0.128665154204369,0.00254));
#8233=CARTESIAN_POINT('',(-0.018288,-0.128665154204369,0.000508));
#8234=CARTESIAN_POINT('',(-0.004445,-0.128665154204369,0.000508));
#8235=CARTESIAN_POINT('',(0.,-0.128665154204369,0.00254));
#8236=CARTESIAN_POINT('',(0.004445,-0.128665154204369,0.00127));
#8237=CARTESIAN_POINT('',(0.004445,-0.128665154204369,0.002032));
#8238=CARTESIAN_POINT('',(0.004445,-0.128665154204369,0.000508));
#8239=CARTESIAN_POINT('',(0.018288,-0.128665154204369,0.000508));
#8240=CARTESIAN_POINT('',(0.018288,-0.128665154204369,0.000508));
#8241=CARTESIAN_POINT('',(0.018288,-0.128665154204369,0.00254));
#8242=CARTESIAN_POINT('',(0.018288,-0.128665154204369,0.002032));
#8243=CARTESIAN_POINT('',(0.,-0.128665154204369,0.002032));
#8244=CARTESIAN_POINT('',(0.0202719808039665,-0.100527577102184,0.00254));
#8245=CARTESIAN_POINT('',(0.015,-0.0828626642770457,0.00254));
#8246=CARTESIAN_POINT('',(0.015,-0.0828626642770457,0.002032));
#8247=CARTESIAN_POINT('',(0.015,-0.0828626642770457,0.000508));
#8248=CARTESIAN_POINT('',(0.0202719808039665,-0.100527577102184,0.002032));
#8249=CARTESIAN_POINT('',(0.0213023915173581,-0.103980191233946,0.002032));
#8250=CARTESIAN_POINT('',(0.0213023915173581,-0.103980191233946,0.));
#8251=CARTESIAN_POINT('',(0.0213023915173581,-0.103980191233946,0.000508));
#8252=CARTESIAN_POINT('',(0.0126701084826419,-0.0750558584337478,0.000508));
#8253=CARTESIAN_POINT('',(-0.022098,-0.117655601936031,0.21370084588826));
#8254=CARTESIAN_POINT('',(-0.022098,-0.124855154204369,0.21370084588826));
#8255=CARTESIAN_POINT('',(-0.022098,-0.124855154204369,0.000508000000000008));
#8256=CARTESIAN_POINT('',(-0.022098,-0.124855154204369,0.002032));
#8257=CARTESIAN_POINT('',(-0.022098,-0.117655601936031,0.002032));
#8258=CARTESIAN_POINT('',(-0.022098,-0.109428098201856,0.002032));
#8259=CARTESIAN_POINT('',(-0.022098,-0.109428098201856,0.));
#8260=CARTESIAN_POINT('',(-0.022098,-0.109428098201856,0.000508000000000008));
#8261=CARTESIAN_POINT('',(-0.022098,-0.124855154204369,0.000508000000000009));
#8262=CARTESIAN_POINT('',(0.022098,-0.117655601936031,0.212032075876541));
#8263=CARTESIAN_POINT('',(0.022098,-0.124855154204369,0.));
#8264=CARTESIAN_POINT('',(0.022098,-0.124855154204369,0.002032));
#8265=CARTESIAN_POINT('',(0.022098,-0.124855154204369,0.000508000000000008));
#8266=CARTESIAN_POINT('',(0.022098,-0.117655601936031,0.000508000000000008));
#8267=CARTESIAN_POINT('',(0.022098,-0.109428098201856,0.000508000000000008));
#8268=CARTESIAN_POINT('',(0.022098,-0.109428098201856,0.00254));
#8269=CARTESIAN_POINT('',(0.022098,-0.109428098201856,0.002032));
#8270=CARTESIAN_POINT('',(0.022098,-0.124855154204369,0.002032));
#8271=CARTESIAN_POINT('',(-0.015875,-0.122315154204369,0.210555272843835));
#8272=CARTESIAN_POINT('',(-0.015875,-0.122315154204369,0.003175));
#8273=CARTESIAN_POINT('',(-0.0123825,-0.122315154204369,0.003175));
#8274=CARTESIAN_POINT('',(0.004445,8.19545192257152E-19,0.00127));
#8275=CARTESIAN_POINT('',(0.004445,-0.128157154204369,0.00127));
#8276=CARTESIAN_POINT('',(0.004445,-0.0874082258749008,0.00127));
#8277=CARTESIAN_POINT('',(1.21430643318376E-17,-0.0874082258749008,0.00127));
#8278=CARTESIAN_POINT('',(-0.004445,-0.0874082258749008,0.00127));
#8279=CARTESIAN_POINT('',(-0.004445,-0.108671690039635,0.00127));
#8280=CARTESIAN_POINT('',(-0.004445,-0.128157154204369,0.00127));
#8281=CARTESIAN_POINT('',(0.018288,-0.124855154204369,0.212032075876541));
#8282=CARTESIAN_POINT('',(0.018288,-0.124855154204369,0.000508000000000008));
#8283=CARTESIAN_POINT('',(0.018288,-0.124855154204369,0.002032));
#8284=CARTESIAN_POINT('',(-0.018288,-0.124855154204369,0.00254));
#8285=CARTESIAN_POINT('',(-0.018288,-0.124855154204369,0.002032));
#8286=CARTESIAN_POINT('',(-0.018288,-0.124855154204369,0.000508));
#8287=CARTESIAN_POINT('',(0.00812712381529808,-0.128552394051254,0.003175));
#8288=CARTESIAN_POINT('',(0.00812712381529808,-0.128552394051254,0.002667));
#8289=CARTESIAN_POINT('',(0.,-0.128552394051254,0.00214476015311479));
#8290=CARTESIAN_POINT('',(0.00457112381529809,-0.0993423940512538,0.003175));
#8291=CARTESIAN_POINT('',(0.00457112381529809,-0.0726403940512538,0.005175));
#8292=CARTESIAN_POINT('',(0.00457112381529809,-0.070013650810921,0.00372578643762691));
#8293=CARTESIAN_POINT('',(0.00457112381529809,-0.0993423940512538,0.00372578643762691));
#8294=CARTESIAN_POINT('',(0.00457112381529809,-0.0678463940512538,0.00372578643762691));
#8295=CARTESIAN_POINT('',(0.00457112381529809,-0.0678463940512538,0.003175));
#8296=CARTESIAN_POINT('',(0.00457112381529809,-0.0678463940512538,0.003048));
#8297=CARTESIAN_POINT('',(0.00457112381529809,-0.0668303940512538,0.003048));
#8298=CARTESIAN_POINT('',(3.46944695195361E-18,-0.0262325771021843,0.003175));
#8299=CARTESIAN_POINT('',(0.00809869739583334,-0.126939056634924,0.003175));
#8300=CARTESIAN_POINT('',(0.0106172,-0.126939056634924,0.003175));
#8301=CARTESIAN_POINT('',(0.00558019479166667,-0.126939056634924,0.003175));
#8302=CARTESIAN_POINT('',(0.00558019479166667,-0.126404929030757,0.003175));
#8303=CARTESIAN_POINT('',(0.00558019479166667,-0.125870801426591,0.003175));
#8304=CARTESIAN_POINT('',(0.00809869739583334,-0.125870801426591,0.003175));
#8305=CARTESIAN_POINT('',(0.0106172,-0.125870801426591,0.003175));
#8306=CARTESIAN_POINT('',(0.0106172,-0.126404929030757,0.003175));
#8307=CARTESIAN_POINT('',(0.00911754166666668,-0.077660738308072,0.003175));
#8308=CARTESIAN_POINT('',(0.00830394791666668,-0.077660738308072,0.003175));
#8309=CARTESIAN_POINT('',(0.00787344878472224,-0.0771525178219609,0.003175));
#8310=CARTESIAN_POINT('',(0.00911754166666668,-0.077660738308072,0.003175));
#8311=CARTESIAN_POINT('',(0.00787344878472224,-0.0771525178219609,0.003175));
#8312=CARTESIAN_POINT('',(0.00787344878472224,-0.0771525178219609,0.003175));
#8313=CARTESIAN_POINT('',(0.0074429496527778,-0.0766442973358498,0.003175));
#8314=CARTESIAN_POINT('',(0.0074429496527778,-0.0757072313636276,0.003175));
#8315=CARTESIAN_POINT('',(0.0074429496527778,-0.0757072313636276,0.003175));
#8316=CARTESIAN_POINT('',(0.0074429496527778,-0.0754784770233498,0.003175));
#8317=CARTESIAN_POINT('',(0.0074429496527778,-0.075249722683072,0.003175));
#8318=CARTESIAN_POINT('',(0.00654722482638891,-0.075249722683072,0.003175));
#8319=CARTESIAN_POINT('',(0.0056515,-0.075249722683072,0.003175));
#8320=CARTESIAN_POINT('',(0.0056515,-0.0747155950789054,0.003175));
#8321=CARTESIAN_POINT('',(0.0056515,-0.0741814674747387,0.003175));
#8322=CARTESIAN_POINT('',(0.00817000260416668,-0.0741814674747387,0.003175));
#8323=CARTESIAN_POINT('',(0.0106885052083333,-0.0741814674747387,0.003175));
#8324=CARTESIAN_POINT('',(0.0106885052083333,-0.0749856905650165,0.003175));
#8325=CARTESIAN_POINT('',(0.0106885052083333,-0.0757899136552942,0.003175));
#8326=CARTESIAN_POINT('',(0.0106885052083333,-0.0757899136552942,0.003175));
#8327=CARTESIAN_POINT('',(0.0106885052083333,-0.0767071358775165,0.003175));
#8328=CARTESIAN_POINT('',(0.0102938350694445,-0.0771839370927942,0.003175));
#8329=CARTESIAN_POINT('',(0.0102938350694445,-0.0771839370927942,0.003175));
#8330=CARTESIAN_POINT('',(0.0102938350694445,-0.0771839370927942,0.003175));
#8331=CARTESIAN_POINT('',(0.00989916493055557,-0.077660738308072,0.003175));
#8332=CARTESIAN_POINT('',(0.00911754166666668,-0.077660738308072,0.003175));
#8333=CARTESIAN_POINT('',(0.00715115833333334,-0.121123735454369,0.003175));
#8334=CARTESIAN_POINT('',(0.00796475208333334,-0.121123735454369,0.003175));
#8335=CARTESIAN_POINT('',(0.00839525121527778,-0.12163195594048,0.003175));
#8336=CARTESIAN_POINT('',(0.00715115833333334,-0.121123735454369,0.003175));
#8337=CARTESIAN_POINT('',(0.00839525121527778,-0.12163195594048,0.003175));
#8338=CARTESIAN_POINT('',(0.00839525121527778,-0.12163195594048,0.003175));
#8339=CARTESIAN_POINT('',(0.00882575034722223,-0.122140176426591,0.003175));
#8340=CARTESIAN_POINT('',(0.00882575034722223,-0.123077242398813,0.003175));
#8341=CARTESIAN_POINT('',(0.00882575034722223,-0.123077242398813,0.003175));
#8342=CARTESIAN_POINT('',(0.00882575034722223,-0.123305996739091,0.003175));
#8343=CARTESIAN_POINT('',(0.00882575034722223,-0.123534751079369,0.003175));
#8344=CARTESIAN_POINT('',(0.00972147517361112,-0.123534751079369,0.003175));
#8345=CARTESIAN_POINT('',(0.0106172,-0.123534751079369,0.003175));
#8346=CARTESIAN_POINT('',(0.0106172,-0.124068878683535,0.003175));
#8347=CARTESIAN_POINT('',(0.0106172,-0.124603006287702,0.003175));
#8348=CARTESIAN_POINT('',(0.00809869739583334,-0.124603006287702,0.003175));
#8349=CARTESIAN_POINT('',(0.00558019479166667,-0.124603006287702,0.003175));
#8350=CARTESIAN_POINT('',(0.00558019479166667,-0.123798783197424,0.003175));
#8351=CARTESIAN_POINT('',(0.00558019479166667,-0.122994560107146,0.003175));
#8352=CARTESIAN_POINT('',(0.00558019479166667,-0.122994560107146,0.003175));
#8353=CARTESIAN_POINT('',(0.00558019479166667,-0.122077337884924,0.003175));
#8354=CARTESIAN_POINT('',(0.00597486493055556,-0.121600536669646,0.003175));
#8355=CARTESIAN_POINT('',(0.00597486493055556,-0.121600536669646,0.003175));
#8356=CARTESIAN_POINT('',(0.00597486493055556,-0.121600536669646,0.003175));
#8357=CARTESIAN_POINT('',(0.00636953506944445,-0.121123735454369,0.003175));
#8358=CARTESIAN_POINT('',(0.00715115833333334,-0.121123735454369,0.003175));
#8359=CARTESIAN_POINT('',(0.00507912381529809,-0.0726403940512538,0.003175));
#8360=CARTESIAN_POINT('',(0.0056515,-0.0726403940512538,0.003175));
#8361=CARTESIAN_POINT('',(0.00557112381529809,-0.0726403940512538,0.003175));
#8362=CARTESIAN_POINT('',(0.00507912381529809,-0.0733713966557623,0.003175));
#8363=CARTESIAN_POINT('',(0.00523177729558412,-0.0731200952894965,0.003175));
#8364=CARTESIAN_POINT('',(0.00540154614065411,-0.0728802142977116,0.003175));
#8365=CARTESIAN_POINT('',(0.00557112381529809,-0.0726403940512538,0.003175));
#8366=CARTESIAN_POINT('',(0.00507912381529809,-0.0733713966557623,0.003175));
#8367=CARTESIAN_POINT('',(0.00507912381529809,-0.0262325771021843,0.003175));
#8368=CARTESIAN_POINT('',(0.00507912381529809,-0.128044394051254,0.003175));
#8369=CARTESIAN_POINT('',(3.46944695195361E-18,-0.128044394051254,0.003175));
#8370=CARTESIAN_POINT('',(0.0111751238152981,-0.128044394051254,0.003175));
#8371=CARTESIAN_POINT('',(0.0111751238152981,-0.125391236884881,0.003175));
#8372=CARTESIAN_POINT('',(0.0111751238152981,-0.124538951509361,0.003175));
#8373=CARTESIAN_POINT('',(0.015875,-0.122315154204369,0.003175));
#8374=CARTESIAN_POINT('',(0.0111751238152981,-0.120091356899376,0.003175));
#8375=CARTESIAN_POINT('',(0.0111751238152981,-0.0701323940512538,0.003175));
#8376=CARTESIAN_POINT('',(0.0111751238152981,-0.0726403940512538,0.003175));
#8377=CARTESIAN_POINT('',(0.00507912381529809,-0.0726403940512538,0.003175));
#8378=CARTESIAN_POINT('',(0.0106885052083333,-0.0726403940512538,0.003175));
#8379=CARTESIAN_POINT('',(0.0106885052083333,-0.0723795447316831,0.003175));
#8380=CARTESIAN_POINT('',(0.0106885052083333,-0.0729136723358498,0.003175));
#8381=CARTESIAN_POINT('',(0.00817000260416668,-0.0729136723358498,0.003175));
#8382=CARTESIAN_POINT('',(0.0056515,-0.0729136723358498,0.003175));
#8383=CARTESIAN_POINT('',(0.0056515,-0.0723795447316831,0.003175));
#8384=CARTESIAN_POINT('',(0.00817000260416668,-0.0718454171275165,0.003175));
#8385=CARTESIAN_POINT('',(0.00817000260416668,-0.0718454171275165,0.00254));
#8386=CARTESIAN_POINT('',(0.0056515,-0.0718454171275165,0.00254));
#8387=CARTESIAN_POINT('',(0.0106885052083333,-0.0718454171275165,0.00254));
#8388=CARTESIAN_POINT('',(0.0106885052083333,-0.0718454171275165,0.003175));
#8389=CARTESIAN_POINT('',(0.0106885052083333,-0.0718454171275165,0.00333978565537288));
#8390=CARTESIAN_POINT('',(0.0106885052083333,-0.0718454171275165,0.00333978565537288));
#8391=CARTESIAN_POINT('',(0.0056515,-0.0718454171275165,0.00333978565537288));
#8392=CARTESIAN_POINT('',(0.0056515,-0.0718454171275165,0.003175));
#8393=CARTESIAN_POINT('',(0.0056515,-0.0723795447316831,0.003175));
#8394=CARTESIAN_POINT('',(0.0056515,-0.0723795447316831,0.00254));
#8395=CARTESIAN_POINT('',(0.0056515,-0.0729136723358498,0.00254));
#8396=CARTESIAN_POINT('',(0.0056515,-0.0726403940512538,0.005175));
#8397=CARTESIAN_POINT('',(0.0056515,-0.0729136723358498,0.003175));
#8398=CARTESIAN_POINT('',(0.00817000260416668,-0.0729136723358498,0.003175));
#8399=CARTESIAN_POINT('',(0.00817000260416668,-0.0729136723358498,0.00254));
#8400=CARTESIAN_POINT('',(0.0106885052083333,-0.0729136723358498,0.00254));
#8401=CARTESIAN_POINT('',(0.0106885052083333,-0.0729136723358498,0.003175));
#8402=CARTESIAN_POINT('',(0.0106885052083333,-0.0723795447316831,0.003175));
#8403=CARTESIAN_POINT('',(0.0106885052083333,-0.0723795447316831,0.00254));
#8404=CARTESIAN_POINT('',(0.0106885052083333,-0.0726403940512538,0.005175));
#8405=CARTESIAN_POINT('',(3.46944695195361E-18,-0.0262325771021843,0.00254));
#8406=CARTESIAN_POINT('',(0.00715115833333334,-0.121123735454369,0.003175));
#8407=CARTESIAN_POINT('',(0.00715115833333334,-0.121123735454369,0.00254));
#8408=CARTESIAN_POINT('',(0.00769355416666667,-0.121123735454369,0.003175));
#8409=CARTESIAN_POINT('',(0.00769355416666667,-0.121123735454369,0.00254));
#8410=CARTESIAN_POINT('',(0.00810825179398149,-0.121293142283072,0.003175));
#8411=CARTESIAN_POINT('',(0.00810825179398149,-0.121293142283072,0.00254));
#8412=CARTESIAN_POINT('',(0.00839525121527778,-0.12163195594048,0.003175));
#8413=CARTESIAN_POINT('',(0.00839525121527778,-0.12163195594048,0.00254));
#8414=CARTESIAN_POINT('',(0.00715115833333334,-0.121123735454369,0.00254));
#8415=CARTESIAN_POINT('',(0.00796475208333334,-0.121123735454369,0.00254));
#8416=CARTESIAN_POINT('',(0.00839525121527778,-0.12163195594048,0.00254));
#8417=CARTESIAN_POINT('',(0.00715115833333334,-0.121123735454369,0.00254));
#8418=CARTESIAN_POINT('',(0.00839525121527778,-0.12163195594048,0.00254));
#8419=CARTESIAN_POINT('',(0.00839525121527778,-0.12163195594048,0.003175));
#8420=CARTESIAN_POINT('',(0.00715115833333334,-0.121123735454369,0.003175));
#8421=CARTESIAN_POINT('',(0.00597486493055556,-0.121600536669646,0.003175));
#8422=CARTESIAN_POINT('',(0.00597486493055556,-0.121600536669646,0.00254));
#8423=CARTESIAN_POINT('',(0.00623797835648149,-0.121282669192795,0.003175));
#8424=CARTESIAN_POINT('',(0.00623797835648149,-0.121282669192795,0.00254));
#8425=CARTESIAN_POINT('',(0.00663007615740741,-0.121123735454369,0.003175));
#8426=CARTESIAN_POINT('',(0.00663007615740741,-0.121123735454369,0.00254));
#8427=CARTESIAN_POINT('',(0.00715115833333334,-0.121123735454369,0.003175));
#8428=CARTESIAN_POINT('',(0.00715115833333334,-0.121123735454369,0.00254));
#8429=CARTESIAN_POINT('',(0.00597486493055556,-0.121600536669646,0.00254));
#8430=CARTESIAN_POINT('',(0.00636953506944445,-0.121123735454369,0.00254));
#8431=CARTESIAN_POINT('',(0.00715115833333334,-0.121123735454369,0.00254));
#8432=CARTESIAN_POINT('',(0.00597486493055556,-0.121600536669646,0.00254));
#8433=CARTESIAN_POINT('',(0.00597486493055556,-0.121600536669646,0.003175));
#8434=CARTESIAN_POINT('',(0.00558019479166667,-0.122994560107146,0.003175));
#8435=CARTESIAN_POINT('',(0.00558019479166667,-0.122994560107146,0.00254));
#8436=CARTESIAN_POINT('',(0.00558019479166667,-0.122383078625665,0.003175));
#8437=CARTESIAN_POINT('',(0.00558019479166667,-0.122383078625665,0.00254));
#8438=CARTESIAN_POINT('',(0.00571175150462963,-0.121918404146498,0.003175));
#8439=CARTESIAN_POINT('',(0.00571175150462963,-0.121918404146498,0.00254));
#8440=CARTESIAN_POINT('',(0.00597486493055556,-0.121600536669646,0.003175));
#8441=CARTESIAN_POINT('',(0.00597486493055556,-0.121600536669646,0.00254));
#8442=CARTESIAN_POINT('',(0.00558019479166667,-0.122994560107146,0.00254));
#8443=CARTESIAN_POINT('',(0.00558019479166667,-0.122077337884924,0.00254));
#8444=CARTESIAN_POINT('',(0.00597486493055556,-0.121600536669646,0.00254));
#8445=CARTESIAN_POINT('',(0.00558019479166667,-0.122994560107146,0.00254));
#8446=CARTESIAN_POINT('',(0.00558019479166667,-0.122994560107146,0.003175));
#8447=CARTESIAN_POINT('',(0.00558019479166667,-0.123798783197424,0.003175));
#8448=CARTESIAN_POINT('',(0.00558019479166667,-0.123798783197424,0.00254));
#8449=CARTESIAN_POINT('',(0.00558019479166667,-0.124603006287702,0.00254));
#8450=CARTESIAN_POINT('',(0.00558019479166667,-0.124603006287702,0.003175));
#8451=CARTESIAN_POINT('',(0.00809869739583334,-0.124603006287702,0.003175));
#8452=CARTESIAN_POINT('',(0.00809869739583334,-0.124603006287702,0.00254));
#8453=CARTESIAN_POINT('',(0.0106172,-0.124603006287702,0.00254));
#8454=CARTESIAN_POINT('',(0.0106172,-0.124603006287702,0.003175));
#8455=CARTESIAN_POINT('',(0.0106172,-0.124068878683535,0.003175));
#8456=CARTESIAN_POINT('',(0.0106172,-0.124068878683535,0.00254));
#8457=CARTESIAN_POINT('',(0.0106172,-0.123534751079369,0.00254));
#8458=CARTESIAN_POINT('',(0.0106172,-0.123534751079369,0.003175));
#8459=CARTESIAN_POINT('',(0.00972147517361112,-0.123534751079369,0.003175));
#8460=CARTESIAN_POINT('',(0.00972147517361112,-0.123534751079369,0.00254));
#8461=CARTESIAN_POINT('',(0.00882575034722223,-0.123534751079369,0.00254));
#8462=CARTESIAN_POINT('',(0.00882575034722223,-0.123534751079369,0.003175));
#8463=CARTESIAN_POINT('',(0.00882575034722223,-0.123305996739091,0.003175));
#8464=CARTESIAN_POINT('',(0.00882575034722223,-0.123305996739091,0.00254));
#8465=CARTESIAN_POINT('',(0.00882575034722223,-0.123077242398813,0.00254));
#8466=CARTESIAN_POINT('',(0.00882575034722223,-0.123077242398813,0.003175));
#8467=CARTESIAN_POINT('',(0.00795042048611112,-0.123358913405757,0.003175));
#8468=CARTESIAN_POINT('',(0.00795042048611112,-0.123358913405757,0.00254));
#8469=CARTESIAN_POINT('',(0.00795042048611112,-0.123534751079369,0.00254));
#8470=CARTESIAN_POINT('',(0.00795042048611112,-0.123183075732146,0.00254));
#8471=CARTESIAN_POINT('',(0.00795042048611112,-0.123183075732146,0.003175));
#8472=CARTESIAN_POINT('',(0.00795042048611112,-0.123183075732146,0.003175));
#8473=CARTESIAN_POINT('',(0.00795042048611112,-0.123358913405757,0.003175));
#8474=CARTESIAN_POINT('',(0.00795042048611112,-0.123534751079369,0.003175));
#8475=CARTESIAN_POINT('',(0.00795042048611112,-0.123534751079369,0.003175));
#8476=CARTESIAN_POINT('',(0.00720297256944445,-0.123534751079369,0.003175));
#8477=CARTESIAN_POINT('',(0.00720297256944445,-0.123534751079369,0.00254));
#8478=CARTESIAN_POINT('',(0.00645552465277778,-0.123534751079369,0.00254));
#8479=CARTESIAN_POINT('',(0.00720297256944445,-0.123534751079369,0.003175));
#8480=CARTESIAN_POINT('',(0.00645552465277778,-0.123534751079369,0.003175));
#8481=CARTESIAN_POINT('',(0.00645552465277778,-0.123534751079369,0.003175));
#8482=CARTESIAN_POINT('',(0.00645552465277778,-0.123292216357146,0.003175));
#8483=CARTESIAN_POINT('',(0.00645552465277778,-0.123292216357146,0.00254));
#8484=CARTESIAN_POINT('',(0.00645552465277778,-0.123049681634924,0.00254));
#8485=CARTESIAN_POINT('',(0.00645552465277778,-0.123292216357146,0.003175));
#8486=CARTESIAN_POINT('',(0.00645552465277778,-0.123049681634924,0.003175));
#8487=CARTESIAN_POINT('',(0.00645552465277778,-0.123049681634924,0.003175));
#8488=CARTESIAN_POINT('',(0.00663466961805556,-0.122406964621035,0.003175));
#8489=CARTESIAN_POINT('',(0.00663466961805556,-0.122406964621035,0.00254));
#8490=CARTESIAN_POINT('',(0.00651523964120371,-0.122543666009924,0.003175));
#8491=CARTESIAN_POINT('',(0.00651523964120371,-0.122543666009924,0.00254));
#8492=CARTESIAN_POINT('',(0.00645552465277778,-0.122757905014554,0.003175));
#8493=CARTESIAN_POINT('',(0.00645552465277778,-0.122757905014554,0.00254));
#8494=CARTESIAN_POINT('',(0.00645552465277778,-0.123049681634924,0.003175));
#8495=CARTESIAN_POINT('',(0.00645552465277778,-0.123049681634924,0.00254));
#8496=CARTESIAN_POINT('',(0.00663466961805556,-0.122406964621035,0.00254));
#8497=CARTESIAN_POINT('',(0.00645552465277778,-0.122612016704369,0.00254));
#8498=CARTESIAN_POINT('',(0.00645552465277778,-0.123049681634924,0.00254));
#8499=CARTESIAN_POINT('',(0.00663466961805556,-0.122406964621035,0.00254));
#8500=CARTESIAN_POINT('',(0.00663466961805556,-0.122406964621035,0.003175));
#8501=CARTESIAN_POINT('',(0.00645552465277778,-0.122612016704369,0.003175));
#8502=CARTESIAN_POINT('',(0.00645552465277778,-0.123049681634924,0.003175));
#8503=CARTESIAN_POINT('',(0.00663466961805556,-0.122406964621035,0.003175));
#8504=CARTESIAN_POINT('',(0.00663466961805556,-0.122406964621035,0.003175));
#8505=CARTESIAN_POINT('',(0.00718974340277778,-0.122201912537702,0.003175));
#8506=CARTESIAN_POINT('',(0.00718974340277778,-0.122201912537702,0.00254));
#8507=CARTESIAN_POINT('',(0.00693912418981482,-0.122201912537702,0.003175));
#8508=CARTESIAN_POINT('',(0.00693912418981482,-0.122201912537702,0.00254));
#8509=CARTESIAN_POINT('',(0.00675409959490741,-0.122270263232146,0.003175));
#8510=CARTESIAN_POINT('',(0.00675409959490741,-0.122270263232146,0.00254));
#8511=CARTESIAN_POINT('',(0.00663466961805556,-0.122406964621035,0.003175));
#8512=CARTESIAN_POINT('',(0.00663466961805556,-0.122406964621035,0.00254));
#8513=CARTESIAN_POINT('',(0.00718974340277778,-0.122201912537702,0.00254));
#8514=CARTESIAN_POINT('',(0.00681381458333334,-0.122201912537702,0.00254));
#8515=CARTESIAN_POINT('',(0.00663466961805556,-0.122406964621035,0.00254));
#8516=CARTESIAN_POINT('',(0.00718974340277778,-0.122201912537702,0.00254));
#8517=CARTESIAN_POINT('',(0.00718974340277778,-0.122201912537702,0.003175));
#8518=CARTESIAN_POINT('',(0.00681381458333334,-0.122201912537702,0.003175));
#8519=CARTESIAN_POINT('',(0.00663466961805556,-0.122406964621035,0.003175));
#8520=CARTESIAN_POINT('',(0.00718974340277778,-0.122201912537702,0.003175));
#8521=CARTESIAN_POINT('',(0.00718974340277778,-0.122201912537702,0.003175));
#8522=CARTESIAN_POINT('',(0.00775584149305556,-0.122446652121035,0.003175));
#8523=CARTESIAN_POINT('',(0.00775584149305556,-0.122446652121035,0.00254));
#8524=CARTESIAN_POINT('',(0.00762612216435185,-0.122283492398813,0.003175));
#8525=CARTESIAN_POINT('',(0.00762612216435185,-0.122283492398813,0.00254));
#8526=CARTESIAN_POINT('',(0.00743742280092593,-0.122201912537702,0.003175));
#8527=CARTESIAN_POINT('',(0.00743742280092593,-0.122201912537702,0.00254));
#8528=CARTESIAN_POINT('',(0.00718974340277778,-0.122201912537702,0.003175));
#8529=CARTESIAN_POINT('',(0.00718974340277778,-0.122201912537702,0.00254));
#8530=CARTESIAN_POINT('',(0.00775584149305556,-0.122446652121035,0.00254));
#8531=CARTESIAN_POINT('',(0.0075612625,-0.122201912537702,0.00254));
#8532=CARTESIAN_POINT('',(0.00718974340277778,-0.122201912537702,0.00254));
#8533=CARTESIAN_POINT('',(0.00775584149305556,-0.122446652121035,0.00254));
#8534=CARTESIAN_POINT('',(0.00775584149305556,-0.122446652121035,0.003175));
#8535=CARTESIAN_POINT('',(0.0075612625,-0.122201912537702,0.003175));
#8536=CARTESIAN_POINT('',(0.00718974340277778,-0.122201912537702,0.003175));
#8537=CARTESIAN_POINT('',(0.00775584149305556,-0.122446652121035,0.003175));
#8538=CARTESIAN_POINT('',(0.00775584149305556,-0.122446652121035,0.003175));
#8539=CARTESIAN_POINT('',(0.00795042048611112,-0.123183075732146,0.003175));
#8540=CARTESIAN_POINT('',(0.00795042048611112,-0.123183075732146,0.00254));
#8541=CARTESIAN_POINT('',(0.00795042048611112,-0.122855286380295,0.003175));
#8542=CARTESIAN_POINT('',(0.00795042048611112,-0.122855286380295,0.00254));
#8543=CARTESIAN_POINT('',(0.00788556082175927,-0.122609811843257,0.003175));
#8544=CARTESIAN_POINT('',(0.00788556082175927,-0.122609811843257,0.00254));
#8545=CARTESIAN_POINT('',(0.00775584149305556,-0.122446652121035,0.003175));
#8546=CARTESIAN_POINT('',(0.00775584149305556,-0.122446652121035,0.00254));
#8547=CARTESIAN_POINT('',(0.00795042048611112,-0.123183075732146,0.00254));
#8548=CARTESIAN_POINT('',(0.00795042048611112,-0.122691391704369,0.00254));
#8549=CARTESIAN_POINT('',(0.00775584149305556,-0.122446652121035,0.00254));
#8550=CARTESIAN_POINT('',(0.00795042048611112,-0.123183075732146,0.003175));
#8551=CARTESIAN_POINT('',(0.00795042048611112,-0.122691391704369,0.003175));
#8552=CARTESIAN_POINT('',(0.00775584149305556,-0.122446652121035,0.003175));
#8553=CARTESIAN_POINT('',(0.00839525121527778,-0.12163195594048,0.003175));
#8554=CARTESIAN_POINT('',(0.00839525121527778,-0.12163195594048,0.00254));
#8555=CARTESIAN_POINT('',(0.00868225063657408,-0.121970769597887,0.003175));
#8556=CARTESIAN_POINT('',(0.00868225063657408,-0.121970769597887,0.00254));
#8557=CARTESIAN_POINT('',(0.00882575034722223,-0.122452531750665,0.003175));
#8558=CARTESIAN_POINT('',(0.00882575034722223,-0.122452531750665,0.00254));
#8559=CARTESIAN_POINT('',(0.00882575034722223,-0.123077242398813,0.003175));
#8560=CARTESIAN_POINT('',(0.00882575034722223,-0.123077242398813,0.00254));
#8561=CARTESIAN_POINT('',(0.00839525121527778,-0.12163195594048,0.00254));
#8562=CARTESIAN_POINT('',(0.00882575034722223,-0.122140176426591,0.00254));
#8563=CARTESIAN_POINT('',(0.00882575034722223,-0.123077242398813,0.00254));
#8564=CARTESIAN_POINT('',(3.46944695195361E-18,-0.0262325771021843,0.00254));
#8565=CARTESIAN_POINT('',(3.46944695195361E-18,-0.0262325771021843,0.003175));
#8566=CARTESIAN_POINT('',(0.00911754166666668,-0.077660738308072,0.003175));
#8567=CARTESIAN_POINT('',(0.00911754166666668,-0.077660738308072,0.00254));
#8568=CARTESIAN_POINT('',(0.00857514583333335,-0.077660738308072,0.003175));
#8569=CARTESIAN_POINT('',(0.00857514583333335,-0.077660738308072,0.00254));
#8570=CARTESIAN_POINT('',(0.00816044820601853,-0.0774913314793683,0.003175));
#8571=CARTESIAN_POINT('',(0.00816044820601853,-0.0774913314793683,0.00254));
#8572=CARTESIAN_POINT('',(0.00787344878472224,-0.0771525178219609,0.003175));
#8573=CARTESIAN_POINT('',(0.00787344878472224,-0.0771525178219609,0.00254));
#8574=CARTESIAN_POINT('',(0.00911754166666668,-0.077660738308072,0.00254));
#8575=CARTESIAN_POINT('',(0.00830394791666668,-0.077660738308072,0.00254));
#8576=CARTESIAN_POINT('',(0.00787344878472224,-0.0771525178219609,0.00254));
#8577=CARTESIAN_POINT('',(0.00911754166666668,-0.077660738308072,0.00254));
#8578=CARTESIAN_POINT('',(0.00787344878472224,-0.0771525178219609,0.00254));
#8579=CARTESIAN_POINT('',(0.00787344878472224,-0.0771525178219609,0.003175));
#8580=CARTESIAN_POINT('',(0.00911754166666668,-0.077660738308072,0.003175));
#8581=CARTESIAN_POINT('',(0.0102938350694445,-0.0771839370927942,0.003175));
#8582=CARTESIAN_POINT('',(0.0102938350694445,-0.0771839370927942,0.00254));
#8583=CARTESIAN_POINT('',(0.0100307216435185,-0.0775018045696461,0.003175));
#8584=CARTESIAN_POINT('',(0.0100307216435185,-0.0775018045696461,0.00254));
#8585=CARTESIAN_POINT('',(0.00963862384259261,-0.077660738308072,0.003175));
#8586=CARTESIAN_POINT('',(0.00963862384259261,-0.077660738308072,0.00254));
#8587=CARTESIAN_POINT('',(0.00911754166666668,-0.077660738308072,0.003175));
#8588=CARTESIAN_POINT('',(0.00911754166666668,-0.077660738308072,0.00254));
#8589=CARTESIAN_POINT('',(0.0102938350694445,-0.0771839370927942,0.00254));
#8590=CARTESIAN_POINT('',(0.00989916493055557,-0.077660738308072,0.00254));
#8591=CARTESIAN_POINT('',(0.00911754166666668,-0.077660738308072,0.00254));
#8592=CARTESIAN_POINT('',(0.0102938350694445,-0.0771839370927942,0.00254));
#8593=CARTESIAN_POINT('',(0.0102938350694445,-0.0771839370927942,0.003175));
#8594=CARTESIAN_POINT('',(0.0106885052083333,-0.0757899136552942,0.003175));
#8595=CARTESIAN_POINT('',(0.0106885052083333,-0.0757899136552942,0.00254));
#8596=CARTESIAN_POINT('',(0.0106885052083333,-0.0764013951367757,0.003175));
#8597=CARTESIAN_POINT('',(0.0106885052083333,-0.0764013951367757,0.00254));
#8598=CARTESIAN_POINT('',(0.0105569484953704,-0.0768660696159424,0.003175));
#8599=CARTESIAN_POINT('',(0.0105569484953704,-0.0768660696159424,0.00254));
#8600=CARTESIAN_POINT('',(0.0102938350694445,-0.0771839370927942,0.003175));
#8601=CARTESIAN_POINT('',(0.0102938350694445,-0.0771839370927942,0.00254));
#8602=CARTESIAN_POINT('',(0.0106885052083333,-0.0757899136552942,0.00254));
#8603=CARTESIAN_POINT('',(0.0106885052083333,-0.0767071358775165,0.00254));
#8604=CARTESIAN_POINT('',(0.0102938350694445,-0.0771839370927942,0.00254));
#8605=CARTESIAN_POINT('',(0.0106885052083333,-0.0757899136552942,0.00254));
#8606=CARTESIAN_POINT('',(0.0106885052083333,-0.0757899136552942,0.003175));
#8607=CARTESIAN_POINT('',(0.0106885052083333,-0.0749856905650165,0.003175));
#8608=CARTESIAN_POINT('',(0.0106885052083333,-0.0749856905650165,0.00254));
#8609=CARTESIAN_POINT('',(0.0106885052083333,-0.0741814674747387,0.00254));
#8610=CARTESIAN_POINT('',(0.0106885052083333,-0.0741814674747387,0.003175));
#8611=CARTESIAN_POINT('',(0.00817000260416668,-0.0741814674747387,0.003175));
#8612=CARTESIAN_POINT('',(0.00817000260416668,-0.0741814674747387,0.00254));
#8613=CARTESIAN_POINT('',(0.0056515,-0.0741814674747387,0.00254));
#8614=CARTESIAN_POINT('',(0.0056515,-0.0741814674747387,0.003175));
#8615=CARTESIAN_POINT('',(0.0056515,-0.0747155950789054,0.003175));
#8616=CARTESIAN_POINT('',(0.0056515,-0.0747155950789054,0.00254));
#8617=CARTESIAN_POINT('',(0.0056515,-0.075249722683072,0.00254));
#8618=CARTESIAN_POINT('',(0.0056515,-0.075249722683072,0.003175));
#8619=CARTESIAN_POINT('',(0.00654722482638891,-0.075249722683072,0.003175));
#8620=CARTESIAN_POINT('',(0.00654722482638891,-0.075249722683072,0.00254));
#8621=CARTESIAN_POINT('',(0.0074429496527778,-0.075249722683072,0.00254));
#8622=CARTESIAN_POINT('',(0.0074429496527778,-0.075249722683072,0.003175));
#8623=CARTESIAN_POINT('',(0.0074429496527778,-0.0754784770233498,0.003175));
#8624=CARTESIAN_POINT('',(0.0074429496527778,-0.0754784770233498,0.00254));
#8625=CARTESIAN_POINT('',(0.0074429496527778,-0.0757072313636276,0.00254));
#8626=CARTESIAN_POINT('',(0.0074429496527778,-0.0757072313636276,0.003175));
#8627=CARTESIAN_POINT('',(0.00831827951388891,-0.0754255603566831,0.003175));
#8628=CARTESIAN_POINT('',(0.00831827951388891,-0.0754255603566831,0.00254));
#8629=CARTESIAN_POINT('',(0.00831827951388891,-0.075249722683072,0.00254));
#8630=CARTESIAN_POINT('',(0.00831827951388891,-0.0756013980302942,0.00254));
#8631=CARTESIAN_POINT('',(0.00831827951388891,-0.0756013980302942,0.003175));
#8632=CARTESIAN_POINT('',(0.00831827951388891,-0.0756013980302942,0.003175));
#8633=CARTESIAN_POINT('',(0.00831827951388891,-0.0754255603566831,0.003175));
#8634=CARTESIAN_POINT('',(0.00831827951388891,-0.075249722683072,0.003175));
#8635=CARTESIAN_POINT('',(0.00831827951388891,-0.075249722683072,0.003175));
#8636=CARTESIAN_POINT('',(0.00906572743055557,-0.075249722683072,0.003175));
#8637=CARTESIAN_POINT('',(0.00906572743055557,-0.075249722683072,0.00254));
#8638=CARTESIAN_POINT('',(0.00981317534722223,-0.075249722683072,0.00254));
#8639=CARTESIAN_POINT('',(0.00906572743055557,-0.075249722683072,0.003175));
#8640=CARTESIAN_POINT('',(0.00981317534722223,-0.075249722683072,0.003175));
#8641=CARTESIAN_POINT('',(0.00981317534722223,-0.075249722683072,0.003175));
#8642=CARTESIAN_POINT('',(0.00981317534722223,-0.0754922574052943,0.003175));
#8643=CARTESIAN_POINT('',(0.00981317534722223,-0.0754922574052943,0.00254));
#8644=CARTESIAN_POINT('',(0.00981317534722223,-0.0757347921275165,0.00254));
#8645=CARTESIAN_POINT('',(0.00981317534722223,-0.0754922574052943,0.003175));
#8646=CARTESIAN_POINT('',(0.00981317534722223,-0.0757347921275165,0.003175));
#8647=CARTESIAN_POINT('',(0.00981317534722223,-0.0757347921275165,0.003175));
#8648=CARTESIAN_POINT('',(0.00963403038194446,-0.0763775091414054,0.003175));
#8649=CARTESIAN_POINT('',(0.00963403038194446,-0.0763775091414054,0.00254));
#8650=CARTESIAN_POINT('',(0.00975346035879631,-0.0762408077525165,0.003175));
#8651=CARTESIAN_POINT('',(0.00975346035879631,-0.0762408077525165,0.00254));
#8652=CARTESIAN_POINT('',(0.00981317534722223,-0.0760265687478868,0.003175));
#8653=CARTESIAN_POINT('',(0.00981317534722223,-0.0760265687478868,0.00254));
#8654=CARTESIAN_POINT('',(0.00981317534722223,-0.0757347921275165,0.003175));
#8655=CARTESIAN_POINT('',(0.00981317534722223,-0.0757347921275165,0.00254));
#8656=CARTESIAN_POINT('',(0.00963403038194446,-0.0763775091414054,0.00254));
#8657=CARTESIAN_POINT('',(0.00981317534722223,-0.076172457058072,0.00254));
#8658=CARTESIAN_POINT('',(0.00981317534722223,-0.0757347921275165,0.00254));
#8659=CARTESIAN_POINT('',(0.00963403038194446,-0.0763775091414054,0.00254));
#8660=CARTESIAN_POINT('',(0.00963403038194446,-0.0763775091414054,0.003175));
#8661=CARTESIAN_POINT('',(0.00981317534722223,-0.076172457058072,0.003175));
#8662=CARTESIAN_POINT('',(0.00981317534722223,-0.0757347921275165,0.003175));
#8663=CARTESIAN_POINT('',(0.00963403038194446,-0.0763775091414054,0.003175));
#8664=CARTESIAN_POINT('',(0.00963403038194446,-0.0763775091414054,0.003175));
#8665=CARTESIAN_POINT('',(0.00907895659722224,-0.0765825612247387,0.003175));
#8666=CARTESIAN_POINT('',(0.00907895659722224,-0.0765825612247387,0.00254));
#8667=CARTESIAN_POINT('',(0.0093295758101852,-0.0765825612247387,0.003175));
#8668=CARTESIAN_POINT('',(0.0093295758101852,-0.0765825612247387,0.00254));
#8669=CARTESIAN_POINT('',(0.00951460040509261,-0.0765142105302943,0.003175));
#8670=CARTESIAN_POINT('',(0.00951460040509261,-0.0765142105302943,0.00254));
#8671=CARTESIAN_POINT('',(0.00963403038194446,-0.0763775091414054,0.003175));
#8672=CARTESIAN_POINT('',(0.00963403038194446,-0.0763775091414054,0.00254));
#8673=CARTESIAN_POINT('',(0.00907895659722224,-0.0765825612247387,0.00254));
#8674=CARTESIAN_POINT('',(0.00945488541666668,-0.0765825612247387,0.00254));
#8675=CARTESIAN_POINT('',(0.00963403038194446,-0.0763775091414054,0.00254));
#8676=CARTESIAN_POINT('',(0.00907895659722224,-0.0765825612247387,0.00254));
#8677=CARTESIAN_POINT('',(0.00907895659722224,-0.0765825612247387,0.003175));
#8678=CARTESIAN_POINT('',(0.00945488541666668,-0.0765825612247387,0.003175));
#8679=CARTESIAN_POINT('',(0.00963403038194446,-0.0763775091414054,0.003175));
#8680=CARTESIAN_POINT('',(0.00907895659722224,-0.0765825612247387,0.003175));
#8681=CARTESIAN_POINT('',(0.00907895659722224,-0.0765825612247387,0.003175));
#8682=CARTESIAN_POINT('',(0.00851285850694446,-0.0763378216414054,0.003175));
#8683=CARTESIAN_POINT('',(0.00851285850694446,-0.0763378216414054,0.00254));
#8684=CARTESIAN_POINT('',(0.00864257783564817,-0.0765009813636276,0.003175));
#8685=CARTESIAN_POINT('',(0.00864257783564817,-0.0765009813636276,0.00254));
#8686=CARTESIAN_POINT('',(0.00883127719907409,-0.0765825612247387,0.003175));
#8687=CARTESIAN_POINT('',(0.00883127719907409,-0.0765825612247387,0.00254));
#8688=CARTESIAN_POINT('',(0.00907895659722224,-0.0765825612247387,0.003175));
#8689=CARTESIAN_POINT('',(0.00907895659722224,-0.0765825612247387,0.00254));
#8690=CARTESIAN_POINT('',(0.00851285850694446,-0.0763378216414054,0.00254));
#8691=CARTESIAN_POINT('',(0.00870743750000002,-0.0765825612247387,0.00254));
#8692=CARTESIAN_POINT('',(0.00907895659722224,-0.0765825612247387,0.00254));
#8693=CARTESIAN_POINT('',(0.00851285850694446,-0.0763378216414054,0.00254));
#8694=CARTESIAN_POINT('',(0.00851285850694446,-0.0763378216414054,0.003175));
#8695=CARTESIAN_POINT('',(0.00870743750000002,-0.0765825612247387,0.003175));
#8696=CARTESIAN_POINT('',(0.00907895659722224,-0.0765825612247387,0.003175));
#8697=CARTESIAN_POINT('',(0.00851285850694446,-0.0763378216414054,0.003175));
#8698=CARTESIAN_POINT('',(0.00851285850694446,-0.0763378216414054,0.003175));
#8699=CARTESIAN_POINT('',(0.00831827951388891,-0.0756013980302942,0.003175));
#8700=CARTESIAN_POINT('',(0.00831827951388891,-0.0756013980302942,0.00254));
#8701=CARTESIAN_POINT('',(0.00831827951388891,-0.0759291873821461,0.003175));
#8702=CARTESIAN_POINT('',(0.00831827951388891,-0.0759291873821461,0.00254));
#8703=CARTESIAN_POINT('',(0.00838313917824076,-0.0761746619191831,0.003175));
#8704=CARTESIAN_POINT('',(0.00838313917824076,-0.0761746619191831,0.00254));
#8705=CARTESIAN_POINT('',(0.00851285850694446,-0.0763378216414054,0.003175));
#8706=CARTESIAN_POINT('',(0.00851285850694446,-0.0763378216414054,0.00254));
#8707=CARTESIAN_POINT('',(0.00831827951388891,-0.0756013980302942,0.00254));
#8708=CARTESIAN_POINT('',(0.00831827951388891,-0.076093082058072,0.00254));
#8709=CARTESIAN_POINT('',(0.00851285850694446,-0.0763378216414054,0.00254));
#8710=CARTESIAN_POINT('',(0.00831827951388891,-0.0756013980302942,0.003175));
#8711=CARTESIAN_POINT('',(0.00831827951388891,-0.076093082058072,0.003175));
#8712=CARTESIAN_POINT('',(0.00851285850694446,-0.0763378216414054,0.003175));
#8713=CARTESIAN_POINT('',(0.00787344878472224,-0.0771525178219609,0.003175));
#8714=CARTESIAN_POINT('',(0.00787344878472224,-0.0771525178219609,0.00254));
#8715=CARTESIAN_POINT('',(0.00758644936342595,-0.0768137041645535,0.003175));
#8716=CARTESIAN_POINT('',(0.00758644936342595,-0.0768137041645535,0.00254));
#8717=CARTESIAN_POINT('',(0.0074429496527778,-0.0763319420117757,0.003175));
#8718=CARTESIAN_POINT('',(0.0074429496527778,-0.0763319420117757,0.00254));
#8719=CARTESIAN_POINT('',(0.0074429496527778,-0.0757072313636276,0.003175));
#8720=CARTESIAN_POINT('',(0.0074429496527778,-0.0757072313636276,0.00254));
#8721=CARTESIAN_POINT('',(0.00787344878472224,-0.0771525178219609,0.00254));
#8722=CARTESIAN_POINT('',(0.0074429496527778,-0.0766442973358498,0.00254));
#8723=CARTESIAN_POINT('',(0.0074429496527778,-0.0757072313636276,0.00254));
#8724=CARTESIAN_POINT('',(3.46944695195361E-18,-0.0262325771021843,0.00254));
#8725=CARTESIAN_POINT('',(3.46944695195361E-18,-0.0262325771021843,0.003175));
#8726=CARTESIAN_POINT('',(0.00809869739583334,-0.126939056634924,0.003175));
#8727=CARTESIAN_POINT('',(0.00809869739583334,-0.126939056634924,0.00254));
#8728=CARTESIAN_POINT('',(0.0106172,-0.126939056634924,0.00254));
#8729=CARTESIAN_POINT('',(0.00558019479166667,-0.126939056634924,0.00254));
#8730=CARTESIAN_POINT('',(0.00558019479166667,-0.126939056634924,0.003175));
#8731=CARTESIAN_POINT('',(0.0106172,-0.126939056634924,0.003175));
#8732=CARTESIAN_POINT('',(0.0106172,-0.126404929030757,0.003175));
#8733=CARTESIAN_POINT('',(0.0106172,-0.126404929030757,0.00254));
#8734=CARTESIAN_POINT('',(0.0106172,-0.125870801426591,0.00254));
#8735=CARTESIAN_POINT('',(0.0106172,-0.125870801426591,0.003175));
#8736=CARTESIAN_POINT('',(0.00809869739583334,-0.125870801426591,0.003175));
#8737=CARTESIAN_POINT('',(0.00809869739583334,-0.125870801426591,0.00254));
#8738=CARTESIAN_POINT('',(0.00558019479166667,-0.125870801426591,0.00254));
#8739=CARTESIAN_POINT('',(0.00558019479166667,-0.125870801426591,0.003175));
#8740=CARTESIAN_POINT('',(0.00558019479166667,-0.126404929030757,0.003175));
#8741=CARTESIAN_POINT('',(0.00558019479166667,-0.126404929030757,0.00254));
#8742=CARTESIAN_POINT('',(3.46944695195361E-18,-0.0262325771021843,0.00254));
#8743=CARTESIAN_POINT('',(-0.00812712381529808,-0.128552394051254,0.003175));
#8744=CARTESIAN_POINT('',(-0.0116831238152981,-0.128552394051254,0.002667));
#8745=CARTESIAN_POINT('',(-0.00812712381529808,-0.128552394051254,0.00214476015311479));
#8746=CARTESIAN_POINT('',(-3.46944695195361E-18,-0.0262325771021843,0.003175));
#8747=CARTESIAN_POINT('',(-0.00507912381529809,-0.0733713966557623,0.003175));
#8748=CARTESIAN_POINT('',(-0.00523177729558412,-0.0731200952894965,0.003175));
#8749=CARTESIAN_POINT('',(-0.00540154614065411,-0.0728802142977116,0.003175));
#8750=CARTESIAN_POINT('',(-0.00557112381529809,-0.0726403940512538,0.003175));
#8751=CARTESIAN_POINT('',(-0.00557112381529809,-0.0726403940512538,0.003175));
#8752=CARTESIAN_POINT('',(-3.46944695195361E-18,-0.0726403940512538,0.003175));
#8753=CARTESIAN_POINT('',(-0.015875,-0.122315154204369,0.003175));
#8754=CARTESIAN_POINT('',(-0.0111751238152981,-0.124538951509361,0.003175));
#8755=CARTESIAN_POINT('',(-0.0111751238152981,-0.0262325771021843,0.003175));
#8756=CARTESIAN_POINT('',(-0.0111751238152981,-0.128044394051254,0.003175));
#8757=CARTESIAN_POINT('',(-0.00457112381529809,-0.128044394051254,0.003175));
#8758=CARTESIAN_POINT('',(0.015875,-0.122315154204369,0.003175));
#8759=CARTESIAN_POINT('',(0.0116831238152981,-0.119239071523856,0.002667));
#8760=CARTESIAN_POINT('',(0.0116831238152981,-0.119239071523856,0.00277059261200155));
#8761=CARTESIAN_POINT('',(0.0116156800670175,-0.119330039396663,0.00295834959619748));
#8762=CARTESIAN_POINT('',(0.0114100653181147,-0.119638263027916,0.00314500402268282));
#8763=CARTESIAN_POINT('',(0.0112622877912463,-0.119907140516973,0.003175));
#8764=CARTESIAN_POINT('',(0.0111751238152981,-0.120091356899376,0.003175));
#8765=CARTESIAN_POINT('',(0.0111751238152981,-0.124538951509361,0.003175));
#8766=CARTESIAN_POINT('',(0.0112622410198595,-0.12472306904295,0.003175));
#8767=CARTESIAN_POINT('',(0.0114097960424375,-0.12499161888035,0.00314510669086419));
#8768=CARTESIAN_POINT('',(0.0116157361261718,-0.125300357480259,0.00295845805179828));
#8769=CARTESIAN_POINT('',(0.0116831238152981,-0.125391236884881,0.00277026125429529));
#8770=CARTESIAN_POINT('',(0.0116831238152981,-0.125391236884881,0.002667));
#8771=CARTESIAN_POINT('',(-0.015875,-0.122315154204369,0.003175));
#8772=CARTESIAN_POINT('',(-0.0116831238152981,-0.125391236884881,0.002667));
#8773=CARTESIAN_POINT('',(-0.0116831238152981,-0.125391236884881,0.00277059261200156));
#8774=CARTESIAN_POINT('',(-0.0116156800670174,-0.125300269012074,0.00295834959619753));
#8775=CARTESIAN_POINT('',(-0.0114100653181147,-0.124992045380821,0.00314500402268281));
#8776=CARTESIAN_POINT('',(-0.0112622877912463,-0.124723167891764,0.003175));
#8777=CARTESIAN_POINT('',(-0.0111751238152981,-0.124538951509361,0.003175));
#8778=CARTESIAN_POINT('',(0.0111751238152981,-0.0262325771021843,0.002667));
#8779=CARTESIAN_POINT('',(0.0111751238152981,-0.0726403940512538,0.002667));
#8780=CARTESIAN_POINT('',(0.0111751238152981,-0.0262325771021843,0.002667));
#8781=CARTESIAN_POINT('',(0.0111751238152981,-0.128044394051254,0.002667));
#8782=CARTESIAN_POINT('',(0.00507912381529809,-0.0993423940512538,0.002667));
#8783=CARTESIAN_POINT('',(0.00507912381529809,-0.0733713966557623,0.003175));
#8784=CARTESIAN_POINT('',(0.00497288290466445,-0.0735462926748083,0.003175));
#8785=CARTESIAN_POINT('',(0.0046978677320096,-0.0738490033367366,0.00309009212502283));
#8786=CARTESIAN_POINT('',(0.00457112381529809,-0.0741415380250824,0.00280733070952854));
#8787=CARTESIAN_POINT('',(0.00457112381529809,-0.0742865823758388,0.002667));
#8788=CARTESIAN_POINT('',(0.00507912381529809,-0.128044394051254,0.002667));
#8789=CARTESIAN_POINT('',(0.00812712381529808,-0.128044394051254,0.002667));
#8790=CARTESIAN_POINT('',(-0.0111751238152981,-0.0993423940512538,0.002667));
#8791=CARTESIAN_POINT('',(-0.0111751238152981,-0.128044394051254,0.002667));
#8792=CARTESIAN_POINT('',(-3.46944695195361E-18,-0.128044394051254,0.002667));
#8793=CARTESIAN_POINT('',(-0.003048,-0.109428098201856,0.21370084588826));
#8794=CARTESIAN_POINT('',(-0.003048,-0.109428098201856,0.002032));
#8795=CARTESIAN_POINT('',(-0.003048,-0.109428098201856,0.000508000000000008));
#8796=CARTESIAN_POINT('',(0.003048,-0.109428098201856,0.00254));
#8797=CARTESIAN_POINT('',(0.003048,-0.109428098201856,0.000508));
#8798=CARTESIAN_POINT('',(0.003048,-0.109428098201856,0.002032));
#8799=CARTESIAN_POINT('',(-0.003048,-0.109428098201856,0.));
#8800=CARTESIAN_POINT('',(-0.022098,-0.109428098201856,0.000508000000000008));
#8801=CARTESIAN_POINT('',(-0.02159,-3.4018349641747E-18,0.));
#8802=CARTESIAN_POINT('',(-0.022098,-0.124855154204369,0.000508000000000009));
#8803=CARTESIAN_POINT('',(-0.018288,-0.124855154204369,0.));
#8804=CARTESIAN_POINT('',(-0.018288,-0.128665154204369,0.000508));
#8805=CARTESIAN_POINT('',(1.21430643318376E-17,-0.128157154204369,0.));
#8806=CARTESIAN_POINT('',(-0.004445,-0.128665154204369,0.000508));
#8807=CARTESIAN_POINT('',(-0.004445,-0.128665154204369,0.00127));
#8808=CARTESIAN_POINT('',(-0.004445,-0.128665154204369,0.002032));
#8809=CARTESIAN_POINT('',(0.,-0.128665154204369,0.002032));
#8810=CARTESIAN_POINT('',(-0.018288,-0.128665154204369,0.002032));
#8811=CARTESIAN_POINT('',(-0.018288,-0.124855154204369,0.00254));
#8812=CARTESIAN_POINT('',(-0.022098,-0.124855154204369,0.002032));
#8813=CARTESIAN_POINT('',(-0.02159,-3.4018349641747E-18,0.00254));
#8814=CARTESIAN_POINT('',(-0.022098,-0.109428098201856,0.002032));
#8815=CARTESIAN_POINT('',(-0.003048,-0.109428098201856,0.00254));
#8816=CARTESIAN_POINT('',(0.0202719808039665,-0.100527577102184,0.002032));
#8817=CARTESIAN_POINT('',(0.015,-0.099192088240776,0.00670187835138935));
#8818=CARTESIAN_POINT('',(0.015,-0.0888351230931846,0.00374));
#8819=CARTESIAN_POINT('',(0.0162,-0.0928559828380109,0.00374));
#8820=CARTESIAN_POINT('',(0.0213023915173581,-0.103980191233946,0.002032));
#8821=CARTESIAN_POINT('',(0.003048,-0.109428098201856,0.00254));
#8822=CARTESIAN_POINT('',(0.022098,-0.109428098201856,0.002032));
#8823=CARTESIAN_POINT('',(0.022098,-0.117655601936031,0.002032));
#8824=CARTESIAN_POINT('',(0.022098,-0.124855154204369,0.002032));
#8825=CARTESIAN_POINT('',(0.018288,-0.124855154204369,0.00254));
#8826=CARTESIAN_POINT('',(0.018288,-0.128665154204369,0.002032));
#8827=CARTESIAN_POINT('',(0.,-0.128665154204369,0.002032));
#8828=CARTESIAN_POINT('',(0.004445,-0.128665154204369,0.002032));
#8829=CARTESIAN_POINT('',(0.004445,-0.128665154204369,0.00127));
#8830=CARTESIAN_POINT('',(0.004445,-0.128665154204369,0.000508));
#8831=CARTESIAN_POINT('',(1.21430643318376E-17,-0.128157154204369,0.));
#8832=CARTESIAN_POINT('',(0.018288,-0.128665154204369,0.000508));
#8833=CARTESIAN_POINT('',(0.018288,-0.124855154204369,0.));
#8834=CARTESIAN_POINT('',(0.022098,-0.124855154204369,0.000508000000000008));
#8835=CARTESIAN_POINT('',(0.022098,-0.117655601936031,0.000508000000000008));
#8836=CARTESIAN_POINT('',(0.022098,-0.109428098201856,0.000508000000000008));
#8837=CARTESIAN_POINT('',(0.003048,-0.109428098201856,0.));
#8838=CARTESIAN_POINT('',(0.0213023915173581,-0.103980191233946,0.000508));
#8839=CARTESIAN_POINT('',(-0.00942087180147934,-0.00281159922982178,0.));
#8840=CARTESIAN_POINT('',(0.015,-0.00899785132167625,0.021631812555535));
#8841=CARTESIAN_POINT('',(0.015,-0.0828906383230229,0.0005));
#8842=CARTESIAN_POINT('',(0.0204940579221025,-0.0820882899876532,0.00599405792210247));
#8843=CARTESIAN_POINT('',(-0.015,0.00542,0.00127));
#8844=CARTESIAN_POINT('',(-0.015,-0.0256525305106044,0.00669));
#8845=CARTESIAN_POINT('',(-0.015,-0.0280703150379139,0.00669));
#8846=CARTESIAN_POINT('',(-0.015,-0.0232347459832948,0.00669));
#8847=CARTESIAN_POINT('',(-0.015,-0.0232347459832948,0.02069));
#8848=CARTESIAN_POINT('',(-0.015,-0.0232347459832948,0.02069));
#8849=CARTESIAN_POINT('',(-0.015,-0.0256525305106044,0.02069));
#8850=CARTESIAN_POINT('',(-0.015,-0.0280703150379139,0.02069));
#8851=CARTESIAN_POINT('',(-0.015,-0.0280703150379139,0.00669));
#8852=CARTESIAN_POINT('',(-0.015,-0.0206525305106044,0.00669));
#8853=CARTESIAN_POINT('',(-0.015,-0.023070315037914,0.00669));
#8854=CARTESIAN_POINT('',(-0.015,-0.0182347459832949,0.00669));
#8855=CARTESIAN_POINT('',(-0.015,-0.0182347459832949,0.02069));
#8856=CARTESIAN_POINT('',(-0.015,-0.0182347459832949,0.02069));
#8857=CARTESIAN_POINT('',(-0.015,-0.0206525305106044,0.02069));
#8858=CARTESIAN_POINT('',(-0.015,-0.023070315037914,0.02069));
#8859=CARTESIAN_POINT('',(-0.015,-0.023070315037914,0.00669));
#8860=CARTESIAN_POINT('',(-0.015,-0.00393928183092885,0.00562969504547675));
#8861=CARTESIAN_POINT('',(-0.015,-0.00224369933514753,0.00393411254969542));
#8862=CARTESIAN_POINT('',(-0.015,0.000493916098802334,0.00218644660940673));
#8863=CARTESIAN_POINT('',(-0.015,0.00141999999999998,0.00126036270820908));
#8864=CARTESIAN_POINT('',(-0.015,0.00141999999999998,2.16840434497101E-19));
#8865=CARTESIAN_POINT('',(-0.015,0.00141999999999998,0.0005));
#8866=CARTESIAN_POINT('',(-0.015,0.00542,0.0005));
#8867=CARTESIAN_POINT('',(-0.015,0.00542,0.00374));
#8868=CARTESIAN_POINT('',(-0.015,-0.107952530510604,0.00374));
#8869=CARTESIAN_POINT('',(-0.015,-0.105152530510604,0.00654));
#8870=CARTESIAN_POINT('',(-0.015,-0.106352530510604,0.00534));
#8871=CARTESIAN_POINT('',(-0.015,-0.0366525305106044,0.00534));
#8872=CARTESIAN_POINT('',(-0.015,-0.0366525305106044,0.00534));
#8873=CARTESIAN_POINT('',(-0.015,-0.0366525305106044,0.01254));
#8874=CARTESIAN_POINT('',(-0.015,-0.0294525305106044,0.01254));
#8875=CARTESIAN_POINT('',(-0.015,-0.0294525305106044,0.00127));
#8876=CARTESIAN_POINT('',(-0.015,-0.0294525305106044,0.02339));
#8877=CARTESIAN_POINT('',(-0.015,-0.0286525305106044,0.02339));
#8878=CARTESIAN_POINT('',(-0.015,-0.0286525305106044,0.02419));
#8879=CARTESIAN_POINT('',(-0.015,-0.0176525305106044,0.02419));
#8880=CARTESIAN_POINT('',(-0.015,-0.0176525305106044,0.02419));
#8881=CARTESIAN_POINT('',(-0.015,-0.0176525305106044,0.02339));
#8882=CARTESIAN_POINT('',(-0.015,-0.0168525305106044,0.02339));
#8883=CARTESIAN_POINT('',(-0.015,-0.0168525305106044,0.01254));
#8884=CARTESIAN_POINT('',(-0.015,-0.0168525305106044,0.01254));
#8885=CARTESIAN_POINT('',(-0.015,-0.00965253051060438,0.01254));
#8886=CARTESIAN_POINT('',(-0.015,-0.00965253051060438,0.00534));
#8887=CARTESIAN_POINT('',(-0.015,-0.00563781188484296,0.00534));
#8888=CARTESIAN_POINT('',(-0.015,-0.00563781188484295,0.00534));
#8889=CARTESIAN_POINT('',(-0.015,-0.00563781188484295,0.00054));
#8890=CARTESIAN_POINT('',(0.015,0.00542,0.00127));
#8891=CARTESIAN_POINT('',(0.015,-0.0280703150379139,0.00127));
#8892=CARTESIAN_POINT('',(0.015,-0.0280703150379139,0.00669));
#8893=CARTESIAN_POINT('',(0.015,-0.0280703150379139,0.02069));
#8894=CARTESIAN_POINT('',(0.015,-0.0256525305106044,0.02069));
#8895=CARTESIAN_POINT('',(0.015,-0.0232347459832948,0.02069));
#8896=CARTESIAN_POINT('',(0.015,-0.0232347459832948,0.00127));
#8897=CARTESIAN_POINT('',(0.015,-0.0232347459832948,0.00669));
#8898=CARTESIAN_POINT('',(0.015,-0.0256525305106044,0.00669));
#8899=CARTESIAN_POINT('',(0.015,-0.023070315037914,0.00127));
#8900=CARTESIAN_POINT('',(0.015,-0.023070315037914,0.00669));
#8901=CARTESIAN_POINT('',(0.015,-0.023070315037914,0.02069));
#8902=CARTESIAN_POINT('',(0.015,-0.0206525305106044,0.02069));
#8903=CARTESIAN_POINT('',(0.015,-0.0182347459832949,0.02069));
#8904=CARTESIAN_POINT('',(0.015,-0.0182347459832949,0.00127));
#8905=CARTESIAN_POINT('',(0.015,-0.0182347459832949,0.00669));
#8906=CARTESIAN_POINT('',(0.015,-0.0206525305106044,0.00669));
#8907=CARTESIAN_POINT('',(0.015,0.00341518135410452,-0.00073481864589546));
#8908=CARTESIAN_POINT('',(0.015,0.00141999999999998,0.00126036270820908));
#8909=CARTESIAN_POINT('',(0.015,0.00292020660727394,-0.00122979339272604));
#8910=CARTESIAN_POINT('',(0.015,-0.00224369933514754,0.00393411254969543));
#8911=CARTESIAN_POINT('',(0.015,-0.00563781188484296,0.00054));
#8912=CARTESIAN_POINT('',(0.015,-0.00563781188484296,0.00534));
#8913=CARTESIAN_POINT('',(0.015,0.00542,0.00534));
#8914=CARTESIAN_POINT('',(0.015,-0.00965253051060438,0.00534));
#8915=CARTESIAN_POINT('',(0.015,-0.00965253051060438,0.01254));
#8916=CARTESIAN_POINT('',(0.015,-0.0168525305106044,0.01254));
#8917=CARTESIAN_POINT('',(0.015,-0.0168525305106044,0.02339));
#8918=CARTESIAN_POINT('',(0.015,-0.0168525305106044,0.02339));
#8919=CARTESIAN_POINT('',(0.015,-0.0176525305106044,0.02339));
#8920=CARTESIAN_POINT('',(0.015,-0.0176525305106044,0.02419));
#8921=CARTESIAN_POINT('',(0.015,0.00542,0.02419));
#8922=CARTESIAN_POINT('',(0.015,-0.0286525305106044,0.02419));
#8923=CARTESIAN_POINT('',(0.015,-0.0286525305106044,0.02339));
#8924=CARTESIAN_POINT('',(0.015,-0.0294525305106044,0.02339));
#8925=CARTESIAN_POINT('',(0.015,-0.0294525305106044,0.00127));
#8926=CARTESIAN_POINT('',(0.015,-0.0294525305106044,0.01254));
#8927=CARTESIAN_POINT('',(0.015,-0.0366525305106044,0.01254));
#8928=CARTESIAN_POINT('',(0.015,-0.0366525305106044,0.00534));
#8929=CARTESIAN_POINT('',(0.015,0.00542,0.00534));
#8930=CARTESIAN_POINT('',(0.015,-0.106352530510604,0.00534));
#8931=CARTESIAN_POINT('',(0.015,-0.0525012652553022,0.0591912652553022));
#8932=CARTESIAN_POINT('',(0.015,-0.107952530510604,0.00374));
#8933=CARTESIAN_POINT('',(0.015,-0.0846390161966001,0.00374));
#8934=CARTESIAN_POINT('',(0.015,0.00141999999999998,0.0005));
#8935=CARTESIAN_POINT('',(0.015,0.00141999999999998,0.0005));
#8936=CARTESIAN_POINT('',(0.015,0.00141999999999998,0.00127));
#8937=CARTESIAN_POINT('',(0.,0.00542,0.00127));
#8938=CARTESIAN_POINT('',(-0.011,0.00542,0.00254));
#8939=CARTESIAN_POINT('',(-0.011,0.00542,0.0005));
#8940=CARTESIAN_POINT('',(-0.011,0.00542,0.00204));
#8941=CARTESIAN_POINT('',(0.,0.00542,0.00204));
#8942=CARTESIAN_POINT('',(0.011,0.00542,0.00204));
#8943=CARTESIAN_POINT('',(0.011,0.00542,0.00127));
#8944=CARTESIAN_POINT('',(0.011,0.00542,0.0005));
#8945=CARTESIAN_POINT('',(-0.011,0.00542,0.0005));
#8946=CARTESIAN_POINT('',(-0.00812712381529808,-0.0706403940512538,0.02189));
#8947=CARTESIAN_POINT('',(-0.006508,-0.0706403940512538,0.02189));
#8948=CARTESIAN_POINT('',(-0.006508,-0.0706403940512538,0.00535845569501639));
#8949=CARTESIAN_POINT('',(-0.006508,-0.0706403940512538,0.02339));
#8950=CARTESIAN_POINT('',(-0.0111751238152981,-0.0706403940512538,0.02339));
#8951=CARTESIAN_POINT('',(-0.0111751238152981,-0.0706403940512538,0.02339));
#8952=CARTESIAN_POINT('',(-0.0111751238152981,-0.0706403940512538,0.0051230130292814));
#8953=CARTESIAN_POINT('',(-0.0111751238152981,-0.0706403940512538,0.005175));
#8954=CARTESIAN_POINT('',(-0.00812712381529808,-0.0706403940512538,0.005175));
#8955=CARTESIAN_POINT('',(-0.00632454430498363,-0.0706403940512538,0.005175));
#8956=CARTESIAN_POINT('',(-0.00635921024484277,-0.0706403940512538,0.00520966593985915));
#8957=CARTESIAN_POINT('',(3.46944695195361E-18,-0.0726403940512538,0.005175));
#8958=CARTESIAN_POINT('',(0.00632454430498362,-0.0726403940512538,0.005175));
#8959=CARTESIAN_POINT('',(0.00557112381529809,-0.0707327717635364,0.00457418621237199));
#8960=CARTESIAN_POINT('',(0.00557112381529809,-0.0726403940512538,0.005175));
#8961=CARTESIAN_POINT('',(0.0111751238152981,-0.0726403940512538,0.005175));
#8962=CARTESIAN_POINT('',(-3.46944695195361E-18,-0.0726403940512538,0.005175));
#8963=CARTESIAN_POINT('',(-0.00557112381529809,-0.0726403940512538,0.005175));
#8964=CARTESIAN_POINT('',(-0.00557112381529809,-0.0707327717635364,0.00457418621237199));
#8965=CARTESIAN_POINT('',(-0.00632454430498362,-0.0726403940512538,0.005175));
#8966=CARTESIAN_POINT('',(-0.0111751238152981,-0.0726403940512538,0.005175));
#8967=CARTESIAN_POINT('',(0.006,-0.0689893940512538,0.00789));
#8968=CARTESIAN_POINT('',(0.006,-0.0678463940512538,0.00789));
#8969=CARTESIAN_POINT('',(0.006,-0.0678463940512538,0.0221004204896856));
#8970=CARTESIAN_POINT('',(0.006,-0.0678463940512538,0.00598308974707501));
#8971=CARTESIAN_POINT('',(0.006,-0.0701323940512538,0.00598308974707501));
#8972=CARTESIAN_POINT('',(0.006,-0.0701323940512538,0.00598308974707501));
#8973=CARTESIAN_POINT('',(0.006,-0.0701323940512538,0.00789));
#8974=CARTESIAN_POINT('',(0.006,-0.0701323940512538,0.02339));
#8975=CARTESIAN_POINT('',(0.006,-0.0689893940512538,0.02339));
#8976=CARTESIAN_POINT('',(0.006,-0.0665568145409393,0.02339));
#8977=CARTESIAN_POINT('',(0.006,-0.0755231042960966,0.0144237102448428));
#8978=CARTESIAN_POINT('',(-0.006,-0.0689893940512538,0.00789));
#8979=CARTESIAN_POINT('',(-0.006,-0.0701323940512538,0.00789));
#8980=CARTESIAN_POINT('',(-0.006,-0.0701323940512538,0.02339));
#8981=CARTESIAN_POINT('',(-0.006,-0.0701323940512538,0.00598308974707501));
#8982=CARTESIAN_POINT('',(-0.006,-0.0689893940512538,0.00598308974707501));
#8983=CARTESIAN_POINT('',(-0.006,-0.0678463940512538,0.00598308974707501));
#8984=CARTESIAN_POINT('',(-0.006,-0.0678463940512538,0.02189));
#8985=CARTESIAN_POINT('',(-0.006,-0.0678463940512538,0.0221004204896856));
#8986=CARTESIAN_POINT('',(-0.006,-0.0646976042960966,0.0252492102448428));
#8987=CARTESIAN_POINT('',(-0.006,-0.0665568145409393,0.02339));
#8988=CARTESIAN_POINT('',(-0.006,-0.0701323940512538,0.02339));
#8989=CARTESIAN_POINT('',(-0.00832112381529809,-0.0689893940512538,0.00789));
#8990=CARTESIAN_POINT('',(-0.00596533406014086,-0.0726403940512538,0.00553421024484277));
#8991=CARTESIAN_POINT('',(-0.00570716563636941,-0.0701457171052411,0.00527604182107132));
#8992=CARTESIAN_POINT('',(-0.00521191357045533,-0.0702482357024562,0.00478078975515724));
#8993=CARTESIAN_POINT('',(-0.00521191357045533,-0.0702482357024562,0.00478078975515724));
#8994=CARTESIAN_POINT('',(-0.00509616857433169,-0.0702846900833721,0.0046650447590336));
#8995=CARTESIAN_POINT('',(-0.00497320780420415,-0.0702979559016763,0.00454208398890606));
#8996=CARTESIAN_POINT('',(-0.00486401703411155,-0.07022777025337,0.00443289321881346));
#8997=CARTESIAN_POINT('',(-0.00486401703411155,-0.07022777025337,0.00443289321881346));
#8998=CARTESIAN_POINT('',(-0.00486401703411155,-0.0678463940512538,0.00443289321881346));
#8999=CARTESIAN_POINT('',(-0.00486401703411155,-0.0678463940512538,0.00443289321881346));
#9000=CARTESIAN_POINT('',(-0.00832112381529809,-0.0678463940512538,0.00789));
#9001=CARTESIAN_POINT('',(-0.00570710678118656,-0.0678463940512538,0.00527598296588847));
#9002=CARTESIAN_POINT('',(-0.00570710678118656,-0.0689893940512538,0.00527598296588847));
#9003=CARTESIAN_POINT('',(-0.00570710678118656,-0.0701323940512538,0.00527598296588847));
#9004=CARTESIAN_POINT('',(-0.00721510678118656,-0.0701323940512538,0.00678398296588847));
#9005=CARTESIAN_POINT('',(0.00832112381529809,-0.0689893940512538,0.00789));
#9006=CARTESIAN_POINT('',(0.00486401703411155,-0.0689893940512538,0.00443289321881346));
#9007=CARTESIAN_POINT('',(0.00486401703411155,-0.0678463940512538,0.00443289321881346));
#9008=CARTESIAN_POINT('',(0.00486401703411155,-0.07022777025337,0.00443289321881346));
#9009=CARTESIAN_POINT('',(0.00486401703411155,-0.07022777025337,0.00443289321881346));
#9010=CARTESIAN_POINT('',(0.00497290561740719,-0.0702977616620328,0.00454178180210909));
#9011=CARTESIAN_POINT('',(0.00509627495091095,-0.0702846565796141,0.00466515113561286));
#9012=CARTESIAN_POINT('',(0.00521191357045533,-0.0702482357024562,0.00478078975515724));
#9013=CARTESIAN_POINT('',(0.00521191357045533,-0.0702482357024562,0.00478078975515724));
#9014=CARTESIAN_POINT('',(0.00596533406014086,-0.0726403940512538,0.00553421024484277));
#9015=CARTESIAN_POINT('',(0.00570716563636941,-0.0701457171052411,0.00527604182107132));
#9016=CARTESIAN_POINT('',(0.00721510678118656,-0.0701323940512538,0.00678398296588847));
#9017=CARTESIAN_POINT('',(0.00570710678118656,-0.0701323940512538,0.00527598296588847));
#9018=CARTESIAN_POINT('',(0.00570710678118656,-0.0678463940512538,0.00527598296588847));
#9019=CARTESIAN_POINT('',(0.00570710678118656,-0.0678463940512538,0.00527598296588847));
#9020=CARTESIAN_POINT('',(0.00832112381529809,-0.0678463940512538,0.00789));
#9021=CARTESIAN_POINT('',(-0.00884156190764904,-0.0643383940512538,0.02539));
#9022=CARTESIAN_POINT('',(-0.0116831238152981,-0.0643383940512538,0.02489));
#9023=CARTESIAN_POINT('',(-0.00667712434446771,-0.0643383940512538,0.02489));
#9024=CARTESIAN_POINT('',(-0.0110059994708304,-0.0643383940512538,0.02489));
#9025=CARTESIAN_POINT('',(-0.00968312381529807,-0.0643383940512538,0.02339));
#9026=CARTESIAN_POINT('',(-0.00968312381529807,-0.0643383940512538,0.02539));
#9027=CARTESIAN_POINT('',(-0.00884156190764904,-0.0643383940512538,0.02539));
#9028=CARTESIAN_POINT('',(-0.008,-0.0643383940512538,0.02539));
#9029=CARTESIAN_POINT('',(-0.008,-0.0643383940512538,0.02339));
#9030=CARTESIAN_POINT('',(0.,-0.0674893940512538,0.02539));
#9031=CARTESIAN_POINT('',(-0.00968312381529807,-0.0674893940512538,0.02539));
#9032=CARTESIAN_POINT('',(-0.00968312381529807,-0.0686403940512538,0.02539));
#9033=CARTESIAN_POINT('',(-0.006508,-0.0686403940512538,0.02539));
#9034=CARTESIAN_POINT('',(-0.008,-0.0686403940512538,0.02539));
#9035=CARTESIAN_POINT('',(-0.008,-0.0645568145409393,0.02539));
#9036=CARTESIAN_POINT('',(0.00884156190764904,-0.0643383940512538,0.02539));
#9037=CARTESIAN_POINT('',(0.00884156190764904,-0.0643383940512538,0.02539));
#9038=CARTESIAN_POINT('',(0.00968312381529807,-0.0643383940512538,0.02539));
#9039=CARTESIAN_POINT('',(0.008,-0.0643383940512538,0.02539));
#9040=CARTESIAN_POINT('',(0.00968312381529807,-0.0643383940512538,0.02339));
#9041=CARTESIAN_POINT('',(0.0110059994708304,-0.0643383940512538,0.02489));
#9042=CARTESIAN_POINT('',(0.00884156190764904,-0.0643383940512538,0.02489));
#9043=CARTESIAN_POINT('',(0.00667712434446771,-0.0643383940512538,0.02489));
#9044=CARTESIAN_POINT('',(0.008,-0.0643383940512538,0.02339));
#9045=CARTESIAN_POINT('',(0.,-0.0674893940512538,0.02539));
#9046=CARTESIAN_POINT('',(0.,-0.0686403940512538,0.02539));
#9047=CARTESIAN_POINT('',(0.008,-0.0686403940512538,0.02539));
#9048=CARTESIAN_POINT('',(0.00968312381529807,-0.0686403940512538,0.02539));
#9049=CARTESIAN_POINT('',(0.00968312381529807,-0.0645568145409393,0.02539));
#9050=CARTESIAN_POINT('',(0.008,-0.0674893940512538,0.02539));
#9051=CARTESIAN_POINT('',(0.00884156190764904,-0.0643383940512538,0.02489));
#9052=CARTESIAN_POINT('',(0.00968312381529807,-0.0658383940512538,0.02339));
#9053=CARTESIAN_POINT('',(0.0111751238152981,-0.0645065021637494,0.0247218918875044));
#9054=CARTESIAN_POINT('',(0.0111751238152981,-0.0673383940512538,0.02189));
#9055=CARTESIAN_POINT('',(0.0111751238152981,-0.0667526076136269,0.0224757864376269));
#9056=CARTESIAN_POINT('',(0.006508,-0.0667526076136269,0.0224757864376269));
#9057=CARTESIAN_POINT('',(0.006508,-0.0667526076136269,0.0224757864376269));
#9058=CARTESIAN_POINT('',(0.006508,-0.0643383940512538,0.02489));
#9059=CARTESIAN_POINT('',(0.006508,-0.0645065021637494,0.0247218918875044));
#9060=CARTESIAN_POINT('',(0.008,-0.0658383940512538,0.02339));
#9061=CARTESIAN_POINT('',(0.,-0.0673383940512538,0.02189));
#9062=CARTESIAN_POINT('',(-0.0111751238152981,-0.0673383940512538,0.02189));
#9063=CARTESIAN_POINT('',(-0.0111751238152981,-0.0667526076136269,0.0224757864376269));
#9064=CARTESIAN_POINT('',(-0.0111751238152981,-0.0645065021637494,0.0247218918875044));
#9065=CARTESIAN_POINT('',(-0.00968312381529807,-0.0658383940512538,0.02339));
#9066=CARTESIAN_POINT('',(-0.008,-0.0658383940512538,0.02339));
#9067=CARTESIAN_POINT('',(-0.006508,-0.0645065021637494,0.0247218918875044));
#9068=CARTESIAN_POINT('',(-0.006508,-0.0673383940512538,0.02189));
#9069=CARTESIAN_POINT('',(-0.006508,-0.0667526076136269,0.0224757864376269));
#9070=CARTESIAN_POINT('',(-0.0111751238152981,-0.0667526076136269,0.0224757864376269));
#9071=CARTESIAN_POINT('',(1.21430643318376E-17,-0.0668303940512538,0.003048));
#9072=CARTESIAN_POINT('',(-0.00507912381529809,-0.0668303940512538,0.003048));
#9073=CARTESIAN_POINT('',(-0.0111751238152981,-0.0668303940512538,0.003048));
#9074=CARTESIAN_POINT('',(1.21430643318376E-17,-0.0668303940512538,0.003048));
#9075=CARTESIAN_POINT('',(0.00507912381529809,-0.0668303940512538,0.003048));
#9076=CARTESIAN_POINT('',(0.0111751238152981,-0.0668303940512538,0.003048));
#9077=CARTESIAN_POINT('',(0.0111751238152981,-0.0701323940512538,0.003175));
#9078=CARTESIAN_POINT('',(0.0111751238152981,-0.0701323940512538,0.02339));
#9079=CARTESIAN_POINT('',(0.0111751238152981,-0.0701323940512538,0.005175));
#9080=CARTESIAN_POINT('',(0.0111751238152981,-0.0726403940512538,0.005175));
#9081=CARTESIAN_POINT('',(-0.0111751238152981,-0.0701323940512538,0.02189));
#9082=CARTESIAN_POINT('',(-0.0111751238152981,-0.0701323940512538,0.02339));
#9083=CARTESIAN_POINT('',(-0.0111751238152981,-0.0701323940512538,0.005175));
#9084=CARTESIAN_POINT('',(-0.0111751238152981,-0.0726403940512538,0.005175));
#9085=CARTESIAN_POINT('',(-0.0111751238152981,-0.0668303940512538,0.003048));
#9086=CARTESIAN_POINT('',(-0.0111751238152981,-0.0678463940512538,0.003048));
#9087=CARTESIAN_POINT('',(-0.0111751238152981,-0.0678463940512538,0.003175));
#9088=CARTESIAN_POINT('',(-0.0111751238152981,-0.0678463940512538,0.0221004204896856));
#9089=CARTESIAN_POINT('',(-0.0111751238152981,-0.0930571042960966,-0.00311028975515722));
#9090=CARTESIAN_POINT('',(-0.0111751238152981,-0.0645065021637494,0.0247218918875044));
#9091=CARTESIAN_POINT('',(-0.0114043279025834,-0.0647632591133472,0.0244651349379066));
#9092=CARTESIAN_POINT('',(-0.0116118941602247,-0.065479084254952,0.02402687111106));
#9093=CARTESIAN_POINT('',(-0.0116831238152981,-0.0661921973645044,0.0236028854368965));
#9094=CARTESIAN_POINT('',(-0.0116831238152981,-0.0665568145409393,0.02339));
#9095=CARTESIAN_POINT('',(-0.0111751238152981,-0.0678463940512538,0.0221004204896856));
#9096=CARTESIAN_POINT('',(-0.00507912381529809,-0.0668303940512538,0.003048));
#9097=CARTESIAN_POINT('',(-0.00507912381529809,-0.0678463940512538,0.003048));
#9098=CARTESIAN_POINT('',(-0.00507912381529809,-0.0678463940512538,0.02189));
#9099=CARTESIAN_POINT('',(-0.00507912381529809,-0.0678463940512538,0.00372578643762691));
#9100=CARTESIAN_POINT('',(-0.0152072721524918,-0.0678463940512538,0.0140577278475082));
#9101=CARTESIAN_POINT('',(-0.00522322727895431,-0.0678463940512538,0.00407368297397069));
#9102=CARTESIAN_POINT('',(-0.006508,-0.0678463940512538,0.00535845569501639));
#9103=CARTESIAN_POINT('',(-0.006508,-0.0678463940512538,0.00789));
#9104=CARTESIAN_POINT('',(-0.006508,-0.0678463940512538,0.00535845569501639));
#9105=CARTESIAN_POINT('',(-0.006508,-0.0678463940512538,0.0221004204896856));
#9106=CARTESIAN_POINT('',(-0.006508,-0.0755231042960966,0.0144237102448428));
#9107=CARTESIAN_POINT('',(-0.006508,-0.0645065021637494,0.0247218918875044));
#9108=CARTESIAN_POINT('',(-0.00627879591271464,-0.0647632591133473,0.0244651349379065));
#9109=CARTESIAN_POINT('',(-0.00607122965507337,-0.0654790842549512,0.0240268711110587));
#9110=CARTESIAN_POINT('',(-0.00600000000000001,-0.0661921973645059,0.0236028854368992));
#9111=CARTESIAN_POINT('',(-0.006,-0.0665568145409393,0.02339));
#9112=CARTESIAN_POINT('',(-0.006508,-0.0678463940512538,0.0221004204896856));
#9113=CARTESIAN_POINT('',(0.0111751238152981,-0.0668303940512538,0.003048));
#9114=CARTESIAN_POINT('',(0.0111751238152981,-0.0678463940512538,0.003048));
#9115=CARTESIAN_POINT('',(0.0111751238152981,-0.0678463940512538,0.02189));
#9116=CARTESIAN_POINT('',(0.0111751238152981,-0.0678463940512538,0.0221004204896856));
#9117=CARTESIAN_POINT('',(0.0111751238152981,-0.0930571042960966,-0.00311028975515722));
#9118=CARTESIAN_POINT('',(0.0111751238152981,-0.0645065021637494,0.0247218918875044));
#9119=CARTESIAN_POINT('',(0.0114043279025834,-0.0647632591133473,0.0244651349379066));
#9120=CARTESIAN_POINT('',(0.0116118941602247,-0.065479084254952,0.02402687111106));
#9121=CARTESIAN_POINT('',(0.0116831238152981,-0.0661921973645044,0.0236028854368965));
#9122=CARTESIAN_POINT('',(0.0116831238152981,-0.0665568145409393,0.02339));
#9123=CARTESIAN_POINT('',(0.0111751238152981,-0.0678463940512538,0.0221004204896856));
#9124=CARTESIAN_POINT('',(0.00507912381529809,-0.0668303940512538,0.003048));
#9125=CARTESIAN_POINT('',(0.00507912381529809,-0.0678463940512538,0.003048));
#9126=CARTESIAN_POINT('',(0.00507912381529809,-0.0678463940512538,0.003175));
#9127=CARTESIAN_POINT('',(0.00507912381529809,-0.0678463940512538,0.00372578643762691));
#9128=CARTESIAN_POINT('',(0.0152072721524918,-0.0678463940512538,0.0140577278475082));
#9129=CARTESIAN_POINT('',(0.00522322727895431,-0.0678463940512538,0.00407368297397069));
#9130=CARTESIAN_POINT('',(0.006508,-0.0678463940512538,0.00535845569501639));
#9131=CARTESIAN_POINT('',(0.006508,-0.0678463940512538,0.02189));
#9132=CARTESIAN_POINT('',(0.006508,-0.0678463940512538,0.00535845569501639));
#9133=CARTESIAN_POINT('',(0.006508,-0.0678463940512538,0.0221004204896856));
#9134=CARTESIAN_POINT('',(0.006508,-0.0755231042960966,0.0144237102448428));
#9135=CARTESIAN_POINT('',(0.006508,-0.0645065021637494,0.0247218918875044));
#9136=CARTESIAN_POINT('',(0.00627879591271464,-0.0647632591133473,0.0244651349379065));
#9137=CARTESIAN_POINT('',(0.00607122965507338,-0.0654790842549512,0.0240268711110587));
#9138=CARTESIAN_POINT('',(0.006,-0.0661921973645059,0.0236028854368992));
#9139=CARTESIAN_POINT('',(0.006,-0.0665568145409393,0.02339));
#9140=CARTESIAN_POINT('',(0.006508,-0.0678463940512538,0.0221004204896856));
#9141=CARTESIAN_POINT('',(0.006508,-0.0701323940512538,0.00789));
#9142=CARTESIAN_POINT('',(0.00600001982654702,-0.0701368821888039,0.00598314860225787));
#9143=CARTESIAN_POINT('',(0.00600107210071073,-0.070255981571618,0.00598627228225565));
#9144=CARTESIAN_POINT('',(0.00609307527775785,-0.070469709656156,0.00588053273825909));
#9145=CARTESIAN_POINT('',(0.00622560845445888,-0.07056190334792,0.00570568281186378));
#9146=CARTESIAN_POINT('',(0.00629699912706527,-0.0705945007831035,0.00561790122700285));
#9147=CARTESIAN_POINT('',(0.00600001982654702,-0.0701368821888039,0.00598314860225787));
#9148=CARTESIAN_POINT('',(0.00629699912706527,-0.0705945007831035,0.00561790122700286));
#9149=CARTESIAN_POINT('',(0.006508,-0.0701323940512538,0.00535845569501639));
#9150=CARTESIAN_POINT('',(0.006508,-0.0701323940512538,0.02339));
#9151=CARTESIAN_POINT('',(0.006508,-0.0701323940512538,0.00749108974707501));
#9152=CARTESIAN_POINT('',(0.0055711238152981,-0.0707327717635364,0.00457418621237199));
#9153=CARTESIAN_POINT('',(0.00527484833452513,-0.0706478795225015,0.00484372451922704));
#9154=CARTESIAN_POINT('',(0.00521191357045533,-0.0702482357024562,0.00478078975515724));
#9155=CARTESIAN_POINT('',(0.0058144216544799,-0.0706716651497731,0.0047682036279876));
#9156=CARTESIAN_POINT('',(0.00550797864250164,-0.0706054645004649,0.0050768548272035));
#9157=CARTESIAN_POINT('',(0.00545521140963713,-0.0701716080087947,0.00502408759433904));
#9158=CARTESIAN_POINT('',(0.00606946462758283,-0.0706403940512538,0.00497158717910636));
#9159=CARTESIAN_POINT('',(0.00574404506046696,-0.0706051281723755,0.00531292124516806));
#9160=CARTESIAN_POINT('',(0.00571025438274006,-0.0701323940512588,0.00527913056744197));
#9161=CARTESIAN_POINT('',(0.00632454430498361,-0.0706403940512538,0.00517499999999999));
#9162=CARTESIAN_POINT('',(0.00596533406014085,-0.0706403940512538,0.00553421024484276));
#9163=CARTESIAN_POINT('',(0.00596533406014085,-0.0701323940512538,0.00553421024484276));
#9164=CARTESIAN_POINT('',(0.00557112381529809,-0.0702482357024562,0.00442157951031447));
#9165=CARTESIAN_POINT('',(0.00632454430498362,-0.0701323940512538,0.005175));
#9166=CARTESIAN_POINT('',(0.00617534415689542,-0.0705945007831036,0.0053242001480882));
#9167=CARTESIAN_POINT('',(0.00617534415689546,-0.0705945007831036,0.00532420014808824));
#9168=CARTESIAN_POINT('',(0.00606273571596336,-0.070565833308161,0.00530038138548994));
#9169=CARTESIAN_POINT('',(0.00583475545806202,-0.0704890862765466,0.00526478151323766));
#9170=CARTESIAN_POINT('',(0.00569826448079603,-0.0702651435116784,0.00526714066549793));
#9171=CARTESIAN_POINT('',(0.00570716563636941,-0.0701457171052411,0.00527604182107132));
#9172=CARTESIAN_POINT('',(0.0155833340601408,-0.0701323940512538,0.0144337897551572));
#9173=CARTESIAN_POINT('',(0.006508,-0.0701323940512538,0.00535845569501639));
#9174=CARTESIAN_POINT('',(-0.006508,-0.0701323940512538,0.02189));
#9175=CARTESIAN_POINT('',(-0.006508,-0.0701323940512538,0.00535845569501639));
#9176=CARTESIAN_POINT('',(-0.00629699912706507,-0.0705945007831034,0.00561790122700311));
#9177=CARTESIAN_POINT('',(-0.00629699912706507,-0.0705945007831034,0.00561790122700311));
#9178=CARTESIAN_POINT('',(-0.00622558596838288,-0.0705618930806346,0.00570571046062115));
#9179=CARTESIAN_POINT('',(-0.00609247841179578,-0.0704689472998233,0.0058812793338932));
#9180=CARTESIAN_POINT('',(-0.00600107146902233,-0.0702559100753296,0.00598627040708618));
#9181=CARTESIAN_POINT('',(-0.00600001982654701,-0.0701368821888039,0.00598314860225787));
#9182=CARTESIAN_POINT('',(-0.00600001982654702,-0.0701368821888039,0.00598314860225787));
#9183=CARTESIAN_POINT('',(-0.006508,-0.0701323940512538,0.00749108974707501));
#9184=CARTESIAN_POINT('',(-0.006508,-0.0701323940512538,0.02339));
#9185=CARTESIAN_POINT('',(-0.0155833340601408,-0.0701323940512538,0.0144337897551572));
#9186=CARTESIAN_POINT('',(-0.00632454430498363,-0.0701323940512538,0.005175));
#9187=CARTESIAN_POINT('',(-0.00617534415689505,-0.0705945007831034,0.00532420014808858));
#9188=CARTESIAN_POINT('',(-0.006508,-0.0701323940512538,0.00535845569501639));
#9189=CARTESIAN_POINT('',(-0.00521191357045533,-0.0702482357024562,0.00478078975515724));
#9190=CARTESIAN_POINT('',(-0.00527484833452513,-0.0706478795225015,0.00484372451922704));
#9191=CARTESIAN_POINT('',(-0.0055711238152981,-0.0707327717635364,0.00457418621237199));
#9192=CARTESIAN_POINT('',(-0.00545521140963713,-0.0701716080087947,0.00502408759433904));
#9193=CARTESIAN_POINT('',(-0.00550797864250164,-0.0706054645004649,0.0050768548272035));
#9194=CARTESIAN_POINT('',(-0.0058144216544799,-0.0706716651497731,0.0047682036279876));
#9195=CARTESIAN_POINT('',(-0.00571025438274006,-0.0701323940512588,0.00527913056744197));
#9196=CARTESIAN_POINT('',(-0.00574404506046696,-0.0706051281723755,0.00531292124516806));
#9197=CARTESIAN_POINT('',(-0.00606946462758283,-0.0706403940512538,0.00497158717910636));
#9198=CARTESIAN_POINT('',(-0.00596533406014085,-0.0701323940512538,0.00553421024484276));
#9199=CARTESIAN_POINT('',(-0.00596533406014085,-0.0706403940512538,0.00553421024484276));
#9200=CARTESIAN_POINT('',(-0.00632454430498361,-0.0706403940512538,0.00517499999999999));
#9201=CARTESIAN_POINT('',(-0.00557112381529809,-0.0702482357024562,0.00442157951031447));
#9202=CARTESIAN_POINT('',(-0.00570716563636941,-0.0701457171052411,0.00527604182107132));
#9203=CARTESIAN_POINT('',(-0.00569829112785007,-0.0702647859893454,0.00526716731255197));
#9204=CARTESIAN_POINT('',(-0.0058341349926293,-0.0704887742413971,0.00526471283303195));
#9205=CARTESIAN_POINT('',(-0.006062657672643,-0.0705658134401571,0.00530036487788831));
#9206=CARTESIAN_POINT('',(-0.00617534415689505,-0.0705945007831034,0.00532420014808862));
#9207=CARTESIAN_POINT('',(-0.008,-0.0689893940512538,0.02339));
#9208=CARTESIAN_POINT('',(-0.008,-0.0686403940512538,0.02339));
#9209=CARTESIAN_POINT('',(-0.008,-0.0686403940512538,0.02539));
#9210=CARTESIAN_POINT('',(-0.008,-0.0686403940512538,0.02539));
#9211=CARTESIAN_POINT('',(-0.008,-0.0686403940512538,0.02539));
#9212=CARTESIAN_POINT('',(-0.00760939528415917,-0.0691639928660604,0.02539));
#9213=CARTESIAN_POINT('',(-0.00754289818333954,-0.0690974958679248,0.0253899999999451));
#9214=CARTESIAN_POINT('',(-0.00747640118519913,-0.0690309987670985,0.02539));
#9215=CARTESIAN_POINT('',(-0.00702764329957236,-0.0699438212636272,0.0250646182779664));
#9216=CARTESIAN_POINT('',(-0.00679453314448489,-0.0698458609067669,0.0251180506544986));
#9217=CARTESIAN_POINT('',(-0.00669657278762531,-0.0696127507516798,0.0250646182779664));
#9218=CARTESIAN_POINT('',(-0.00658578612006869,-0.0705361231128152,0.0241749435571752));
#9219=CARTESIAN_POINT('',(-0.00615043702959336,-0.0704899570216599,0.0243209025886985));
#9220=CARTESIAN_POINT('',(-0.00610427093843882,-0.0700546079311866,0.0241749435571752));
#9221=CARTESIAN_POINT('',(-0.00650800000001474,-0.0706403940512538,0.0236517994269995));
#9222=CARTESIAN_POINT('',(-0.00600000000006129,-0.0706403940511952,0.0237182964534433));
#9223=CARTESIAN_POINT('',(-0.006,-0.0701323940512362,0.0236517994269995));
#9224=CARTESIAN_POINT('',(-0.006508,-0.0706403940512538,0.02339));
#9225=CARTESIAN_POINT('',(-0.006,-0.0706403940512538,0.02339));
#9226=CARTESIAN_POINT('',(-0.006,-0.0701323940512538,0.02339));
#9227=CARTESIAN_POINT('',(-0.008,-0.0686403940512538,0.02339));
#9228=CARTESIAN_POINT('',(0.,-0.0686403940512538,0.02339));
#9229=CARTESIAN_POINT('',(-0.00968312381529807,-0.0686403940512538,0.02339));
#9230=CARTESIAN_POINT('',(-0.0111751238152981,-0.0706403940512538,0.02339));
#9231=CARTESIAN_POINT('',(-0.0116831238152981,-0.0706403940512538,0.02339));
#9232=CARTESIAN_POINT('',(-0.0116831238152981,-0.0701323940512538,0.02339));
#9233=CARTESIAN_POINT('',(-0.0111751238152833,-0.0706403940512538,0.0236517994270023));
#9234=CARTESIAN_POINT('',(-0.0116831238152368,-0.0706403940511954,0.0237182964534495));
#9235=CARTESIAN_POINT('',(-0.0116831238152981,-0.0701323940512362,0.0236517994270023));
#9236=CARTESIAN_POINT('',(-0.0110973376952293,-0.0705361231128153,0.0241749435571739));
#9237=CARTESIAN_POINT('',(-0.0115326867857046,-0.0704899570216598,0.0243209025886956));
#9238=CARTESIAN_POINT('',(-0.0115788528768592,-0.0700546079311866,0.0241749435571739));
#9239=CARTESIAN_POINT('',(-0.0106554805157259,-0.0699438212636273,0.0250646182779672));
#9240=CARTESIAN_POINT('',(-0.0108885906708135,-0.0698458609067669,0.0251180506545001));
#9241=CARTESIAN_POINT('',(-0.010986551027673,-0.0696127507516799,0.0250646182779672));
#9242=CARTESIAN_POINT('',(-0.0100737285311381,-0.0691639928660599,0.02539));
#9243=CARTESIAN_POINT('',(-0.0101402256319569,-0.0690974958679244,0.0253899999999451));
#9244=CARTESIAN_POINT('',(-0.010206722630098,-0.0690309987670981,0.02539));
#9245=CARTESIAN_POINT('',(-0.00968312381529807,-0.0686403940512538,0.02539));
#9246=CARTESIAN_POINT('',(-0.00968312381529807,-0.0686403940512538,0.02539));
#9247=CARTESIAN_POINT('',(-0.00968312381529807,-0.0686403940512538,0.02539));
#9248=CARTESIAN_POINT('',(-0.00968312381529807,-0.0686403940512538,0.02339));
#9249=CARTESIAN_POINT('',(-0.00968312381529807,-0.0993423940512538,0.02339));
#9250=CARTESIAN_POINT('',(0.008,-0.0689893940512538,0.02339));
#9251=CARTESIAN_POINT('',(0.008,-0.0686403940512538,0.02339));
#9252=CARTESIAN_POINT('',(0.006508,-0.0706403940512538,0.02339));
#9253=CARTESIAN_POINT('',(0.006,-0.0706403940512538,0.02339));
#9254=CARTESIAN_POINT('',(0.006,-0.0701323940512538,0.02339));
#9255=CARTESIAN_POINT('',(0.00650800000001474,-0.0706403940512538,0.0236517994270023));
#9256=CARTESIAN_POINT('',(0.00600000000006129,-0.0706403940511952,0.0237182964534493));
#9257=CARTESIAN_POINT('',(0.006,-0.0701323940512362,0.0236517994270023));
#9258=CARTESIAN_POINT('',(0.00658578612006873,-0.0705361231128153,0.0241749435571739));
#9259=CARTESIAN_POINT('',(0.00615043702959353,-0.0704899570216599,0.0243209025886959));
#9260=CARTESIAN_POINT('',(0.00610427093843895,-0.0700546079311866,0.0241749435571739));
#9261=CARTESIAN_POINT('',(0.00702764329957216,-0.0699438212636273,0.0250646182779672));
#9262=CARTESIAN_POINT('',(0.00679453314448418,-0.0698458609067669,0.0251180506544998));
#9263=CARTESIAN_POINT('',(0.00669657278762465,-0.0696127507516799,0.0250646182779672));
#9264=CARTESIAN_POINT('',(0.00760939528416001,-0.0691639928660599,0.02539));
#9265=CARTESIAN_POINT('',(0.00754289818334236,-0.0690974958679244,0.0253899999999451));
#9266=CARTESIAN_POINT('',(0.00747640118520202,-0.0690309987670981,0.02539));
#9267=CARTESIAN_POINT('',(0.008,-0.0686403940512538,0.02539));
#9268=CARTESIAN_POINT('',(0.008,-0.0686403940512538,0.02539));
#9269=CARTESIAN_POINT('',(0.008,-0.0686403940512538,0.02539));
#9270=CARTESIAN_POINT('',(0.008,-0.0686403940512538,0.02339));
#9271=CARTESIAN_POINT('',(0.00812712381529808,-0.0686403940512538,0.02339));
#9272=CARTESIAN_POINT('',(0.00968312381529807,-0.0686403940512538,0.02339));
#9273=CARTESIAN_POINT('',(0.0116831238152981,-0.0701323940512538,0.02339));
#9274=CARTESIAN_POINT('',(0.0116831238152981,-0.0706403940512538,0.02339));
#9275=CARTESIAN_POINT('',(0.0111751238152981,-0.0706403940512538,0.02339));
#9276=CARTESIAN_POINT('',(0.0116831238152981,-0.0701323940512362,0.0236517994270023));
#9277=CARTESIAN_POINT('',(0.0116831238152368,-0.0706403940511954,0.0237182964534495));
#9278=CARTESIAN_POINT('',(0.0111751238152833,-0.0706403940512538,0.0236517994270023));
#9279=CARTESIAN_POINT('',(0.0115788528768591,-0.0700546079311866,0.0241749435571739));
#9280=CARTESIAN_POINT('',(0.0115326867857046,-0.0704899570216598,0.0243209025886956));
#9281=CARTESIAN_POINT('',(0.0110973376952293,-0.0705361231128153,0.0241749435571739));
#9282=CARTESIAN_POINT('',(0.0109865510276734,-0.0696127507516799,0.0250646182779672));
#9283=CARTESIAN_POINT('',(0.0108885906708136,-0.0698458609067669,0.0251180506545001));
#9284=CARTESIAN_POINT('',(0.0106554805157259,-0.0699438212636273,0.0250646182779672));
#9285=CARTESIAN_POINT('',(0.0102067226300961,-0.0690309987670981,0.02539));
#9286=CARTESIAN_POINT('',(0.0101402256319564,-0.0690974958679244,0.0253899999999451));
#9287=CARTESIAN_POINT('',(0.0100737285311381,-0.0691639928660599,0.02539));
#9288=CARTESIAN_POINT('',(0.00968312381529807,-0.0686403940512538,0.02539));
#9289=CARTESIAN_POINT('',(0.00968312381529807,-0.0686403940512538,0.02539));
#9290=CARTESIAN_POINT('',(0.00968312381529807,-0.0686403940512538,0.02539));
#9291=CARTESIAN_POINT('',(0.00968312381529807,-0.0686403940512538,0.02339));
#9292=CARTESIAN_POINT('',(0.00968312381529807,-0.0674893940512538,0.02339));
#9293=CARTESIAN_POINT('',(-0.006508,-0.0673383940512538,0.0210615728752538));
#9294=CARTESIAN_POINT('',(-0.006508,-0.0673383940512538,0.02189));
#9295=CARTESIAN_POINT('',(-0.006508,-0.0667526076136269,0.0224757864376269));
#9296=CARTESIAN_POINT('',(-0.0064415029519752,-0.0673383940512538,0.0210615728752567));
#9297=CARTESIAN_POINT('',(-0.00648642064538143,-0.0673383940512356,0.0218899999999945));
#9298=CARTESIAN_POINT('',(-0.0064415029519752,-0.0667526076136298,0.0224757864376241));
#9299=CARTESIAN_POINT('',(-0.0063085398675965,-0.0673648449801797,0.0211156643800046));
#9300=CARTESIAN_POINT('',(-0.00644166731969834,-0.0673242011517028,0.0218841211085155));
#9301=CARTESIAN_POINT('',(-0.0063085398675965,-0.0668095597146527,0.0224562415990255));
#9302=CARTESIAN_POINT('',(-0.00613943693360066,-0.0674778309849189,0.0213467180049823));
#9303=CARTESIAN_POINT('',(-0.00626806811109232,-0.0673479146257585,0.0218939435510822));
#9304=CARTESIAN_POINT('',(-0.00613943693360066,-0.067052832469822,0.0223727551841165));
#9305=CARTESIAN_POINT('',(-0.00602645092894427,-0.0676469339186109,0.0216925293814748));
#9306=CARTESIAN_POINT('',(-0.00606098225281427,-0.0675305076382002,0.0219695760532274));
#9307=CARTESIAN_POINT('',(-0.00602645092894427,-0.0674169318702868,0.0222478034459172));
#9308=CARTESIAN_POINT('',(-0.006,-0.0677798970037447,0.0219644356487994));
#9309=CARTESIAN_POINT('',(-0.00600000000000177,-0.0677415573672362,0.0220569957133352));
#9310=CARTESIAN_POINT('',(-0.006,-0.0677032177348962,0.0221495557795959));
#9311=CARTESIAN_POINT('',(-0.006,-0.0678463940512538,0.0221004204896856));
#9312=CARTESIAN_POINT('',(-0.006,-0.0678463940512538,0.0221004204896856));
#9313=CARTESIAN_POINT('',(-0.006,-0.0678463940512538,0.0221004204896856));
#9314=CARTESIAN_POINT('',(-0.006508,-0.0653383940512538,0.0210615728752538));
#9315=CARTESIAN_POINT('',(-0.007375,-0.0653383940512538,0.0210615728752538));
#9316=CARTESIAN_POINT('',(-0.0111751238152981,-0.0653383940512538,0.0210615728752538));
#9317=CARTESIAN_POINT('',(-0.0116831238152981,-0.0678463940512538,0.0221004204896856));
#9318=CARTESIAN_POINT('',(-0.0116831238152981,-0.0678463940512538,0.0221004204896855));
#9319=CARTESIAN_POINT('',(-0.0116831238152981,-0.0678463940512538,0.0221004204896855));
#9320=CARTESIAN_POINT('',(-0.0116831238152981,-0.0677798970037448,0.021964435648797));
#9321=CARTESIAN_POINT('',(-0.0116831238152961,-0.0677415573672387,0.0220569957133359));
#9322=CARTESIAN_POINT('',(-0.0116831238152981,-0.0677032177348987,0.0221495557795977));
#9323=CARTESIAN_POINT('',(-0.0116566728863538,-0.0676469339186109,0.0216925293814759));
#9324=CARTESIAN_POINT('',(-0.0116221415624838,-0.0675305076381989,0.0219695760532269));
#9325=CARTESIAN_POINT('',(-0.0116566728863538,-0.0674169318702857,0.0222478034459163));
#9326=CARTESIAN_POINT('',(-0.0115436868816975,-0.0674778309849189,0.021346718004982));
#9327=CARTESIAN_POINT('',(-0.0114150557042059,-0.0673479146257589,0.0218939435510831));
#9328=CARTESIAN_POINT('',(-0.0115436868816975,-0.0670528324698222,0.0223727551841169));
#9329=CARTESIAN_POINT('',(-0.0113745839477013,-0.0673648449801797,0.0211156643800047));
#9330=CARTESIAN_POINT('',(-0.0112414564955991,-0.0673242011517022,0.0218841211085124));
#9331=CARTESIAN_POINT('',(-0.0113745839477013,-0.0668095597146533,0.0224562415990247));
#9332=CARTESIAN_POINT('',(-0.0112416208633234,-0.0673383940512538,0.0210615728752567));
#9333=CARTESIAN_POINT('',(-0.0111967031699179,-0.0673383940512366,0.0218900000000013));
#9334=CARTESIAN_POINT('',(-0.0112416208633234,-0.0667526076136283,0.0224757864376255));
#9335=CARTESIAN_POINT('',(-0.0111751238152981,-0.0673383940512538,0.0210615728752538));
#9336=CARTESIAN_POINT('',(-0.0111751238152981,-0.0673383940512538,0.02189));
#9337=CARTESIAN_POINT('',(-0.0111751238152981,-0.0667526076136269,0.0224757864376269));
#9338=CARTESIAN_POINT('',(0.0116831238152981,-0.0678463940512538,0.0221004204896855));
#9339=CARTESIAN_POINT('',(0.0116831238152981,-0.0678463940512538,0.0221004204896855));
#9340=CARTESIAN_POINT('',(0.0116831238152981,-0.0678463940512538,0.0221004204896856));
#9341=CARTESIAN_POINT('',(0.0116831238152981,-0.0677032177348986,0.0221495557795959));
#9342=CARTESIAN_POINT('',(0.0116831238152973,-0.0677415573672387,0.0220569957133334));
#9343=CARTESIAN_POINT('',(0.0116831238152981,-0.0677798970037447,0.0219644356487969));
#9344=CARTESIAN_POINT('',(0.0116566728863538,-0.0674169318702858,0.0222478034459171));
#9345=CARTESIAN_POINT('',(0.0116221415624833,-0.067530507638199,0.0219695760532281));
#9346=CARTESIAN_POINT('',(0.0116566728863538,-0.0676469339186109,0.021692529381476));
#9347=CARTESIAN_POINT('',(0.0115436868816975,-0.0670528324698222,0.0223727551841166));
#9348=CARTESIAN_POINT('',(0.0114150557042059,-0.0673479146257589,0.0218939435510827));
#9349=CARTESIAN_POINT('',(0.0115436868816973,-0.0674778309849189,0.0213467180049819));
#9350=CARTESIAN_POINT('',(0.0113745839477013,-0.0668095597146532,0.0224562415990249));
#9351=CARTESIAN_POINT('',(0.0112414564955996,-0.0673242011517023,0.0218841211085129));
#9352=CARTESIAN_POINT('',(0.0113745839477018,-0.0673648449801797,0.0211156643800047));
#9353=CARTESIAN_POINT('',(0.0112416208633234,-0.0667526076136286,0.0224757864376252));
#9354=CARTESIAN_POINT('',(0.0111967031699169,-0.0673383940512364,0.0218900000000004));
#9355=CARTESIAN_POINT('',(0.0112416208633223,-0.0673383940512538,0.0210615728752567));
#9356=CARTESIAN_POINT('',(0.0111751238152981,-0.0667526076136269,0.0224757864376269));
#9357=CARTESIAN_POINT('',(0.0111751238152981,-0.0673383940512538,0.02189));
#9358=CARTESIAN_POINT('',(0.0111751238152981,-0.0673383940512538,0.0210615728752538));
#9359=CARTESIAN_POINT('',(0.0111751238152981,-0.0653383940512538,0.0210615728752538));
#9360=CARTESIAN_POINT('',(0.007375,-0.0653383940512538,0.0210615728752538));
#9361=CARTESIAN_POINT('',(0.006508,-0.0653383940512538,0.0210615728752538));
#9362=CARTESIAN_POINT('',(0.006508,-0.0667526076136269,0.0224757864376269));
#9363=CARTESIAN_POINT('',(0.006508,-0.0673383940512538,0.02189));
#9364=CARTESIAN_POINT('',(0.006508,-0.0673383940512538,0.0210615728752538));
#9365=CARTESIAN_POINT('',(0.0064415029519752,-0.0667526076136298,0.0224757864376241));
#9366=CARTESIAN_POINT('',(0.00648642064538159,-0.0673383940512356,0.0218899999999945));
#9367=CARTESIAN_POINT('',(0.0064415029519752,-0.0673383940512538,0.0210615728752567));
#9368=CARTESIAN_POINT('',(0.0063085398675965,-0.0668095597146528,0.0224562415990255));
#9369=CARTESIAN_POINT('',(0.00644166731969827,-0.0673242011517028,0.0218841211085156));
#9370=CARTESIAN_POINT('',(0.0063085398675965,-0.0673648449801797,0.0211156643800047));
#9371=CARTESIAN_POINT('',(0.00613943693360065,-0.067052832469822,0.0223727551841165));
#9372=CARTESIAN_POINT('',(0.00626806811109234,-0.0673479146257585,0.0218939435510819));
#9373=CARTESIAN_POINT('',(0.00613943693360065,-0.0674778309849189,0.021346718004982));
#9374=CARTESIAN_POINT('',(0.00602645092894427,-0.0674169318702869,0.0222478034459172));
#9375=CARTESIAN_POINT('',(0.00606098225281427,-0.0675305076382002,0.0219695760532283));
#9376=CARTESIAN_POINT('',(0.00602645092894427,-0.0676469339186109,0.0216925293814757));
#9377=CARTESIAN_POINT('',(0.006,-0.0677032177348962,0.0221495557795959));
#9378=CARTESIAN_POINT('',(0.00600000000000177,-0.0677415573672362,0.0220569957133334));
#9379=CARTESIAN_POINT('',(0.006,-0.0677798970037447,0.0219644356487975));
#9380=CARTESIAN_POINT('',(0.006,-0.0678463940512538,0.0221004204896856));
#9381=CARTESIAN_POINT('',(0.006,-0.0678463940512538,0.0221004204896856));
#9382=CARTESIAN_POINT('',(0.006,-0.0678463940512538,0.0221004204896856));
#9383=CARTESIAN_POINT('',(0.011,0.00141999999999998,0.00127));
#9384=CARTESIAN_POINT('',(0.011,0.00141999999999998,0.00204));
#9385=CARTESIAN_POINT('',(0.0149393573778373,0.000726124326929463,0.00204));
#9386=CARTESIAN_POINT('',(0.011,0.00141999999999998,0.00691721695770147));
#9387=CARTESIAN_POINT('',(0.011,0.00141999999999998,0.0005));
#9388=CARTESIAN_POINT('',(-0.011,0.00141999999999998,0.00127));
#9389=CARTESIAN_POINT('',(-0.011,0.00141999999999998,0.00691721695770147));
#9390=CARTESIAN_POINT('',(-0.0149393573778373,0.000726124326929464,0.00204));
#9391=CARTESIAN_POINT('',(-0.011,0.00141999999999998,0.00204));
#9392=CARTESIAN_POINT('',(-0.011,0.00141999999999998,0.0005));
#9393=CARTESIAN_POINT('',(-0.0125,-0.0541525305106044,0.00654));
#9394=CARTESIAN_POINT('',(-0.0125,-0.0541525305106044,0.0210615728752538));
#9395=CARTESIAN_POINT('',(-0.0125,-0.0162525305106044,0.0210615728752538));
#9396=CARTESIAN_POINT('',(-0.0125,-0.0300525305106044,0.0210615728752538));
#9397=CARTESIAN_POINT('',(-0.0125,-0.0300525305106044,0.00654));
#9398=CARTESIAN_POINT('',(-0.0125,-0.0300525305106044,0.01254));
#9399=CARTESIAN_POINT('',(-0.0125,-0.0366525305106044,0.01254));
#9400=CARTESIAN_POINT('',(-0.0125,-0.0366525305106044,0.00594));
#9401=CARTESIAN_POINT('',(-0.0125,-0.105152530510604,0.00594));
#9402=CARTESIAN_POINT('',(-0.0125,-0.105752530510604,0.00594));
#9403=CARTESIAN_POINT('',(-0.0125,-0.105152530510604,0.00654));
#9404=CARTESIAN_POINT('',(-0.0125,-0.108552530510604,0.00314));
#9405=CARTESIAN_POINT('',(-0.0125,-0.0541525305106044,0.00314));
#9406=CARTESIAN_POINT('',(-0.0125,-0.000601058648028244,0.00314));
#9407=CARTESIAN_POINT('',(-0.0125,-0.00181943526643559,0.00435837661840735));
#9408=CARTESIAN_POINT('',(-0.0125,-0.00181943526643559,0.00435837661840735));
#9409=CARTESIAN_POINT('',(-0.0125,-0.00563781188484295,0.00054));
#9410=CARTESIAN_POINT('',(-0.0125,-0.00563781188484295,0.00594));
#9411=CARTESIAN_POINT('',(-0.0125,-0.00965253051060438,0.00594));
#9412=CARTESIAN_POINT('',(-0.0125,-0.00965253051060438,0.00594));
#9413=CARTESIAN_POINT('',(-0.0125,-0.00965253051060438,0.01254));
#9414=CARTESIAN_POINT('',(-0.0125,-0.0162525305106044,0.01254));
#9415=CARTESIAN_POINT('',(-0.0125,-0.0162525305106044,0.0210615728752538));
#9416=CARTESIAN_POINT('',(-3.46944695195361E-18,-0.0613685771021843,0.00654));
#9417=CARTESIAN_POINT('',(-0.0125,-0.105152530510604,0.00654));
#9418=CARTESIAN_POINT('',(-0.0138,-0.105152530510604,0.00654));
#9419=CARTESIAN_POINT('',(-0.0131,-0.105152530510604,0.00654));
#9420=CARTESIAN_POINT('',(-0.0131,-0.0366525305106044,0.00654));
#9421=CARTESIAN_POINT('',(-0.0131,-0.0366525305106044,0.00654));
#9422=CARTESIAN_POINT('',(-3.46944695195361E-18,-0.0366525305106044,0.00654));
#9423=CARTESIAN_POINT('',(-0.0138,-0.0366525305106044,0.00654));
#9424=CARTESIAN_POINT('',(-0.0138,-0.105152530510604,0.00654));
#9425=CARTESIAN_POINT('',(0.0125,-0.0541525305106044,0.00654));
#9426=CARTESIAN_POINT('',(0.0125,-0.0366525305106044,0.01254));
#9427=CARTESIAN_POINT('',(0.0125,-0.0366525305106044,0.00594));
#9428=CARTESIAN_POINT('',(0.0125,-0.0300525305106044,0.01254));
#9429=CARTESIAN_POINT('',(0.0125,-0.0300525305106044,0.00654));
#9430=CARTESIAN_POINT('',(0.0125,-0.0300525305106044,0.0210615728752538));
#9431=CARTESIAN_POINT('',(0.0125,-0.0156525305106044,0.0210615728752538));
#9432=CARTESIAN_POINT('',(0.0125,-0.0162525305106044,0.0210615728752538));
#9433=CARTESIAN_POINT('',(0.0125,-0.0162525305106044,0.01254));
#9434=CARTESIAN_POINT('',(0.0125,-0.0162525305106044,0.01254));
#9435=CARTESIAN_POINT('',(0.0125,-0.00965253051060438,0.01254));
#9436=CARTESIAN_POINT('',(0.0125,-0.00965253051060438,0.00594));
#9437=CARTESIAN_POINT('',(0.0125,-0.0541525305106044,0.00594));
#9438=CARTESIAN_POINT('',(0.0125,-0.00563781188484296,0.00594));
#9439=CARTESIAN_POINT('',(0.0125,-0.00563781188484296,0.00054));
#9440=CARTESIAN_POINT('',(0.0125,-0.0018194352664356,0.00435837661840736));
#9441=CARTESIAN_POINT('',(0.0125,-0.0290767945793163,0.0316157359312881));
#9442=CARTESIAN_POINT('',(0.0125,-0.000601058648028244,0.00314));
#9443=CARTESIAN_POINT('',(0.0125,-0.109152530510604,0.00314));
#9444=CARTESIAN_POINT('',(0.0125,-0.108552530510604,0.00314));
#9445=CARTESIAN_POINT('',(0.0125,-0.0796525305106044,0.03204));
#9446=CARTESIAN_POINT('',(0.0125,-0.105752530510604,0.00594));
#9447=CARTESIAN_POINT('',(0.0125,-0.0541525305106044,0.00594));
#9448=CARTESIAN_POINT('',(-3.46944695195361E-18,-0.0613685771021843,0.00654));
#9449=CARTESIAN_POINT('',(-8.30332028978727E-18,-0.00563781188484296,0.00654));
#9450=CARTESIAN_POINT('',(0.0138,-0.00563781188484296,0.00654));
#9451=CARTESIAN_POINT('',(0.0131,-0.00563781188484296,0.00654));
#9452=CARTESIAN_POINT('',(0.0131,-0.0613685771021843,0.00654));
#9453=CARTESIAN_POINT('',(0.0131,-0.00965253051060438,0.00654));
#9454=CARTESIAN_POINT('',(-3.46944695195361E-18,-0.00965253051060438,0.00654));
#9455=CARTESIAN_POINT('',(0.0138,-0.00965253051060438,0.00654));
#9456=CARTESIAN_POINT('',(0.0138,-0.0613685771021843,0.00654));
#9457=CARTESIAN_POINT('',(0.011,0.00141999999999998,0.00254));
#9458=CARTESIAN_POINT('',(0.0144614532029735,0.000901982892536581,0.00254));
#9459=CARTESIAN_POINT('',(0.0146208686778254,0.000842934578235811,0.00237360078771302));
#9460=CARTESIAN_POINT('',(0.0147801535132775,0.000784377284268217,0.00220689530710387));
#9461=CARTESIAN_POINT('',(0.0149393573778373,0.000726124326929463,0.00204));
#9462=CARTESIAN_POINT('',(0.011,0.00492,0.00254));
#9463=CARTESIAN_POINT('',(0.,0.00542,0.00204));
#9464=CARTESIAN_POINT('',(-0.011,0.00492,0.00254));
#9465=CARTESIAN_POINT('',(-0.011,0.00141999999999998,0.00254));
#9466=CARTESIAN_POINT('',(-0.0149393573778373,0.000726124326929464,0.00204));
#9467=CARTESIAN_POINT('',(-0.0147801541460638,0.000784377052730678,0.0022068946437465));
#9468=CARTESIAN_POINT('',(-0.0146208694190236,0.00084293430369219,0.00237360001404415));
#9469=CARTESIAN_POINT('',(-0.0144614532029735,0.000901982892536581,0.00254));
#9470=CARTESIAN_POINT('',(-0.015,0.00542,0.0005));
#9471=CARTESIAN_POINT('',(-0.0145,0.00141999999999998,0.));
#9472=CARTESIAN_POINT('',(-0.011,0.00141999999999998,0.));
#9473=CARTESIAN_POINT('',(-0.011,0.00492,0.));
#9474=CARTESIAN_POINT('',(1.21430643318376E-17,0.00492,0.));
#9475=CARTESIAN_POINT('',(0.011,0.00492,0.));
#9476=CARTESIAN_POINT('',(0.011,0.00141999999999998,0.));
#9477=CARTESIAN_POINT('',(0.0145,0.00141999999999998,0.));
#9478=CARTESIAN_POINT('',(0.0145,0.,0.));
#9479=CARTESIAN_POINT('',(-3.46944695195361E-18,-0.105152530510604,0.00654));
#9480=CARTESIAN_POINT('',(-0.0131,-0.105752530510604,0.00594));
#9481=CARTESIAN_POINT('',(-0.0138,-0.106352530510604,0.00534));
#9482=CARTESIAN_POINT('',(-0.0162,-0.107952530510604,0.00374));
#9483=CARTESIAN_POINT('',(-0.0119,-0.108552530510604,0.00314));
#9484=CARTESIAN_POINT('',(-0.01375,0.000847469489395612,0.00254));
#9485=CARTESIAN_POINT('',(-0.0131,0.000247469489395616,0.00314));
#9486=CARTESIAN_POINT('',(-0.0131,-0.00139517119772367,0.00478264068711928));
#9487=CARTESIAN_POINT('',(-0.0131,-0.000176794579316315,0.00356426406871193));
#9488=CARTESIAN_POINT('',(-0.0119,-0.000176794579316315,0.00356426406871193));
#9489=CARTESIAN_POINT('',(-0.0138,-0.00439517119772367,0.00778264068711929));
#9490=CARTESIAN_POINT('',(-0.0138,-0.00139517119772367,0.00478264068711928));
#9491=CARTESIAN_POINT('',(-0.01375,-0.00139517119772367,0.00478264068711928));
#9492=CARTESIAN_POINT('',(-8.51888408700224E-18,-0.00315253051060439,0.00654));
#9493=CARTESIAN_POINT('',(0.0119,-0.000176794579316318,0.00356426406871193));
#9494=CARTESIAN_POINT('',(0.0131,-0.000176794579316317,0.00356426406871193));
#9495=CARTESIAN_POINT('',(0.0131,-0.00315253051060439,0.00654));
#9496=CARTESIAN_POINT('',(0.0131,-0.00139517119772368,0.00478264068711929));
#9497=CARTESIAN_POINT('',(-8.67131070979127E-18,-0.00139517119772368,0.00478264068711929));
#9498=CARTESIAN_POINT('',(0.0138,-0.00139517119772368,0.00478264068711929));
#9499=CARTESIAN_POINT('',(0.0138,-0.00315253051060439,0.00654));
#9500=CARTESIAN_POINT('',(0.01375,-0.109152530510604,0.00254));
#9501=CARTESIAN_POINT('',(0.0131,-0.105752530510604,0.00594));
#9502=CARTESIAN_POINT('',(0.0119,-0.108552530510604,0.00314));
#9503=CARTESIAN_POINT('',(0.0162,-0.107952530510604,0.00374));
#9504=CARTESIAN_POINT('',(0.0138,-0.106352530510604,0.00534));
#9505=CARTESIAN_POINT('',(-0.0162,0.,0.00374));
#9506=CARTESIAN_POINT('',(0.0162,0.00542,0.00374));
#9507=CARTESIAN_POINT('',(-0.005,-0.00168839405125378,0.00354));
#9508=CARTESIAN_POINT('',(-0.005,-0.00168839405125378,0.00354));
#9509=CARTESIAN_POINT('',(-0.005,-0.000688394051253774,0.00354));
#9510=CARTESIAN_POINT('',(-0.005,-0.00268839405125377,0.00354));
#9511=CARTESIAN_POINT('',(-0.005,-0.00168839405125378,0.00354));
#9512=CARTESIAN_POINT('',(-1.12666191113064E-17,-0.00168839405125378,0.00354));
#9513=CARTESIAN_POINT('',(0.005,-0.000688394051253772,0.00354));
#9514=CARTESIAN_POINT('',(0.005,-0.000688394051253774,0.00354));
#9515=CARTESIAN_POINT('',(0.,-0.00268839405125377,0.00354));
#9516=CARTESIAN_POINT('',(0.005,-0.00268839405125377,0.00354));
#9517=CARTESIAN_POINT('',(0.005,-0.00168839405125378,0.00354));
#9518=CARTESIAN_POINT('',(-0.005,-0.00168839405125378,0.00354));
#9519=CARTESIAN_POINT('',(-0.005,-0.00368839405125377,0.00354));
#9520=CARTESIAN_POINT('',(-0.005,0.000311605948746227,0.00354));
#9521=CARTESIAN_POINT('',(0.005,-0.00168839405125378,0.00354));
#9522=CARTESIAN_POINT('',(0.005,-0.00168839405125378,0.00354));
#9523=CARTESIAN_POINT('',(-1.30104260698261E-19,0.000311605948746227,0.00354));
#9524=CARTESIAN_POINT('',(0.005,0.000311605948746228,0.00354));
#9525=CARTESIAN_POINT('',(1.24629815193058E-17,-0.00368839405125377,0.00354));
#9526=CARTESIAN_POINT('',(0.005,-0.00368839405125377,0.00354));
#9527=CARTESIAN_POINT('',(0.005,-0.00168839405125378,0.00354));
#9528=CARTESIAN_POINT('',(-0.015,0.00341518135410452,-0.000734818645895458));
#9529=CARTESIAN_POINT('',(0.015,0.00341518135410452,-0.00073481864589546));
#9530=CARTESIAN_POINT('',(-0.01375,-0.0306525305106044,0.025392));
#9531=CARTESIAN_POINT('',(-0.0105,-0.0306525305106044,0.0210615728752538));
#9532=CARTESIAN_POINT('',(-0.0131,-0.0306525305106044,0.0210615728752538));
#9533=CARTESIAN_POINT('',(-0.012338477631085,-0.0306525305106044,0.0229000505063389));
#9534=CARTESIAN_POINT('',(-0.0114242640687119,-0.0306525305106044,0.023814264068712));
#9535=CARTESIAN_POINT('',(-0.0118485281374239,-0.0306525305106044,0.02339));
#9536=CARTESIAN_POINT('',(-0.015,-0.0306525305106044,0.02339));
#9537=CARTESIAN_POINT('',(-0.0138,-0.0306525305106044,0.02339));
#9538=CARTESIAN_POINT('',(-0.0138,-0.0306525305106044,0.025392));
#9539=CARTESIAN_POINT('',(-0.0138,-0.0306525305106044,0.01254));
#9540=CARTESIAN_POINT('',(-0.01375,-0.0306525305106044,0.01254));
#9541=CARTESIAN_POINT('',(-0.0131,-0.0306525305106044,0.01254));
#9542=CARTESIAN_POINT('',(-0.0131,-0.0306525305106044,0.025392));
#9543=CARTESIAN_POINT('',(-0.01375,-0.0156525305106044,0.025392));
#9544=CARTESIAN_POINT('',(-0.01375,-0.0156525305106044,0.02339));
#9545=CARTESIAN_POINT('',(-0.0138,-0.0156525305106044,0.02339));
#9546=CARTESIAN_POINT('',(-0.0118485281374239,-0.0156525305106044,0.02339));
#9547=CARTESIAN_POINT('',(-0.0117982640687119,-0.0156525305106044,0.0234402640687119));
#9548=CARTESIAN_POINT('',(-0.012338477631085,-0.0156525305106044,0.0229000505063389));
#9549=CARTESIAN_POINT('',(-0.0105,-0.0156525305106044,0.0210615728752538));
#9550=CARTESIAN_POINT('',(-0.0131,-0.0156525305106044,0.0210615728752538));
#9551=CARTESIAN_POINT('',(-0.0131,-0.0156525305106044,0.01254));
#9552=CARTESIAN_POINT('',(-0.0131,-0.0156525305106044,0.01254));
#9553=CARTESIAN_POINT('',(-0.015,-0.0156525305106044,0.01254));
#9554=CARTESIAN_POINT('',(-0.0138,-0.0156525305106044,0.01254));
#9555=CARTESIAN_POINT('',(-0.0138,-0.0156525305106044,0.02339));
#9556=CARTESIAN_POINT('',(0.,-0.0674893940512538,0.02539));
#9557=CARTESIAN_POINT('',(-0.0097,-0.0286525305106044,0.02539));
#9558=CARTESIAN_POINT('',(-0.0138,-0.0286525305106044,0.02539));
#9559=CARTESIAN_POINT('',(-0.0104485281374239,-0.0286525305106044,0.02539));
#9560=CARTESIAN_POINT('',(-0.0104485281374238,-0.0674893940512538,0.02539));
#9561=CARTESIAN_POINT('',(-0.0104485281374239,-0.0176525305106044,0.02539));
#9562=CARTESIAN_POINT('',(0.,-0.0176525305106044,0.02539));
#9563=CARTESIAN_POINT('',(-0.0138,-0.0176525305106044,0.02539));
#9564=CARTESIAN_POINT('',(-0.0138,-0.0286525305106044,0.02539));
#9565=CARTESIAN_POINT('',(0.01375,-0.0156525305106044,0.025392));
#9566=CARTESIAN_POINT('',(0.0105,-0.0156525305106044,0.0210615728752538));
#9567=CARTESIAN_POINT('',(0.0131,-0.0156525305106044,0.0210615728752538));
#9568=CARTESIAN_POINT('',(0.012338477631085,-0.0156525305106044,0.0229000505063389));
#9569=CARTESIAN_POINT('',(0.0114242640687119,-0.0156525305106044,0.023814264068712));
#9570=CARTESIAN_POINT('',(0.0118485281374239,-0.0156525305106044,0.02339));
#9571=CARTESIAN_POINT('',(0.015,-0.0156525305106044,0.02339));
#9572=CARTESIAN_POINT('',(0.0138,-0.0156525305106044,0.02339));
#9573=CARTESIAN_POINT('',(0.0138,-0.0156525305106044,0.01254));
#9574=CARTESIAN_POINT('',(0.0138,-0.0156525305106044,0.01254));
#9575=CARTESIAN_POINT('',(0.01375,-0.0156525305106044,0.01254));
#9576=CARTESIAN_POINT('',(0.0131,-0.0156525305106044,0.01254));
#9577=CARTESIAN_POINT('',(0.0131,-0.0156525305106044,0.0210615728752538));
#9578=CARTESIAN_POINT('',(0.01375,-0.0306525305106044,0.025392));
#9579=CARTESIAN_POINT('',(0.01375,-0.0306525305106044,0.02339));
#9580=CARTESIAN_POINT('',(0.0138,-0.0306525305106044,0.02339));
#9581=CARTESIAN_POINT('',(0.0118485281374239,-0.0306525305106044,0.02339));
#9582=CARTESIAN_POINT('',(0.0117982640687119,-0.0306525305106044,0.0234402640687119));
#9583=CARTESIAN_POINT('',(0.012338477631085,-0.0306525305106044,0.0229000505063389));
#9584=CARTESIAN_POINT('',(0.0105,-0.0306525305106044,0.0210615728752538));
#9585=CARTESIAN_POINT('',(0.0131,-0.0306525305106044,0.0210615728752538));
#9586=CARTESIAN_POINT('',(0.0131,-0.0306525305106044,0.025392));
#9587=CARTESIAN_POINT('',(0.0131,-0.0306525305106044,0.01254));
#9588=CARTESIAN_POINT('',(0.015,-0.0306525305106044,0.01254));
#9589=CARTESIAN_POINT('',(0.0138,-0.0306525305106044,0.01254));
#9590=CARTESIAN_POINT('',(0.0138,-0.0306525305106044,0.025392));
#9591=CARTESIAN_POINT('',(0.,-0.0674893940512538,0.02539));
#9592=CARTESIAN_POINT('',(0.0097,-0.0176525305106044,0.02539));
#9593=CARTESIAN_POINT('',(0.0138,-0.0176525305106044,0.02539));
#9594=CARTESIAN_POINT('',(0.0104485281374239,-0.0176525305106044,0.02539));
#9595=CARTESIAN_POINT('',(0.0104485281374238,-0.0674893940512538,0.02539));
#9596=CARTESIAN_POINT('',(0.0104485281374239,-0.0286525305106044,0.02539));
#9597=CARTESIAN_POINT('',(0.,-0.0286525305106044,0.02539));
#9598=CARTESIAN_POINT('',(0.0138,-0.0286525305106044,0.02539));
#9599=CARTESIAN_POINT('',(0.0138,-0.0674893940512538,0.02539));
#9600=CARTESIAN_POINT('',(0.01375,-0.00965253051060438,0.01254));
#9601=CARTESIAN_POINT('',(0.0131,-0.00965253051060438,0.01254));
#9602=CARTESIAN_POINT('',(0.0138,-0.00965253051060438,0.01254));
#9603=CARTESIAN_POINT('',(-3.46944695195361E-18,-0.00965253051060438,0.01254));
#9604=CARTESIAN_POINT('',(-0.0131,-0.00965253051060438,0.01254));
#9605=CARTESIAN_POINT('',(-0.0138,-0.00965253051060438,0.01254));
#9606=CARTESIAN_POINT('',(-8.30332028978727E-18,-0.00563781188484296,0.00054));
#9607=CARTESIAN_POINT('',(0.0131,-0.00563781188484296,0.00054));
#9608=CARTESIAN_POINT('',(0.0138,-0.00563781188484296,0.00054));
#9609=CARTESIAN_POINT('',(6.19829972371369E-18,-0.00563781188484296,0.00054));
#9610=CARTESIAN_POINT('',(-0.0131,-0.00563781188484295,0.00054));
#9611=CARTESIAN_POINT('',(-0.0138,-0.00563781188484295,0.00054));
#9612=CARTESIAN_POINT('',(-3.46944695195361E-18,-0.0366525305106044,0.01254));
#9613=CARTESIAN_POINT('',(0.0131,-0.0366525305106044,0.01254));
#9614=CARTESIAN_POINT('',(0.0138,-0.0366525305106044,0.01254));
#9615=CARTESIAN_POINT('',(-0.01375,-0.0366525305106044,0.01254));
#9616=CARTESIAN_POINT('',(-0.0131,-0.0366525305106044,0.01254));
#9617=CARTESIAN_POINT('',(-0.0138,-0.0366525305106044,0.01254));
#9618=CARTESIAN_POINT('',(-0.0125,-0.0231525305106044,0.02189));
#9619=CARTESIAN_POINT('',(-0.0100242640687119,-0.0231525305106044,0.0243657359312881));
#9620=CARTESIAN_POINT('',(-0.0100242640687119,-0.0176525305106044,0.0243657359312881));
#9621=CARTESIAN_POINT('',(-0.0100242640687119,-0.0286525305106044,0.0243657359312881));
#9622=CARTESIAN_POINT('',(-0.0114242640687119,-0.0286525305106044,0.022965735931288));
#9623=CARTESIAN_POINT('',(-0.0114242640687119,-0.0300525305106044,0.022965735931288));
#9624=CARTESIAN_POINT('',(-0.0119142135623731,-0.0300525305106044,0.0224757864376269));
#9625=CARTESIAN_POINT('',(-0.0119142135623731,-0.0300525305106044,0.0224757864376269));
#9626=CARTESIAN_POINT('',(-0.0119142135623731,-0.0231525305106044,0.0224757864376269));
#9627=CARTESIAN_POINT('',(-0.0119142135623731,-0.0162525305106044,0.0224757864376269));
#9628=CARTESIAN_POINT('',(-0.0125,-0.0162525305106044,0.02189));
#9629=CARTESIAN_POINT('',(-0.0114242640687119,-0.0162525305106044,0.022965735931288));
#9630=CARTESIAN_POINT('',(-0.0114242640687119,-0.0176525305106044,0.022965735931288));
#9631=CARTESIAN_POINT('',(0.0097,-0.0541525305106044,0.02469));
#9632=CARTESIAN_POINT('',(0.0097,-0.0300525305106044,0.02469));
#9633=CARTESIAN_POINT('',(0.0119142135623731,-0.0300525305106044,0.0224757864376269));
#9634=CARTESIAN_POINT('',(0.0114242640687119,-0.0300525305106044,0.022965735931288));
#9635=CARTESIAN_POINT('',(0.0114242640687119,-0.0286525305106044,0.022965735931288));
#9636=CARTESIAN_POINT('',(0.0100242640687119,-0.0286525305106044,0.0243657359312881));
#9637=CARTESIAN_POINT('',(0.0100242640687119,-0.0541525305106044,0.0243657359312881));
#9638=CARTESIAN_POINT('',(0.0100242640687119,-0.0176525305106044,0.0243657359312881));
#9639=CARTESIAN_POINT('',(0.0114242640687119,-0.0176525305106044,0.022965735931288));
#9640=CARTESIAN_POINT('',(0.0114242640687119,-0.0162525305106044,0.022965735931288));
#9641=CARTESIAN_POINT('',(0.0119142135623731,-0.0162525305106044,0.0224757864376269));
#9642=CARTESIAN_POINT('',(0.0119142135623731,-0.0162525305106044,0.0224757864376269));
#9643=CARTESIAN_POINT('',(0.0119142135623731,-0.0306525305106044,0.0224757864376269));
#9644=CARTESIAN_POINT('',(-0.0119,-0.0541525305106044,0.00314));
#9645=CARTESIAN_POINT('',(-0.0119,-0.000601058648028244,0.00314));
#9646=CARTESIAN_POINT('',(0.0119,0.,0.00314));
#9647=CARTESIAN_POINT('',(0.0119,-0.000601058648028247,0.00314));
#9648=CARTESIAN_POINT('',(-0.0105,-0.0541525305106044,0.0210615728752538));
#9649=CARTESIAN_POINT('',(-0.0105,-0.0300525305106044,0.0210615728752538));
#9650=CARTESIAN_POINT('',(-0.0105,-0.0162525305106044,0.0210615728752538));
#9651=CARTESIAN_POINT('',(0.0105,-0.0541525305106044,0.0210615728752538));
#9652=CARTESIAN_POINT('',(0.0105,-0.0300525305106044,0.0210615728752538));
#9653=CARTESIAN_POINT('',(0.0105,-0.0162525305106044,0.0210615728752538));
#9654=CARTESIAN_POINT('',(-0.01375,-0.0176525305106044,0.02339));
#9655=CARTESIAN_POINT('',(-0.0118485281374239,-0.0176525305106044,0.02339));
#9656=CARTESIAN_POINT('',(-0.0138,-0.0176525305106044,0.02339));
#9657=CARTESIAN_POINT('',(0.,-0.0286525305106044,0.02339));
#9658=CARTESIAN_POINT('',(-0.0118485281374239,-0.0286525305106044,0.02339));
#9659=CARTESIAN_POINT('',(-0.0138,-0.0286525305106044,0.02339));
#9660=CARTESIAN_POINT('',(0.01375,-0.0286525305106044,0.02339));
#9661=CARTESIAN_POINT('',(0.0118485281374239,-0.0286525305106044,0.02339));
#9662=CARTESIAN_POINT('',(0.0138,-0.0286525305106044,0.02339));
#9663=CARTESIAN_POINT('',(0.,-0.0176525305106044,0.02339));
#9664=CARTESIAN_POINT('',(0.0118485281374239,-0.0176525305106044,0.02339));
#9665=CARTESIAN_POINT('',(0.0138,-0.0176525305106044,0.02339));
#9666=CARTESIAN_POINT('',(0.0138,-0.0613685771021843,0.00534));
#9667=CARTESIAN_POINT('',(0.0138,-0.0366525305106044,0.00534));
#9668=CARTESIAN_POINT('',(0.0138,-0.0366525305106044,0.01254));
#9669=CARTESIAN_POINT('',(0.0138,-0.0294525305106044,0.01254));
#9670=CARTESIAN_POINT('',(0.0138,-0.0294525305106044,0.00127));
#9671=CARTESIAN_POINT('',(0.0138,-0.0294525305106044,0.02339));
#9672=CARTESIAN_POINT('',(0.0138,-0.0286525305106044,0.02339));
#9673=CARTESIAN_POINT('',(0.0138,-0.0286525305106044,0.02419));
#9674=CARTESIAN_POINT('',(0.0138,-0.0674893940512538,0.02419));
#9675=CARTESIAN_POINT('',(0.0138,-0.0176525305106044,0.02419));
#9676=CARTESIAN_POINT('',(0.0138,-0.0176525305106044,0.02339));
#9677=CARTESIAN_POINT('',(0.0138,-0.0168525305106044,0.02339));
#9678=CARTESIAN_POINT('',(0.0138,-0.0168525305106044,0.025392));
#9679=CARTESIAN_POINT('',(0.0138,-0.0168525305106044,0.01254));
#9680=CARTESIAN_POINT('',(0.0138,-0.00965253051060438,0.01254));
#9681=CARTESIAN_POINT('',(0.0138,-0.00965253051060438,0.00534));
#9682=CARTESIAN_POINT('',(0.0138,-0.0613685771021843,0.00534));
#9683=CARTESIAN_POINT('',(0.0138,-0.00563781188484296,0.00534));
#9684=CARTESIAN_POINT('',(0.0138,-0.00563781188484296,0.00054));
#9685=CARTESIAN_POINT('',(0.0138,-0.00224369933514754,0.00393411254969543));
#9686=CARTESIAN_POINT('',(0.0138,-0.00400105864802825,0.00569147186257614));
#9687=CARTESIAN_POINT('',(-0.0138,0.00542,0.00534));
#9688=CARTESIAN_POINT('',(-0.0138,-0.0366525305106044,0.00534));
#9689=CARTESIAN_POINT('',(-0.0138,-0.0366525305106044,0.01254));
#9690=CARTESIAN_POINT('',(-0.0138,-0.0294525305106044,0.01254));
#9691=CARTESIAN_POINT('',(-0.0138,-0.0294525305106044,0.025392));
#9692=CARTESIAN_POINT('',(-0.0138,-0.0294525305106044,0.02339));
#9693=CARTESIAN_POINT('',(-0.0138,-0.0286525305106044,0.02339));
#9694=CARTESIAN_POINT('',(-0.0138,-0.0286525305106044,0.02419));
#9695=CARTESIAN_POINT('',(-0.0138,0.00542,0.02419));
#9696=CARTESIAN_POINT('',(-0.0138,-0.0176525305106044,0.02419));
#9697=CARTESIAN_POINT('',(-0.0138,-0.0176525305106044,0.02339));
#9698=CARTESIAN_POINT('',(-0.0138,-0.0168525305106044,0.02339));
#9699=CARTESIAN_POINT('',(-0.0138,-0.0168525305106044,0.00127));
#9700=CARTESIAN_POINT('',(-0.0138,-0.0168525305106044,0.01254));
#9701=CARTESIAN_POINT('',(-0.0138,-0.00965253051060438,0.01254));
#9702=CARTESIAN_POINT('',(-0.0138,-0.00965253051060438,0.00534));
#9703=CARTESIAN_POINT('',(-0.0138,0.00542,0.00534));
#9704=CARTESIAN_POINT('',(-0.0138,-0.00563781188484295,0.00534));
#9705=CARTESIAN_POINT('',(-0.0138,0.00292020660727393,-0.00122979339272604));
#9706=CARTESIAN_POINT('',(-0.0138,-0.00224369933514753,0.00393411254969542));
#9707=CARTESIAN_POINT('',(-0.0138,-0.00563781188484295,0.00054));
#9708=CARTESIAN_POINT('',(-0.0125,-0.000601058648028244,0.00314));
#9709=CARTESIAN_POINT('',(-0.0125,-0.000176794579316315,0.00356426406871193));
#9710=CARTESIAN_POINT('',(-0.0131,-0.000176794579316315,0.00356426406871193));
#9711=CARTESIAN_POINT('',(-0.0125,-0.000285014390497955,0.00298197787123472));
#9712=CARTESIAN_POINT('',(-0.0126022202775129,4.00473122653727E-5,0.0033474221771322));
#9713=CARTESIAN_POINT('',(-0.0130999999999849,0.00013924967821401,0.0032482198111816));
#9714=CARTESIAN_POINT('',(-0.012368339963244,0.000344491161003241,0.00266722509549574));
#9715=CARTESIAN_POINT('',(-0.0125846781935419,0.000584344707363804,0.00280312478203076));
#9716=CARTESIAN_POINT('',(-0.0128366799264952,0.000768755229715134,0.00261871425968048));
#9717=CARTESIAN_POINT('',(-0.0120523603457709,0.000601866659657601,0.00253853734613424));
#9718=CARTESIAN_POINT('',(-0.0121153502591905,0.000850142437740678,0.00253732705165531));
#9719=CARTESIAN_POINT('',(-0.0122047206915426,0.00102613072836956,0.00236133876102605));
#9720=CARTESIAN_POINT('',(-0.0118943452169401,0.000598888056502495,0.00254002664773463));
#9721=CARTESIAN_POINT('',(-0.0118920029900436,0.000847420766038912,0.0025400487233567));
#9722=CARTESIAN_POINT('',(-0.0118886904338802,0.00102315212521442,0.00236431736418119));
#9723=CARTESIAN_POINT('',(-0.0131,-0.000601058648028244,0.00314));
#9724=CARTESIAN_POINT('',(-0.0131,-0.0290767945793163,0.0316157359312881));
#9725=CARTESIAN_POINT('',(-0.0131,-0.00181943526643559,0.00435837661840735));
#9726=CARTESIAN_POINT('',(-0.0131,-0.00563781188484295,0.00054));
#9727=CARTESIAN_POINT('',(-0.0131,-0.00563781188484295,0.00594));
#9728=CARTESIAN_POINT('',(-0.0131,-0.0613685771021843,0.00594));
#9729=CARTESIAN_POINT('',(-0.0131,-0.00965253051060438,0.00594));
#9730=CARTESIAN_POINT('',(-0.0131,-0.00965253051060438,0.01254));
#9731=CARTESIAN_POINT('',(-0.0131,-0.0162525305106044,0.01254));
#9732=CARTESIAN_POINT('',(-0.0131,-0.0162525305106044,0.025392));
#9733=CARTESIAN_POINT('',(-0.0131,-0.0162525305106044,0.0210615728752538));
#9734=CARTESIAN_POINT('',(-0.0105,-0.0162525305106044,0.0210615728752538));
#9735=CARTESIAN_POINT('',(-0.012338477631085,-0.0162525305106044,0.0229000505063389));
#9736=CARTESIAN_POINT('',(-0.0117982640687119,-0.0162525305106044,0.0234402640687119));
#9737=CARTESIAN_POINT('',(-0.0118485281374239,-0.0162525305106044,0.02339));
#9738=CARTESIAN_POINT('',(-0.0104485281374239,-0.0231525305106044,0.02479));
#9739=CARTESIAN_POINT('',(-0.0104485281374239,-0.0286525305106044,0.02479));
#9740=CARTESIAN_POINT('',(-0.0104485281374239,-0.0176525305106044,0.02479));
#9741=CARTESIAN_POINT('',(-0.0100242640687119,-0.0176525305106044,0.0243657359312881));
#9742=CARTESIAN_POINT('',(-0.00899999999999999,-0.0176525305106044,0.02539));
#9743=CARTESIAN_POINT('',(-0.0104485281374239,-0.0176525305106044,0.02539));
#9744=CARTESIAN_POINT('',(-0.0100242640687288,-0.0174692709079787,0.0243657359312712));
#9745=CARTESIAN_POINT('',(-0.0090000000002401,-0.0172011191039892,0.0253899999997605));
#9746=CARTESIAN_POINT('',(-0.0104485281374404,-0.0173907310782819,0.02539));
#9747=CARTESIAN_POINT('',(-0.0100971603297838,-0.0171028372422881,0.0242928396702162));
#9748=CARTESIAN_POINT('',(-0.00924610361848995,-0.0163917361298233,0.0251438963815099));
#9749=CARTESIAN_POINT('',(-0.0105214243984959,-0.01686725441301,0.0252858624841719));
#9750=CARTESIAN_POINT('',(-0.0104085390818402,-0.0166368055217832,0.0239814609181598));
#9751=CARTESIAN_POINT('',(-0.00995930220330421,-0.0157725788422616,0.0244306977966956));
#9752=CARTESIAN_POINT('',(-0.010832803150552,-0.0162014948122875,0.024841035695534));
#9753=CARTESIAN_POINT('',(-0.0108745707931601,-0.0163254267722386,0.0235154292068399));
#9754=CARTESIAN_POINT('',(-0.0106925466245496,-0.0155606683142765,0.0236974533754512));
#9755=CARTESIAN_POINT('',(-0.0112988348618723,-0.0157566680272277,0.0241752761079308));
#9756=CARTESIAN_POINT('',(-0.0112410044816696,-0.0162525305106089,0.0231489955183304));
#9757=CARTESIAN_POINT('',(-0.0111909361440162,-0.0155942995532861,0.0231990638559822));
#9758=CARTESIAN_POINT('',(-0.011665268550381,-0.0156525305106044,0.0236517994100596));
#9759=CARTESIAN_POINT('',(-0.0114242640687119,-0.0162525305106044,0.0229657359312881));
#9760=CARTESIAN_POINT('',(-0.0114242640687119,-0.0156525305106044,0.0229657359312881));
#9761=CARTESIAN_POINT('',(-0.0118485281374239,-0.0156525305106044,0.02339));
#9762=CARTESIAN_POINT('',(0.0131,-0.000176794579316319,0.00356426406871193));
#9763=CARTESIAN_POINT('',(0.0125,-0.000176794579316319,0.00356426406871193));
#9764=CARTESIAN_POINT('',(0.0125,-0.000601058648028247,0.00314));
#9765=CARTESIAN_POINT('',(0.0130999999999845,0.000139249678213987,0.00324821981118162));
#9766=CARTESIAN_POINT('',(0.0126022202775124,4.00473122653427E-5,0.00334742217713224));
#9767=CARTESIAN_POINT('',(0.0125,-0.000285014390497935,0.00298197787123486));
#9768=CARTESIAN_POINT('',(0.0128366799264955,0.000768755229715118,0.00261871425968049));
#9769=CARTESIAN_POINT('',(0.0125846781935426,0.000584344707363847,0.00280312478203103));
#9770=CARTESIAN_POINT('',(0.0123683399632444,0.000344491161003213,0.00266722509549567));
#9771=CARTESIAN_POINT('',(0.0122047206915424,0.00102613072836961,0.002361338761026));
#9772=CARTESIAN_POINT('',(0.0121153502591896,0.000850142437740622,0.00253732705165474));
#9773=CARTESIAN_POINT('',(0.01205236034577,0.000601866659657632,0.00253853734613425));
#9774=CARTESIAN_POINT('',(0.0118886904338802,0.00102315212521442,0.00236431736418119));
#9775=CARTESIAN_POINT('',(0.0118920029900436,0.000847420766038911,0.0025400487233567));
#9776=CARTESIAN_POINT('',(0.0118943452169401,0.000598888056502494,0.00254002664773463));
#9777=CARTESIAN_POINT('',(0.0131,-0.000601058648028246,0.00314));
#9778=CARTESIAN_POINT('',(0.0131,-0.0290767945793163,0.0316157359312881));
#9779=CARTESIAN_POINT('',(0.0131,-0.0018194352664356,0.00435837661840736));
#9780=CARTESIAN_POINT('',(0.0131,-0.00563781188484296,0.00054));
#9781=CARTESIAN_POINT('',(0.0131,-0.00563781188484296,0.00594));
#9782=CARTESIAN_POINT('',(0.0131,-0.0541525305106044,0.00594));
#9783=CARTESIAN_POINT('',(0.0131,-0.00965253051060438,0.00594));
#9784=CARTESIAN_POINT('',(0.0131,-0.00965253051060438,0.01254));
#9785=CARTESIAN_POINT('',(0.0131,-0.0162525305106044,0.01254));
#9786=CARTESIAN_POINT('',(0.0131,-0.0162525305106044,0.00654));
#9787=CARTESIAN_POINT('',(0.0131,-0.0162525305106044,0.0210615728752538));
#9788=CARTESIAN_POINT('',(0.0105,-0.0162525305106044,0.0210615728752538));
#9789=CARTESIAN_POINT('',(0.012338477631085,-0.0162525305106044,0.0229000505063389));
#9790=CARTESIAN_POINT('',(0.0117982640687119,-0.0162525305106044,0.0234402640687119));
#9791=CARTESIAN_POINT('',(0.0118485281374239,-0.0162525305106044,0.02339));
#9792=CARTESIAN_POINT('',(0.0104485281374239,-0.0176525305106044,0.02539));
#9793=CARTESIAN_POINT('',(0.00899999999999999,-0.0176525305106044,0.02539));
#9794=CARTESIAN_POINT('',(0.0100242640687119,-0.0176525305106044,0.0243657359312881));
#9795=CARTESIAN_POINT('',(0.0104485281374404,-0.017390731078282,0.02539));
#9796=CARTESIAN_POINT('',(0.0090000000002401,-0.0172011191039893,0.0253899999997621));
#9797=CARTESIAN_POINT('',(0.0100242640687288,-0.0174692709079788,0.0243657359312712));
#9798=CARTESIAN_POINT('',(0.0105214243984959,-0.01686725441301,0.0252858624841718));
#9799=CARTESIAN_POINT('',(0.00924610361848991,-0.0163917361298232,0.0251438963815091));
#9800=CARTESIAN_POINT('',(0.0100971603297839,-0.0171028372422881,0.0242928396702161));
#9801=CARTESIAN_POINT('',(0.010832803150552,-0.0162014948122876,0.0248410356955342));
#9802=CARTESIAN_POINT('',(0.00995930220330423,-0.0157725788422619,0.0244306977966961));
#9803=CARTESIAN_POINT('',(0.0104085390818401,-0.0166368055217832,0.0239814609181599));
#9804=CARTESIAN_POINT('',(0.0112988348618723,-0.0157566680272277,0.0241752761079299));
#9805=CARTESIAN_POINT('',(0.0106925466245499,-0.0155606683142754,0.0236974533754497));
#9806=CARTESIAN_POINT('',(0.0108745707931605,-0.0163254267722386,0.0235154292068395));
#9807=CARTESIAN_POINT('',(0.011665268550381,-0.0156525305106044,0.0236517994100614));
#9808=CARTESIAN_POINT('',(0.0111909361440152,-0.0155942995532881,0.0231990638559854));
#9809=CARTESIAN_POINT('',(0.0112410044816687,-0.0162525305106089,0.0231489955183313));
#9810=CARTESIAN_POINT('',(0.0118485281374239,-0.0156525305106044,0.02339));
#9811=CARTESIAN_POINT('',(0.0114242640687119,-0.0156525305106044,0.0229657359312881));
#9812=CARTESIAN_POINT('',(0.0114242640687119,-0.0162525305106044,0.0229657359312881));
#9813=CARTESIAN_POINT('',(0.0104485281374239,-0.0176525305106044,0.02479));
#9814=CARTESIAN_POINT('',(0.0104485281374239,-0.0541525305106044,0.02479));
#9815=CARTESIAN_POINT('',(0.0104485281374239,-0.0286525305106044,0.02479));
#9816=CARTESIAN_POINT('',(-0.0131,-0.0613685771021843,0.00594));
#9817=CARTESIAN_POINT('',(-0.0131,-0.0366525305106044,0.00594));
#9818=CARTESIAN_POINT('',(-0.0131,-0.0366525305106044,0.01254));
#9819=CARTESIAN_POINT('',(-0.0131,-0.0300525305106044,0.01254));
#9820=CARTESIAN_POINT('',(-0.0131,-0.0300525305106044,0.00654));
#9821=CARTESIAN_POINT('',(-0.0131,-0.0300525305106044,0.0210615728752538));
#9822=CARTESIAN_POINT('',(-0.0105,-0.0300525305106044,0.0210615728752538));
#9823=CARTESIAN_POINT('',(-0.012338477631085,-0.0300525305106044,0.0229000505063389));
#9824=CARTESIAN_POINT('',(-0.0117982640687119,-0.0300525305106044,0.0234402640687119));
#9825=CARTESIAN_POINT('',(-0.0118485281374239,-0.0300525305106044,0.02339));
#9826=CARTESIAN_POINT('',(-0.0114242640687119,-0.0300525305106044,0.0229657359312881));
#9827=CARTESIAN_POINT('',(-0.0114242640687119,-0.0306525305106044,0.0229657359312881));
#9828=CARTESIAN_POINT('',(-0.0118485281374239,-0.0306525305106044,0.02339));
#9829=CARTESIAN_POINT('',(-0.0112410044816696,-0.0300525305105981,0.0231489955183304));
#9830=CARTESIAN_POINT('',(-0.0111909361440177,-0.0307107614679211,0.0231990638559839));
#9831=CARTESIAN_POINT('',(-0.011665268550381,-0.0306525305106044,0.0236517994100596));
#9832=CARTESIAN_POINT('',(-0.0108745707931601,-0.029979634248971,0.0235154292068399));
#9833=CARTESIAN_POINT('',(-0.0106925466245485,-0.0307443927069333,0.0236974533754507));
#9834=CARTESIAN_POINT('',(-0.0112988348618723,-0.0305483929939811,0.0241752761079308));
#9835=CARTESIAN_POINT('',(-0.0104085390818402,-0.0296682554994255,0.0239814609181598));
#9836=CARTESIAN_POINT('',(-0.00995930220330476,-0.0305324821789464,0.0244306977966956));
#9837=CARTESIAN_POINT('',(-0.010832803150552,-0.0301035662089214,0.024841035695534));
#9838=CARTESIAN_POINT('',(-0.0100971603297838,-0.0292022237789203,0.0242928396702162));
#9839=CARTESIAN_POINT('',(-0.00924610361848971,-0.0299133248913882,0.02514389638151));
#9840=CARTESIAN_POINT('',(-0.0105214243984959,-0.0294378066081984,0.0252858624841718));
#9841=CARTESIAN_POINT('',(-0.0100242640687288,-0.028835790113231,0.0243657359312712));
#9842=CARTESIAN_POINT('',(-0.0090000000002401,-0.0291039419172134,0.0253899999997605));
#9843=CARTESIAN_POINT('',(-0.0104485281374404,-0.0289143299429278,0.02539));
#9844=CARTESIAN_POINT('',(-0.0100242640687119,-0.0286525305106044,0.0243657359312881));
#9845=CARTESIAN_POINT('',(-0.00899999999999999,-0.0286525305106044,0.02539));
#9846=CARTESIAN_POINT('',(-0.0104485281374239,-0.0286525305106044,0.02539));
#9847=CARTESIAN_POINT('',(0.0131,-0.0541525305106044,0.00594));
#9848=CARTESIAN_POINT('',(0.0131,-0.0366525305106044,0.00594));
#9849=CARTESIAN_POINT('',(0.0131,-0.0366525305106044,0.01254));
#9850=CARTESIAN_POINT('',(0.0131,-0.0300525305106044,0.01254));
#9851=CARTESIAN_POINT('',(0.0131,-0.0300525305106044,0.025392));
#9852=CARTESIAN_POINT('',(0.0131,-0.0300525305106044,0.0210615728752538));
#9853=CARTESIAN_POINT('',(0.0105,-0.0300525305106044,0.0210615728752538));
#9854=CARTESIAN_POINT('',(0.012338477631085,-0.0300525305106044,0.0229000505063389));
#9855=CARTESIAN_POINT('',(0.0117982640687119,-0.0300525305106044,0.0234402640687119));
#9856=CARTESIAN_POINT('',(0.0118485281374239,-0.0300525305106044,0.02339));
#9857=CARTESIAN_POINT('',(0.0118485281374239,-0.0306525305106044,0.02339));
#9858=CARTESIAN_POINT('',(0.0114242640687119,-0.0306525305106044,0.0229657359312881));
#9859=CARTESIAN_POINT('',(0.0114242640687119,-0.0300525305106044,0.0229657359312881));
#9860=CARTESIAN_POINT('',(0.011665268550381,-0.0306525305106044,0.02365179941006));
#9861=CARTESIAN_POINT('',(0.0111909361440177,-0.0307107614679211,0.0231990638559846));
#9862=CARTESIAN_POINT('',(0.0112410044816694,-0.0300525305105981,0.0231489955183306));
#9863=CARTESIAN_POINT('',(0.0112988348618723,-0.0305483929939811,0.0241752761079306));
#9864=CARTESIAN_POINT('',(0.0106925466245485,-0.0307443927069332,0.0236974533754503));
#9865=CARTESIAN_POINT('',(0.0108745707931602,-0.029979634248971,0.0235154292068398));
#9866=CARTESIAN_POINT('',(0.010832803150552,-0.0301035662089214,0.024841035695534));
#9867=CARTESIAN_POINT('',(0.00995930220330477,-0.0305324821789466,0.0244306977966958));
#9868=CARTESIAN_POINT('',(0.0104085390818401,-0.0296682554994255,0.0239814609181599));
#9869=CARTESIAN_POINT('',(0.0105214243984959,-0.0294378066081984,0.0252858624841718));
#9870=CARTESIAN_POINT('',(0.00924610361848971,-0.0299133248913874,0.0251438963815092));
#9871=CARTESIAN_POINT('',(0.0100971603297839,-0.0292022237789203,0.0242928396702162));
#9872=CARTESIAN_POINT('',(0.0104485281374404,-0.028914329942928,0.02539));
#9873=CARTESIAN_POINT('',(0.0090000000002401,-0.0291039419172153,0.0253899999997621));
#9874=CARTESIAN_POINT('',(0.0100242640687288,-0.0288357901132311,0.0243657359312712));
#9875=CARTESIAN_POINT('',(0.0104485281374239,-0.0286525305106044,0.02539));
#9876=CARTESIAN_POINT('',(0.00899999999999999,-0.0286525305106044,0.02539));
#9877=CARTESIAN_POINT('',(0.0100242640687119,-0.0286525305106044,0.0243657359312881));
#9878=CARTESIAN_POINT('',(-0.016,-0.0256525305106044,0.02069));
#9879=CARTESIAN_POINT('',(-0.016,-0.0256525305106044,0.02069));
#9880=CARTESIAN_POINT('',(-0.016454359613777,-0.0265433488654717,0.02069));
#9881=CARTESIAN_POINT('',(-0.016454359613777,-0.0247617121557371,0.02069));
#9882=CARTESIAN_POINT('',(-0.016454359613777,-0.0256525305106044,0.02069));
#9883=CARTESIAN_POINT('',(-0.016,-0.0256525305106044,0.01369));
#9884=CARTESIAN_POINT('',(-0.016,-0.0256525305106044,0.00669));
#9885=CARTESIAN_POINT('',(-0.016454359613777,-0.0265433488654717,0.00669));
#9886=CARTESIAN_POINT('',(-0.016454359613777,-0.0247617121557371,0.00669));
#9887=CARTESIAN_POINT('',(-0.016454359613777,-0.0265433488654717,0.01369));
#9888=CARTESIAN_POINT('',(-0.016454359613777,-0.0247617121557371,0.01369));
#9889=CARTESIAN_POINT('',(-0.016,-0.0256525305106044,0.00669));
#9890=CARTESIAN_POINT('',(-0.016454359613777,-0.0256525305106044,0.00669));
#9891=CARTESIAN_POINT('',(-0.016,-0.0206525305106044,0.02069));
#9892=CARTESIAN_POINT('',(-0.016,-0.0206525305106044,0.02069));
#9893=CARTESIAN_POINT('',(-0.016454359613777,-0.0215433488654716,0.02069));
#9894=CARTESIAN_POINT('',(-0.016454359613777,-0.0197617121557371,0.02069));
#9895=CARTESIAN_POINT('',(-0.016454359613777,-0.0206525305106044,0.02069));
#9896=CARTESIAN_POINT('',(-0.016,-0.0206525305106044,0.01369));
#9897=CARTESIAN_POINT('',(-0.016,-0.0206525305106044,0.00669));
#9898=CARTESIAN_POINT('',(-0.016454359613777,-0.0215433488654716,0.00669));
#9899=CARTESIAN_POINT('',(-0.016454359613777,-0.0197617121557371,0.00669));
#9900=CARTESIAN_POINT('',(-0.016454359613777,-0.0215433488654716,0.01369));
#9901=CARTESIAN_POINT('',(-0.016454359613777,-0.0197617121557371,0.01369));
#9902=CARTESIAN_POINT('',(-0.016,-0.0206525305106044,0.00669));
#9903=CARTESIAN_POINT('',(-0.016454359613777,-0.0206525305106044,0.00669));
#9904=CARTESIAN_POINT('',(-0.0187261576826618,-0.0203076203814007,0.01369));
#9905=CARTESIAN_POINT('',(-0.0187261576826618,-0.0203076203814007,0.02069));
#9906=CARTESIAN_POINT('',(-0.0153184605793345,-0.0239665273837683,0.02069));
#9907=CARTESIAN_POINT('',(-0.0153184605793345,-0.0239665273837683,0.01369));
#9908=CARTESIAN_POINT('',(-0.0153184605793345,-0.0239665273837683,0.00669));
#9909=CARTESIAN_POINT('',(-0.0187261576826618,-0.0203076203814007,0.00669));
#9910=CARTESIAN_POINT('',(-0.0187261576826618,-0.0256525305106044,0.00669));
#9911=CARTESIAN_POINT('',(-0.0153184605793345,-0.0256525305106044,0.00669));
#9912=CARTESIAN_POINT('',(-0.0153184605793345,-0.0273385336374404,0.00669));
#9913=CARTESIAN_POINT('',(-0.0187261576826619,-0.030997440639808,0.00669));
#9914=CARTESIAN_POINT('',(-0.0187261576826618,-0.0256525305106044,0.02069));
#9915=CARTESIAN_POINT('',(-0.0187261576826618,-0.030997440639808,0.02069));
#9916=CARTESIAN_POINT('',(-0.0153184605793345,-0.0273385336374404,0.02069));
#9917=CARTESIAN_POINT('',(-0.0153184605793345,-0.0256525305106044,0.02069));
#9918=CARTESIAN_POINT('',(-0.0187261576826618,-0.030997440639808,0.01369));
#9919=CARTESIAN_POINT('',(-0.0153184605793345,-0.0273385336374404,0.01369));
#9920=CARTESIAN_POINT('',(-0.0187261576826618,-0.0153076203814007,0.01369));
#9921=CARTESIAN_POINT('',(-0.0187261576826618,-0.0153076203814007,0.02069));
#9922=CARTESIAN_POINT('',(-0.0153184605793345,-0.0189665273837684,0.02069));
#9923=CARTESIAN_POINT('',(-0.0153184605793345,-0.0189665273837684,0.01369));
#9924=CARTESIAN_POINT('',(-0.0153184605793345,-0.0189665273837684,0.00669));
#9925=CARTESIAN_POINT('',(-0.0187261576826618,-0.0153076203814007,0.00669));
#9926=CARTESIAN_POINT('',(-0.0187261576826618,-0.0206525305106044,0.00669));
#9927=CARTESIAN_POINT('',(-0.0153184605793345,-0.0206525305106044,0.00669));
#9928=CARTESIAN_POINT('',(-0.0153184605793345,-0.0223385336374404,0.00669));
#9929=CARTESIAN_POINT('',(-0.0187261576826619,-0.0259974406398081,0.00669));
#9930=CARTESIAN_POINT('',(-0.0187261576826618,-0.0206525305106044,0.02069));
#9931=CARTESIAN_POINT('',(-0.0187261576826618,-0.0259974406398081,0.02069));
#9932=CARTESIAN_POINT('',(-0.0153184605793345,-0.0223385336374404,0.02069));
#9933=CARTESIAN_POINT('',(-0.0153184605793345,-0.0206525305106044,0.02069));
#9934=CARTESIAN_POINT('',(-0.0187261576826618,-0.0259974406398081,0.01369));
#9935=CARTESIAN_POINT('',(-0.0153184605793345,-0.0223385336374404,0.01369));
#9936=CARTESIAN_POINT('',(-0.016,-0.0280703150379139,0.01369));
#9937=CARTESIAN_POINT('',(-0.016,-0.0280703150379139,0.02069));
#9938=CARTESIAN_POINT('',(-0.016,-0.0280703150379139,0.00669));
#9939=CARTESIAN_POINT('',(-0.016,-0.0256525305106044,0.00669));
#9940=CARTESIAN_POINT('',(-0.016,-0.0232347459832948,0.00669));
#9941=CARTESIAN_POINT('',(-0.016,-0.0256525305106044,0.02069));
#9942=CARTESIAN_POINT('',(-0.016,-0.0232347459832948,0.02069));
#9943=CARTESIAN_POINT('',(-0.016,-0.0232347459832948,0.01369));
#9944=CARTESIAN_POINT('',(-0.016,-0.023070315037914,0.01369));
#9945=CARTESIAN_POINT('',(-0.016,-0.023070315037914,0.02069));
#9946=CARTESIAN_POINT('',(-0.016,-0.023070315037914,0.00669));
#9947=CARTESIAN_POINT('',(-0.016,-0.0206525305106044,0.00669));
#9948=CARTESIAN_POINT('',(-0.016,-0.0182347459832949,0.00669));
#9949=CARTESIAN_POINT('',(-0.016,-0.0206525305106044,0.02069));
#9950=CARTESIAN_POINT('',(-0.016,-0.0182347459832949,0.02069));
#9951=CARTESIAN_POINT('',(-0.016,-0.0182347459832949,0.01369));
#9952=CARTESIAN_POINT('',(0.016,-0.0256525305106044,0.012345));
#9953=CARTESIAN_POINT('',(0.016,-0.0256525305106044,0.00669));
#9954=CARTESIAN_POINT('',(0.016454359613777,-0.0247617121557371,0.00669));
#9955=CARTESIAN_POINT('',(0.016454359613777,-0.0265433488654717,0.00669));
#9956=CARTESIAN_POINT('',(0.016454359613777,-0.0247617121557371,0.012345));
#9957=CARTESIAN_POINT('',(0.016454359613777,-0.0247617121557371,0.02069));
#9958=CARTESIAN_POINT('',(0.016,-0.0256525305106044,0.02069));
#9959=CARTESIAN_POINT('',(0.016454359613777,-0.0265433488654717,0.02069));
#9960=CARTESIAN_POINT('',(0.016454359613777,-0.0265433488654717,0.012345));
#9961=CARTESIAN_POINT('',(0.016,-0.0256525305106044,0.02069));
#9962=CARTESIAN_POINT('',(0.016454359613777,-0.0256525305106044,0.02069));
#9963=CARTESIAN_POINT('',(0.016,-0.0256525305106044,0.00669));
#9964=CARTESIAN_POINT('',(0.016454359613777,-0.0256525305106044,0.00669));
#9965=CARTESIAN_POINT('',(0.016,-0.0206525305106044,0.012345));
#9966=CARTESIAN_POINT('',(0.016,-0.0206525305106044,0.00669));
#9967=CARTESIAN_POINT('',(0.016454359613777,-0.0197617121557371,0.00669));
#9968=CARTESIAN_POINT('',(0.016454359613777,-0.0215433488654716,0.00669));
#9969=CARTESIAN_POINT('',(0.016454359613777,-0.0197617121557371,0.012345));
#9970=CARTESIAN_POINT('',(0.016454359613777,-0.0197617121557371,0.02069));
#9971=CARTESIAN_POINT('',(0.016,-0.0206525305106044,0.02069));
#9972=CARTESIAN_POINT('',(0.016454359613777,-0.0215433488654716,0.02069));
#9973=CARTESIAN_POINT('',(0.016454359613777,-0.0215433488654716,0.012345));
#9974=CARTESIAN_POINT('',(0.016,-0.0206525305106044,0.02069));
#9975=CARTESIAN_POINT('',(0.016454359613777,-0.0206525305106044,0.02069));
#9976=CARTESIAN_POINT('',(0.016,-0.0206525305106044,0.00669));
#9977=CARTESIAN_POINT('',(0.016454359613777,-0.0206525305106044,0.00669));
#9978=CARTESIAN_POINT('',(0.0187261576826618,-0.030997440639808,0.012345));
#9979=CARTESIAN_POINT('',(0.0187261576826618,-0.030997440639808,0.02069));
#9980=CARTESIAN_POINT('',(0.0153184605793345,-0.0273385336374404,0.02069));
#9981=CARTESIAN_POINT('',(0.0153184605793345,-0.0273385336374404,0.012345));
#9982=CARTESIAN_POINT('',(0.0153184605793345,-0.0273385336374404,0.00669));
#9983=CARTESIAN_POINT('',(0.0187261576826618,-0.030997440639808,0.00669));
#9984=CARTESIAN_POINT('',(0.0187261576826618,-0.0256525305106044,0.00669));
#9985=CARTESIAN_POINT('',(0.0153184605793345,-0.0256525305106044,0.00669));
#9986=CARTESIAN_POINT('',(0.0153184605793345,-0.0239665273837683,0.00669));
#9987=CARTESIAN_POINT('',(0.0187261576826619,-0.0203076203814007,0.00669));
#9988=CARTESIAN_POINT('',(0.0187261576826618,-0.0256525305106044,0.02069));
#9989=CARTESIAN_POINT('',(0.0187261576826618,-0.0203076203814007,0.02069));
#9990=CARTESIAN_POINT('',(0.0153184605793345,-0.0239665273837683,0.02069));
#9991=CARTESIAN_POINT('',(0.0153184605793345,-0.0256525305106044,0.02069));
#9992=CARTESIAN_POINT('',(0.0187261576826618,-0.0203076203814007,0.012345));
#9993=CARTESIAN_POINT('',(0.0153184605793345,-0.0239665273837683,0.012345));
#9994=CARTESIAN_POINT('',(0.0187261576826618,-0.0259974406398081,0.012345));
#9995=CARTESIAN_POINT('',(0.0187261576826618,-0.0259974406398081,0.02069));
#9996=CARTESIAN_POINT('',(0.0153184605793345,-0.0223385336374404,0.02069));
#9997=CARTESIAN_POINT('',(0.0153184605793345,-0.0223385336374404,0.012345));
#9998=CARTESIAN_POINT('',(0.0153184605793345,-0.0223385336374404,0.00669));
#9999=CARTESIAN_POINT('',(0.0187261576826618,-0.0259974406398081,0.00669));
#10000=CARTESIAN_POINT('',(0.0187261576826618,-0.0206525305106044,0.00669));
#10001=CARTESIAN_POINT('',(0.0153184605793345,-0.0206525305106044,0.00669));
#10002=CARTESIAN_POINT('',(0.0153184605793345,-0.0189665273837684,0.00669));
#10003=CARTESIAN_POINT('',(0.0187261576826619,-0.0153076203814007,0.00669));
#10004=CARTESIAN_POINT('',(0.0187261576826618,-0.0206525305106044,0.02069));
#10005=CARTESIAN_POINT('',(0.0187261576826618,-0.0153076203814007,0.02069));
#10006=CARTESIAN_POINT('',(0.0153184605793345,-0.0189665273837684,0.02069));
#10007=CARTESIAN_POINT('',(0.0153184605793345,-0.0206525305106044,0.02069));
#10008=CARTESIAN_POINT('',(0.0187261576826618,-0.0153076203814007,0.012345));
#10009=CARTESIAN_POINT('',(0.0153184605793345,-0.0189665273837684,0.012345));
#10010=CARTESIAN_POINT('',(0.016,-0.0256525305106044,0.00669));
#10011=CARTESIAN_POINT('',(0.016,-0.0232347459832948,0.00669));
#10012=CARTESIAN_POINT('',(0.016,-0.0280703150379139,0.00669));
#10013=CARTESIAN_POINT('',(0.016,-0.0280703150379139,0.012345));
#10014=CARTESIAN_POINT('',(0.016,-0.0280703150379139,0.02069));
#10015=CARTESIAN_POINT('',(0.016,-0.0232347459832948,0.012345));
#10016=CARTESIAN_POINT('',(0.016,-0.0232347459832948,0.02069));
#10017=CARTESIAN_POINT('',(0.016,-0.0256525305106044,0.02069));
#10018=CARTESIAN_POINT('',(0.016,-0.0206525305106044,0.00669));
#10019=CARTESIAN_POINT('',(0.016,-0.0182347459832949,0.00669));
#10020=CARTESIAN_POINT('',(0.016,-0.023070315037914,0.00669));
#10021=CARTESIAN_POINT('',(0.016,-0.023070315037914,0.012345));
#10022=CARTESIAN_POINT('',(0.016,-0.023070315037914,0.02069));
#10023=CARTESIAN_POINT('',(0.016,-0.0182347459832949,0.012345));
#10024=CARTESIAN_POINT('',(0.016,-0.0182347459832949,0.02069));
#10025=CARTESIAN_POINT('',(0.016,-0.0206525305106044,0.02069));
#10026=CARTESIAN_POINT('',(-0.00557112381529809,-0.0726403940512538,0.005175));
#10027=CARTESIAN_POINT('',(-0.00557112381529809,-0.0707327717635364,0.00457418621237198));
#10028=CARTESIAN_POINT('',(-0.00531486362737405,-0.0707644379824,0.00447364393768408));
#10029=CARTESIAN_POINT('',(-0.00505666435613297,-0.0707079233124187,0.00435076455940488));
#10030=CARTESIAN_POINT('',(-0.00486401703411155,-0.0705545445278384,0.00422284923538951));
#10031=CARTESIAN_POINT('',(-0.00486401703411155,-0.0705545445278384,0.0042228492353895));
#10032=CARTESIAN_POINT('',(-0.00486401703411155,-0.0705545445278384,0.0042228492353895));
#10033=CARTESIAN_POINT('',(-0.00467438296305058,-0.0704035647839772,0.00409693467094297));
#10034=CARTESIAN_POINT('',(-0.00457112381529809,-0.0702032732245121,0.00391582397664729));
#10035=CARTESIAN_POINT('',(-0.00457112381529809,-0.070013650810921,0.00372578643762691));
#10036=CARTESIAN_POINT('',(-0.00557112381529811,-0.0707327717635364,0.00457418621237199));
#10037=CARTESIAN_POINT('',(-0.00527484833452514,-0.0706478795225015,0.00484372451922704));
#10038=CARTESIAN_POINT('',(-0.00521191357045533,-0.0702482357024562,0.00478078975515724));
#10039=CARTESIAN_POINT('',(-0.00533585635958741,-0.0707618438822934,0.00448188037180379));
#10040=CARTESIAN_POINT('',(-0.00512171496981588,-0.0706153236955717,0.00469059115451927));
#10041=CARTESIAN_POINT('',(-0.00509616198224638,-0.0702846921772138,0.00466503816694828));
#10042=CARTESIAN_POINT('',(-0.00508585972535529,-0.0707311674631291,0.00437015021147765));
#10043=CARTESIAN_POINT('',(-0.00495678161819116,-0.0705677787303578,0.00452565780289307));
#10044=CARTESIAN_POINT('',(-0.0049731638690364,-0.0702979271274053,0.00454204005373831));
#10045=CARTESIAN_POINT('',(-0.00486401703410306,-0.0705545445278333,0.00422284923538377));
#10046=CARTESIAN_POINT('',(-0.00480251545645038,-0.0704191314443828,0.00437139164115229));
#10047=CARTESIAN_POINT('',(-0.00486401703410699,-0.0702277702533687,0.0044328932188089));
#10048=CARTESIAN_POINT('',(-0.00522322727895431,-0.07022777025337,0.00407368297397069));
#10049=CARTESIAN_POINT('',(-0.00486401703411155,-0.0705545445278384,0.00422284923538951));
#10050=CARTESIAN_POINT('',(-0.0048025154564563,-0.0704191314443867,0.00437139164115821));
#10051=CARTESIAN_POINT('',(-0.00486401703411154,-0.07022777025337,0.00443289321881346));
#10052=CARTESIAN_POINT('',(-0.0046693690958664,-0.0703995729326998,0.00409360551226351));
#10053=CARTESIAN_POINT('',(-0.00464129282979032,-0.0702901278718529,0.00417792805876894));
#10054=CARTESIAN_POINT('',(-0.00466936910168286,-0.0701662131964309,0.00423824528638477));
#10055=CARTESIAN_POINT('',(-0.00457112381529807,-0.0702022123396514,0.00391484930724268));
#10056=CARTESIAN_POINT('',(-0.004571241728294,-0.0701451824601797,0.00394850317391242));
#10057=CARTESIAN_POINT('',(-0.00457112381529809,-0.0700881527407828,0.00398215731162459));
#10058=CARTESIAN_POINT('',(-0.00457112381529809,-0.070013650810921,0.00372578643762689));
#10059=CARTESIAN_POINT('',(-0.00457112381529809,-0.070013650810921,0.0037257864376269));
#10060=CARTESIAN_POINT('',(-0.00457112381529809,-0.070013650810921,0.00372578643762691));
#10061=CARTESIAN_POINT('',(-0.00486401703411155,-0.07022777025337,0.00443289321881346));
#10062=CARTESIAN_POINT('',(-0.00467477918976643,-0.0701679242046347,0.00424365537446834));
#10063=CARTESIAN_POINT('',(-0.00457112381529809,-0.0700888914379144,0.00398472727939494));
#10064=CARTESIAN_POINT('',(-0.00457112381529809,-0.070013650810921,0.00372578643762691));
#10065=CARTESIAN_POINT('',(-0.00557112381529809,-0.0993423940512538,0.00372578643762691));
#10066=CARTESIAN_POINT('',(-0.00557112381529809,-0.0678463940512538,0.00372578643762691));
#10067=CARTESIAN_POINT('',(-0.00557112381529809,-0.0678463940512538,0.00372578643762691));
#10068=CARTESIAN_POINT('',(0.00521191357045533,-0.0702482357024562,0.00478078975515724));
#10069=CARTESIAN_POINT('',(0.00527484833452514,-0.0706478795225015,0.00484372451922704));
#10070=CARTESIAN_POINT('',(0.00557112381529811,-0.0707327717635364,0.00457418621237198));
#10071=CARTESIAN_POINT('',(0.00509616198224638,-0.0702846921772138,0.00466503816694828));
#10072=CARTESIAN_POINT('',(0.00512171496981525,-0.0706153236955741,0.00469059115451939));
#10073=CARTESIAN_POINT('',(0.0053358563595861,-0.0707618438822933,0.00448188037180411));
#10074=CARTESIAN_POINT('',(0.00497316386903639,-0.0702979271274053,0.00454204005373831));
#10075=CARTESIAN_POINT('',(0.00495678161819116,-0.0705677787303578,0.00452565780289307));
#10076=CARTESIAN_POINT('',(0.00508585972535529,-0.0707311674631291,0.00437015021147765));
#10077=CARTESIAN_POINT('',(0.00486401703410699,-0.0702277702533687,0.0044328932188089));
#10078=CARTESIAN_POINT('',(0.00480251545645038,-0.0704191314443828,0.00437139164115229));
#10079=CARTESIAN_POINT('',(0.00486401703410306,-0.0705545445278333,0.00422284923538377));
#10080=CARTESIAN_POINT('',(0.00557112381529809,-0.0707327717635364,0.00457418621237199));
#10081=CARTESIAN_POINT('',(0.00531486362737405,-0.0707644379824,0.00447364393768409));
#10082=CARTESIAN_POINT('',(0.00505666435613297,-0.0707079233124187,0.00435076455940488));
#10083=CARTESIAN_POINT('',(0.00486401703411155,-0.0705545445278384,0.00422284923538951));
#10084=CARTESIAN_POINT('',(0.00486401703411155,-0.0705545445278384,0.0042228492353895));
#10085=CARTESIAN_POINT('',(0.00522322727895431,-0.07022777025337,0.00407368297397069));
#10086=CARTESIAN_POINT('',(0.00557112381529809,-0.0726403940512538,0.005175));
#10087=CARTESIAN_POINT('',(0.00486401703411155,-0.0705545445278384,0.0042228492353895));
#10088=CARTESIAN_POINT('',(0.00467438296305058,-0.0704035647839772,0.00409693467094297));
#10089=CARTESIAN_POINT('',(0.00457112381529808,-0.0702032732245121,0.00391582397664729));
#10090=CARTESIAN_POINT('',(0.00457112381529809,-0.070013650810921,0.00372578643762691));
#10091=CARTESIAN_POINT('',(0.00486401703411154,-0.07022777025337,0.00443289321881346));
#10092=CARTESIAN_POINT('',(0.0048025154564563,-0.0704191314443867,0.00437139164115821));
#10093=CARTESIAN_POINT('',(0.00486401703411155,-0.0705545445278384,0.00422284923538951));
#10094=CARTESIAN_POINT('',(0.00466936910168286,-0.0701662131964309,0.00423824528638477));
#10095=CARTESIAN_POINT('',(0.00464129282979032,-0.0702901278718529,0.00417792805876914));
#10096=CARTESIAN_POINT('',(0.0046693690958664,-0.0703995729326998,0.00409360551226351));
#10097=CARTESIAN_POINT('',(0.00457112381529809,-0.0700881527407421,0.003982157311417));
#10098=CARTESIAN_POINT('',(0.00457124175103433,-0.0701451824600739,0.00394850317373913));
#10099=CARTESIAN_POINT('',(0.00457112381529807,-0.0702022123394897,0.00391484930710707));
#10100=CARTESIAN_POINT('',(0.00457112381529809,-0.070013650810921,0.00372578643762691));
#10101=CARTESIAN_POINT('',(0.00457112381529809,-0.070013650810921,0.0037257864376269));
#10102=CARTESIAN_POINT('',(0.00457112381529809,-0.070013650810921,0.00372578643762689));
#10103=CARTESIAN_POINT('',(0.00486401703411155,-0.07022777025337,0.00443289321881346));
#10104=CARTESIAN_POINT('',(0.00467477918976643,-0.0701679242046347,0.00424365537446834));
#10105=CARTESIAN_POINT('',(0.00457112381529808,-0.0700888914379144,0.00398472727939494));
#10106=CARTESIAN_POINT('',(0.00457112381529809,-0.070013650810921,0.00372578643762691));
#10107=CARTESIAN_POINT('',(0.00557112381529809,-0.0993423940512538,0.00372578643762691));
#10108=CARTESIAN_POINT('',(0.00557112381529809,-0.0678463940512538,0.00372578643762691));
#10109=CARTESIAN_POINT('',(0.00557112381529809,-0.0678463940512538,0.00372578643762691));
#10110=CARTESIAN_POINT('',(0.00629699912706528,-0.0705945007831035,0.00561790122700285));
#10111=CARTESIAN_POINT('',(0.00624536099847616,-0.0705709224851518,0.00546724433145568));
#10112=CARTESIAN_POINT('',(0.00617534415689539,-0.0705945007831035,0.00532420014808862));
#10113=CARTESIAN_POINT('',(0.0063629778378273,-0.0706246270820868,0.00553677416114802));
#10114=CARTESIAN_POINT('',(0.00632097790165049,-0.0706142879654232,0.00543592278461637));
#10115=CARTESIAN_POINT('',(0.0062793636490925,-0.0706246270820867,0.00533491165269825));
#10116=CARTESIAN_POINT('',(0.00643546873687733,-0.0706403940512538,0.00544763974380615));
#10117=CARTESIAN_POINT('',(0.00641455936646464,-0.0706403940512509,0.0053971600727042));
#10118=CARTESIAN_POINT('',(0.00639365000632533,-0.0706403940512538,0.00534668039734612));
#10119=CARTESIAN_POINT('',(0.006508,-0.0706403940512538,0.00535845569501639));
#10120=CARTESIAN_POINT('',(0.006508,-0.0706403940512538,0.00535845569501638));
#10121=CARTESIAN_POINT('',(0.006508,-0.0706403940512538,0.00535845569501638));
#10122=CARTESIAN_POINT('',(0.00588164307798119,-0.0715041597040674,0.00561790122700287));
#10123=CARTESIAN_POINT('',(0.00617534415689532,-0.0705945007831035,0.00532420014808847));
#10124=CARTESIAN_POINT('',(0.00624536099847616,-0.0705709224851519,0.00546724433145557));
#10125=CARTESIAN_POINT('',(0.00629699912706534,-0.0705945007831035,0.00561790122700278));
#10126=CARTESIAN_POINT('',(0.0060231875925637,-0.0705557652665518,0.00529201627272254));
#10127=CARTESIAN_POINT('',(0.0061380000709946,-0.070510300982499,0.00549819103210559));
#10128=CARTESIAN_POINT('',(0.00621216563668331,-0.0705557652718223,0.00572221209780585));
#10129=CARTESIAN_POINT('',(0.00577886353309957,-0.070440002617781,0.0052616185935956));
#10130=CARTESIAN_POINT('',(0.00600992369387929,-0.0703322947064966,0.00554931111192563));
#10131=CARTESIAN_POINT('',(0.00606392618023194,-0.0704324603513476,0.00591720395410172));
#10132=CARTESIAN_POINT('',(0.00569975195296395,-0.070245186065327,0.00526862813766586));
#10133=CARTESIAN_POINT('',(0.00600134736623821,-0.0702065013162729,0.00556333477848955));
#10134=CARTESIAN_POINT('',(0.00600089108552921,-0.0702354937585171,0.00598573494532248));
#10135=CARTESIAN_POINT('',(0.0057071656363694,-0.0701457171052411,0.00527604182107131));
#10136=CARTESIAN_POINT('',(0.00600005215881933,-0.0701405416473472,0.00556892834352124));
#10137=CARTESIAN_POINT('',(0.00600001982654701,-0.0701368821888039,0.00598314860225786));
#10138=CARTESIAN_POINT('',(0.00500005885518286,-0.0701457171052411,0.00598314860225787));
#10139=CARTESIAN_POINT('',(0.0057071656363694,-0.0701457171052411,0.00527604182107131));
#10140=CARTESIAN_POINT('',(0.00600005215881933,-0.0701405416473472,0.00556892834352124));
#10141=CARTESIAN_POINT('',(0.00600001982654701,-0.0701368821888039,0.00598314860225786));
#10142=CARTESIAN_POINT('',(0.00570712639983064,-0.0701412762021471,0.00527600258453255));
#10143=CARTESIAN_POINT('',(0.00600001738674653,-0.0701378259221016,0.00556889357144845));
#10144=CARTESIAN_POINT('',(0.00600000660893304,-0.0701353861816608,0.00598310936571909));
#10145=CARTESIAN_POINT('',(0.00570710678118687,-0.0701368351276771,0.00527598296588878));
#10146=CARTESIAN_POINT('',(0.00600000000000072,-0.0701351099808003,0.00556887618470263));
#10147=CARTESIAN_POINT('',(0.006,-0.0701338901167863,0.00598308974707533));
#10148=CARTESIAN_POINT('',(0.00570710678118655,-0.0701323940512538,0.00527598296588846));
#10149=CARTESIAN_POINT('',(0.006,-0.0701323940512538,0.00556887618470191));
#10150=CARTESIAN_POINT('',(0.006,-0.0701323940512538,0.00598308974707501));
#10151=CARTESIAN_POINT('',(0.005,-0.0701323940512538,0.00598308974707501));
#10152=CARTESIAN_POINT('',(0.005,-0.0689893940512538,0.00598308974707501));
#10153=CARTESIAN_POINT('',(0.005,-0.0678463940512538,0.00598308974707501));
#10154=CARTESIAN_POINT('',(0.006508,-0.0673383940512538,0.00535845569501639));
#10155=CARTESIAN_POINT('',(0.00650799999999999,-0.0673383940512538,0.00535845569501639));
#10156=CARTESIAN_POINT('',(0.00650799999999999,-0.0673383940512538,0.00535845569501639));
#10157=CARTESIAN_POINT('',(0.00637500589435841,-0.0673383940512538,0.00552198452790366));
#10158=CARTESIAN_POINT('',(0.00633666624745462,-0.0673383940512609,0.0054294244590132));
#10159=CARTESIAN_POINT('',(0.00629832661938943,-0.0673383940512538,0.00533686438231907));
#10160=CARTESIAN_POINT('',(0.00611007656313526,-0.0674484706158178,0.00584774020049097));
#10161=CARTESIAN_POINT('',(0.00601097932984906,-0.0675460494301511,0.00556432839737298));
#10162=CARTESIAN_POINT('',(0.00588064924764905,-0.0674484706158178,0.00529385366386605));
#10163=CARTESIAN_POINT('',(0.006,-0.0677133999427548,0.00598308974706269));
#10164=CARTESIAN_POINT('',(0.00599999999992735,-0.0677583176759683,0.0055688761847311));
#10165=CARTESIAN_POINT('',(0.00570710678119518,-0.0677133999427548,0.00527598296589711));
#10166=CARTESIAN_POINT('',(0.006,-0.0678463940512538,0.00598308974707502));
#10167=CARTESIAN_POINT('',(0.006,-0.0678463940512538,0.00556887618470191));
#10168=CARTESIAN_POINT('',(0.00570710678118654,-0.0678463940512538,0.00527598296588846));
#10169=CARTESIAN_POINT('',(-0.00650799999999999,-0.0673383940512538,0.00535845569501639));
#10170=CARTESIAN_POINT('',(-0.00650799999999999,-0.0673383940512538,0.00535845569501639));
#10171=CARTESIAN_POINT('',(-0.006508,-0.0673383940512538,0.00535845569501639));
#10172=CARTESIAN_POINT('',(-0.00629832661938943,-0.0673383940512538,0.00533686438231907));
#10173=CARTESIAN_POINT('',(-0.00633666624745462,-0.0673383940512609,0.0054294244590132));
#10174=CARTESIAN_POINT('',(-0.00637500589435841,-0.0673383940512538,0.00552198452790366));
#10175=CARTESIAN_POINT('',(-0.00588064924764904,-0.0674484706158178,0.00529385366386605));
#10176=CARTESIAN_POINT('',(-0.00601097932984906,-0.0675460494301511,0.00556432839737298));
#10177=CARTESIAN_POINT('',(-0.00611007656313526,-0.0674484706158178,0.00584774020049098));
#10178=CARTESIAN_POINT('',(-0.00570710678119518,-0.0677133999427548,0.00527598296589711));
#10179=CARTESIAN_POINT('',(-0.00599999999992735,-0.0677583176759683,0.0055688761847311));
#10180=CARTESIAN_POINT('',(-0.006,-0.0677133999427548,0.00598308974706269));
#10181=CARTESIAN_POINT('',(-0.00570710678118654,-0.0678463940512538,0.00527598296588846));
#10182=CARTESIAN_POINT('',(-0.006,-0.0678463940512538,0.00556887618470191));
#10183=CARTESIAN_POINT('',(-0.006,-0.0678463940512538,0.00598308974707502));
#10184=CARTESIAN_POINT('',(-0.005,-0.0678463940512538,0.00598308974707501));
#10185=CARTESIAN_POINT('',(-0.005,-0.0689893940512538,0.00598308974707501));
#10186=CARTESIAN_POINT('',(-0.005,-0.0701323940512538,0.00598308974707501));
#10187=CARTESIAN_POINT('',(-0.00600001982654701,-0.0701368821888039,0.00598314860225786));
#10188=CARTESIAN_POINT('',(-0.00600005215881933,-0.0701405416473472,0.00556892834352124));
#10189=CARTESIAN_POINT('',(-0.0057071656363694,-0.0701457171052411,0.00527604182107131));
#10190=CARTESIAN_POINT('',(-0.00600000660893304,-0.0701353861816608,0.00598310936571909));
#10191=CARTESIAN_POINT('',(-0.00600001738674653,-0.0701378259221016,0.00556889357144845));
#10192=CARTESIAN_POINT('',(-0.00570712639983064,-0.0701412762021471,0.00527600258453255));
#10193=CARTESIAN_POINT('',(-0.006,-0.0701338901167863,0.00598308974707533));
#10194=CARTESIAN_POINT('',(-0.00600000000000072,-0.0701351099808003,0.00556887618470263));
#10195=CARTESIAN_POINT('',(-0.00570710678118687,-0.0701368351276771,0.00527598296588878));
#10196=CARTESIAN_POINT('',(-0.006,-0.0701323940512538,0.00598308974707501));
#10197=CARTESIAN_POINT('',(-0.006,-0.0701323940512538,0.00556887618470191));
#10198=CARTESIAN_POINT('',(-0.00570710678118655,-0.0701323940512538,0.00527598296588846));
#10199=CARTESIAN_POINT('',(-0.00500005885518286,-0.0701457171052411,0.00598314860225787));
#10200=CARTESIAN_POINT('',(-0.0057071656363694,-0.0701457171052411,0.00527604182107131));
#10201=CARTESIAN_POINT('',(-0.00600005215881934,-0.0701405416473472,0.00556892834352124));
#10202=CARTESIAN_POINT('',(-0.00600001982654702,-0.0701368821888039,0.00598314860225787));
#10203=CARTESIAN_POINT('',(-0.00569966757799047,-0.0702463182403219,0.00526854376269238));
#10204=CARTESIAN_POINT('',(-0.00600136215382517,-0.0702072542000906,0.00556327092976431));
#10205=CARTESIAN_POINT('',(-0.00600090100237384,-0.0702366161751973,0.00598576437023949));
#10206=CARTESIAN_POINT('',(-0.00577739837361741,-0.0704386506345775,0.00526142004305856));
#10207=CARTESIAN_POINT('',(-0.0060089765083485,-0.0703309683685579,0.00554965475909957));
#10208=CARTESIAN_POINT('',(-0.00606302609940079,-0.0704310958113497,0.00591829200066351));
#10209=CARTESIAN_POINT('',(-0.00602504465829363,-0.0705562380334409,0.00529240907206328));
#10210=CARTESIAN_POINT('',(-0.00613932662953092,-0.0705110500341523,0.00549780865016254));
#10211=CARTESIAN_POINT('',(-0.00621320102905263,-0.0705562380385635,0.0057209389840399));
#10212=CARTESIAN_POINT('',(-0.00617534415689505,-0.0705945007831034,0.00532420014808856));
#10213=CARTESIAN_POINT('',(-0.0062453609984759,-0.0705709224851517,0.00546724433145574));
#10214=CARTESIAN_POINT('',(-0.00629699912706506,-0.0705945007831034,0.00561790122700306));
#10215=CARTESIAN_POINT('',(-0.00588164307798057,-0.0715041597040671,0.00561790122700314));
#10216=CARTESIAN_POINT('',(-0.00617534415689506,-0.0705945007831034,0.00532420014808859));
#10217=CARTESIAN_POINT('',(-0.00624536099847592,-0.0705709224851517,0.00546724433145578));
#10218=CARTESIAN_POINT('',(-0.00629699912706507,-0.0705945007831034,0.00561790122700311));
#10219=CARTESIAN_POINT('',(-0.00627936364909256,-0.0706246270820866,0.00533491165269884));
#10220=CARTESIAN_POINT('',(-0.00632097790165189,-0.0706142879654127,0.005435922784617));
#10221=CARTESIAN_POINT('',(-0.00636297783782726,-0.0706246270820868,0.00553677416114859));
#10222=CARTESIAN_POINT('',(-0.0063936500063251,-0.0706403940512538,0.0053466803973453));
#10223=CARTESIAN_POINT('',(-0.00641455936646444,-0.0706403940512493,0.00539716007270353));
#10224=CARTESIAN_POINT('',(-0.00643546873687725,-0.0706403940512538,0.00544763974380625));
#10225=CARTESIAN_POINT('',(-0.006508,-0.0706403940512538,0.00535845569501637));
#10226=CARTESIAN_POINT('',(-0.006508,-0.0706403940512538,0.00535845569501638));
#10227=CARTESIAN_POINT('',(-0.006508,-0.0706403940512538,0.00535845569501639));
#10228=CARTESIAN_POINT('',(0.,0.,0.));
#10229=MECHANICAL_DESIGN_GEOMETRIC_PRESENTATION_REPRESENTATION('',(#5556),
#10230);
#10230=(
GEOMETRIC_REPRESENTATION_CONTEXT(3)
GLOBAL_UNCERTAINTY_ASSIGNED_CONTEXT((#10232))
GLOBAL_UNIT_ASSIGNED_CONTEXT((#10236,#10235,#10234))
REPRESENTATION_CONTEXT('Base','TOP_LEVEL_ASSEMBLY_PART')
);
#10231=(
GEOMETRIC_REPRESENTATION_CONTEXT(3)
GLOBAL_UNCERTAINTY_ASSIGNED_CONTEXT((#10233))
GLOBAL_UNIT_ASSIGNED_CONTEXT((#10236,#10235,#10234))
REPRESENTATION_CONTEXT('BasePlate','COMPONENT_PART')
);
#10232=UNCERTAINTY_MEASURE_WITH_UNIT(LENGTH_MEASURE(1.E-8),#10236,
'DISTANCE_ACCURACY_VALUE','Maximum Tolerance applied to model');
#10233=UNCERTAINTY_MEASURE_WITH_UNIT(LENGTH_MEASURE(2.E-5),#10236,
'DISTANCE_ACCURACY_VALUE','Maximum Tolerance applied to model');
#10234=(
NAMED_UNIT(*)
SI_UNIT($,.STERADIAN.)
SOLID_ANGLE_UNIT()
);
#10235=(
NAMED_UNIT(*)
PLANE_ANGLE_UNIT()
SI_UNIT($,.RADIAN.)
);
#10236=(
LENGTH_UNIT()
NAMED_UNIT(*)
SI_UNIT($,.METRE.)
);
#10237=PRODUCT_DEFINITION_SHAPE('','',#10240);
#10238=PRODUCT_DEFINITION_SHAPE('','',#10241);
#10239=PRODUCT_DEFINITION_SHAPE(' ','NAUO PRDDFN',#11);
#10240=PRODUCT_DEFINITION('','',#10244,#10242);
#10241=PRODUCT_DEFINITION('','',#10245,#10243);
#10242=PRODUCT_DEFINITION_CONTEXT('',#10255,'design');
#10243=PRODUCT_DEFINITION_CONTEXT('',#10255,'design');
#10244=PRODUCT_DEFINITION_FORMATION_WITH_SPECIFIED_SOURCE('','',#10248,
 .NOT_KNOWN.);
#10245=PRODUCT_DEFINITION_FORMATION_WITH_SPECIFIED_SOURCE('','',#10249,
 .NOT_KNOWN.);
#10246=PRODUCT_RELATED_PRODUCT_CATEGORY('','',(#10248));
#10247=PRODUCT_RELATED_PRODUCT_CATEGORY('','',(#10249));
#10248=PRODUCT('Base','Base','Base',(#10252));
#10249=PRODUCT('BasePlate','BasePlate','BasePlate',(#10253));
#10250=PRODUCT_CATEGORY('','');
#10251=PRODUCT_CATEGORY('','');
#10252=PRODUCT_CONTEXT('',#10255,'mechanical');
#10253=PRODUCT_CONTEXT('',#10255,'mechanical');
#10254=APPLICATION_PROTOCOL_DEFINITION('international standard',
'ap242_managed_model_based_3d_engineering',2020,#10255);
#10255=APPLICATION_CONTEXT('managed model based 3d engineering');
ENDSEC;
END-ISO-10303-21;
