ISO-10303-21;
HEADER;

FILE_DESCRIPTION(
/* description */ ('STEP AP242 Edition 2',
'CAx-IF Rec.Pracs.---Representation and Presentation of Product Manufa
cturing Information (PMI)---4.0---2014-10-13',
'CAx-IF Rec.Pracs.---3D Tessellated Geometry---0.4---2014-09-14','2;1',
'CAx-IF Rec.Pracs.---User Defined Attributes---1.5---2016-08-15'),
/* implementation_level */ '2;1');

FILE_NAME(
/* name */ '6SCADASentry-DINBase',
/* time_stamp */ '2026-08-29T17:17:44Z',
/* author */ (''),
/* organization */ (''),
/* authorisation */ '  ');

FILE_SCHEMA (('AP242_MANAGED_MODEL_BASED_3D_ENGINEERING_MIM_LF { 1 0 10303 442 3 1 4 }'));
ENDSEC;

DATA;
#10=CONTEXT_DEPENDENT_SHAPE_REPRESENTATION(#12,#8827);
#11=NEXT_ASSEMBLY_USAGE_OCCURRENCE('NAUO1','BasePlate','BasePlate',#8828,
#8829,'');
#12=(
REPRESENTATION_RELATIONSHIP(' ',' ',#4552,#4551)
REPRESENTATION_RELATIONSHIP_WITH_TRANSFORMATION(#13)
SHAPE_REPRESENTATION_RELATIONSHIP()
);
#13=ITEM_DEFINED_TRANSFORMATION(' ',' ',#4553,#5167);
#14=SHAPE_REPRESENTATION_RELATIONSHIP('','',#4552,#15);
#15=ADVANCED_BREP_SHAPE_REPRESENTATION('',(#4548),#8819);
#16=DEGENERATE_TOROIDAL_SURFACE('',#5018,0.0005,0.001,.T.);
#17=DEGENERATE_TOROIDAL_SURFACE('',#5080,0.0005,0.001,.T.);
#18=DEGENERATE_TOROIDAL_SURFACE('',#5092,0.0004,0.0006,.T.);
#19=DEGENERATE_TOROIDAL_SURFACE('',#5127,0.0004,0.0006,.T.);
#20=(
BOUNDED_SURFACE()
B_SPLINE_SURFACE(3,2,((#7499,#7500,#7501),(#7502,#7503,#7504),(#7505,#7506,
#7507),(#7508,#7509,#7510),(#7511,#7512,#7513)),.UNSPECIFIED.,.F.,.F.,.F.)
B_SPLINE_SURFACE_WITH_KNOTS((4,1,4),(3,3),(4.71238898038469,5.50249953276252,
6.29261008514036),(0.,1.),.UNSPECIFIED.)
GEOMETRIC_REPRESENTATION_ITEM()
RATIONAL_B_SPLINE_SURFACE(((1.,0.707106781186548,1.),(1.,0.772949331977465,
1.),(1.,0.88475975891733,1.),(1.,0.924345981271281,1.),(1.,0.923871034433409,
1.)))
REPRESENTATION_ITEM('')
SURFACE()
);
#21=(
BOUNDED_SURFACE()
B_SPLINE_SURFACE(3,2,((#7532,#7533,#7534),(#7535,#7536,#7537),(#7538,#7539,
#7540),(#7541,#7542,#7543),(#7544,#7545,#7546),(#7547,#7548,#7549),(#7550,
#7551,#7552)),.UNSPECIFIED.,.F.,.F.,.F.)
B_SPLINE_SURFACE_WITH_KNOTS((4,1,1,1,4),(3,3),(1.36675182955749E-16,0.392699081698724,
0.785398163397449,1.17809724509617,1.5707963267949),(0.,1.),
 .UNSPECIFIED.)
GEOMETRIC_REPRESENTATION_ITEM()
RATIONAL_B_SPLINE_SURFACE(((1.,0.382683432365088,1.),(1.,0.382683432390947,
1.),(1.,0.407760642603899,1.),(1.,0.496998607406961,1.),(1.,0.604244927768266,
1.),(1.,0.674381855971236,1.),(1.,0.707106781186549,1.)))
REPRESENTATION_ITEM('')
SURFACE()
);
#22=(
BOUNDED_SURFACE()
B_SPLINE_SURFACE(3,2,((#7553,#7554,#7555),(#7556,#7557,#7558),(#7559,#7560,
#7561),(#7562,#7563,#7564),(#7565,#7566,#7567)),.UNSPECIFIED.,.F.,.F.,.F.)
B_SPLINE_SURFACE_WITH_KNOTS((4,1,4),(3,3),(1.5707963267949,2.36090687917273,
3.15101743155056),(0.,1.),.UNSPECIFIED.)
GEOMETRIC_REPRESENTATION_ITEM()
RATIONAL_B_SPLINE_SURFACE(((1.,0.707106781186548,1.),(1.,0.77294933197749,
1.),(1.,0.884759758917309,1.),(1.,0.924345981271299,1.),(1.,0.923871034433409,
1.)))
REPRESENTATION_ITEM('')
SURFACE()
);
#23=(
BOUNDED_SURFACE()
B_SPLINE_SURFACE(3,2,((#7583,#7584,#7585),(#7586,#7587,#7588),(#7589,#7590,
#7591),(#7592,#7593,#7594),(#7595,#7596,#7597),(#7598,#7599,#7600),(#7601,
#7602,#7603)),.UNSPECIFIED.,.F.,.F.,.F.)
B_SPLINE_SURFACE_WITH_KNOTS((4,1,1,1,4),(3,3),(3.14159265358979,3.53429173528852,
3.92699081698724,4.31968989868597,4.71238898038469),(0.,1.),
 .UNSPECIFIED.)
GEOMETRIC_REPRESENTATION_ITEM()
RATIONAL_B_SPLINE_SURFACE(((1.,0.382683432365088,1.),(1.,0.382683432390947,
1.),(1.,0.407760642603881,1.),(1.,0.496998607407035,1.),(1.,0.604244927767987,
1.),(1.,0.674381855971839,1.),(1.,0.707106781186548,1.)))
REPRESENTATION_ITEM('')
SURFACE()
);
#24=(
BOUNDED_SURFACE()
B_SPLINE_SURFACE(3,2,((#7615,#7616,#7617),(#7618,#7619,#7620),(#7621,#7622,
#7623),(#7624,#7625,#7626),(#7627,#7628,#7629),(#7630,#7631,#7632),(#7633,
#7634,#7635)),.UNSPECIFIED.,.F.,.F.,.F.)
B_SPLINE_SURFACE_WITH_KNOTS((4,1,1,1,4),(3,3),(1.5707963267949,1.96349540849362,
2.35619449019234,2.74889357189107,3.14159265358979),(0.,1.),
 .UNSPECIFIED.)
GEOMETRIC_REPRESENTATION_ITEM()
RATIONAL_B_SPLINE_SURFACE(((1.,0.707106781186549,1.),(1.,0.674381855972272,
1.),(1.,0.604244927767786,1.),(1.,0.496998607407085,1.),(1.,0.407760642603864,
1.),(1.,0.382683432390947,1.),(1.,0.382683432365088,1.)))
REPRESENTATION_ITEM('')
SURFACE()
);
#25=(
BOUNDED_SURFACE()
B_SPLINE_SURFACE(3,2,((#7647,#7648,#7649),(#7650,#7651,#7652),(#7653,#7654,
#7655),(#7656,#7657,#7658),(#7659,#7660,#7661),(#7662,#7663,#7664),(#7665,
#7666,#7667)),.UNSPECIFIED.,.F.,.F.,.F.)
B_SPLINE_SURFACE_WITH_KNOTS((4,1,1,1,4),(3,3),(4.71238898038469,5.10508806208341,
5.49778714378214,5.89048622548086,6.28318530717959),(0.,1.),
 .UNSPECIFIED.)
GEOMETRIC_REPRESENTATION_ITEM()
RATIONAL_B_SPLINE_SURFACE(((1.,0.707106781186549,1.),(1.,0.674381855972272,
1.),(1.,0.604244927767786,1.),(1.,0.496998607407083,1.),(1.,0.407760642603865,
1.),(1.,0.382683432390947,1.),(1.,0.382683432365088,1.)))
REPRESENTATION_ITEM('')
SURFACE()
);
#26=(
BOUNDED_SURFACE()
B_SPLINE_SURFACE(3,2,((#7900,#7901,#7902),(#7903,#7904,#7905),(#7906,#7907,
#7908),(#7909,#7910,#7911)),.UNSPECIFIED.,.F.,.F.,.F.)
B_SPLINE_SURFACE_WITH_KNOTS((4,4),(3,3),(5.42507660283483,5.8328318067778),
(0.,1.),.PIECEWISE_BEZIER_KNOTS.)
GEOMETRIC_REPRESENTATION_ITEM()
RATIONAL_B_SPLINE_SURFACE(((1.,0.87266708538189,1.),(1.,0.896235488659393,
1.),(1.,0.914666531079934,1.),(1.,0.927425098992632,1.)))
REPRESENTATION_ITEM('')
SURFACE()
);
#27=(
BOUNDED_SURFACE()
B_SPLINE_SURFACE(3,2,((#7918,#7919,#7920),(#7921,#7922,#7923),(#7924,#7925,
#7926),(#7927,#7928,#7929),(#7930,#7931,#7932)),.UNSPECIFIED.,.F.,.F.,.F.)
B_SPLINE_SURFACE_WITH_KNOTS((4,1,4),(3,3),(0.00725959115150282,0.00774926171804405,
0.00823893228458529),(0.,1.),.UNSPECIFIED.)
GEOMETRIC_REPRESENTATION_ITEM()
RATIONAL_B_SPLINE_SURFACE(((1.,0.953780050785219,1.),(1.,0.953518468195526,
1.),(1.,0.951330604897812,1.),(1.,0.941104778111765,1.),(1.,0.927425098992883,
1.)))
REPRESENTATION_ITEM('')
SURFACE()
);
#28=(
BOUNDED_SURFACE()
B_SPLINE_SURFACE(3,2,((#7937,#7938,#7939),(#7940,#7941,#7942),(#7943,#7944,
#7945),(#7946,#7947,#7948)),.UNSPECIFIED.,.F.,.F.,.F.)
B_SPLINE_SURFACE_WITH_KNOTS((4,4),(3,3),(-3.68628738645072E-18,0.00110740532372724),
(0.,1.),.PIECEWISE_BEZIER_KNOTS.)
GEOMETRIC_REPRESENTATION_ITEM()
RATIONAL_B_SPLINE_SURFACE(((1.,0.948683298050515,1.),(1.,0.948683297885483,
1.),(1.,0.946575563536582,1.),(1.,0.94273731735925,1.)))
REPRESENTATION_ITEM('')
SURFACE()
);
#29=(
BOUNDED_SURFACE()
B_SPLINE_SURFACE(3,2,((#7952,#7953,#7954),(#7955,#7956,#7957),(#7958,#7959,
#7960),(#7961,#7962,#7963)),.UNSPECIFIED.,.F.,.F.,.F.)
B_SPLINE_SURFACE_WITH_KNOTS((4,4),(3,3),(7.21048052518119,7.85398163397448),
(0.,1.),.PIECEWISE_BEZIER_KNOTS.)
GEOMETRIC_REPRESENTATION_ITEM()
RATIONAL_B_SPLINE_SURFACE(((1.,0.905538513813739,1.),(1.,0.962388910426396,
1.),(1.,0.999999999810407,1.),(1.,1.,1.)))
REPRESENTATION_ITEM('')
SURFACE()
);
#30=(
BOUNDED_SURFACE()
B_SPLINE_SURFACE(3,2,((#7967,#7968,#7969),(#7970,#7971,#7972),(#7973,#7974,
#7975),(#7976,#7977,#7978)),.UNSPECIFIED.,.F.,.F.,.F.)
B_SPLINE_SURFACE_WITH_KNOTS((4,4),(3,3),(0.643501108793289,1.5707963267949),
(0.,1.),.PIECEWISE_BEZIER_KNOTS.)
GEOMETRIC_REPRESENTATION_ITEM()
RATIONAL_B_SPLINE_SURFACE(((1.,0.90553851381374,1.),(1.,0.86457745170442,
1.),(1.,0.794533034559556,1.),(1.,0.707106781186544,1.)))
REPRESENTATION_ITEM('')
SURFACE()
);
#31=(
BOUNDED_SURFACE()
B_SPLINE_SURFACE(3,2,((#7982,#7983,#7984),(#7985,#7986,#7987),(#7988,#7989,
#7990),(#7991,#7992,#7993)),.UNSPECIFIED.,.F.,.F.,.F.)
B_SPLINE_SURFACE_WITH_KNOTS((4,4),(3,3),(5.42507660283483,5.8328318067778),
(0.,1.),.PIECEWISE_BEZIER_KNOTS.)
GEOMETRIC_REPRESENTATION_ITEM()
RATIONAL_B_SPLINE_SURFACE(((1.,0.87266708538189,1.),(1.,0.896235488659393,
1.),(1.,0.914666531079934,1.),(1.,0.927425098992632,1.)))
REPRESENTATION_ITEM('')
SURFACE()
);
#32=(
BOUNDED_SURFACE()
B_SPLINE_SURFACE(3,2,((#8000,#8001,#8002),(#8003,#8004,#8005),(#8006,#8007,
#8008),(#8009,#8010,#8011),(#8012,#8013,#8014)),.UNSPECIFIED.,.F.,.F.,.F.)
B_SPLINE_SURFACE_WITH_KNOTS((4,1,4),(3,3),(0.00725959115150287,0.00774926171804407,
0.00823893228458526),(0.,1.),.UNSPECIFIED.)
GEOMETRIC_REPRESENTATION_ITEM()
RATIONAL_B_SPLINE_SURFACE(((1.,0.953780050785219,1.),(1.,0.953518468195526,
1.),(1.,0.951330604897751,1.),(1.,0.941104778111884,1.),(1.,0.927425098992882,
1.)))
REPRESENTATION_ITEM('')
SURFACE()
);
#33=(
BOUNDED_SURFACE()
B_SPLINE_SURFACE(3,2,((#8019,#8020,#8021),(#8022,#8023,#8024),(#8025,#8026,
#8027),(#8028,#8029,#8030)),.UNSPECIFIED.,.F.,.F.,.F.)
B_SPLINE_SURFACE_WITH_KNOTS((4,4),(3,3),(-8.67361737988404E-19,0.00110740532372865),
(0.,1.),.PIECEWISE_BEZIER_KNOTS.)
GEOMETRIC_REPRESENTATION_ITEM()
RATIONAL_B_SPLINE_SURFACE(((1.,0.948683298050515,1.),(1.,0.948683297885212,
1.),(1.,0.946575563537259,1.),(1.,0.942737317359233,1.)))
REPRESENTATION_ITEM('')
SURFACE()
);
#34=(
BOUNDED_SURFACE()
B_SPLINE_SURFACE(3,2,((#8034,#8035,#8036),(#8037,#8038,#8039),(#8040,#8041,
#8042),(#8043,#8044,#8045)),.UNSPECIFIED.,.F.,.F.,.F.)
B_SPLINE_SURFACE_WITH_KNOTS((4,4),(3,3),(3.78509376238308,4.71238898038469),
(0.,1.),.PIECEWISE_BEZIER_KNOTS.)
GEOMETRIC_REPRESENTATION_ITEM()
RATIONAL_B_SPLINE_SURFACE(((1.,0.905538513813738,1.),(1.,0.864577451704421,
1.),(1.,0.794533034559248,1.),(1.,0.707106781186535,1.)))
REPRESENTATION_ITEM('')
SURFACE()
);
#35=(
BOUNDED_SURFACE()
B_SPLINE_SURFACE(3,2,((#8049,#8050,#8051),(#8052,#8053,#8054),(#8055,#8056,
#8057),(#8058,#8059,#8060)),.UNSPECIFIED.,.F.,.F.,.F.)
B_SPLINE_SURFACE_WITH_KNOTS((4,4),(3,3),(4.06888787159138,4.71238898038469),
(0.,1.),.PIECEWISE_BEZIER_KNOTS.)
GEOMETRIC_REPRESENTATION_ITEM()
RATIONAL_B_SPLINE_SURFACE(((1.,0.905538513813734,1.),(1.,0.962388910426414,
1.),(1.,0.999999999810398,1.),(1.,1.,1.)))
REPRESENTATION_ITEM('')
SURFACE()
);
#36=(
BOUNDED_SURFACE()
B_SPLINE_SURFACE(3,2,((#8069,#8070,#8071),(#8072,#8073,#8074),(#8075,#8076,
#8077),(#8078,#8079,#8080),(#8081,#8082,#8083)),.UNSPECIFIED.,.F.,.F.,.F.)
B_SPLINE_SURFACE_WITH_KNOTS((4,1,4),(3,3),(2.22261445359528E-17,0.000220292214731643,
0.000440584429463264),(0.,1.),.UNSPECIFIED.)
GEOMETRIC_REPRESENTATION_ITEM()
RATIONAL_B_SPLINE_SURFACE(((1.,0.707106781186548,1.),(1.,0.816146749071681,
1.),(1.,0.955743679811975,1.),(1.,1.00000000101381,1.),(1.,1.,1.)))
REPRESENTATION_ITEM('')
SURFACE()
);
#37=(
BOUNDED_SURFACE()
B_SPLINE_SURFACE(3,2,((#8105,#8106,#8107),(#8108,#8109,#8110),(#8111,#8112,
#8113),(#8114,#8115,#8116),(#8117,#8118,#8119)),.UNSPECIFIED.,.F.,.F.,.F.)
B_SPLINE_SURFACE_WITH_KNOTS((4,1,4),(3,3),(2.21651581637505E-17,0.000220292214731644,
0.000440584429463265),(0.,1.),.UNSPECIFIED.)
GEOMETRIC_REPRESENTATION_ITEM()
RATIONAL_B_SPLINE_SURFACE(((1.,0.707106781186543,1.),(1.,0.816146749071689,
1.),(1.,0.955743679812165,1.),(1.,1.00000000101341,1.),(1.,1.,1.)))
REPRESENTATION_ITEM('')
SURFACE()
);
#38=(
BOUNDED_SURFACE()
B_SPLINE_SURFACE(3,2,((#8166,#8167,#8168),(#8169,#8170,#8171),(#8172,#8173,
#8174),(#8175,#8176,#8177),(#8178,#8179,#8180),(#8181,#8182,#8183)),
 .UNSPECIFIED.,.F.,.F.,.F.)
B_SPLINE_SURFACE_WITH_KNOTS((4,1,1,4),(3,3),(-1.51788304147971E-18,0.000285311173098544,
0.000570622346197089,0.00114124469239418),(0.,1.),.UNSPECIFIED.)
GEOMETRIC_REPRESENTATION_ITEM()
RATIONAL_B_SPLINE_SURFACE(((1.,0.948683298050517,1.),(1.,0.955206073762732,
1.),(1.,0.965324620576563,1.),(1.,0.960851267322209,1.),(1.,0.932142773261498,
1.),(1.,0.909864740633568,1.)))
REPRESENTATION_ITEM('')
SURFACE()
);
#39=(
BOUNDED_SURFACE()
B_SPLINE_SURFACE(3,2,((#8201,#8202,#8203),(#8204,#8205,#8206),(#8207,#8208,
#8209),(#8210,#8211,#8212)),.UNSPECIFIED.,.F.,.F.,.F.)
B_SPLINE_SURFACE_WITH_KNOTS((4,4),(3,3),(0.0013066664482523,0.00203904480466338),
(0.104579318749146,1.),.PIECEWISE_BEZIER_KNOTS.)
GEOMETRIC_REPRESENTATION_ITEM()
RATIONAL_B_SPLINE_SURFACE(((0.967997358501404,0.846993450132524,1.),(0.961098242128623,
0.814008360655463,1.),(0.953101053438445,0.775773321520428,1.),(0.945145502395265,
0.737737354474864,1.)))
REPRESENTATION_ITEM('')
SURFACE()
);
#40=(
BOUNDED_SURFACE()
B_SPLINE_SURFACE(3,2,((#8232,#8233,#8234),(#8235,#8236,#8237),(#8238,#8239,
#8240),(#8241,#8242,#8243)),.UNSPECIFIED.,.F.,.F.,.F.)
B_SPLINE_SURFACE_WITH_KNOTS((4,4),(3,3),(0.00128866370841647,0.00200654160764432),
(0.,0.895416870637),.PIECEWISE_BEZIER_KNOTS.)
GEOMETRIC_REPRESENTATION_ITEM()
RATIONAL_B_SPLINE_SURFACE(((1.,0.846738823527177,0.967942933109234),(1.,
0.813799607691395,0.961053160567496),(1.,0.775545389069453,0.953051668777857),
(1.,0.737738470576884,0.945143737082808)))
REPRESENTATION_ITEM('')
SURFACE()
);
#41=(
BOUNDED_SURFACE()
B_SPLINE_SURFACE(3,2,((#8268,#8269,#8270),(#8271,#8272,#8273),(#8274,#8275,
#8276),(#8277,#8278,#8279),(#8280,#8281,#8282)),.UNSPECIFIED.,.F.,.F.,.F.)
B_SPLINE_SURFACE_WITH_KNOTS((4,1,4),(3,3),(1.5707963267949,2.35619449019234,
3.14159265358979),(0.,1.),.UNSPECIFIED.)
GEOMETRIC_REPRESENTATION_ITEM()
RATIONAL_B_SPLINE_SURFACE(((1.,0.707106781186548,1.),(1.,0.762642821757322,
1.),(1.,0.859223310865707,1.),(1.,0.894427190997824,1.),(1.,0.894427190999917,
1.)))
REPRESENTATION_ITEM('')
SURFACE()
);
#42=(
BOUNDED_SURFACE()
B_SPLINE_SURFACE(3,2,((#8291,#8292,#8293),(#8294,#8295,#8296),(#8297,#8298,
#8299),(#8300,#8301,#8302),(#8303,#8304,#8305)),.UNSPECIFIED.,.F.,.F.,.F.)
B_SPLINE_SURFACE_WITH_KNOTS((4,1,4),(3,3),(1.66425033476525E-17,0.000129420660486892,
0.000258841320973767),(0.,1.),.UNSPECIFIED.)
GEOMETRIC_REPRESENTATION_ITEM()
RATIONAL_B_SPLINE_SURFACE(((1.,0.556235124123797,1.),(1.,0.528710380752991,
1.),(1.,0.469938911095986,1.),(1.,0.435132125376774,1.),(1.,0.43513196644257,
1.)))
REPRESENTATION_ITEM('')
SURFACE()
);
#43=(
BOUNDED_SURFACE()
B_SPLINE_SURFACE(3,2,((#8312,#8313,#8314),(#8315,#8316,#8317),(#8318,#8319,
#8320),(#8321,#8322,#8323),(#8324,#8325,#8326),(#8327,#8328,#8329)),
 .UNSPECIFIED.,.F.,.F.,.F.)
B_SPLINE_SURFACE_WITH_KNOTS((4,1,1,4),(3,3),(6.73536943138466,7.01502248203211,
7.29467553267957,7.85398163397448),(0.,1.),.UNSPECIFIED.)
GEOMETRIC_REPRESENTATION_ITEM()
RATIONAL_B_SPLINE_SURFACE(((1.,0.556235124123784,1.),(1.,0.612454222999949,
1.),(1.,0.731148445569075,1.),(1.,0.930200010306748,1.),(1.,0.999999999974349,
1.),(1.,1.,1.)))
REPRESENTATION_ITEM('')
SURFACE()
);
#44=(
BOUNDED_SURFACE()
B_SPLINE_SURFACE(3,2,((#8399,#8400,#8401),(#8402,#8403,#8404),(#8405,#8406,
#8407),(#8408,#8409,#8410),(#8411,#8412,#8413),(#8414,#8415,#8416)),
 .UNSPECIFIED.,.F.,.F.,.F.)
B_SPLINE_SURFACE_WITH_KNOTS((4,1,1,4),(3,3),(1.5707963267949,2.13010242809027,
2.40975547873795,2.68940852938564),(0.,1.),.UNSPECIFIED.)
GEOMETRIC_REPRESENTATION_ITEM()
RATIONAL_B_SPLINE_SURFACE(((1.,1.,1.),(1.,0.999999999974349,1.),(1.,0.930200010306479,
1.),(1.,0.7311484455689,1.),(1.,0.612454222998877,1.),(1.,0.556235124123229,
1.)))
REPRESENTATION_ITEM('')
SURFACE()
);
#45=(
BOUNDED_SURFACE()
B_SPLINE_SURFACE(3,2,((#8420,#8421,#8422),(#8423,#8424,#8425),(#8426,#8427,
#8428),(#8429,#8430,#8431),(#8432,#8433,#8434)),.UNSPECIFIED.,.F.,.F.,.F.)
B_SPLINE_SURFACE_WITH_KNOTS((4,1,4),(3,3),(-5.70290342727375E-17,0.000129420660486606,
0.00025884132097327),(0.,1.),.UNSPECIFIED.)
GEOMETRIC_REPRESENTATION_ITEM()
RATIONAL_B_SPLINE_SURFACE(((1.,0.556235124123484,1.),(1.,0.528710380756636,
1.),(1.,0.469938911093928,1.),(1.,0.435132125376774,1.),(1.,0.43513196644257,
1.)))
REPRESENTATION_ITEM('')
SURFACE()
);
#46=(
BOUNDED_SURFACE()
B_SPLINE_SURFACE(3,2,((#8441,#8442,#8443),(#8444,#8445,#8446),(#8447,#8448,
#8449),(#8450,#8451,#8452),(#8453,#8454,#8455)),.UNSPECIFIED.,.F.,.F.,.F.)
B_SPLINE_SURFACE_WITH_KNOTS((4,1,4),(3,3),(4.71238898038469,5.49778714378214,
6.28318530717959),(0.,1.),.UNSPECIFIED.)
GEOMETRIC_REPRESENTATION_ITEM()
RATIONAL_B_SPLINE_SURFACE(((1.,0.707106781186546,1.),(1.,0.762642821756938,
1.),(1.,0.859223310865894,1.),(1.,0.894427190997824,1.),(1.,0.894427190999917,
1.)))
REPRESENTATION_ITEM('')
SURFACE()
);
#47=(
BOUNDED_SURFACE()
B_SPLINE_SURFACE(3,2,((#8458,#8459,#8460),(#8461,#8462,#8463),(#8464,#8465,
#8466),(#8467,#8468,#8469),(#8470,#8471,#8472),(#8473,#8474,#8475)),
 .UNSPECIFIED.,.F.,.F.,.F.)
B_SPLINE_SURFACE_WITH_KNOTS((4,1,1,4),(3,3),(-3.90312782094782E-18,0.000584419267652166,
0.00116883853530434,0.00233767707060868),(0.,1.),.UNSPECIFIED.)
GEOMETRIC_REPRESENTATION_ITEM()
RATIONAL_B_SPLINE_SURFACE(((1.,0.707106781186548,1.),(1.,0.725613673756276,
1.),(1.,0.800144429819185,1.),(1.,0.950316600361395,1.),(1.,0.999999999976599,
1.),(1.,1.,1.)))
REPRESENTATION_ITEM('')
SURFACE()
);
#48=(
BOUNDED_SURFACE()
B_SPLINE_SURFACE(3,2,((#8500,#8501,#8502),(#8503,#8504,#8505),(#8506,#8507,
#8508),(#8509,#8510,#8511)),.UNSPECIFIED.,.F.,.F.,.F.)
B_SPLINE_SURFACE_WITH_KNOTS((4,4),(3,3),(7.33329639685348,7.85398163397448),
(0.,1.),.PIECEWISE_BEZIER_KNOTS.)
GEOMETRIC_REPRESENTATION_ITEM()
RATIONAL_B_SPLINE_SURFACE(((1.,0.888122571432071,1.),(1.,0.960108240491012,
1.),(1.,0.999999997012542,1.),(1.,1.,1.)))
REPRESENTATION_ITEM('')
SURFACE()
);
#49=(
BOUNDED_SURFACE()
B_SPLINE_SURFACE(3,2,((#8515,#8516,#8517),(#8518,#8519,#8520),(#8521,#8522,
#8523),(#8524,#8525,#8526),(#8527,#8528,#8529),(#8530,#8531,#8532),(#8533,
#8534,#8535),(#8536,#8537,#8538),(#8539,#8540,#8541)),.UNSPECIFIED.,.F.,
 .F.,.F.)
B_SPLINE_SURFACE_WITH_KNOTS((4,1,1,1,1,1,4),(3,3),(1.83365692421611E-17,
3.98431162558359E-5,7.96862325116535E-5,9.96077906395623E-5,0.000119529348767471,
0.00013945090689538,0.000159372465023289),(0.,1.),.UNSPECIFIED.)
GEOMETRIC_REPRESENTATION_ITEM()
RATIONAL_B_SPLINE_SURFACE(((1.,0.888122571431959,1.),(1.,0.864843342302908,
1.),(1.,0.809855141217461,1.),(1.,0.713870500640274,1.),(1.,0.617665429006721,
1.),(1.,0.538772301310412,1.),(1.,0.461551025241778,1.),(1.,0.435135691131338,
1.),(1.,0.43513196644392,1.)))
REPRESENTATION_ITEM('')
SURFACE()
);
#50=(
BOUNDED_SURFACE()
B_SPLINE_SURFACE(3,2,((#8554,#8555,#8556),(#8557,#8558,#8559),(#8560,#8561,
#8562),(#8563,#8564,#8565)),.UNSPECIFIED.,.F.,.F.,.F.)
B_SPLINE_SURFACE_WITH_KNOTS((4,4),(3,3),(4.55364912443912E-18,0.000408903095769173),
(0.,1.),.PIECEWISE_BEZIER_KNOTS.)
GEOMETRIC_REPRESENTATION_ITEM()
RATIONAL_B_SPLINE_SURFACE(((1.,0.707106781186547,1.),(1.,0.715262658577734,
1.),(1.,0.726055478460051,1.),(1.,0.73753673442229,1.)))
REPRESENTATION_ITEM('')
SURFACE()
);
#51=(
BOUNDED_SURFACE()
B_SPLINE_SURFACE(3,2,((#8567,#8568,#8569),(#8570,#8571,#8572),(#8573,#8574,
#8575),(#8576,#8577,#8578)),.UNSPECIFIED.,.F.,.F.,.F.)
B_SPLINE_SURFACE_WITH_KNOTS((4,4),(3,3),(4.24718605305178,4.58772746187827),
(0.,1.),.PIECEWISE_BEZIER_KNOTS.)
GEOMETRIC_REPRESENTATION_ITEM()
RATIONAL_B_SPLINE_SURFACE(((1.,0.811545147488317,1.),(1.,0.789446402606472,
1.),(1.,0.764533185888238,1.),(1.,0.737536734422291,1.)))
REPRESENTATION_ITEM('')
SURFACE()
);
#52=(
BOUNDED_SURFACE()
B_SPLINE_SURFACE(3,2,((#8580,#8581,#8582),(#8583,#8584,#8585),(#8586,#8587,
#8588),(#8589,#8590,#8591)),.UNSPECIFIED.,.F.,.F.,.F.)
B_SPLINE_SURFACE_WITH_KNOTS((4,4),(3,3),(-1.07878116162308E-17,0.000352725301361239),
(0.,1.),.PIECEWISE_BEZIER_KNOTS.)
GEOMETRIC_REPRESENTATION_ITEM()
RATIONAL_B_SPLINE_SURFACE(((1.,0.707106781186548,1.),(1.,0.756098591309292,
1.),(1.,0.790577943196052,1.),(1.,0.811545147488316,1.)))
REPRESENTATION_ITEM('')
SURFACE()
);
#53=(
BOUNDED_SURFACE()
B_SPLINE_SURFACE(3,2,((#8595,#8596,#8597),(#8598,#8599,#8600),(#8601,#8602,
#8603),(#8604,#8605,#8606)),.UNSPECIFIED.,.F.,.F.,.F.)
B_SPLINE_SURFACE_WITH_KNOTS((4,4),(3,3),(1.45283091113058E-17,0.000928442517317492),
(0.,1.),.PIECEWISE_BEZIER_KNOTS.)
GEOMETRIC_REPRESENTATION_ITEM()
RATIONAL_B_SPLINE_SURFACE(((1.,0.707106781186548,1.),(1.,0.741188454705066,
1.),(1.,0.780814035235745,1.),(1.,0.813533497744365,1.)))
REPRESENTATION_ITEM('')
SURFACE()
);
#54=(
BOUNDED_SURFACE()
B_SPLINE_SURFACE(3,2,((#8608,#8609,#8610),(#8611,#8612,#8613),(#8614,#8615,
#8616),(#8617,#8618,#8619)),.UNSPECIFIED.,.F.,.F.,.F.)
B_SPLINE_SURFACE_WITH_KNOTS((4,4),(3,3),(-4.88521170131234E-16,0.00032465949499948),
(0.,0.642934769383185),.PIECEWISE_BEZIER_KNOTS.)
GEOMETRIC_REPRESENTATION_ITEM()
RATIONAL_B_SPLINE_SURFACE(((1.,0.880114202373555,0.914385900045665),(1.,
0.90581628634965,0.93274054113018),(1.,0.910829707298438,0.936320777744696),
(1.,0.918463377870919,0.941772214431527)))
REPRESENTATION_ITEM('')
SURFACE()
);
#55=(
BOUNDED_SURFACE()
B_SPLINE_SURFACE(3,2,((#8620,#8621,#8622),(#8623,#8624,#8625),(#8626,#8627,
#8628),(#8629,#8630,#8631),(#8632,#8633,#8634),(#8635,#8636,#8637)),
 .UNSPECIFIED.,.F.,.F.,.F.)
B_SPLINE_SURFACE_WITH_KNOTS((4,1,1,4),(3,3),(-3.90312782094782E-18,0.000584419267652166,
0.00116883853530434,0.00233767707060868),(0.,1.),.UNSPECIFIED.)
GEOMETRIC_REPRESENTATION_ITEM()
RATIONAL_B_SPLINE_SURFACE(((1.,0.707106781186548,1.),(1.,0.725613673756232,
1.),(1.,0.800144429819205,1.),(1.,0.950316600361383,1.),(1.,0.999999999976599,
1.),(1.,1.,1.)))
REPRESENTATION_ITEM('')
SURFACE()
);
#56=(
BOUNDED_SURFACE()
B_SPLINE_SURFACE(3,2,((#8662,#8663,#8664),(#8665,#8666,#8667),(#8668,#8669,
#8670),(#8671,#8672,#8673),(#8674,#8675,#8676),(#8677,#8678,#8679),(#8680,
#8681,#8682),(#8683,#8684,#8685),(#8686,#8687,#8688)),.UNSPECIFIED.,.F.,
 .F.,.F.)
B_SPLINE_SURFACE_WITH_KNOTS((4,1,1,1,1,1,4),(3,3),(1.84314369322536E-17,
3.9843116255836E-5,7.96862325116535E-5,9.96077906395623E-5,0.000119529348767471,
0.00013945090689538,0.000159372465023289),(0.,1.),.UNSPECIFIED.)
GEOMETRIC_REPRESENTATION_ITEM()
RATIONAL_B_SPLINE_SURFACE(((1.,0.888122571431959,1.),(1.,0.864843342302908,
1.),(1.,0.809855141217461,1.),(1.,0.713870500640274,1.),(1.,0.617665429006721,
1.),(1.,0.538772301310412,1.),(1.,0.461551025241778,1.),(1.,0.435135691131338,
1.),(1.,0.43513196644392,1.)))
REPRESENTATION_ITEM('')
SURFACE()
);
#57=(
BOUNDED_SURFACE()
B_SPLINE_SURFACE(3,2,((#8695,#8696,#8697),(#8698,#8699,#8700),(#8701,#8702,
#8703),(#8704,#8705,#8706)),.UNSPECIFIED.,.F.,.F.,.F.)
B_SPLINE_SURFACE_WITH_KNOTS((4,4),(3,3),(7.33329639685348,7.85398163397448),
(0.,1.),.PIECEWISE_BEZIER_KNOTS.)
GEOMETRIC_REPRESENTATION_ITEM()
RATIONAL_B_SPLINE_SURFACE(((1.,0.888122571432071,1.),(1.,0.960108240491012,
1.),(1.,0.999999997012542,1.),(1.,1.,1.)))
REPRESENTATION_ITEM('')
SURFACE()
);
#58=(
BOUNDED_SURFACE()
B_SPLINE_SURFACE(3,2,((#8716,#8717,#8718),(#8719,#8720,#8721),(#8722,#8723,
#8724),(#8725,#8726,#8727)),.UNSPECIFIED.,.F.,.F.,.F.)
B_SPLINE_SURFACE_WITH_KNOTS((4,4),(3,3),(-1.19262238973405E-18,0.000408903095769423),
(0.,1.),.PIECEWISE_BEZIER_KNOTS.)
GEOMETRIC_REPRESENTATION_ITEM()
RATIONAL_B_SPLINE_SURFACE(((1.,0.737536734422312,1.),(1.,0.726055478460072,
1.),(1.,0.715262658577739,1.),(1.,0.707106781186547,1.)))
REPRESENTATION_ITEM('')
SURFACE()
);
#59=(
BOUNDED_SURFACE()
B_SPLINE_SURFACE(3,2,((#8729,#8730,#8731),(#8732,#8733,#8734),(#8735,#8736,
#8737),(#8738,#8739,#8740)),.UNSPECIFIED.,.F.,.F.,.F.)
B_SPLINE_SURFACE_WITH_KNOTS((4,4),(3,3),(4.24718605305178,4.58772746187827),
(0.,1.),.PIECEWISE_BEZIER_KNOTS.)
GEOMETRIC_REPRESENTATION_ITEM()
RATIONAL_B_SPLINE_SURFACE(((1.,0.811545147488317,1.),(1.,0.789446402606472,
1.),(1.,0.764533185888238,1.),(1.,0.737536734422291,1.)))
REPRESENTATION_ITEM('')
SURFACE()
);
#60=(
BOUNDED_SURFACE()
B_SPLINE_SURFACE(3,2,((#8742,#8743,#8744),(#8745,#8746,#8747),(#8748,#8749,
#8750),(#8751,#8752,#8753)),.UNSPECIFIED.,.F.,.F.,.F.)
B_SPLINE_SURFACE_WITH_KNOTS((4,4),(3,3),(1.60732972070976E-17,0.000353461307219802),
(0.,1.),.PIECEWISE_BEZIER_KNOTS.)
GEOMETRIC_REPRESENTATION_ITEM()
RATIONAL_B_SPLINE_SURFACE(((1.,0.811545147488316,1.),(1.,0.790672458260361,
1.),(1.,0.755943368897816,1.),(1.,0.707106781186548,1.)))
REPRESENTATION_ITEM('')
SURFACE()
);
#61=(
BOUNDED_SURFACE()
B_SPLINE_SURFACE(3,2,((#8757,#8758,#8759),(#8760,#8761,#8762),(#8763,#8764,
#8765),(#8766,#8767,#8768)),.UNSPECIFIED.,.F.,.F.,.F.)
B_SPLINE_SURFACE_WITH_KNOTS((4,4),(3,3),(1.45283091113058E-17,0.000928442517314553),
(0.,1.),.PIECEWISE_BEZIER_KNOTS.)
GEOMETRIC_REPRESENTATION_ITEM()
RATIONAL_B_SPLINE_SURFACE(((1.,0.707106781186548,1.),(1.,0.741188454704959,
1.),(1.,0.78081403523621,1.),(1.,0.813533497744053,1.)))
REPRESENTATION_ITEM('')
SURFACE()
);
#62=(
BOUNDED_SURFACE()
B_SPLINE_SURFACE(3,2,((#8770,#8771,#8772),(#8773,#8774,#8775),(#8776,#8777,
#8778),(#8779,#8780,#8781)),.UNSPECIFIED.,.F.,.F.,.F.)
B_SPLINE_SURFACE_WITH_KNOTS((4,4),(3,3),(-5.70019292184254E-15,0.000324637762342801),
(0.357065231346295,1.),.PIECEWISE_BEZIER_KNOTS.)
GEOMETRIC_REPRESENTATION_ITEM()
RATIONAL_B_SPLINE_SURFACE(((0.914385899968175,0.88011420250997,1.),(0.932747154627068,
0.90582554745059,1.),(0.936322343128135,0.910831899493865,1.),(0.941772185903894,
0.918463338090128,1.)))
REPRESENTATION_ITEM('')
SURFACE()
);
#63=(
BOUNDED_SURFACE()
B_SPLINE_SURFACE(3,2,((#8784,#8785,#8786),(#8787,#8788,#8789),(#8790,#8791,
#8792),(#8793,#8794,#8795),(#8796,#8797,#8798),(#8799,#8800,#8801),(#8802,
#8803,#8804)),.UNSPECIFIED.,.F.,.F.,.F.)
B_SPLINE_SURFACE_WITH_KNOTS((4,1,1,1,4),(3,3),(-1.08345399568287E-9,0.000284176533880067,
0.00056835415121413,0.000852531768548193,0.00113670938588226),(0.,1.),
 .UNSPECIFIED.)
GEOMETRIC_REPRESENTATION_ITEM()
RATIONAL_B_SPLINE_SURFACE(((1.,0.909864740633547,1.),(1.,0.920998877843461,
1.),(1.,0.941027546385436,1.),(1.,0.96214088749873,1.),(1.,0.965275491594306,
1.),(1.,0.955205046174484,1.),(1.,0.948683298050517,1.)))
REPRESENTATION_ITEM('')
SURFACE()
);
#64=SPHERICAL_SURFACE('',#4703,0.001);
#65=SPHERICAL_SURFACE('',#4711,0.001);
#66=SPHERICAL_SURFACE('',#4827,0.001);
#67=SPHERICAL_SURFACE('',#4832,0.001);
#68=SPHERICAL_SURFACE('',#4834,0.001);
#69=SPHERICAL_SURFACE('',#4839,0.001);
#70=SPHERICAL_SURFACE('',#4880,0.001);
#71=SPHERICAL_SURFACE('',#4882,0.001);
#72=SPHERICAL_SURFACE('',#4887,0.001);
#73=SPHERICAL_SURFACE('',#4889,0.001);
#74=CONICAL_SURFACE('',#4689,0.0035,0.785398163397447);
#75=CONICAL_SURFACE('',#4691,0.0035,0.785398163397447);
#76=CONICAL_SURFACE('',#4694,0.0035,0.785398163397452);
#77=CONICAL_SURFACE('',#4696,0.0035,0.785398163397452);
#78=CONICAL_SURFACE('',#5163,0.002,0.785398163397448);
#79=CONICAL_SURFACE('',#5166,0.00160606601717798,0.785398163397448);
#80=TOROIDAL_SURFACE('',#4639,0.002508,0.002);
#81=TOROIDAL_SURFACE('',#4640,0.002508,0.002);
#82=TOROIDAL_SURFACE('',#4708,0.002,0.001);
#83=TOROIDAL_SURFACE('',#4717,0.002,0.001);
#84=TOROIDAL_SURFACE('',#4775,0.0054,0.0006);
#85=TOROIDAL_SURFACE('',#4779,0.0066,0.0006);
#86=TOROIDAL_SURFACE('',#4783,0.0026,0.0006);
#87=TOROIDAL_SURFACE('',#4793,0.0054,0.0006);
#88=TOROIDAL_SURFACE('',#4797,0.0066,0.0006);
#89=TOROIDAL_SURFACE('',#4801,0.0026,0.0006);
#90=TOROIDAL_SURFACE('',#4808,0.0066,0.0006);
#91=TOROIDAL_SURFACE('',#4812,0.0026,0.0006);
#92=TOROIDAL_SURFACE('',#4819,0.0066,0.0006);
#93=TOROIDAL_SURFACE('',#4823,0.0026,0.0006);
#94=TOROIDAL_SURFACE('',#4844,0.00534491012920367,0.005);
#95=TOROIDAL_SURFACE('',#4847,0.00534491012920367,0.005);
#96=TOROIDAL_SURFACE('',#4854,0.00534491012920367,0.005);
#97=TOROIDAL_SURFACE('',#4857,0.00534491012920367,0.005);
#98=TOROIDAL_SURFACE('',#4864,0.00241778452730955,0.001);
#99=TOROIDAL_SURFACE('',#4866,0.00241778452730955,0.001);
#100=TOROIDAL_SURFACE('',#4872,0.00241778452730955,0.001);
#101=TOROIDAL_SURFACE('',#4874,0.00241778452730955,0.001);
#102=TOROIDAL_SURFACE('',#4894,0.00534491012920367,0.005);
#103=TOROIDAL_SURFACE('',#4897,0.00534491012920367,0.005);
#104=TOROIDAL_SURFACE('',#4904,0.00534491012920367,0.005);
#105=TOROIDAL_SURFACE('',#4907,0.00534491012920367,0.005);
#106=TOROIDAL_SURFACE('',#4911,0.00241778452730955,0.001);
#107=TOROIDAL_SURFACE('',#4918,0.00241778452730955,0.001);
#108=TOROIDAL_SURFACE('',#4919,0.00241778452730955,0.001);
#109=TOROIDAL_SURFACE('',#4926,0.00241778452730955,0.001);
#110=TOROIDAL_SURFACE('',#4964,0.0021,0.0015);
#111=TOROIDAL_SURFACE('',#4969,0.000992,0.000508);
#112=TOROIDAL_SURFACE('',#4973,0.0021,0.0015);
#113=TOROIDAL_SURFACE('',#4978,0.000992,0.000508);
#114=TOROIDAL_SURFACE('',#5022,0.003,0.001);
#115=TOROIDAL_SURFACE('',#5026,0.0025,0.001);
#116=TOROIDAL_SURFACE('',#5030,0.007,0.001);
#117=TOROIDAL_SURFACE('',#5034,0.001,0.001);
#118=TOROIDAL_SURFACE('',#5038,0.001,0.001);
#119=TOROIDAL_SURFACE('',#5042,0.007,0.001);
#120=TOROIDAL_SURFACE('',#5046,0.005,0.001);
#121=TOROIDAL_SURFACE('',#5051,0.005,0.001);
#122=TOROIDAL_SURFACE('',#5055,0.007,0.001);
#123=TOROIDAL_SURFACE('',#5059,0.001,0.001);
#124=TOROIDAL_SURFACE('',#5063,0.001,0.001);
#125=TOROIDAL_SURFACE('',#5067,0.007,0.001);
#126=TOROIDAL_SURFACE('',#5071,0.0025,0.001);
#127=TOROIDAL_SURFACE('',#5075,0.003,0.001);
#128=TOROIDAL_SURFACE('',#5088,0.0016,0.0006);
#129=TOROIDAL_SURFACE('',#5096,0.0016,0.0006);
#130=TOROIDAL_SURFACE('',#5100,0.0026,0.0006);
#131=TOROIDAL_SURFACE('',#5105,0.0009,0.0006);
#132=TOROIDAL_SURFACE('',#5110,0.0014,0.0006);
#133=TOROIDAL_SURFACE('',#5114,0.0016,0.0006);
#134=TOROIDAL_SURFACE('',#5119,0.0026,0.0006);
#135=TOROIDAL_SURFACE('',#5123,0.0016,0.0006);
#136=TOROIDAL_SURFACE('',#5131,0.0016,0.0006);
#137=TOROIDAL_SURFACE('',#5135,0.0026,0.0006);
#138=TOROIDAL_SURFACE('',#5137,0.0009,0.0006);
#139=TOROIDAL_SURFACE('',#5145,0.0014,0.0006);
#140=TOROIDAL_SURFACE('',#5149,0.0016,0.0006);
#141=TOROIDAL_SURFACE('',#5154,0.0026,0.0006);
#142=CIRCLE('',#4557,0.0041);
#143=CIRCLE('',#4558,0.0015);
#144=CIRCLE('',#4559,0.000992);
#145=CIRCLE('',#4561,0.0035);
#146=CIRCLE('',#4562,0.0035);
#147=CIRCLE('',#4564,0.000992);
#148=CIRCLE('',#4565,0.002);
#149=CIRCLE('',#4566,0.002);
#150=CIRCLE('',#4568,0.0054);
#151=CIRCLE('',#4569,0.0066);
#152=CIRCLE('',#4570,0.0066);
#153=CIRCLE('',#4575,0.0006);
#154=CIRCLE('',#4576,0.0006);
#155=CIRCLE('',#4580,0.0026);
#156=CIRCLE('',#4582,0.0016);
#157=CIRCLE('',#4583,0.0021);
#158=CIRCLE('',#4584,0.0016);
#159=CIRCLE('',#4585,0.0004);
#160=CIRCLE('',#4587,0.0016);
#161=CIRCLE('',#4588,0.002508);
#162=CIRCLE('',#4591,0.0016);
#163=CIRCLE('',#4592,0.0004);
#164=CIRCLE('',#4593,0.0016);
#165=CIRCLE('',#4594,0.0021);
#166=CIRCLE('',#4596,0.0035);
#167=CIRCLE('',#4597,0.0035);
#168=CIRCLE('',#4598,0.00381213203435596);
#169=CIRCLE('',#4599,0.002);
#170=CIRCLE('',#4601,0.0026);
#171=CIRCLE('',#4605,0.003);
#172=CIRCLE('',#4606,0.0025);
#173=CIRCLE('',#4607,0.007);
#174=CIRCLE('',#4608,0.001);
#175=CIRCLE('',#4609,0.001);
#176=CIRCLE('',#4610,0.007);
#177=CIRCLE('',#4611,0.005);
#178=CIRCLE('',#4612,0.00241778452730955);
#179=CIRCLE('',#4613,0.00241778452730955);
#180=CIRCLE('',#4614,0.00241778452730955);
#181=CIRCLE('',#4615,0.00241778452730955);
#182=CIRCLE('',#4617,0.005);
#183=CIRCLE('',#4618,0.007);
#184=CIRCLE('',#4619,0.001);
#185=CIRCLE('',#4620,0.001);
#186=CIRCLE('',#4621,0.007);
#187=CIRCLE('',#4622,0.0025);
#188=CIRCLE('',#4623,0.003);
#189=CIRCLE('',#4625,0.00241778452730955);
#190=CIRCLE('',#4626,0.00241778452730955);
#191=CIRCLE('',#4627,0.00241778452730955);
#192=CIRCLE('',#4628,0.00241778452730955);
#193=CIRCLE('',#4631,0.0016);
#194=CIRCLE('',#4633,0.002508);
#195=CIRCLE('',#4635,0.002);
#196=CIRCLE('',#4637,0.002);
#197=CIRCLE('',#4641,0.002);
#198=CIRCLE('',#4643,0.002);
#199=CIRCLE('',#4647,0.0026);
#200=CIRCLE('',#4648,0.0014);
#201=CIRCLE('',#4650,0.0026);
#202=CIRCLE('',#4651,0.0014);
#203=CIRCLE('',#4661,0.000508);
#204=CIRCLE('',#4663,0.000508);
#205=CIRCLE('',#4665,0.002);
#206=CIRCLE('',#4666,0.002);
#207=CIRCLE('',#4668,0.002);
#208=CIRCLE('',#4669,0.002);
#209=CIRCLE('',#4671,0.002);
#210=CIRCLE('',#4672,0.002);
#211=CIRCLE('',#4674,0.002);
#212=CIRCLE('',#4675,0.002);
#213=CIRCLE('',#4677,0.004);
#214=CIRCLE('',#4679,0.004);
#215=CIRCLE('',#4682,0.004);
#216=CIRCLE('',#4683,0.004);
#217=CIRCLE('',#4685,0.0066);
#218=CIRCLE('',#4686,0.0066);
#219=CIRCLE('',#4687,0.0054);
#220=CIRCLE('',#4704,0.001);
#221=CIRCLE('',#4705,0.001);
#222=CIRCLE('',#4707,0.001);
#223=CIRCLE('',#4709,0.001);
#224=CIRCLE('',#4710,0.001);
#225=CIRCLE('',#4712,0.001);
#226=CIRCLE('',#4714,0.001);
#227=CIRCLE('',#4716,0.001);
#228=CIRCLE('',#4721,0.0026);
#229=CIRCLE('',#4723,0.0026);
#230=CIRCLE('',#4726,0.0026);
#231=CIRCLE('',#4728,0.0026);
#232=CIRCLE('',#4731,0.006);
#233=CIRCLE('',#4732,0.006);
#234=CIRCLE('',#4734,0.006);
#235=CIRCLE('',#4735,0.006);
#236=CIRCLE('',#4737,0.006);
#237=CIRCLE('',#4738,0.006);
#238=CIRCLE('',#4740,0.006);
#239=CIRCLE('',#4741,0.006);
#240=CIRCLE('',#4743,0.006);
#241=CIRCLE('',#4744,0.006);
#242=CIRCLE('',#4746,0.006);
#243=CIRCLE('',#4747,0.006);
#244=CIRCLE('',#4755,0.002);
#245=CIRCLE('',#4756,0.002);
#246=CIRCLE('',#4758,0.002);
#247=CIRCLE('',#4759,0.002);
#248=CIRCLE('',#4761,0.002);
#249=CIRCLE('',#4764,0.002);
#250=CIRCLE('',#4767,0.002);
#251=CIRCLE('',#4770,0.002);
#252=CIRCLE('',#4772,0.0006);
#253=CIRCLE('',#4774,0.0006);
#254=CIRCLE('',#4776,0.0006);
#255=CIRCLE('',#4778,0.0006);
#256=CIRCLE('',#4780,0.0006);
#257=CIRCLE('',#4782,0.0006);
#258=CIRCLE('',#4784,0.0006);
#259=CIRCLE('',#4786,0.0006);
#260=CIRCLE('',#4788,0.0006);
#261=CIRCLE('',#4789,0.0006);
#262=CIRCLE('',#4790,0.0006);
#263=CIRCLE('',#4792,0.0006);
#264=CIRCLE('',#4794,0.0006);
#265=CIRCLE('',#4796,0.0006);
#266=CIRCLE('',#4798,0.0006);
#267=CIRCLE('',#4800,0.0006);
#268=CIRCLE('',#4802,0.0006);
#269=CIRCLE('',#4804,0.0006);
#270=CIRCLE('',#4805,0.0006);
#271=CIRCLE('',#4807,0.0006);
#272=CIRCLE('',#4809,0.0006);
#273=CIRCLE('',#4811,0.0006);
#274=CIRCLE('',#4813,0.0006);
#275=CIRCLE('',#4815,0.0006);
#276=CIRCLE('',#4817,0.0006);
#277=CIRCLE('',#4818,0.0006);
#278=CIRCLE('',#4820,0.0006);
#279=CIRCLE('',#4822,0.0006);
#280=CIRCLE('',#4824,0.0006);
#281=CIRCLE('',#4826,0.0006);
#282=CIRCLE('',#4828,0.001);
#283=CIRCLE('',#4829,0.000890818354867277);
#284=CIRCLE('',#4831,0.001);
#285=CIRCLE('',#4833,0.000890818354867277);
#286=CIRCLE('',#4835,0.001);
#287=CIRCLE('',#4836,0.000890818354867277);
#288=CIRCLE('',#4838,0.001);
#289=CIRCLE('',#4840,0.000890818354867277);
#290=CIRCLE('',#4842,0.005);
#291=CIRCLE('',#4843,0.005);
#292=CIRCLE('',#4845,0.00168600312683602);
#293=CIRCLE('',#4846,0.005);
#294=CIRCLE('',#4848,0.005);
#295=CIRCLE('',#4849,0.00168600312683602);
#296=CIRCLE('',#4852,0.005);
#297=CIRCLE('',#4853,0.005);
#298=CIRCLE('',#4855,0.00168600312683602);
#299=CIRCLE('',#4856,0.005);
#300=CIRCLE('',#4858,0.005);
#301=CIRCLE('',#4859,0.00168600312683602);
#302=CIRCLE('',#4862,0.001);
#303=CIRCLE('',#4863,0.001);
#304=CIRCLE('',#4865,0.001);
#305=CIRCLE('',#4867,0.001);
#306=CIRCLE('',#4870,0.001);
#307=CIRCLE('',#4871,0.001);
#308=CIRCLE('',#4873,0.001);
#309=CIRCLE('',#4875,0.001);
#310=CIRCLE('',#4878,0.001);
#311=CIRCLE('',#4879,0.001);
#312=CIRCLE('',#4881,0.000890818354867277);
#313=CIRCLE('',#4883,0.000890818354867277);
#314=CIRCLE('',#4885,0.001);
#315=CIRCLE('',#4886,0.001);
#316=CIRCLE('',#4888,0.000890818354867277);
#317=CIRCLE('',#4890,0.000890818354867277);
#318=CIRCLE('',#4892,0.005);
#319=CIRCLE('',#4893,0.005);
#320=CIRCLE('',#4895,0.00168600312683602);
#321=CIRCLE('',#4896,0.005);
#322=CIRCLE('',#4898,0.005);
#323=CIRCLE('',#4899,0.00168600312683602);
#324=CIRCLE('',#4902,0.005);
#325=CIRCLE('',#4903,0.005);
#326=CIRCLE('',#4905,0.00168600312683602);
#327=CIRCLE('',#4906,0.005);
#328=CIRCLE('',#4908,0.005);
#329=CIRCLE('',#4909,0.00168600312683602);
#330=CIRCLE('',#4912,0.001);
#331=CIRCLE('',#4913,0.001);
#332=CIRCLE('',#4915,0.001);
#333=CIRCLE('',#4917,0.001);
#334=CIRCLE('',#4920,0.001);
#335=CIRCLE('',#4921,0.001);
#336=CIRCLE('',#4923,0.001);
#337=CIRCLE('',#4925,0.001);
#338=CIRCLE('',#4928,0.001);
#339=CIRCLE('',#4930,0.001);
#340=CIRCLE('',#4931,0.001);
#341=CIRCLE('',#4933,0.001);
#342=CIRCLE('',#4935,0.001);
#343=CIRCLE('',#4936,0.001);
#344=CIRCLE('',#4943,0.0025);
#345=CIRCLE('',#4944,0.0025);
#346=CIRCLE('',#4947,0.002);
#347=CIRCLE('',#4952,0.0025);
#348=CIRCLE('',#4953,0.0025);
#349=CIRCLE('',#4956,0.002);
#350=CIRCLE('',#4962,0.0015);
#351=CIRCLE('',#4963,0.0015);
#352=CIRCLE('',#4965,0.0015);
#353=CIRCLE('',#4966,0.000508);
#354=CIRCLE('',#4968,0.0015);
#355=CIRCLE('',#4971,0.0015);
#356=CIRCLE('',#4972,0.0015);
#357=CIRCLE('',#4974,0.0015);
#358=CIRCLE('',#4976,0.0015);
#359=CIRCLE('',#4977,0.000508);
#360=CIRCLE('',#4989,0.0015);
#361=CIRCLE('',#4990,0.0015);
#362=CIRCLE('',#4991,0.0015);
#363=CIRCLE('',#4994,0.001);
#364=CIRCLE('',#4995,0.001);
#365=CIRCLE('',#4997,0.001);
#366=CIRCLE('',#4998,0.001);
#367=CIRCLE('',#5000,0.0015);
#368=CIRCLE('',#5001,0.0015);
#369=CIRCLE('',#5003,0.0015);
#370=CIRCLE('',#5004,0.0015);
#371=CIRCLE('',#5006,0.0005);
#372=CIRCLE('',#5007,0.0005);
#373=CIRCLE('',#5009,0.0005);
#374=CIRCLE('',#5010,0.0005);
#375=CIRCLE('',#5012,0.001);
#376=CIRCLE('',#5013,0.001);
#377=CIRCLE('',#5016,0.0005);
#378=CIRCLE('',#5019,0.001);
#379=CIRCLE('',#5021,0.001);
#380=CIRCLE('',#5023,0.001);
#381=CIRCLE('',#5025,0.001);
#382=CIRCLE('',#5027,0.001);
#383=CIRCLE('',#5029,0.001);
#384=CIRCLE('',#5031,0.001);
#385=CIRCLE('',#5033,0.001);
#386=CIRCLE('',#5035,0.001);
#387=CIRCLE('',#5037,0.001);
#388=CIRCLE('',#5039,0.001);
#389=CIRCLE('',#5041,0.001);
#390=CIRCLE('',#5043,0.001);
#391=CIRCLE('',#5045,0.001);
#392=CIRCLE('',#5047,0.001);
#393=CIRCLE('',#5050,0.001);
#394=CIRCLE('',#5052,0.001);
#395=CIRCLE('',#5054,0.001);
#396=CIRCLE('',#5056,0.001);
#397=CIRCLE('',#5058,0.001);
#398=CIRCLE('',#5060,0.001);
#399=CIRCLE('',#5062,0.001);
#400=CIRCLE('',#5064,0.001);
#401=CIRCLE('',#5066,0.001);
#402=CIRCLE('',#5068,0.001);
#403=CIRCLE('',#5070,0.001);
#404=CIRCLE('',#5072,0.001);
#405=CIRCLE('',#5074,0.001);
#406=CIRCLE('',#5076,0.001);
#407=CIRCLE('',#5078,0.001);
#408=CIRCLE('',#5081,0.0005);
#409=CIRCLE('',#5084,0.001);
#410=CIRCLE('',#5085,0.001);
#411=CIRCLE('',#5087,0.0006);
#412=CIRCLE('',#5089,0.0006);
#413=CIRCLE('',#5091,0.0006);
#414=CIRCLE('',#5093,0.0006);
#415=CIRCLE('',#5095,0.0006);
#416=CIRCLE('',#5097,0.0006);
#417=CIRCLE('',#5099,0.0006);
#418=CIRCLE('',#5101,0.0006);
#419=CIRCLE('',#5103,0.0006);
#420=CIRCLE('',#5106,0.0005);
#421=CIRCLE('',#5109,0.0006);
#422=CIRCLE('',#5111,0.0006);
#423=CIRCLE('',#5113,0.0006);
#424=CIRCLE('',#5115,0.0006);
#425=CIRCLE('',#5116,0.0006);
#426=CIRCLE('',#5117,0.0006);
#427=CIRCLE('',#5118,0.0006);
#428=CIRCLE('',#5120,0.0006);
#429=CIRCLE('',#5121,0.0006);
#430=CIRCLE('',#5122,0.0006);
#431=CIRCLE('',#5124,0.0006);
#432=CIRCLE('',#5126,0.0006);
#433=CIRCLE('',#5128,0.0006);
#434=CIRCLE('',#5130,0.0006);
#435=CIRCLE('',#5132,0.0006);
#436=CIRCLE('',#5134,0.0006);
#437=CIRCLE('',#5136,0.0006);
#438=CIRCLE('',#5138,0.0006);
#439=CIRCLE('',#5141,0.0005);
#440=CIRCLE('',#5144,0.0006);
#441=CIRCLE('',#5146,0.0006);
#442=CIRCLE('',#5148,0.0006);
#443=CIRCLE('',#5150,0.0006);
#444=CIRCLE('',#5151,0.0006);
#445=CIRCLE('',#5152,0.0006);
#446=CIRCLE('',#5153,0.0006);
#447=CIRCLE('',#5155,0.0006);
#448=CIRCLE('',#5156,0.0006);
#449=CIRCLE('',#5158,0.0015);
#450=CIRCLE('',#5160,0.002);
#451=CIRCLE('',#5162,0.0015);
#452=CIRCLE('',#5165,0.00156213203435597);
#453=PLANE('',#4556);
#454=PLANE('',#4567);
#455=PLANE('',#4571);
#456=PLANE('',#4577);
#457=PLANE('',#4578);
#458=PLANE('',#4579);
#459=PLANE('',#4581);
#460=PLANE('',#4586);
#461=PLANE('',#4590);
#462=PLANE('',#4595);
#463=PLANE('',#4600);
#464=PLANE('',#4602);
#465=PLANE('',#4603);
#466=PLANE('',#4616);
#467=PLANE('',#4629);
#468=PLANE('',#4630);
#469=PLANE('',#4646);
#470=PLANE('',#4649);
#471=PLANE('',#4652);
#472=PLANE('',#4654);
#473=PLANE('',#4656);
#474=PLANE('',#4657);
#475=PLANE('',#4658);
#476=PLANE('',#4659);
#477=PLANE('',#4684);
#478=PLANE('',#4688);
#479=PLANE('',#4690);
#480=PLANE('',#4692);
#481=PLANE('',#4695);
#482=PLANE('',#4697);
#483=PLANE('',#4699);
#484=PLANE('',#4701);
#485=PLANE('',#4718);
#486=PLANE('',#4719);
#487=PLANE('',#4720);
#488=PLANE('',#4722);
#489=PLANE('',#4724);
#490=PLANE('',#4725);
#491=PLANE('',#4727);
#492=PLANE('',#4729);
#493=PLANE('',#4748);
#494=PLANE('',#4751);
#495=PLANE('',#4939);
#496=PLANE('',#4941);
#497=PLANE('',#4979);
#498=PLANE('',#4982);
#499=PLANE('',#4985);
#500=PLANE('',#5164);
#501=B_SPLINE_CURVE_WITH_KNOTS('',3,(#6651,#6652,#6653,#6654),
 .UNSPECIFIED.,.F.,.F.,(4,4),(0.,0.00102618224592821),.UNSPECIFIED.);
#502=B_SPLINE_CURVE_WITH_KNOTS('',3,(#6667,#6668,#6669,#6670),
 .UNSPECIFIED.,.F.,.F.,(4,4),(0.,0.00053538908116193),.UNSPECIFIED.);
#503=B_SPLINE_CURVE_WITH_KNOTS('',3,(#6674,#6675,#6676,#6677),
 .UNSPECIFIED.,.F.,.F.,(4,4),(0.,0.000535217626379671),.UNSPECIFIED.);
#504=B_SPLINE_CURVE_WITH_KNOTS('',3,(#6684,#6685,#6686,#6687),
 .UNSPECIFIED.,.F.,.F.,(4,4),(0.,0.000688956846766126),.UNSPECIFIED.);
#505=B_SPLINE_CURVE_WITH_KNOTS('',3,(#6711,#6712,#6713,#6714),
 .UNSPECIFIED.,.F.,.F.,(4,4),(0.,0.000687109064578276),.UNSPECIFIED.);
#506=B_SPLINE_CURVE_WITH_KNOTS('',3,(#6760,#6761,#6762,#6763),
 .UNSPECIFIED.,.F.,.F.,(4,4),(0.,0.00102618224592821),.UNSPECIFIED.);
#507=B_SPLINE_CURVE_WITH_KNOTS('',3,(#6896,#6897,#6898,#6899,#6900),
 .UNSPECIFIED.,.F.,.F.,(4,1,4),(0.,0.000569820718379386,0.00113964143675877),
 .UNSPECIFIED.);
#508=B_SPLINE_CURVE_WITH_KNOTS('',3,(#6904,#6905,#6906,#6907,#6908),
 .UNSPECIFIED.,.F.,.F.,(4,1,4),(0.,0.000569439752035691,0.00113887950407138),
 .UNSPECIFIED.);
#509=B_SPLINE_CURVE_WITH_KNOTS('',3,(#7059,#7060,#7061,#7062),
 .UNSPECIFIED.,.F.,.F.,(4,4),(-2.65629532258949E-18,0.000352408657942774),
 .UNSPECIFIED.);
#510=B_SPLINE_CURVE_WITH_KNOTS('',3,(#7069,#7070,#7071,#7072),
 .UNSPECIFIED.,.F.,.F.,(4,4),(0.,0.000352654924228268),.UNSPECIFIED.);
#511=B_SPLINE_CURVE_WITH_KNOTS('',3,(#7076,#7077,#7078,#7079),
 .UNSPECIFIED.,.F.,.F.,(4,4),(0.,0.000284484621486428),.UNSPECIFIED.);
#512=B_SPLINE_CURVE_WITH_KNOTS('',3,(#7081,#7082,#7083,#7084),
 .UNSPECIFIED.,.F.,.F.,(4,4),(0.,0.000552639684077586),.UNSPECIFIED.);
#513=B_SPLINE_CURVE_WITH_KNOTS('',3,(#7086,#7087,#7088,#7089),
 .UNSPECIFIED.,.F.,.F.,(4,4),(0.000552639684077586,0.000702785292672675),
 .UNSPECIFIED.);
#514=B_SPLINE_CURVE_WITH_KNOTS('',3,(#7091,#7092,#7093,#7094),
 .UNSPECIFIED.,.F.,.F.,(4,4),(0.000499766747381033,1.),.UNSPECIFIED.);
#515=B_SPLINE_CURVE_WITH_KNOTS('',3,(#7096,#7097,#7098,#7099),
 .UNSPECIFIED.,.F.,.F.,(4,4),(0.,0.000360086827449331),.UNSPECIFIED.);
#516=B_SPLINE_CURVE_WITH_KNOTS('',3,(#7101,#7102,#7103,#7104),
 .UNSPECIFIED.,.F.,.F.,(4,4),(0.,0.999500233250936),.UNSPECIFIED.);
#517=B_SPLINE_CURVE_WITH_KNOTS('',3,(#7107,#7108,#7109,#7110),
 .UNSPECIFIED.,.F.,.F.,(4,4),(-0.000148440250508838,0.),.UNSPECIFIED.);
#518=B_SPLINE_CURVE_WITH_KNOTS('',3,(#7112,#7113,#7114,#7115),
 .UNSPECIFIED.,.F.,.F.,(4,4),(0.,0.00054797153325015),.UNSPECIFIED.);
#519=B_SPLINE_CURVE_WITH_KNOTS('',3,(#7118,#7119,#7120,#7121),
 .UNSPECIFIED.,.F.,.F.,(4,4),(0.,0.000360086827449799),.UNSPECIFIED.);
#520=B_SPLINE_CURVE_WITH_KNOTS('',3,(#7126,#7127,#7128,#7129),
 .UNSPECIFIED.,.F.,.F.,(4,4),(8.38521960200289E-16,0.000352408657943646),
 .UNSPECIFIED.);
#521=B_SPLINE_CURVE_WITH_KNOTS('',3,(#7133,#7134,#7135,#7136),
 .UNSPECIFIED.,.F.,.F.,(4,4),(0.,0.000289429070178024),.UNSPECIFIED.);
#522=B_SPLINE_CURVE_WITH_KNOTS('',3,(#7140,#7141,#7142,#7143),
 .UNSPECIFIED.,.F.,.F.,(4,4),(0.,0.000352654924228268),.UNSPECIFIED.);
#523=B_SPLINE_CURVE_WITH_KNOTS('',3,(#7234,#7235,#7236,#7237,#7238,#7239),
 .UNSPECIFIED.,.F.,.F.,(4,1,1,4),(0.,0.000432071940589636,0.000864143881179272,
0.00172828776235854),.UNSPECIFIED.);
#524=B_SPLINE_CURVE_WITH_KNOTS('',3,(#7242,#7243,#7244,#7245,#7246,#7247),
 .UNSPECIFIED.,.F.,.F.,(4,1,1,4),(0.,0.000432071940589636,0.000864143881179272,
0.00172828776235854),.UNSPECIFIED.);
#525=B_SPLINE_CURVE_WITH_KNOTS('',3,(#7301,#7302,#7303,#7304),
 .UNSPECIFIED.,.F.,.F.,(4,4),(0.00732665311372894,0.00804438140285985),
 .UNSPECIFIED.);
#526=B_SPLINE_CURVE_WITH_KNOTS('',3,(#7309,#7310,#7311,#7312),
 .UNSPECIFIED.,.F.,.F.,(4,4),(0.,0.000713641980055414),.UNSPECIFIED.);
#527=B_SPLINE_CURVE_WITH_KNOTS('',3,(#7817,#7818,#7819,#7820),
 .UNSPECIFIED.,.F.,.F.,(4,4),(4.42269442734662E-18,0.000798564961627492),
 .UNSPECIFIED.);
#528=B_SPLINE_CURVE_WITH_KNOTS('',3,(#7823,#7824,#7825,#7826),
 .UNSPECIFIED.,.F.,.F.,(4,4),(0.,0.000256049314304415),.UNSPECIFIED.);
#529=B_SPLINE_CURVE_WITH_KNOTS('',3,(#7831,#7832,#7833,#7834),
 .UNSPECIFIED.,.F.,.F.,(4,4),(0.,0.000797589164003478),.UNSPECIFIED.);
#530=B_SPLINE_CURVE_WITH_KNOTS('',3,(#7839,#7840,#7841,#7842),
 .UNSPECIFIED.,.F.,.F.,(4,4),(0.,0.000256049314304415),.UNSPECIFIED.);
#531=B_SPLINE_CURVE_WITH_KNOTS('',3,(#7845,#7846,#7847,#7848),
 .UNSPECIFIED.,.F.,.F.,(4,4),(-5.9999999826068E-8,0.00037267297544882),
 .UNSPECIFIED.);
#532=B_SPLINE_CURVE_WITH_KNOTS('',3,(#7850,#7851,#7852,#7853),
 .UNSPECIFIED.,.F.,.F.,(4,4),(8.82956920343103E-8,0.000373281270257603),
 .UNSPECIFIED.);
#533=B_SPLINE_CURVE_WITH_KNOTS('',3,(#7868,#7869,#7870,#7871),
 .UNSPECIFIED.,.F.,.F.,(4,4),(0.,0.00110081929742439),.UNSPECIFIED.);
#534=B_SPLINE_CURVE_WITH_KNOTS('',3,(#7873,#7874,#7875,#7876),
 .UNSPECIFIED.,.F.,.F.,(4,4),(0.,0.000988207814097361),.UNSPECIFIED.);
#535=B_SPLINE_CURVE_WITH_KNOTS('',3,(#7889,#7890,#7891,#7892),
 .UNSPECIFIED.,.F.,.F.,(4,4),(0.,0.000987859197099228),.UNSPECIFIED.);
#536=B_SPLINE_CURVE_WITH_KNOTS('',3,(#7894,#7895,#7896,#7897),
 .UNSPECIFIED.,.F.,.F.,(4,4),(0.,0.00110081929742447),.UNSPECIFIED.);
#537=B_SPLINE_CURVE_WITH_KNOTS('',3,(#7912,#7913,#7914,#7915,#7916),
 .UNSPECIFIED.,.F.,.F.,(4,1,4),(3.5424055800964E-17,0.00128662703388497,
0.00257325406776991),.UNSPECIFIED.);
#538=B_SPLINE_CURVE_WITH_KNOTS('',3,(#7933,#7934,#7935,#7936),
 .UNSPECIFIED.,.F.,.F.,(4,4),(0.,0.00151997930755691),.UNSPECIFIED.);
#539=B_SPLINE_CURVE_WITH_KNOTS('',3,(#7994,#7995,#7996,#7997,#7998),
 .UNSPECIFIED.,.F.,.F.,(4,1,4),(0.,0.00129198219606028,0.00258396439212055),
 .UNSPECIFIED.);
#540=B_SPLINE_CURVE_WITH_KNOTS('',3,(#8015,#8016,#8017,#8018),
 .UNSPECIFIED.,.F.,.F.,(4,4),(0.,0.00151997930694593),.UNSPECIFIED.);
#541=B_SPLINE_CURVE_WITH_KNOTS('',3,(#8084,#8085,#8086,#8087),
 .UNSPECIFIED.,.F.,.F.,(4,4),(0.,0.000656767095079722),.UNSPECIFIED.);
#542=B_SPLINE_CURVE_WITH_KNOTS('',3,(#8099,#8100,#8101,#8102),
 .UNSPECIFIED.,.F.,.F.,(4,4),(0.,0.000656767095079723),.UNSPECIFIED.);
#543=B_SPLINE_CURVE_WITH_KNOTS('',3,(#8137,#8138,#8139,#8140),
 .UNSPECIFIED.,.F.,.F.,(4,4),(-5.90993039431059E-6,0.000456957211283599),
 .UNSPECIFIED.);
#544=B_SPLINE_CURVE_WITH_KNOTS('',3,(#8142,#8143,#8144,#8145),
 .UNSPECIFIED.,.F.,.F.,(4,4),(1.56365861034638E-18,0.000498013791708309),
 .UNSPECIFIED.);
#545=B_SPLINE_CURVE_WITH_KNOTS('',3,(#8147,#8148,#8149,#8150),
 .UNSPECIFIED.,.F.,.F.,(4,4),(0.000177788898191638,0.00127195856210075),
 .UNSPECIFIED.);
#546=B_SPLINE_CURVE_WITH_KNOTS('',3,(#8151,#8152,#8153,#8154),
 .UNSPECIFIED.,.F.,.F.,(4,4),(0.,0.00109567140375911),.UNSPECIFIED.);
#547=B_SPLINE_CURVE_WITH_KNOTS('',3,(#8156,#8157,#8158,#8159),
 .UNSPECIFIED.,.F.,.F.,(4,4),(4.9065389333868E-18,0.000498013791699724),
 .UNSPECIFIED.);
#548=B_SPLINE_CURVE_WITH_KNOTS('',3,(#8161,#8162,#8163,#8164),
 .UNSPECIFIED.,.F.,.F.,(4,4),(-5.90993038396981E-6,0.000456957211292763),
 .UNSPECIFIED.);
#549=B_SPLINE_CURVE_WITH_KNOTS('',3,(#8187,#8188,#8189,#8190),
 .UNSPECIFIED.,.F.,.F.,(4,4),(2.62376925741492E-17,0.00079678986126612),
 .UNSPECIFIED.);
#550=B_SPLINE_CURVE_WITH_KNOTS('',3,(#8193,#8194,#8195,#8196,#8197,#8198),
 .UNSPECIFIED.,.F.,.F.,(4,1,1,4),(0.,0.00043168539934736,0.00086337079869472,
0.00172674159738944),.UNSPECIFIED.);
#551=B_SPLINE_CURVE_WITH_KNOTS('',3,(#8213,#8214,#8215,#8216),
 .UNSPECIFIED.,.F.,.F.,(4,4),(3.12827932415212E-16,0.000440083545875847),
 .UNSPECIFIED.);
#552=B_SPLINE_CURVE_WITH_KNOTS('',3,(#8220,#8221,#8222,#8223),
 .UNSPECIFIED.,.F.,.F.,(4,4),(-0.000418889459682044,0.000377900401585481),
 .UNSPECIFIED.);
#553=B_SPLINE_CURVE_WITH_KNOTS('',3,(#8226,#8227,#8228,#8229,#8230,#8231),
 .UNSPECIFIED.,.F.,.F.,(4,1,1,4),(0.,0.00043168539934736,0.000863370798694719,
0.00172674159738944),.UNSPECIFIED.);
#554=B_SPLINE_CURVE_WITH_KNOTS('',3,(#8244,#8245,#8246,#8247),
 .UNSPECIFIED.,.F.,.F.,(4,4),(0.,0.000440083545881133),.UNSPECIFIED.);
#555=B_SPLINE_CURVE_WITH_KNOTS('',3,(#8285,#8286,#8287,#8288),
 .UNSPECIFIED.,.F.,.F.,(4,4),(0.,0.000469574131291231),.UNSPECIFIED.);
#556=B_SPLINE_CURVE_WITH_KNOTS('',3,(#8308,#8309,#8310,#8311),
 .UNSPECIFIED.,.F.,.F.,(4,4),(0.,0.000491312840715043),.UNSPECIFIED.);
#557=B_SPLINE_CURVE_WITH_KNOTS('',3,(#8395,#8396,#8397,#8398),
 .UNSPECIFIED.,.F.,.F.,(4,4),(0.,0.000489775474268195),.UNSPECIFIED.);
#558=B_SPLINE_CURVE_WITH_KNOTS('',3,(#8435,#8436,#8437,#8438),
 .UNSPECIFIED.,.F.,.F.,(4,4),(0.,0.000470732489796841),.UNSPECIFIED.);
#559=B_SPLINE_CURVE_WITH_KNOTS('',3,(#8496,#8497,#8498,#8499),
 .UNSPECIFIED.,.F.,.F.,(4,4),(0.,0.000645407492314416),.UNSPECIFIED.);
#560=B_SPLINE_CURVE_WITH_KNOTS('',3,(#8542,#8543,#8544,#8545),
 .UNSPECIFIED.,.F.,.F.,(4,4),(0.,0.000646527682397627),.UNSPECIFIED.);
#561=B_SPLINE_CURVE_WITH_KNOTS('',3,(#8656,#8657,#8658,#8659),
 .UNSPECIFIED.,.F.,.F.,(4,4),(0.,0.000657269665076969),.UNSPECIFIED.);
#562=B_SPLINE_CURVE_WITH_KNOTS('',3,(#8691,#8692,#8693,#8694),
 .UNSPECIFIED.,.F.,.F.,(4,4),(0.,0.000634626068116322),.UNSPECIFIED.);
#563=LINE('',#6649,#809);
#564=LINE('',#6656,#810);
#565=LINE('',#6662,#811);
#566=LINE('',#6665,#812);
#567=LINE('',#6672,#813);
#568=LINE('',#6679,#814);
#569=LINE('',#6681,#815);
#570=LINE('',#6689,#816);
#571=LINE('',#6693,#817);
#572=LINE('',#6695,#818);
#573=LINE('',#6699,#819);
#574=LINE('',#6703,#820);
#575=LINE('',#6705,#821);
#576=LINE('',#6709,#822);
#577=LINE('',#6716,#823);
#578=LINE('',#6719,#824);
#579=LINE('',#6724,#825);
#580=LINE('',#6728,#826);
#581=LINE('',#6731,#827);
#582=LINE('',#6733,#828);
#583=LINE('',#6735,#829);
#584=LINE('',#6739,#830);
#585=LINE('',#6743,#831);
#586=LINE('',#6745,#832);
#587=LINE('',#6747,#833);
#588=LINE('',#6751,#834);
#589=LINE('',#6754,#835);
#590=LINE('',#6756,#836);
#591=LINE('',#6758,#837);
#592=LINE('',#6769,#838);
#593=LINE('',#6772,#839);
#594=LINE('',#6774,#840);
#595=LINE('',#6776,#841);
#596=LINE('',#6778,#842);
#597=LINE('',#6781,#843);
#598=LINE('',#6783,#844);
#599=LINE('',#6785,#845);
#600=LINE('',#6787,#846);
#601=LINE('',#6792,#847);
#602=LINE('',#6794,#848);
#603=LINE('',#6796,#849);
#604=LINE('',#6801,#850);
#605=LINE('',#6803,#851);
#606=LINE('',#6807,#852);
#607=LINE('',#6809,#853);
#608=LINE('',#6811,#854);
#609=LINE('',#6813,#855);
#610=LINE('',#6817,#856);
#611=LINE('',#6821,#857);
#612=LINE('',#6826,#858);
#613=LINE('',#6830,#859);
#614=LINE('',#6832,#860);
#615=LINE('',#6836,#861);
#616=LINE('',#6838,#862);
#617=LINE('',#6843,#863);
#618=LINE('',#6847,#864);
#619=LINE('',#6851,#865);
#620=LINE('',#6853,#866);
#621=LINE('',#6855,#867);
#622=LINE('',#6857,#868);
#623=LINE('',#6861,#869);
#624=LINE('',#6863,#870);
#625=LINE('',#6866,#871);
#626=LINE('',#6870,#872);
#627=LINE('',#6874,#873);
#628=LINE('',#6876,#874);
#629=LINE('',#6878,#875);
#630=LINE('',#6884,#876);
#631=LINE('',#6889,#877);
#632=LINE('',#6891,#878);
#633=LINE('',#6893,#879);
#634=LINE('',#6902,#880);
#635=LINE('',#6910,#881);
#636=LINE('',#6912,#882);
#637=LINE('',#6914,#883);
#638=LINE('',#6916,#884);
#639=LINE('',#6918,#885);
#640=LINE('',#6920,#886);
#641=LINE('',#6922,#887);
#642=LINE('',#6926,#888);
#643=LINE('',#6928,#889);
#644=LINE('',#6932,#890);
#645=LINE('',#6936,#891);
#646=LINE('',#6940,#892);
#647=LINE('',#6944,#893);
#648=LINE('',#6948,#894);
#649=LINE('',#6952,#895);
#650=LINE('',#6958,#896);
#651=LINE('',#6962,#897);
#652=LINE('',#6966,#898);
#653=LINE('',#6970,#899);
#654=LINE('',#6972,#900);
#655=LINE('',#6974,#901);
#656=LINE('',#6978,#902);
#657=LINE('',#6982,#903);
#658=LINE('',#6986,#904);
#659=LINE('',#6990,#905);
#660=LINE('',#6994,#906);
#661=LINE('',#6998,#907);
#662=LINE('',#7002,#908);
#663=LINE('',#7004,#909);
#664=LINE('',#7008,#910);
#665=LINE('',#7010,#911);
#666=LINE('',#7012,#912);
#667=LINE('',#7013,#913);
#668=LINE('',#7018,#914);
#669=LINE('',#7021,#915);
#670=LINE('',#7026,#916);
#671=LINE('',#7030,#917);
#672=LINE('',#7033,#918);
#673=LINE('',#7035,#919);
#674=LINE('',#7037,#920);
#675=LINE('',#7039,#921);
#676=LINE('',#7044,#922);
#677=LINE('',#7046,#923);
#678=LINE('',#7050,#924);
#679=LINE('',#7052,#925);
#680=LINE('',#7064,#926);
#681=LINE('',#7123,#927);
#682=LINE('',#7149,#928);
#683=LINE('',#7151,#929);
#684=LINE('',#7153,#930);
#685=LINE('',#7157,#931);
#686=LINE('',#7159,#932);
#687=LINE('',#7161,#933);
#688=LINE('',#7164,#934);
#689=LINE('',#7168,#935);
#690=LINE('',#7170,#936);
#691=LINE('',#7174,#937);
#692=LINE('',#7176,#938);
#693=LINE('',#7181,#939);
#694=LINE('',#7183,#940);
#695=LINE('',#7185,#941);
#696=LINE('',#7190,#942);
#697=LINE('',#7192,#943);
#698=LINE('',#7194,#944);
#699=LINE('',#7197,#945);
#700=LINE('',#7199,#946);
#701=LINE('',#7201,#947);
#702=LINE('',#7203,#948);
#703=LINE('',#7205,#949);
#704=LINE('',#7208,#950);
#705=LINE('',#7210,#951);
#706=LINE('',#7212,#952);
#707=LINE('',#7214,#953);
#708=LINE('',#7216,#954);
#709=LINE('',#7219,#955);
#710=LINE('',#7221,#956);
#711=LINE('',#7223,#957);
#712=LINE('',#7225,#958);
#713=LINE('',#7228,#959);
#714=LINE('',#7230,#960);
#715=LINE('',#7232,#961);
#716=LINE('',#7272,#962);
#717=LINE('',#7274,#963);
#718=LINE('',#7278,#964);
#719=LINE('',#7280,#965);
#720=LINE('',#7282,#966);
#721=LINE('',#7286,#967);
#722=LINE('',#7290,#968);
#723=LINE('',#7292,#969);
#724=LINE('',#7295,#970);
#725=LINE('',#7297,#971);
#726=LINE('',#7299,#972);
#727=LINE('',#7305,#973);
#728=LINE('',#7307,#974);
#729=LINE('',#7314,#975);
#730=LINE('',#7317,#976);
#731=LINE('',#7319,#977);
#732=LINE('',#7321,#978);
#733=LINE('',#7323,#979);
#734=LINE('',#7327,#980);
#735=LINE('',#7329,#981);
#736=LINE('',#7331,#982);
#737=LINE('',#7333,#983);
#738=LINE('',#7337,#984);
#739=LINE('',#7340,#985);
#740=LINE('',#7343,#986);
#741=LINE('',#7350,#987);
#742=LINE('',#7352,#988);
#743=LINE('',#7368,#989);
#744=LINE('',#7371,#990);
#745=LINE('',#7373,#991);
#746=LINE('',#7375,#992);
#747=LINE('',#7379,#993);
#748=LINE('',#7381,#994);
#749=LINE('',#7384,#995);
#750=LINE('',#7386,#996);
#751=LINE('',#7388,#997);
#752=LINE('',#7392,#998);
#753=LINE('',#7394,#999);
#754=LINE('',#7397,#1000);
#755=LINE('',#7399,#1001);
#756=LINE('',#7401,#1002);
#757=LINE('',#7403,#1003);
#758=LINE('',#7406,#1004);
#759=LINE('',#7408,#1005);
#760=LINE('',#7410,#1006);
#761=LINE('',#7414,#1007);
#762=LINE('',#7416,#1008);
#763=LINE('',#7419,#1009);
#764=LINE('',#7421,#1010);
#765=LINE('',#7423,#1011);
#766=LINE('',#7427,#1012);
#767=LINE('',#7429,#1013);
#768=LINE('',#7432,#1014);
#769=LINE('',#7434,#1015);
#770=LINE('',#7436,#1016);
#771=LINE('',#7456,#1017);
#772=LINE('',#7461,#1018);
#773=LINE('',#7463,#1019);
#774=LINE('',#7465,#1020);
#775=LINE('',#7469,#1021);
#776=LINE('',#7474,#1022);
#777=LINE('',#7478,#1023);
#778=LINE('',#7480,#1024);
#779=LINE('',#7677,#1025);
#780=LINE('',#7678,#1026);
#781=LINE('',#7690,#1027);
#782=LINE('',#7691,#1028);
#783=LINE('',#7697,#1029);
#784=LINE('',#7709,#1030);
#785=LINE('',#7713,#1031);
#786=LINE('',#7725,#1032);
#787=LINE('',#7746,#1033);
#788=LINE('',#7750,#1034);
#789=LINE('',#7759,#1035);
#790=LINE('',#7763,#1036);
#791=LINE('',#7771,#1037);
#792=LINE('',#7783,#1038);
#793=LINE('',#7787,#1039);
#794=LINE('',#7799,#1040);
#795=LINE('',#7858,#1041);
#796=LINE('',#7860,#1042);
#797=LINE('',#7862,#1043);
#798=LINE('',#7864,#1044);
#799=LINE('',#7866,#1045);
#800=LINE('',#7878,#1046);
#801=LINE('',#7881,#1047);
#802=LINE('',#7883,#1048);
#803=LINE('',#7885,#1049);
#804=LINE('',#7899,#1050);
#805=LINE('',#8125,#1051);
#806=LINE('',#8131,#1052);
#807=LINE('',#8249,#1053);
#808=LINE('',#8257,#1054);
#809=VECTOR('',#5174,1.);
#810=VECTOR('',#5175,1.);
#811=VECTOR('',#5182,1.);
#812=VECTOR('',#5183,1.);
#813=VECTOR('',#5184,1.);
#814=VECTOR('',#5185,1.);
#815=VECTOR('',#5186,1.);
#816=VECTOR('',#5189,1.);
#817=VECTOR('',#5192,1.);
#818=VECTOR('',#5193,1.);
#819=VECTOR('',#5196,1.);
#820=VECTOR('',#5199,1.);
#821=VECTOR('',#5200,1.);
#822=VECTOR('',#5203,1.);
#823=VECTOR('',#5204,1.);
#824=VECTOR('',#5207,1.);
#825=VECTOR('',#5210,1.);
#826=VECTOR('',#5215,1.);
#827=VECTOR('',#5216,1.);
#828=VECTOR('',#5217,1.);
#829=VECTOR('',#5218,1.);
#830=VECTOR('',#5221,1.);
#831=VECTOR('',#5224,1.);
#832=VECTOR('',#5225,1.);
#833=VECTOR('',#5226,1.);
#834=VECTOR('',#5231,1.);
#835=VECTOR('',#5232,1.);
#836=VECTOR('',#5233,1.);
#837=VECTOR('',#5234,1.);
#838=VECTOR('',#5247,1.);
#839=VECTOR('',#5248,1.);
#840=VECTOR('',#5249,1.);
#841=VECTOR('',#5250,1.);
#842=VECTOR('',#5253,1.);
#843=VECTOR('',#5254,1.);
#844=VECTOR('',#5255,1.);
#845=VECTOR('',#5256,1.);
#846=VECTOR('',#5259,1.);
#847=VECTOR('',#5262,1.);
#848=VECTOR('',#5263,1.);
#849=VECTOR('',#5266,1.);
#850=VECTOR('',#5269,1.);
#851=VECTOR('',#5270,1.);
#852=VECTOR('',#5273,1.);
#853=VECTOR('',#5274,1.);
#854=VECTOR('',#5275,1.);
#855=VECTOR('',#5276,1.);
#856=VECTOR('',#5279,1.);
#857=VECTOR('',#5284,1.);
#858=VECTOR('',#5287,1.);
#859=VECTOR('',#5290,1.);
#860=VECTOR('',#5291,1.);
#861=VECTOR('',#5294,1.);
#862=VECTOR('',#5297,1.);
#863=VECTOR('',#5300,1.);
#864=VECTOR('',#5303,1.);
#865=VECTOR('',#5306,1.);
#866=VECTOR('',#5307,1.);
#867=VECTOR('',#5308,1.);
#868=VECTOR('',#5309,1.);
#869=VECTOR('',#5312,1.);
#870=VECTOR('',#5315,1.);
#871=VECTOR('',#5316,1.);
#872=VECTOR('',#5319,1.);
#873=VECTOR('',#5322,1.);
#874=VECTOR('',#5323,1.);
#875=VECTOR('',#5324,1.);
#876=VECTOR('',#5331,1.);
#877=VECTOR('',#5334,1.);
#878=VECTOR('',#5335,1.);
#879=VECTOR('',#5338,1.);
#880=VECTOR('',#5339,1.);
#881=VECTOR('',#5340,1.);
#882=VECTOR('',#5341,1.);
#883=VECTOR('',#5344,1.);
#884=VECTOR('',#5345,1.);
#885=VECTOR('',#5346,1.);
#886=VECTOR('',#5347,1.);
#887=VECTOR('',#5348,1.);
#888=VECTOR('',#5351,1.);
#889=VECTOR('',#5352,1.);
#890=VECTOR('',#5355,1.);
#891=VECTOR('',#5358,1.);
#892=VECTOR('',#5361,1.);
#893=VECTOR('',#5364,1.);
#894=VECTOR('',#5367,1.);
#895=VECTOR('',#5370,1.);
#896=VECTOR('',#5375,1.);
#897=VECTOR('',#5378,1.);
#898=VECTOR('',#5381,1.);
#899=VECTOR('',#5384,1.);
#900=VECTOR('',#5387,1.);
#901=VECTOR('',#5388,1.);
#902=VECTOR('',#5391,1.);
#903=VECTOR('',#5394,1.);
#904=VECTOR('',#5397,1.);
#905=VECTOR('',#5400,1.);
#906=VECTOR('',#5403,1.);
#907=VECTOR('',#5406,1.);
#908=VECTOR('',#5409,1.);
#909=VECTOR('',#5410,1.);
#910=VECTOR('',#5413,1.);
#911=VECTOR('',#5414,1.);
#912=VECTOR('',#5415,1.);
#913=VECTOR('',#5416,1.);
#914=VECTOR('',#5419,1.);
#915=VECTOR('',#5422,1.);
#916=VECTOR('',#5425,1.);
#917=VECTOR('',#5430,1.);
#918=VECTOR('',#5431,1.);
#919=VECTOR('',#5432,1.);
#920=VECTOR('',#5433,1.);
#921=VECTOR('',#5436,1.);
#922=VECTOR('',#5439,1.);
#923=VECTOR('',#5440,1.);
#924=VECTOR('',#5443,1.);
#925=VECTOR('',#5444,1.);
#926=VECTOR('',#5451,1.);
#927=VECTOR('',#5466,1.);
#928=VECTOR('',#5477,1.);
#929=VECTOR('',#5478,1.);
#930=VECTOR('',#5479,1.);
#931=VECTOR('',#5482,1.);
#932=VECTOR('',#5483,1.);
#933=VECTOR('',#5486,1.);
#934=VECTOR('',#5487,1.);
#935=VECTOR('',#5490,1.);
#936=VECTOR('',#5491,1.);
#937=VECTOR('',#5494,1.);
#938=VECTOR('',#5497,1.);
#939=VECTOR('',#5500,1.);
#940=VECTOR('',#5501,1.);
#941=VECTOR('',#5504,1.);
#942=VECTOR('',#5507,1.);
#943=VECTOR('',#5508,1.);
#944=VECTOR('',#5511,1.);
#945=VECTOR('',#5512,1.);
#946=VECTOR('',#5513,1.);
#947=VECTOR('',#5514,1.);
#948=VECTOR('',#5515,1.);
#949=VECTOR('',#5518,1.);
#950=VECTOR('',#5519,1.);
#951=VECTOR('',#5520,1.);
#952=VECTOR('',#5521,1.);
#953=VECTOR('',#5522,1.);
#954=VECTOR('',#5525,1.);
#955=VECTOR('',#5526,1.);
#956=VECTOR('',#5527,1.);
#957=VECTOR('',#5528,1.);
#958=VECTOR('',#5531,1.);
#959=VECTOR('',#5532,1.);
#960=VECTOR('',#5533,1.);
#961=VECTOR('',#5534,1.);
#962=VECTOR('',#5585,1.);
#963=VECTOR('',#5586,1.);
#964=VECTOR('',#5589,1.);
#965=VECTOR('',#5590,1.);
#966=VECTOR('',#5591,1.);
#967=VECTOR('',#5594,1.);
#968=VECTOR('',#5597,1.);
#969=VECTOR('',#5600,1.);
#970=VECTOR('',#5601,1.);
#971=VECTOR('',#5602,1.);
#972=VECTOR('',#5603,1.);
#973=VECTOR('',#5606,1.);
#974=VECTOR('',#5609,1.);
#975=VECTOR('',#5614,1.);
#976=VECTOR('',#5617,1.);
#977=VECTOR('',#5620,1.);
#978=VECTOR('',#5623,1.);
#979=VECTOR('',#5626,1.);
#980=VECTOR('',#5631,1.);
#981=VECTOR('',#5634,1.);
#982=VECTOR('',#5635,1.);
#983=VECTOR('',#5636,1.);
#984=VECTOR('',#5641,1.);
#985=VECTOR('',#5642,1.);
#986=VECTOR('',#5645,1.);
#987=VECTOR('',#5654,1.);
#988=VECTOR('',#5655,1.);
#989=VECTOR('',#5684,1.);
#990=VECTOR('',#5685,1.);
#991=VECTOR('',#5686,1.);
#992=VECTOR('',#5687,1.);
#993=VECTOR('',#5690,1.);
#994=VECTOR('',#5693,1.);
#995=VECTOR('',#5694,1.);
#996=VECTOR('',#5695,1.);
#997=VECTOR('',#5696,1.);
#998=VECTOR('',#5699,1.);
#999=VECTOR('',#5702,1.);
#1000=VECTOR('',#5703,1.);
#1001=VECTOR('',#5704,1.);
#1002=VECTOR('',#5705,1.);
#1003=VECTOR('',#5708,1.);
#1004=VECTOR('',#5709,1.);
#1005=VECTOR('',#5710,1.);
#1006=VECTOR('',#5711,1.);
#1007=VECTOR('',#5714,1.);
#1008=VECTOR('',#5717,1.);
#1009=VECTOR('',#5718,1.);
#1010=VECTOR('',#5719,1.);
#1011=VECTOR('',#5720,1.);
#1012=VECTOR('',#5723,1.);
#1013=VECTOR('',#5726,1.);
#1014=VECTOR('',#5727,1.);
#1015=VECTOR('',#5728,1.);
#1016=VECTOR('',#5729,1.);
#1017=VECTOR('',#5768,1.);
#1018=VECTOR('',#5771,1.);
#1019=VECTOR('',#5772,1.);
#1020=VECTOR('',#5773,1.);
#1021=VECTOR('',#5778,1.);
#1022=VECTOR('',#5781,1.);
#1023=VECTOR('',#5784,1.);
#1024=VECTOR('',#5785,1.);
#1025=VECTOR('',#5942,1.);
#1026=VECTOR('',#5943,1.);
#1027=VECTOR('',#5958,1.);
#1028=VECTOR('',#5959,1.);
#1029=VECTOR('',#5968,1.);
#1030=VECTOR('',#5985,1.);
#1031=VECTOR('',#5990,1.);
#1032=VECTOR('',#6007,1.);
#1033=VECTOR('',#6044,1.);
#1034=VECTOR('',#6047,1.);
#1035=VECTOR('',#6060,1.);
#1036=VECTOR('',#6063,1.);
#1037=VECTOR('',#6076,1.);
#1038=VECTOR('',#6093,1.);
#1039=VECTOR('',#6098,1.);
#1040=VECTOR('',#6115,1.);
#1041=VECTOR('',#6176,1.);
#1042=VECTOR('',#6177,1.);
#1043=VECTOR('',#6178,1.);
#1044=VECTOR('',#6179,1.);
#1045=VECTOR('',#6180,1.);
#1046=VECTOR('',#6183,1.);
#1047=VECTOR('',#6184,1.);
#1048=VECTOR('',#6185,1.);
#1049=VECTOR('',#6186,1.);
#1050=VECTOR('',#6189,1.);
#1051=VECTOR('',#6266,1.);
#1052=VECTOR('',#6275,1.);
#1053=VECTOR('',#6306,1.);
#1054=VECTOR('',#6315,1.);
#1055=ORIENTED_EDGE('',*,*,#2397,.T.);
#1056=ORIENTED_EDGE('',*,*,#2398,.F.);
#1057=ORIENTED_EDGE('',*,*,#2399,.F.);
#1058=ORIENTED_EDGE('',*,*,#2400,.F.);
#1059=ORIENTED_EDGE('',*,*,#2401,.T.);
#1060=ORIENTED_EDGE('',*,*,#2402,.F.);
#1061=ORIENTED_EDGE('',*,*,#2403,.T.);
#1062=ORIENTED_EDGE('',*,*,#2404,.T.);
#1063=ORIENTED_EDGE('',*,*,#2405,.T.);
#1064=ORIENTED_EDGE('',*,*,#2406,.T.);
#1065=ORIENTED_EDGE('',*,*,#2407,.T.);
#1066=ORIENTED_EDGE('',*,*,#2408,.T.);
#1067=ORIENTED_EDGE('',*,*,#2409,.T.);
#1068=ORIENTED_EDGE('',*,*,#2410,.T.);
#1069=ORIENTED_EDGE('',*,*,#2398,.T.);
#1070=ORIENTED_EDGE('',*,*,#2411,.T.);
#1071=ORIENTED_EDGE('',*,*,#2412,.F.);
#1072=ORIENTED_EDGE('',*,*,#2413,.T.);
#1073=ORIENTED_EDGE('',*,*,#2414,.F.);
#1074=ORIENTED_EDGE('',*,*,#2415,.T.);
#1075=ORIENTED_EDGE('',*,*,#2416,.T.);
#1076=ORIENTED_EDGE('',*,*,#2417,.T.);
#1077=ORIENTED_EDGE('',*,*,#2418,.T.);
#1078=ORIENTED_EDGE('',*,*,#2419,.T.);
#1079=ORIENTED_EDGE('',*,*,#2420,.F.);
#1080=ORIENTED_EDGE('',*,*,#2421,.T.);
#1081=ORIENTED_EDGE('',*,*,#2422,.T.);
#1082=ORIENTED_EDGE('',*,*,#2423,.T.);
#1083=ORIENTED_EDGE('',*,*,#2424,.T.);
#1084=ORIENTED_EDGE('',*,*,#2425,.T.);
#1085=ORIENTED_EDGE('',*,*,#2426,.T.);
#1086=ORIENTED_EDGE('',*,*,#2427,.T.);
#1087=ORIENTED_EDGE('',*,*,#2428,.T.);
#1088=ORIENTED_EDGE('',*,*,#2429,.T.);
#1089=ORIENTED_EDGE('',*,*,#2430,.T.);
#1090=ORIENTED_EDGE('',*,*,#2431,.T.);
#1091=ORIENTED_EDGE('',*,*,#2432,.T.);
#1092=ORIENTED_EDGE('',*,*,#2433,.T.);
#1093=ORIENTED_EDGE('',*,*,#2434,.T.);
#1094=ORIENTED_EDGE('',*,*,#2435,.T.);
#1095=ORIENTED_EDGE('',*,*,#2436,.T.);
#1096=ORIENTED_EDGE('',*,*,#2437,.T.);
#1097=ORIENTED_EDGE('',*,*,#2438,.T.);
#1098=ORIENTED_EDGE('',*,*,#2439,.T.);
#1099=ORIENTED_EDGE('',*,*,#2440,.T.);
#1100=ORIENTED_EDGE('',*,*,#2441,.T.);
#1101=ORIENTED_EDGE('',*,*,#2442,.T.);
#1102=ORIENTED_EDGE('',*,*,#2443,.T.);
#1103=ORIENTED_EDGE('',*,*,#2444,.T.);
#1104=ORIENTED_EDGE('',*,*,#2432,.F.);
#1105=ORIENTED_EDGE('',*,*,#2445,.F.);
#1106=ORIENTED_EDGE('',*,*,#2424,.F.);
#1107=ORIENTED_EDGE('',*,*,#2446,.T.);
#1108=ORIENTED_EDGE('',*,*,#2444,.F.);
#1109=ORIENTED_EDGE('',*,*,#2447,.T.);
#1110=ORIENTED_EDGE('',*,*,#2430,.F.);
#1111=ORIENTED_EDGE('',*,*,#2448,.F.);
#1112=ORIENTED_EDGE('',*,*,#2449,.T.);
#1113=ORIENTED_EDGE('',*,*,#2450,.T.);
#1114=ORIENTED_EDGE('',*,*,#2451,.T.);
#1115=ORIENTED_EDGE('',*,*,#2452,.T.);
#1116=ORIENTED_EDGE('',*,*,#2453,.T.);
#1117=ORIENTED_EDGE('',*,*,#2454,.T.);
#1118=ORIENTED_EDGE('',*,*,#2455,.T.);
#1119=ORIENTED_EDGE('',*,*,#2456,.T.);
#1120=ORIENTED_EDGE('',*,*,#2457,.T.);
#1121=ORIENTED_EDGE('',*,*,#2458,.T.);
#1122=ORIENTED_EDGE('',*,*,#2459,.T.);
#1123=ORIENTED_EDGE('',*,*,#2460,.T.);
#1124=ORIENTED_EDGE('',*,*,#2461,.T.);
#1125=ORIENTED_EDGE('',*,*,#2462,.T.);
#1126=ORIENTED_EDGE('',*,*,#2463,.T.);
#1127=ORIENTED_EDGE('',*,*,#2464,.T.);
#1128=ORIENTED_EDGE('',*,*,#2465,.T.);
#1129=ORIENTED_EDGE('',*,*,#2466,.T.);
#1130=ORIENTED_EDGE('',*,*,#2467,.T.);
#1131=ORIENTED_EDGE('',*,*,#2468,.T.);
#1132=ORIENTED_EDGE('',*,*,#2469,.T.);
#1133=ORIENTED_EDGE('',*,*,#2470,.T.);
#1134=ORIENTED_EDGE('',*,*,#2471,.T.);
#1135=ORIENTED_EDGE('',*,*,#2472,.T.);
#1136=ORIENTED_EDGE('',*,*,#2473,.T.);
#1137=ORIENTED_EDGE('',*,*,#2474,.T.);
#1138=ORIENTED_EDGE('',*,*,#2475,.T.);
#1139=ORIENTED_EDGE('',*,*,#2476,.T.);
#1140=ORIENTED_EDGE('',*,*,#2477,.F.);
#1141=ORIENTED_EDGE('',*,*,#2478,.T.);
#1142=ORIENTED_EDGE('',*,*,#2479,.T.);
#1143=ORIENTED_EDGE('',*,*,#2480,.T.);
#1144=ORIENTED_EDGE('',*,*,#2481,.T.);
#1145=ORIENTED_EDGE('',*,*,#2482,.T.);
#1146=ORIENTED_EDGE('',*,*,#2483,.T.);
#1147=ORIENTED_EDGE('',*,*,#2484,.T.);
#1148=ORIENTED_EDGE('',*,*,#2485,.T.);
#1149=ORIENTED_EDGE('',*,*,#2486,.T.);
#1150=ORIENTED_EDGE('',*,*,#2487,.T.);
#1151=ORIENTED_EDGE('',*,*,#2488,.T.);
#1152=ORIENTED_EDGE('',*,*,#2489,.T.);
#1153=ORIENTED_EDGE('',*,*,#2490,.T.);
#1154=ORIENTED_EDGE('',*,*,#2491,.T.);
#1155=ORIENTED_EDGE('',*,*,#2492,.T.);
#1156=ORIENTED_EDGE('',*,*,#2493,.T.);
#1157=ORIENTED_EDGE('',*,*,#2494,.T.);
#1158=ORIENTED_EDGE('',*,*,#2495,.T.);
#1159=ORIENTED_EDGE('',*,*,#2496,.T.);
#1160=ORIENTED_EDGE('',*,*,#2497,.T.);
#1161=ORIENTED_EDGE('',*,*,#2498,.T.);
#1162=ORIENTED_EDGE('',*,*,#2499,.T.);
#1163=ORIENTED_EDGE('',*,*,#2500,.T.);
#1164=ORIENTED_EDGE('',*,*,#2501,.F.);
#1165=ORIENTED_EDGE('',*,*,#2502,.T.);
#1166=ORIENTED_EDGE('',*,*,#2503,.T.);
#1167=ORIENTED_EDGE('',*,*,#2504,.T.);
#1168=ORIENTED_EDGE('',*,*,#2505,.T.);
#1169=ORIENTED_EDGE('',*,*,#2506,.T.);
#1170=ORIENTED_EDGE('',*,*,#2507,.T.);
#1171=ORIENTED_EDGE('',*,*,#2508,.T.);
#1172=ORIENTED_EDGE('',*,*,#2509,.T.);
#1173=ORIENTED_EDGE('',*,*,#2510,.T.);
#1174=ORIENTED_EDGE('',*,*,#2511,.T.);
#1175=ORIENTED_EDGE('',*,*,#2512,.T.);
#1176=ORIENTED_EDGE('',*,*,#2513,.T.);
#1177=ORIENTED_EDGE('',*,*,#2420,.T.);
#1178=ORIENTED_EDGE('',*,*,#2514,.T.);
#1179=ORIENTED_EDGE('',*,*,#2515,.T.);
#1180=ORIENTED_EDGE('',*,*,#2516,.T.);
#1181=ORIENTED_EDGE('',*,*,#2517,.T.);
#1182=ORIENTED_EDGE('',*,*,#2518,.T.);
#1183=ORIENTED_EDGE('',*,*,#2519,.T.);
#1184=ORIENTED_EDGE('',*,*,#2520,.T.);
#1185=ORIENTED_EDGE('',*,*,#2521,.T.);
#1186=ORIENTED_EDGE('',*,*,#2522,.T.);
#1187=ORIENTED_EDGE('',*,*,#2523,.T.);
#1188=ORIENTED_EDGE('',*,*,#2524,.T.);
#1189=ORIENTED_EDGE('',*,*,#2525,.T.);
#1190=ORIENTED_EDGE('',*,*,#2526,.T.);
#1191=ORIENTED_EDGE('',*,*,#2527,.T.);
#1192=ORIENTED_EDGE('',*,*,#2528,.T.);
#1193=ORIENTED_EDGE('',*,*,#2529,.T.);
#1194=ORIENTED_EDGE('',*,*,#2530,.T.);
#1195=ORIENTED_EDGE('',*,*,#2531,.T.);
#1196=ORIENTED_EDGE('',*,*,#2532,.T.);
#1197=ORIENTED_EDGE('',*,*,#2533,.T.);
#1198=ORIENTED_EDGE('',*,*,#2534,.T.);
#1199=ORIENTED_EDGE('',*,*,#2535,.T.);
#1200=ORIENTED_EDGE('',*,*,#2536,.T.);
#1201=ORIENTED_EDGE('',*,*,#2537,.T.);
#1202=ORIENTED_EDGE('',*,*,#2538,.T.);
#1203=ORIENTED_EDGE('',*,*,#2539,.T.);
#1204=ORIENTED_EDGE('',*,*,#2540,.T.);
#1205=ORIENTED_EDGE('',*,*,#2541,.T.);
#1206=ORIENTED_EDGE('',*,*,#2542,.T.);
#1207=ORIENTED_EDGE('',*,*,#2414,.T.);
#1208=ORIENTED_EDGE('',*,*,#2543,.T.);
#1209=ORIENTED_EDGE('',*,*,#2544,.T.);
#1210=ORIENTED_EDGE('',*,*,#2545,.T.);
#1211=ORIENTED_EDGE('',*,*,#2546,.T.);
#1212=ORIENTED_EDGE('',*,*,#2547,.T.);
#1213=ORIENTED_EDGE('',*,*,#2548,.T.);
#1214=ORIENTED_EDGE('',*,*,#2549,.T.);
#1215=ORIENTED_EDGE('',*,*,#2550,.T.);
#1216=ORIENTED_EDGE('',*,*,#2551,.T.);
#1217=ORIENTED_EDGE('',*,*,#2552,.T.);
#1218=ORIENTED_EDGE('',*,*,#2553,.T.);
#1219=ORIENTED_EDGE('',*,*,#2554,.T.);
#1220=ORIENTED_EDGE('',*,*,#2555,.T.);
#1221=ORIENTED_EDGE('',*,*,#2556,.T.);
#1222=ORIENTED_EDGE('',*,*,#2557,.T.);
#1223=ORIENTED_EDGE('',*,*,#2558,.T.);
#1224=ORIENTED_EDGE('',*,*,#2559,.T.);
#1225=ORIENTED_EDGE('',*,*,#2560,.T.);
#1226=ORIENTED_EDGE('',*,*,#2561,.T.);
#1227=ORIENTED_EDGE('',*,*,#2562,.T.);
#1228=ORIENTED_EDGE('',*,*,#2563,.T.);
#1229=ORIENTED_EDGE('',*,*,#2564,.T.);
#1230=ORIENTED_EDGE('',*,*,#2565,.T.);
#1231=ORIENTED_EDGE('',*,*,#2566,.T.);
#1232=ORIENTED_EDGE('',*,*,#2567,.T.);
#1233=ORIENTED_EDGE('',*,*,#2568,.T.);
#1234=ORIENTED_EDGE('',*,*,#2569,.T.);
#1235=ORIENTED_EDGE('',*,*,#2570,.T.);
#1236=ORIENTED_EDGE('',*,*,#2571,.T.);
#1237=ORIENTED_EDGE('',*,*,#2572,.T.);
#1238=ORIENTED_EDGE('',*,*,#2573,.T.);
#1239=ORIENTED_EDGE('',*,*,#2574,.T.);
#1240=ORIENTED_EDGE('',*,*,#2575,.T.);
#1241=ORIENTED_EDGE('',*,*,#2576,.T.);
#1242=ORIENTED_EDGE('',*,*,#2577,.T.);
#1243=ORIENTED_EDGE('',*,*,#2578,.T.);
#1244=ORIENTED_EDGE('',*,*,#2579,.T.);
#1245=ORIENTED_EDGE('',*,*,#2580,.T.);
#1246=ORIENTED_EDGE('',*,*,#2581,.T.);
#1247=ORIENTED_EDGE('',*,*,#2582,.T.);
#1248=ORIENTED_EDGE('',*,*,#2583,.T.);
#1249=ORIENTED_EDGE('',*,*,#2584,.T.);
#1250=ORIENTED_EDGE('',*,*,#2585,.T.);
#1251=ORIENTED_EDGE('',*,*,#2586,.T.);
#1252=ORIENTED_EDGE('',*,*,#2587,.F.);
#1253=ORIENTED_EDGE('',*,*,#2475,.F.);
#1254=ORIENTED_EDGE('',*,*,#2588,.T.);
#1255=ORIENTED_EDGE('',*,*,#2589,.T.);
#1256=ORIENTED_EDGE('',*,*,#2590,.T.);
#1257=ORIENTED_EDGE('',*,*,#2587,.T.);
#1258=ORIENTED_EDGE('',*,*,#2591,.T.);
#1259=ORIENTED_EDGE('',*,*,#2592,.T.);
#1260=ORIENTED_EDGE('',*,*,#2593,.T.);
#1261=ORIENTED_EDGE('',*,*,#2594,.F.);
#1262=ORIENTED_EDGE('',*,*,#2476,.F.);
#1263=ORIENTED_EDGE('',*,*,#2595,.T.);
#1264=ORIENTED_EDGE('',*,*,#2596,.T.);
#1265=ORIENTED_EDGE('',*,*,#2597,.T.);
#1266=ORIENTED_EDGE('',*,*,#2598,.F.);
#1267=ORIENTED_EDGE('',*,*,#2582,.F.);
#1268=ORIENTED_EDGE('',*,*,#2599,.F.);
#1269=ORIENTED_EDGE('',*,*,#2600,.T.);
#1270=ORIENTED_EDGE('',*,*,#2601,.T.);
#1271=ORIENTED_EDGE('',*,*,#2602,.T.);
#1272=ORIENTED_EDGE('',*,*,#2603,.T.);
#1273=ORIENTED_EDGE('',*,*,#2604,.T.);
#1274=ORIENTED_EDGE('',*,*,#2605,.T.);
#1275=ORIENTED_EDGE('',*,*,#2575,.F.);
#1276=ORIENTED_EDGE('',*,*,#2598,.T.);
#1277=ORIENTED_EDGE('',*,*,#2606,.T.);
#1278=ORIENTED_EDGE('',*,*,#2607,.T.);
#1279=ORIENTED_EDGE('',*,*,#2608,.T.);
#1280=ORIENTED_EDGE('',*,*,#2609,.T.);
#1281=ORIENTED_EDGE('',*,*,#2610,.T.);
#1282=ORIENTED_EDGE('',*,*,#2611,.T.);
#1283=ORIENTED_EDGE('',*,*,#2612,.T.);
#1284=ORIENTED_EDGE('',*,*,#2613,.T.);
#1285=ORIENTED_EDGE('',*,*,#2614,.T.);
#1286=ORIENTED_EDGE('',*,*,#2615,.T.);
#1287=ORIENTED_EDGE('',*,*,#2616,.T.);
#1288=ORIENTED_EDGE('',*,*,#2617,.T.);
#1289=ORIENTED_EDGE('',*,*,#2618,.T.);
#1290=ORIENTED_EDGE('',*,*,#2619,.T.);
#1291=ORIENTED_EDGE('',*,*,#2620,.T.);
#1292=ORIENTED_EDGE('',*,*,#2621,.T.);
#1293=ORIENTED_EDGE('',*,*,#2622,.T.);
#1294=ORIENTED_EDGE('',*,*,#2623,.T.);
#1295=ORIENTED_EDGE('',*,*,#2624,.T.);
#1296=ORIENTED_EDGE('',*,*,#2625,.T.);
#1297=ORIENTED_EDGE('',*,*,#2626,.T.);
#1298=ORIENTED_EDGE('',*,*,#2627,.T.);
#1299=ORIENTED_EDGE('',*,*,#2628,.T.);
#1300=ORIENTED_EDGE('',*,*,#2629,.T.);
#1301=ORIENTED_EDGE('',*,*,#2630,.T.);
#1302=ORIENTED_EDGE('',*,*,#2631,.T.);
#1303=ORIENTED_EDGE('',*,*,#2632,.T.);
#1304=ORIENTED_EDGE('',*,*,#2633,.T.);
#1305=ORIENTED_EDGE('',*,*,#2634,.T.);
#1306=ORIENTED_EDGE('',*,*,#2635,.T.);
#1307=ORIENTED_EDGE('',*,*,#2636,.T.);
#1308=ORIENTED_EDGE('',*,*,#2637,.T.);
#1309=ORIENTED_EDGE('',*,*,#2638,.T.);
#1310=ORIENTED_EDGE('',*,*,#2639,.T.);
#1311=ORIENTED_EDGE('',*,*,#2640,.T.);
#1312=ORIENTED_EDGE('',*,*,#2641,.T.);
#1313=ORIENTED_EDGE('',*,*,#2642,.T.);
#1314=ORIENTED_EDGE('',*,*,#2643,.T.);
#1315=ORIENTED_EDGE('',*,*,#2644,.T.);
#1316=ORIENTED_EDGE('',*,*,#2645,.T.);
#1317=ORIENTED_EDGE('',*,*,#2646,.T.);
#1318=ORIENTED_EDGE('',*,*,#2463,.F.);
#1319=ORIENTED_EDGE('',*,*,#2647,.T.);
#1320=ORIENTED_EDGE('',*,*,#2403,.F.);
#1321=ORIENTED_EDGE('',*,*,#2648,.T.);
#1322=ORIENTED_EDGE('',*,*,#2409,.F.);
#1323=ORIENTED_EDGE('',*,*,#2649,.T.);
#1324=ORIENTED_EDGE('',*,*,#2481,.F.);
#1325=ORIENTED_EDGE('',*,*,#2650,.T.);
#1326=ORIENTED_EDGE('',*,*,#2578,.F.);
#1327=ORIENTED_EDGE('',*,*,#2651,.T.);
#1328=ORIENTED_EDGE('',*,*,#2629,.F.);
#1329=ORIENTED_EDGE('',*,*,#2652,.T.);
#1330=ORIENTED_EDGE('',*,*,#2636,.F.);
#1331=ORIENTED_EDGE('',*,*,#2653,.T.);
#1332=ORIENTED_EDGE('',*,*,#2480,.F.);
#1333=ORIENTED_EDGE('',*,*,#2654,.T.);
#1334=ORIENTED_EDGE('',*,*,#2645,.F.);
#1335=ORIENTED_EDGE('',*,*,#2655,.T.);
#1336=ORIENTED_EDGE('',*,*,#2468,.F.);
#1337=ORIENTED_EDGE('',*,*,#2656,.T.);
#1338=ORIENTED_EDGE('',*,*,#2488,.F.);
#1339=ORIENTED_EDGE('',*,*,#2657,.T.);
#1340=ORIENTED_EDGE('',*,*,#2639,.F.);
#1341=ORIENTED_EDGE('',*,*,#2658,.T.);
#1342=ORIENTED_EDGE('',*,*,#2573,.F.);
#1343=ORIENTED_EDGE('',*,*,#2659,.T.);
#1344=ORIENTED_EDGE('',*,*,#2660,.T.);
#1345=ORIENTED_EDGE('',*,*,#2562,.F.);
#1346=ORIENTED_EDGE('',*,*,#2661,.T.);
#1347=ORIENTED_EDGE('',*,*,#2515,.F.);
#1348=ORIENTED_EDGE('',*,*,#2662,.T.);
#1349=ORIENTED_EDGE('',*,*,#2663,.T.);
#1350=ORIENTED_EDGE('',*,*,#2571,.F.);
#1351=ORIENTED_EDGE('',*,*,#2664,.T.);
#1352=ORIENTED_EDGE('',*,*,#2400,.T.);
#1353=ORIENTED_EDGE('',*,*,#2665,.T.);
#1354=ORIENTED_EDGE('',*,*,#2666,.T.);
#1355=ORIENTED_EDGE('',*,*,#2667,.T.);
#1356=ORIENTED_EDGE('',*,*,#2668,.T.);
#1357=ORIENTED_EDGE('',*,*,#2669,.T.);
#1358=ORIENTED_EDGE('',*,*,#2670,.T.);
#1359=ORIENTED_EDGE('',*,*,#2671,.T.);
#1360=ORIENTED_EDGE('',*,*,#2672,.T.);
#1361=ORIENTED_EDGE('',*,*,#2673,.T.);
#1362=ORIENTED_EDGE('',*,*,#2674,.T.);
#1363=ORIENTED_EDGE('',*,*,#2675,.T.);
#1364=ORIENTED_EDGE('',*,*,#2676,.T.);
#1365=ORIENTED_EDGE('',*,*,#2677,.T.);
#1366=ORIENTED_EDGE('',*,*,#2678,.T.);
#1367=ORIENTED_EDGE('',*,*,#2416,.F.);
#1368=ORIENTED_EDGE('',*,*,#2679,.T.);
#1369=ORIENTED_EDGE('',*,*,#2659,.F.);
#1370=ORIENTED_EDGE('',*,*,#2680,.F.);
#1371=ORIENTED_EDGE('',*,*,#2680,.T.);
#1372=ORIENTED_EDGE('',*,*,#2572,.F.);
#1373=ORIENTED_EDGE('',*,*,#2681,.F.);
#1374=ORIENTED_EDGE('',*,*,#2417,.F.);
#1375=ORIENTED_EDGE('',*,*,#2681,.T.);
#1376=ORIENTED_EDGE('',*,*,#2663,.F.);
#1377=ORIENTED_EDGE('',*,*,#2682,.T.);
#1378=ORIENTED_EDGE('',*,*,#2418,.F.);
#1379=ORIENTED_EDGE('',*,*,#2683,.T.);
#1380=ORIENTED_EDGE('',*,*,#2684,.T.);
#1381=ORIENTED_EDGE('',*,*,#2516,.F.);
#1382=ORIENTED_EDGE('',*,*,#2685,.F.);
#1383=ORIENTED_EDGE('',*,*,#2494,.F.);
#1384=ORIENTED_EDGE('',*,*,#2685,.T.);
#1385=ORIENTED_EDGE('',*,*,#2664,.F.);
#1386=ORIENTED_EDGE('',*,*,#2686,.F.);
#1387=ORIENTED_EDGE('',*,*,#2495,.F.);
#1388=ORIENTED_EDGE('',*,*,#2686,.T.);
#1389=ORIENTED_EDGE('',*,*,#2574,.F.);
#1390=ORIENTED_EDGE('',*,*,#2687,.F.);
#1391=ORIENTED_EDGE('',*,*,#2496,.F.);
#1392=ORIENTED_EDGE('',*,*,#2687,.T.);
#1393=ORIENTED_EDGE('',*,*,#2661,.F.);
#1394=ORIENTED_EDGE('',*,*,#2688,.F.);
#1395=ORIENTED_EDGE('',*,*,#2497,.F.);
#1396=ORIENTED_EDGE('',*,*,#2561,.F.);
#1397=ORIENTED_EDGE('',*,*,#2689,.T.);
#1398=ORIENTED_EDGE('',*,*,#2690,.T.);
#1399=ORIENTED_EDGE('',*,*,#2498,.F.);
#1400=ORIENTED_EDGE('',*,*,#2688,.T.);
#1401=ORIENTED_EDGE('',*,*,#2422,.F.);
#1402=ORIENTED_EDGE('',*,*,#2691,.T.);
#1403=ORIENTED_EDGE('',*,*,#2692,.T.);
#1404=ORIENTED_EDGE('',*,*,#2693,.T.);
#1405=ORIENTED_EDGE('',*,*,#2694,.T.);
#1406=ORIENTED_EDGE('',*,*,#2695,.T.);
#1407=ORIENTED_EDGE('',*,*,#2696,.T.);
#1408=ORIENTED_EDGE('',*,*,#2412,.T.);
#1409=ORIENTED_EDGE('',*,*,#2697,.T.);
#1410=ORIENTED_EDGE('',*,*,#2698,.T.);
#1411=ORIENTED_EDGE('',*,*,#2699,.F.);
#1412=ORIENTED_EDGE('',*,*,#2700,.F.);
#1413=ORIENTED_EDGE('',*,*,#2701,.F.);
#1414=ORIENTED_EDGE('',*,*,#2699,.T.);
#1415=ORIENTED_EDGE('',*,*,#2702,.F.);
#1416=ORIENTED_EDGE('',*,*,#2703,.F.);
#1417=ORIENTED_EDGE('',*,*,#2704,.F.);
#1418=ORIENTED_EDGE('',*,*,#2700,.T.);
#1419=ORIENTED_EDGE('',*,*,#2705,.F.);
#1420=ORIENTED_EDGE('',*,*,#2429,.F.);
#1421=ORIENTED_EDGE('',*,*,#2706,.F.);
#1422=ORIENTED_EDGE('',*,*,#2703,.T.);
#1423=ORIENTED_EDGE('',*,*,#2705,.T.);
#1424=ORIENTED_EDGE('',*,*,#2701,.T.);
#1425=ORIENTED_EDGE('',*,*,#2707,.F.);
#1426=ORIENTED_EDGE('',*,*,#2426,.F.);
#1427=ORIENTED_EDGE('',*,*,#2704,.T.);
#1428=ORIENTED_EDGE('',*,*,#2428,.F.);
#1429=ORIENTED_EDGE('',*,*,#2708,.F.);
#1430=ORIENTED_EDGE('',*,*,#2702,.T.);
#1431=ORIENTED_EDGE('',*,*,#2707,.T.);
#1432=ORIENTED_EDGE('',*,*,#2706,.T.);
#1433=ORIENTED_EDGE('',*,*,#2708,.T.);
#1434=ORIENTED_EDGE('',*,*,#2427,.F.);
#1435=ORIENTED_EDGE('',*,*,#2514,.F.);
#1436=ORIENTED_EDGE('',*,*,#2419,.F.);
#1437=ORIENTED_EDGE('',*,*,#2682,.F.);
#1438=ORIENTED_EDGE('',*,*,#2662,.F.);
#1439=ORIENTED_EDGE('',*,*,#2415,.F.);
#1440=ORIENTED_EDGE('',*,*,#2542,.F.);
#1441=ORIENTED_EDGE('',*,*,#2660,.F.);
#1442=ORIENTED_EDGE('',*,*,#2679,.F.);
#1443=ORIENTED_EDGE('',*,*,#2709,.T.);
#1444=ORIENTED_EDGE('',*,*,#2710,.T.);
#1445=ORIENTED_EDGE('',*,*,#2711,.T.);
#1446=ORIENTED_EDGE('',*,*,#2712,.T.);
#1447=ORIENTED_EDGE('',*,*,#2713,.T.);
#1448=ORIENTED_EDGE('',*,*,#2714,.T.);
#1449=ORIENTED_EDGE('',*,*,#2715,.T.);
#1450=ORIENTED_EDGE('',*,*,#2716,.T.);
#1451=ORIENTED_EDGE('',*,*,#2717,.T.);
#1452=ORIENTED_EDGE('',*,*,#2718,.T.);
#1453=ORIENTED_EDGE('',*,*,#2719,.T.);
#1454=ORIENTED_EDGE('',*,*,#2720,.T.);
#1455=ORIENTED_EDGE('',*,*,#2721,.T.);
#1456=ORIENTED_EDGE('',*,*,#2722,.T.);
#1457=ORIENTED_EDGE('',*,*,#2723,.T.);
#1458=ORIENTED_EDGE('',*,*,#2724,.T.);
#1459=ORIENTED_EDGE('',*,*,#2725,.T.);
#1460=ORIENTED_EDGE('',*,*,#2726,.T.);
#1461=ORIENTED_EDGE('',*,*,#2727,.T.);
#1462=ORIENTED_EDGE('',*,*,#2728,.T.);
#1463=ORIENTED_EDGE('',*,*,#2729,.T.);
#1464=ORIENTED_EDGE('',*,*,#2730,.T.);
#1465=ORIENTED_EDGE('',*,*,#2731,.T.);
#1466=ORIENTED_EDGE('',*,*,#2732,.T.);
#1467=ORIENTED_EDGE('',*,*,#2733,.T.);
#1468=ORIENTED_EDGE('',*,*,#2734,.T.);
#1469=ORIENTED_EDGE('',*,*,#2735,.T.);
#1470=ORIENTED_EDGE('',*,*,#2736,.T.);
#1471=ORIENTED_EDGE('',*,*,#2737,.T.);
#1472=ORIENTED_EDGE('',*,*,#2738,.T.);
#1473=ORIENTED_EDGE('',*,*,#2739,.T.);
#1474=ORIENTED_EDGE('',*,*,#2740,.T.);
#1475=ORIENTED_EDGE('',*,*,#2727,.F.);
#1476=ORIENTED_EDGE('',*,*,#2741,.T.);
#1477=ORIENTED_EDGE('',*,*,#2675,.F.);
#1478=ORIENTED_EDGE('',*,*,#2742,.T.);
#1479=ORIENTED_EDGE('',*,*,#2455,.F.);
#1480=ORIENTED_EDGE('',*,*,#2743,.T.);
#1481=ORIENTED_EDGE('',*,*,#2715,.F.);
#1482=ORIENTED_EDGE('',*,*,#2744,.T.);
#1483=ORIENTED_EDGE('',*,*,#2677,.F.);
#1484=ORIENTED_EDGE('',*,*,#2745,.T.);
#1485=ORIENTED_EDGE('',*,*,#2695,.F.);
#1486=ORIENTED_EDGE('',*,*,#2746,.T.);
#1487=ORIENTED_EDGE('',*,*,#2692,.F.);
#1488=ORIENTED_EDGE('',*,*,#2747,.T.);
#1489=ORIENTED_EDGE('',*,*,#2453,.F.);
#1490=ORIENTED_EDGE('',*,*,#2748,.T.);
#1491=ORIENTED_EDGE('',*,*,#2451,.F.);
#1492=ORIENTED_EDGE('',*,*,#2749,.T.);
#1493=ORIENTED_EDGE('',*,*,#2731,.F.);
#1494=ORIENTED_EDGE('',*,*,#2750,.T.);
#1495=ORIENTED_EDGE('',*,*,#2711,.F.);
#1496=ORIENTED_EDGE('',*,*,#2751,.T.);
#1497=ORIENTED_EDGE('',*,*,#2441,.F.);
#1498=ORIENTED_EDGE('',*,*,#2752,.T.);
#1499=ORIENTED_EDGE('',*,*,#2753,.T.);
#1500=ORIENTED_EDGE('',*,*,#2754,.T.);
#1501=ORIENTED_EDGE('',*,*,#2755,.T.);
#1502=ORIENTED_EDGE('',*,*,#2756,.T.);
#1503=ORIENTED_EDGE('',*,*,#2757,.T.);
#1504=ORIENTED_EDGE('',*,*,#2758,.T.);
#1505=ORIENTED_EDGE('',*,*,#2759,.T.);
#1506=ORIENTED_EDGE('',*,*,#2760,.T.);
#1507=ORIENTED_EDGE('',*,*,#2761,.T.);
#1508=ORIENTED_EDGE('',*,*,#2762,.T.);
#1509=ORIENTED_EDGE('',*,*,#2763,.T.);
#1510=ORIENTED_EDGE('',*,*,#2764,.T.);
#1511=ORIENTED_EDGE('',*,*,#2756,.F.);
#1512=ORIENTED_EDGE('',*,*,#2765,.T.);
#1513=ORIENTED_EDGE('',*,*,#2438,.F.);
#1514=ORIENTED_EDGE('',*,*,#2766,.T.);
#1515=ORIENTED_EDGE('',*,*,#2669,.F.);
#1516=ORIENTED_EDGE('',*,*,#2767,.T.);
#1517=ORIENTED_EDGE('',*,*,#2764,.F.);
#1518=ORIENTED_EDGE('',*,*,#2768,.T.);
#1519=ORIENTED_EDGE('',*,*,#2717,.F.);
#1520=ORIENTED_EDGE('',*,*,#2769,.T.);
#1521=ORIENTED_EDGE('',*,*,#2721,.F.);
#1522=ORIENTED_EDGE('',*,*,#2770,.T.);
#1523=ORIENTED_EDGE('',*,*,#2723,.F.);
#1524=ORIENTED_EDGE('',*,*,#2771,.T.);
#1525=ORIENTED_EDGE('',*,*,#2709,.F.);
#1526=ORIENTED_EDGE('',*,*,#2772,.T.);
#1527=ORIENTED_EDGE('',*,*,#2733,.F.);
#1528=ORIENTED_EDGE('',*,*,#2773,.T.);
#1529=ORIENTED_EDGE('',*,*,#2737,.F.);
#1530=ORIENTED_EDGE('',*,*,#2774,.T.);
#1531=ORIENTED_EDGE('',*,*,#2739,.F.);
#1532=ORIENTED_EDGE('',*,*,#2775,.T.);
#1533=ORIENTED_EDGE('',*,*,#2725,.F.);
#1534=ORIENTED_EDGE('',*,*,#2776,.T.);
#1535=ORIENTED_EDGE('',*,*,#2423,.F.);
#1536=ORIENTED_EDGE('',*,*,#2694,.F.);
#1537=ORIENTED_EDGE('',*,*,#2777,.F.);
#1538=ORIENTED_EDGE('',*,*,#2446,.F.);
#1539=ORIENTED_EDGE('',*,*,#2777,.T.);
#1540=ORIENTED_EDGE('',*,*,#2693,.F.);
#1541=ORIENTED_EDGE('',*,*,#2778,.F.);
#1542=ORIENTED_EDGE('',*,*,#2433,.F.);
#1543=ORIENTED_EDGE('',*,*,#2778,.T.);
#1544=ORIENTED_EDGE('',*,*,#2748,.F.);
#1545=ORIENTED_EDGE('',*,*,#2779,.F.);
#1546=ORIENTED_EDGE('',*,*,#2434,.F.);
#1547=ORIENTED_EDGE('',*,*,#2779,.T.);
#1548=ORIENTED_EDGE('',*,*,#2456,.F.);
#1549=ORIENTED_EDGE('',*,*,#2780,.F.);
#1550=ORIENTED_EDGE('',*,*,#2435,.F.);
#1551=ORIENTED_EDGE('',*,*,#2780,.T.);
#1552=ORIENTED_EDGE('',*,*,#2744,.F.);
#1553=ORIENTED_EDGE('',*,*,#2781,.F.);
#1554=ORIENTED_EDGE('',*,*,#2436,.F.);
#1555=ORIENTED_EDGE('',*,*,#2781,.T.);
#1556=ORIENTED_EDGE('',*,*,#2720,.F.);
#1557=ORIENTED_EDGE('',*,*,#2782,.F.);
#1558=ORIENTED_EDGE('',*,*,#2437,.F.);
#1559=ORIENTED_EDGE('',*,*,#2782,.T.);
#1560=ORIENTED_EDGE('',*,*,#2719,.F.);
#1561=ORIENTED_EDGE('',*,*,#2783,.F.);
#1562=ORIENTED_EDGE('',*,*,#2766,.F.);
#1563=ORIENTED_EDGE('',*,*,#2783,.T.);
#1564=ORIENTED_EDGE('',*,*,#2718,.F.);
#1565=ORIENTED_EDGE('',*,*,#2784,.F.);
#1566=ORIENTED_EDGE('',*,*,#2757,.F.);
#1567=ORIENTED_EDGE('',*,*,#2724,.F.);
#1568=ORIENTED_EDGE('',*,*,#2785,.T.);
#1569=ORIENTED_EDGE('',*,*,#2753,.F.);
#1570=ORIENTED_EDGE('',*,*,#2786,.F.);
#1571=ORIENTED_EDGE('',*,*,#2784,.T.);
#1572=ORIENTED_EDGE('',*,*,#2770,.F.);
#1573=ORIENTED_EDGE('',*,*,#2786,.T.);
#1574=ORIENTED_EDGE('',*,*,#2758,.F.);
#1575=ORIENTED_EDGE('',*,*,#2411,.F.);
#1576=ORIENTED_EDGE('',*,*,#2397,.F.);
#1577=ORIENTED_EDGE('',*,*,#2787,.F.);
#1578=ORIENTED_EDGE('',*,*,#2697,.F.);
#1579=ORIENTED_EDGE('',*,*,#2787,.T.);
#1580=ORIENTED_EDGE('',*,*,#2674,.F.);
#1581=ORIENTED_EDGE('',*,*,#2788,.F.);
#1582=ORIENTED_EDGE('',*,*,#2698,.F.);
#1583=ORIENTED_EDGE('',*,*,#2788,.T.);
#1584=ORIENTED_EDGE('',*,*,#2673,.F.);
#1585=ORIENTED_EDGE('',*,*,#2789,.F.);
#1586=ORIENTED_EDGE('',*,*,#2746,.F.);
#1587=ORIENTED_EDGE('',*,*,#2789,.T.);
#1588=ORIENTED_EDGE('',*,*,#2672,.F.);
#1589=ORIENTED_EDGE('',*,*,#2790,.F.);
#1590=ORIENTED_EDGE('',*,*,#2678,.F.);
#1591=ORIENTED_EDGE('',*,*,#2790,.T.);
#1592=ORIENTED_EDGE('',*,*,#2671,.F.);
#1593=ORIENTED_EDGE('',*,*,#2791,.F.);
#1594=ORIENTED_EDGE('',*,*,#2742,.F.);
#1595=ORIENTED_EDGE('',*,*,#2791,.T.);
#1596=ORIENTED_EDGE('',*,*,#2670,.F.);
#1597=ORIENTED_EDGE('',*,*,#2792,.F.);
#1598=ORIENTED_EDGE('',*,*,#2728,.F.);
#1599=ORIENTED_EDGE('',*,*,#2792,.T.);
#1600=ORIENTED_EDGE('',*,*,#2768,.F.);
#1601=ORIENTED_EDGE('',*,*,#2793,.F.);
#1602=ORIENTED_EDGE('',*,*,#2729,.F.);
#1603=ORIENTED_EDGE('',*,*,#2793,.T.);
#1604=ORIENTED_EDGE('',*,*,#2763,.F.);
#1605=ORIENTED_EDGE('',*,*,#2794,.F.);
#1606=ORIENTED_EDGE('',*,*,#2730,.F.);
#1607=ORIENTED_EDGE('',*,*,#2794,.T.);
#1608=ORIENTED_EDGE('',*,*,#2762,.F.);
#1609=ORIENTED_EDGE('',*,*,#2795,.F.);
#1610=ORIENTED_EDGE('',*,*,#2776,.F.);
#1611=ORIENTED_EDGE('',*,*,#2761,.F.);
#1612=ORIENTED_EDGE('',*,*,#2796,.T.);
#1613=ORIENTED_EDGE('',*,*,#2740,.F.);
#1614=ORIENTED_EDGE('',*,*,#2795,.T.);
#1615=ORIENTED_EDGE('',*,*,#2448,.T.);
#1616=ORIENTED_EDGE('',*,*,#2440,.F.);
#1617=ORIENTED_EDGE('',*,*,#2797,.F.);
#1618=ORIENTED_EDGE('',*,*,#2752,.F.);
#1619=ORIENTED_EDGE('',*,*,#2797,.T.);
#1620=ORIENTED_EDGE('',*,*,#2439,.F.);
#1621=ORIENTED_EDGE('',*,*,#2798,.F.);
#1622=ORIENTED_EDGE('',*,*,#2712,.F.);
#1623=ORIENTED_EDGE('',*,*,#2798,.T.);
#1624=ORIENTED_EDGE('',*,*,#2765,.F.);
#1625=ORIENTED_EDGE('',*,*,#2799,.F.);
#1626=ORIENTED_EDGE('',*,*,#2713,.F.);
#1627=ORIENTED_EDGE('',*,*,#2799,.T.);
#1628=ORIENTED_EDGE('',*,*,#2755,.F.);
#1629=ORIENTED_EDGE('',*,*,#2800,.F.);
#1630=ORIENTED_EDGE('',*,*,#2714,.F.);
#1631=ORIENTED_EDGE('',*,*,#2800,.T.);
#1632=ORIENTED_EDGE('',*,*,#2754,.F.);
#1633=ORIENTED_EDGE('',*,*,#2785,.F.);
#1634=ORIENTED_EDGE('',*,*,#2772,.F.);
#1635=ORIENTED_EDGE('',*,*,#2666,.F.);
#1636=ORIENTED_EDGE('',*,*,#2801,.T.);
#1637=ORIENTED_EDGE('',*,*,#2452,.F.);
#1638=ORIENTED_EDGE('',*,*,#2802,.F.);
#1639=ORIENTED_EDGE('',*,*,#2802,.T.);
#1640=ORIENTED_EDGE('',*,*,#2750,.F.);
#1641=ORIENTED_EDGE('',*,*,#2803,.F.);
#1642=ORIENTED_EDGE('',*,*,#2667,.F.);
#1643=ORIENTED_EDGE('',*,*,#2803,.T.);
#1644=ORIENTED_EDGE('',*,*,#2736,.F.);
#1645=ORIENTED_EDGE('',*,*,#2804,.F.);
#1646=ORIENTED_EDGE('',*,*,#2668,.F.);
#1647=ORIENTED_EDGE('',*,*,#2804,.T.);
#1648=ORIENTED_EDGE('',*,*,#2735,.F.);
#1649=ORIENTED_EDGE('',*,*,#2805,.F.);
#1650=ORIENTED_EDGE('',*,*,#2767,.F.);
#1651=ORIENTED_EDGE('',*,*,#2805,.T.);
#1652=ORIENTED_EDGE('',*,*,#2734,.F.);
#1653=ORIENTED_EDGE('',*,*,#2806,.F.);
#1654=ORIENTED_EDGE('',*,*,#2759,.F.);
#1655=ORIENTED_EDGE('',*,*,#2806,.T.);
#1656=ORIENTED_EDGE('',*,*,#2774,.F.);
#1657=ORIENTED_EDGE('',*,*,#2796,.F.);
#1658=ORIENTED_EDGE('',*,*,#2760,.F.);
#1659=ORIENTED_EDGE('',*,*,#2807,.F.);
#1660=ORIENTED_EDGE('',*,*,#2808,.T.);
#1661=ORIENTED_EDGE('',*,*,#2809,.F.);
#1662=ORIENTED_EDGE('',*,*,#2810,.T.);
#1663=ORIENTED_EDGE('',*,*,#2807,.T.);
#1664=ORIENTED_EDGE('',*,*,#2811,.T.);
#1665=ORIENTED_EDGE('',*,*,#2809,.T.);
#1666=ORIENTED_EDGE('',*,*,#2812,.T.);
#1667=ORIENTED_EDGE('',*,*,#2813,.F.);
#1668=ORIENTED_EDGE('',*,*,#2814,.T.);
#1669=ORIENTED_EDGE('',*,*,#2815,.F.);
#1670=ORIENTED_EDGE('',*,*,#2816,.T.);
#1671=ORIENTED_EDGE('',*,*,#2813,.T.);
#1672=ORIENTED_EDGE('',*,*,#2817,.T.);
#1673=ORIENTED_EDGE('',*,*,#2815,.T.);
#1674=ORIENTED_EDGE('',*,*,#2818,.T.);
#1675=ORIENTED_EDGE('',*,*,#2819,.F.);
#1676=ORIENTED_EDGE('',*,*,#2820,.T.);
#1677=ORIENTED_EDGE('',*,*,#2821,.F.);
#1678=ORIENTED_EDGE('',*,*,#2811,.F.);
#1679=ORIENTED_EDGE('',*,*,#2821,.T.);
#1680=ORIENTED_EDGE('',*,*,#2822,.T.);
#1681=ORIENTED_EDGE('',*,*,#2823,.F.);
#1682=ORIENTED_EDGE('',*,*,#2812,.F.);
#1683=ORIENTED_EDGE('',*,*,#2824,.F.);
#1684=ORIENTED_EDGE('',*,*,#2825,.T.);
#1685=ORIENTED_EDGE('',*,*,#2819,.T.);
#1686=ORIENTED_EDGE('',*,*,#2808,.F.);
#1687=ORIENTED_EDGE('',*,*,#2823,.T.);
#1688=ORIENTED_EDGE('',*,*,#2826,.T.);
#1689=ORIENTED_EDGE('',*,*,#2824,.T.);
#1690=ORIENTED_EDGE('',*,*,#2810,.F.);
#1691=ORIENTED_EDGE('',*,*,#2827,.F.);
#1692=ORIENTED_EDGE('',*,*,#2828,.T.);
#1693=ORIENTED_EDGE('',*,*,#2829,.F.);
#1694=ORIENTED_EDGE('',*,*,#2817,.F.);
#1695=ORIENTED_EDGE('',*,*,#2829,.T.);
#1696=ORIENTED_EDGE('',*,*,#2830,.T.);
#1697=ORIENTED_EDGE('',*,*,#2831,.F.);
#1698=ORIENTED_EDGE('',*,*,#2818,.F.);
#1699=ORIENTED_EDGE('',*,*,#2832,.F.);
#1700=ORIENTED_EDGE('',*,*,#2833,.T.);
#1701=ORIENTED_EDGE('',*,*,#2827,.T.);
#1702=ORIENTED_EDGE('',*,*,#2814,.F.);
#1703=ORIENTED_EDGE('',*,*,#2831,.T.);
#1704=ORIENTED_EDGE('',*,*,#2834,.T.);
#1705=ORIENTED_EDGE('',*,*,#2832,.T.);
#1706=ORIENTED_EDGE('',*,*,#2816,.F.);
#1707=ORIENTED_EDGE('',*,*,#2835,.F.);
#1708=ORIENTED_EDGE('',*,*,#2826,.F.);
#1709=ORIENTED_EDGE('',*,*,#2836,.F.);
#1710=ORIENTED_EDGE('',*,*,#2537,.F.);
#1711=ORIENTED_EDGE('',*,*,#2836,.T.);
#1712=ORIENTED_EDGE('',*,*,#2822,.F.);
#1713=ORIENTED_EDGE('',*,*,#2837,.F.);
#1714=ORIENTED_EDGE('',*,*,#2534,.F.);
#1715=ORIENTED_EDGE('',*,*,#2835,.T.);
#1716=ORIENTED_EDGE('',*,*,#2536,.F.);
#1717=ORIENTED_EDGE('',*,*,#2838,.F.);
#1718=ORIENTED_EDGE('',*,*,#2825,.F.);
#1719=ORIENTED_EDGE('',*,*,#2837,.T.);
#1720=ORIENTED_EDGE('',*,*,#2820,.F.);
#1721=ORIENTED_EDGE('',*,*,#2838,.T.);
#1722=ORIENTED_EDGE('',*,*,#2535,.F.);
#1723=ORIENTED_EDGE('',*,*,#2839,.F.);
#1724=ORIENTED_EDGE('',*,*,#2834,.F.);
#1725=ORIENTED_EDGE('',*,*,#2840,.F.);
#1726=ORIENTED_EDGE('',*,*,#2541,.F.);
#1727=ORIENTED_EDGE('',*,*,#2840,.T.);
#1728=ORIENTED_EDGE('',*,*,#2830,.F.);
#1729=ORIENTED_EDGE('',*,*,#2841,.F.);
#1730=ORIENTED_EDGE('',*,*,#2538,.F.);
#1731=ORIENTED_EDGE('',*,*,#2839,.T.);
#1732=ORIENTED_EDGE('',*,*,#2540,.F.);
#1733=ORIENTED_EDGE('',*,*,#2842,.F.);
#1734=ORIENTED_EDGE('',*,*,#2833,.F.);
#1735=ORIENTED_EDGE('',*,*,#2841,.T.);
#1736=ORIENTED_EDGE('',*,*,#2828,.F.);
#1737=ORIENTED_EDGE('',*,*,#2842,.T.);
#1738=ORIENTED_EDGE('',*,*,#2539,.F.);
#1739=ORIENTED_EDGE('',*,*,#2843,.F.);
#1740=ORIENTED_EDGE('',*,*,#2844,.T.);
#1741=ORIENTED_EDGE('',*,*,#2845,.F.);
#1742=ORIENTED_EDGE('',*,*,#2846,.T.);
#1743=ORIENTED_EDGE('',*,*,#2845,.T.);
#1744=ORIENTED_EDGE('',*,*,#2847,.T.);
#1745=ORIENTED_EDGE('',*,*,#2843,.T.);
#1746=ORIENTED_EDGE('',*,*,#2848,.T.);
#1747=ORIENTED_EDGE('',*,*,#2849,.F.);
#1748=ORIENTED_EDGE('',*,*,#2850,.T.);
#1749=ORIENTED_EDGE('',*,*,#2851,.F.);
#1750=ORIENTED_EDGE('',*,*,#2852,.T.);
#1751=ORIENTED_EDGE('',*,*,#2851,.T.);
#1752=ORIENTED_EDGE('',*,*,#2853,.T.);
#1753=ORIENTED_EDGE('',*,*,#2849,.T.);
#1754=ORIENTED_EDGE('',*,*,#2854,.T.);
#1755=ORIENTED_EDGE('',*,*,#2855,.F.);
#1756=ORIENTED_EDGE('',*,*,#2856,.T.);
#1757=ORIENTED_EDGE('',*,*,#2857,.F.);
#1758=ORIENTED_EDGE('',*,*,#2846,.F.);
#1759=ORIENTED_EDGE('',*,*,#2857,.T.);
#1760=ORIENTED_EDGE('',*,*,#2858,.T.);
#1761=ORIENTED_EDGE('',*,*,#2859,.F.);
#1762=ORIENTED_EDGE('',*,*,#2848,.F.);
#1763=ORIENTED_EDGE('',*,*,#2860,.F.);
#1764=ORIENTED_EDGE('',*,*,#2861,.T.);
#1765=ORIENTED_EDGE('',*,*,#2855,.T.);
#1766=ORIENTED_EDGE('',*,*,#2847,.F.);
#1767=ORIENTED_EDGE('',*,*,#2859,.T.);
#1768=ORIENTED_EDGE('',*,*,#2862,.T.);
#1769=ORIENTED_EDGE('',*,*,#2860,.T.);
#1770=ORIENTED_EDGE('',*,*,#2844,.F.);
#1771=ORIENTED_EDGE('',*,*,#2863,.F.);
#1772=ORIENTED_EDGE('',*,*,#2864,.T.);
#1773=ORIENTED_EDGE('',*,*,#2865,.F.);
#1774=ORIENTED_EDGE('',*,*,#2852,.F.);
#1775=ORIENTED_EDGE('',*,*,#2865,.T.);
#1776=ORIENTED_EDGE('',*,*,#2866,.T.);
#1777=ORIENTED_EDGE('',*,*,#2867,.F.);
#1778=ORIENTED_EDGE('',*,*,#2854,.F.);
#1779=ORIENTED_EDGE('',*,*,#2868,.F.);
#1780=ORIENTED_EDGE('',*,*,#2869,.T.);
#1781=ORIENTED_EDGE('',*,*,#2863,.T.);
#1782=ORIENTED_EDGE('',*,*,#2853,.F.);
#1783=ORIENTED_EDGE('',*,*,#2867,.T.);
#1784=ORIENTED_EDGE('',*,*,#2870,.T.);
#1785=ORIENTED_EDGE('',*,*,#2868,.T.);
#1786=ORIENTED_EDGE('',*,*,#2850,.F.);
#1787=ORIENTED_EDGE('',*,*,#2871,.F.);
#1788=ORIENTED_EDGE('',*,*,#2858,.F.);
#1789=ORIENTED_EDGE('',*,*,#2872,.F.);
#1790=ORIENTED_EDGE('',*,*,#2566,.F.);
#1791=ORIENTED_EDGE('',*,*,#2872,.T.);
#1792=ORIENTED_EDGE('',*,*,#2856,.F.);
#1793=ORIENTED_EDGE('',*,*,#2873,.F.);
#1794=ORIENTED_EDGE('',*,*,#2563,.F.);
#1795=ORIENTED_EDGE('',*,*,#2871,.T.);
#1796=ORIENTED_EDGE('',*,*,#2565,.F.);
#1797=ORIENTED_EDGE('',*,*,#2874,.F.);
#1798=ORIENTED_EDGE('',*,*,#2862,.F.);
#1799=ORIENTED_EDGE('',*,*,#2873,.T.);
#1800=ORIENTED_EDGE('',*,*,#2861,.F.);
#1801=ORIENTED_EDGE('',*,*,#2874,.T.);
#1802=ORIENTED_EDGE('',*,*,#2564,.F.);
#1803=ORIENTED_EDGE('',*,*,#2875,.F.);
#1804=ORIENTED_EDGE('',*,*,#2866,.F.);
#1805=ORIENTED_EDGE('',*,*,#2876,.F.);
#1806=ORIENTED_EDGE('',*,*,#2570,.F.);
#1807=ORIENTED_EDGE('',*,*,#2876,.T.);
#1808=ORIENTED_EDGE('',*,*,#2864,.F.);
#1809=ORIENTED_EDGE('',*,*,#2877,.F.);
#1810=ORIENTED_EDGE('',*,*,#2567,.F.);
#1811=ORIENTED_EDGE('',*,*,#2875,.T.);
#1812=ORIENTED_EDGE('',*,*,#2569,.F.);
#1813=ORIENTED_EDGE('',*,*,#2878,.F.);
#1814=ORIENTED_EDGE('',*,*,#2870,.F.);
#1815=ORIENTED_EDGE('',*,*,#2877,.T.);
#1816=ORIENTED_EDGE('',*,*,#2869,.F.);
#1817=ORIENTED_EDGE('',*,*,#2878,.T.);
#1818=ORIENTED_EDGE('',*,*,#2568,.F.);
#1819=ORIENTED_EDGE('',*,*,#2505,.F.);
#1820=ORIENTED_EDGE('',*,*,#2879,.T.);
#1821=ORIENTED_EDGE('',*,*,#2625,.F.);
#1822=ORIENTED_EDGE('',*,*,#2880,.T.);
#1823=ORIENTED_EDGE('',*,*,#2627,.F.);
#1824=ORIENTED_EDGE('',*,*,#2881,.T.);
#1825=ORIENTED_EDGE('',*,*,#2882,.T.);
#1826=ORIENTED_EDGE('',*,*,#2609,.F.);
#1827=ORIENTED_EDGE('',*,*,#2883,.T.);
#1828=ORIENTED_EDGE('',*,*,#2623,.F.);
#1829=ORIENTED_EDGE('',*,*,#2884,.T.);
#1830=ORIENTED_EDGE('',*,*,#2457,.F.);
#1831=ORIENTED_EDGE('',*,*,#2885,.T.);
#1832=ORIENTED_EDGE('',*,*,#2886,.T.);
#1833=ORIENTED_EDGE('',*,*,#2887,.T.);
#1834=ORIENTED_EDGE('',*,*,#2621,.F.);
#1835=ORIENTED_EDGE('',*,*,#2888,.T.);
#1836=ORIENTED_EDGE('',*,*,#2614,.F.);
#1837=ORIENTED_EDGE('',*,*,#2581,.F.);
#1838=ORIENTED_EDGE('',*,*,#2889,.T.);
#1839=ORIENTED_EDGE('',*,*,#2599,.T.);
#1840=ORIENTED_EDGE('',*,*,#2594,.T.);
#1841=ORIENTED_EDGE('',*,*,#2890,.T.);
#1842=ORIENTED_EDGE('',*,*,#2477,.T.);
#1843=ORIENTED_EDGE('',*,*,#2891,.T.);
#1844=ORIENTED_EDGE('',*,*,#2892,.T.);
#1845=ORIENTED_EDGE('',*,*,#2893,.T.);
#1846=ORIENTED_EDGE('',*,*,#2894,.T.);
#1847=ORIENTED_EDGE('',*,*,#2895,.T.);
#1848=ORIENTED_EDGE('',*,*,#2896,.T.);
#1849=ORIENTED_EDGE('',*,*,#2897,.T.);
#1850=ORIENTED_EDGE('',*,*,#2898,.T.);
#1851=ORIENTED_EDGE('',*,*,#2899,.T.);
#1852=ORIENTED_EDGE('',*,*,#2900,.T.);
#1853=ORIENTED_EDGE('',*,*,#2901,.T.);
#1854=ORIENTED_EDGE('',*,*,#2902,.T.);
#1855=ORIENTED_EDGE('',*,*,#2903,.T.);
#1856=ORIENTED_EDGE('',*,*,#2904,.T.);
#1857=ORIENTED_EDGE('',*,*,#2905,.T.);
#1858=ORIENTED_EDGE('',*,*,#2906,.T.);
#1859=ORIENTED_EDGE('',*,*,#2586,.F.);
#1860=ORIENTED_EDGE('',*,*,#2907,.T.);
#1861=ORIENTED_EDGE('',*,*,#2891,.F.);
#1862=ORIENTED_EDGE('',*,*,#2908,.F.);
#1863=ORIENTED_EDGE('',*,*,#2908,.T.);
#1864=ORIENTED_EDGE('',*,*,#2898,.F.);
#1865=ORIENTED_EDGE('',*,*,#2909,.F.);
#1866=ORIENTED_EDGE('',*,*,#2592,.F.);
#1867=ORIENTED_EDGE('',*,*,#2591,.F.);
#1868=ORIENTED_EDGE('',*,*,#2909,.T.);
#1869=ORIENTED_EDGE('',*,*,#2897,.F.);
#1870=ORIENTED_EDGE('',*,*,#2910,.F.);
#1871=ORIENTED_EDGE('',*,*,#2890,.F.);
#1872=ORIENTED_EDGE('',*,*,#2593,.F.);
#1873=ORIENTED_EDGE('',*,*,#2911,.F.);
#1874=ORIENTED_EDGE('',*,*,#2478,.F.);
#1875=ORIENTED_EDGE('',*,*,#2910,.T.);
#1876=ORIENTED_EDGE('',*,*,#2896,.F.);
#1877=ORIENTED_EDGE('',*,*,#2912,.F.);
#1878=ORIENTED_EDGE('',*,*,#2911,.T.);
#1879=ORIENTED_EDGE('',*,*,#2913,.F.);
#1880=ORIENTED_EDGE('',*,*,#2479,.F.);
#1881=ORIENTED_EDGE('',*,*,#2912,.T.);
#1882=ORIENTED_EDGE('',*,*,#2914,.F.);
#1883=ORIENTED_EDGE('',*,*,#2654,.F.);
#1884=ORIENTED_EDGE('',*,*,#2895,.F.);
#1885=ORIENTED_EDGE('',*,*,#2915,.T.);
#1886=ORIENTED_EDGE('',*,*,#2637,.F.);
#1887=ORIENTED_EDGE('',*,*,#2914,.T.);
#1888=ORIENTED_EDGE('',*,*,#2913,.T.);
#1889=ORIENTED_EDGE('',*,*,#2903,.F.);
#1890=ORIENTED_EDGE('',*,*,#2916,.T.);
#1891=ORIENTED_EDGE('',*,*,#2606,.F.);
#1892=ORIENTED_EDGE('',*,*,#2917,.F.);
#1893=ORIENTED_EDGE('',*,*,#2597,.F.);
#1894=ORIENTED_EDGE('',*,*,#2596,.F.);
#1895=ORIENTED_EDGE('',*,*,#2918,.F.);
#1896=ORIENTED_EDGE('',*,*,#2904,.F.);
#1897=ORIENTED_EDGE('',*,*,#2917,.T.);
#1898=ORIENTED_EDGE('',*,*,#2595,.F.);
#1899=ORIENTED_EDGE('',*,*,#2889,.F.);
#1900=ORIENTED_EDGE('',*,*,#2919,.F.);
#1901=ORIENTED_EDGE('',*,*,#2905,.F.);
#1902=ORIENTED_EDGE('',*,*,#2918,.T.);
#1903=ORIENTED_EDGE('',*,*,#2919,.T.);
#1904=ORIENTED_EDGE('',*,*,#2580,.F.);
#1905=ORIENTED_EDGE('',*,*,#2920,.F.);
#1906=ORIENTED_EDGE('',*,*,#2906,.F.);
#1907=ORIENTED_EDGE('',*,*,#2921,.F.);
#1908=ORIENTED_EDGE('',*,*,#2579,.F.);
#1909=ORIENTED_EDGE('',*,*,#2652,.F.);
#1910=ORIENTED_EDGE('',*,*,#2922,.F.);
#1911=ORIENTED_EDGE('',*,*,#2920,.T.);
#1912=ORIENTED_EDGE('',*,*,#2921,.T.);
#1913=ORIENTED_EDGE('',*,*,#2923,.F.);
#1914=ORIENTED_EDGE('',*,*,#2633,.F.);
#1915=ORIENTED_EDGE('',*,*,#2924,.T.);
#1916=ORIENTED_EDGE('',*,*,#2899,.F.);
#1917=ORIENTED_EDGE('',*,*,#2923,.T.);
#1918=ORIENTED_EDGE('',*,*,#2922,.T.);
#1919=ORIENTED_EDGE('',*,*,#2490,.F.);
#1920=ORIENTED_EDGE('',*,*,#2925,.T.);
#1921=ORIENTED_EDGE('',*,*,#2449,.F.);
#1922=ORIENTED_EDGE('',*,*,#2926,.F.);
#1923=ORIENTED_EDGE('',*,*,#2926,.T.);
#1924=ORIENTED_EDGE('',*,*,#2801,.F.);
#1925=ORIENTED_EDGE('',*,*,#2927,.F.);
#1926=ORIENTED_EDGE('',*,*,#2491,.F.);
#1927=ORIENTED_EDGE('',*,*,#2928,.F.);
#1928=ORIENTED_EDGE('',*,*,#2399,.T.);
#1929=ORIENTED_EDGE('',*,*,#2929,.F.);
#1930=ORIENTED_EDGE('',*,*,#2665,.F.);
#1931=ORIENTED_EDGE('',*,*,#2928,.T.);
#1932=ORIENTED_EDGE('',*,*,#2930,.F.);
#1933=ORIENTED_EDGE('',*,*,#2492,.F.);
#1934=ORIENTED_EDGE('',*,*,#2927,.T.);
#1935=ORIENTED_EDGE('',*,*,#2929,.T.);
#1936=ORIENTED_EDGE('',*,*,#2410,.F.);
#1937=ORIENTED_EDGE('',*,*,#2650,.F.);
#1938=ORIENTED_EDGE('',*,*,#2930,.T.);
#1939=ORIENTED_EDGE('',*,*,#2443,.F.);
#1940=ORIENTED_EDGE('',*,*,#2931,.T.);
#1941=ORIENTED_EDGE('',*,*,#2466,.F.);
#1942=ORIENTED_EDGE('',*,*,#2932,.F.);
#1943=ORIENTED_EDGE('',*,*,#2932,.T.);
#1944=ORIENTED_EDGE('',*,*,#2465,.F.);
#1945=ORIENTED_EDGE('',*,*,#2933,.F.);
#1946=ORIENTED_EDGE('',*,*,#2447,.F.);
#1947=ORIENTED_EDGE('',*,*,#2934,.F.);
#1948=ORIENTED_EDGE('',*,*,#2431,.F.);
#1949=ORIENTED_EDGE('',*,*,#2933,.T.);
#1950=ORIENTED_EDGE('',*,*,#2464,.F.);
#1951=ORIENTED_EDGE('',*,*,#2935,.F.);
#1952=ORIENTED_EDGE('',*,*,#2445,.T.);
#1953=ORIENTED_EDGE('',*,*,#2934,.T.);
#1954=ORIENTED_EDGE('',*,*,#2936,.F.);
#1955=ORIENTED_EDGE('',*,*,#2936,.T.);
#1956=ORIENTED_EDGE('',*,*,#2935,.T.);
#1957=ORIENTED_EDGE('',*,*,#2648,.F.);
#1958=ORIENTED_EDGE('',*,*,#2425,.F.);
#1959=ORIENTED_EDGE('',*,*,#2893,.F.);
#1960=ORIENTED_EDGE('',*,*,#2937,.T.);
#1961=ORIENTED_EDGE('',*,*,#2938,.F.);
#1962=ORIENTED_EDGE('',*,*,#2499,.F.);
#1963=ORIENTED_EDGE('',*,*,#2690,.F.);
#1964=ORIENTED_EDGE('',*,*,#2939,.T.);
#1965=ORIENTED_EDGE('',*,*,#2938,.T.);
#1966=ORIENTED_EDGE('',*,*,#2940,.T.);
#1967=ORIENTED_EDGE('',*,*,#2512,.F.);
#1968=ORIENTED_EDGE('',*,*,#2941,.T.);
#1969=ORIENTED_EDGE('',*,*,#2942,.F.);
#1970=ORIENTED_EDGE('',*,*,#2500,.F.);
#1971=ORIENTED_EDGE('',*,*,#2901,.F.);
#1972=ORIENTED_EDGE('',*,*,#2943,.T.);
#1973=ORIENTED_EDGE('',*,*,#2683,.F.);
#1974=ORIENTED_EDGE('',*,*,#2493,.F.);
#1975=ORIENTED_EDGE('',*,*,#2942,.T.);
#1976=ORIENTED_EDGE('',*,*,#2944,.T.);
#1977=ORIENTED_EDGE('',*,*,#2509,.F.);
#1978=ORIENTED_EDGE('',*,*,#2945,.T.);
#1979=ORIENTED_EDGE('',*,*,#2585,.F.);
#1980=ORIENTED_EDGE('',*,*,#2946,.T.);
#1981=ORIENTED_EDGE('',*,*,#2947,.T.);
#1982=ORIENTED_EDGE('',*,*,#2948,.T.);
#1983=ORIENTED_EDGE('',*,*,#2406,.F.);
#1984=ORIENTED_EDGE('',*,*,#2949,.T.);
#1985=ORIENTED_EDGE('',*,*,#2950,.T.);
#1986=ORIENTED_EDGE('',*,*,#2951,.T.);
#1987=ORIENTED_EDGE('',*,*,#2600,.F.);
#1988=ORIENTED_EDGE('',*,*,#2952,.F.);
#1989=ORIENTED_EDGE('',*,*,#2952,.T.);
#1990=ORIENTED_EDGE('',*,*,#2916,.F.);
#1991=ORIENTED_EDGE('',*,*,#2953,.F.);
#1992=ORIENTED_EDGE('',*,*,#2510,.F.);
#1993=ORIENTED_EDGE('',*,*,#2953,.T.);
#1994=ORIENTED_EDGE('',*,*,#2902,.F.);
#1995=ORIENTED_EDGE('',*,*,#2944,.F.);
#1996=ORIENTED_EDGE('',*,*,#2941,.F.);
#1997=ORIENTED_EDGE('',*,*,#2511,.F.);
#1998=ORIENTED_EDGE('',*,*,#2459,.F.);
#1999=ORIENTED_EDGE('',*,*,#2954,.T.);
#2000=ORIENTED_EDGE('',*,*,#2955,.F.);
#2001=ORIENTED_EDGE('',*,*,#2404,.F.);
#2002=ORIENTED_EDGE('',*,*,#2956,.T.);
#2003=ORIENTED_EDGE('',*,*,#2957,.T.);
#2004=ORIENTED_EDGE('',*,*,#2955,.T.);
#2005=ORIENTED_EDGE('',*,*,#2958,.T.);
#2006=ORIENTED_EDGE('',*,*,#2949,.F.);
#2007=ORIENTED_EDGE('',*,*,#2405,.F.);
#2008=ORIENTED_EDGE('',*,*,#2959,.F.);
#2009=ORIENTED_EDGE('',*,*,#2960,.T.);
#2010=ORIENTED_EDGE('',*,*,#2503,.F.);
#2011=ORIENTED_EDGE('',*,*,#2961,.T.);
#2012=ORIENTED_EDGE('',*,*,#2962,.T.);
#2013=ORIENTED_EDGE('',*,*,#2408,.F.);
#2014=ORIENTED_EDGE('',*,*,#2948,.F.);
#2015=ORIENTED_EDGE('',*,*,#2963,.T.);
#2016=ORIENTED_EDGE('',*,*,#2959,.T.);
#2017=ORIENTED_EDGE('',*,*,#2407,.F.);
#2018=ORIENTED_EDGE('',*,*,#2964,.T.);
#2019=ORIENTED_EDGE('',*,*,#2965,.T.);
#2020=ORIENTED_EDGE('',*,*,#2643,.F.);
#2021=ORIENTED_EDGE('',*,*,#2966,.T.);
#2022=ORIENTED_EDGE('',*,*,#2641,.F.);
#2023=ORIENTED_EDGE('',*,*,#2967,.T.);
#2024=ORIENTED_EDGE('',*,*,#2968,.T.);
#2025=ORIENTED_EDGE('',*,*,#2969,.T.);
#2026=ORIENTED_EDGE('',*,*,#2631,.F.);
#2027=ORIENTED_EDGE('',*,*,#2970,.T.);
#2028=ORIENTED_EDGE('',*,*,#2964,.F.);
#2029=ORIENTED_EDGE('',*,*,#2971,.T.);
#2030=ORIENTED_EDGE('',*,*,#2968,.F.);
#2031=ORIENTED_EDGE('',*,*,#2972,.T.);
#2032=ORIENTED_EDGE('',*,*,#2634,.F.);
#2033=ORIENTED_EDGE('',*,*,#2973,.T.);
#2034=ORIENTED_EDGE('',*,*,#2689,.F.);
#2035=ORIENTED_EDGE('',*,*,#2560,.F.);
#2036=ORIENTED_EDGE('',*,*,#2974,.F.);
#2037=ORIENTED_EDGE('',*,*,#2894,.F.);
#2038=ORIENTED_EDGE('',*,*,#2939,.F.);
#2039=ORIENTED_EDGE('',*,*,#2974,.T.);
#2040=ORIENTED_EDGE('',*,*,#2559,.F.);
#2041=ORIENTED_EDGE('',*,*,#2975,.F.);
#2042=ORIENTED_EDGE('',*,*,#2915,.F.);
#2043=ORIENTED_EDGE('',*,*,#2976,.F.);
#2044=ORIENTED_EDGE('',*,*,#2638,.F.);
#2045=ORIENTED_EDGE('',*,*,#2975,.T.);
#2046=ORIENTED_EDGE('',*,*,#2558,.F.);
#2047=ORIENTED_EDGE('',*,*,#2977,.F.);
#2048=ORIENTED_EDGE('',*,*,#2973,.F.);
#2049=ORIENTED_EDGE('',*,*,#2976,.T.);
#2050=ORIENTED_EDGE('',*,*,#2978,.F.);
#2051=ORIENTED_EDGE('',*,*,#2979,.F.);
#2052=ORIENTED_EDGE('',*,*,#2978,.T.);
#2053=ORIENTED_EDGE('',*,*,#2977,.T.);
#2054=ORIENTED_EDGE('',*,*,#2980,.F.);
#2055=ORIENTED_EDGE('',*,*,#2969,.F.);
#2056=ORIENTED_EDGE('',*,*,#2979,.T.);
#2057=ORIENTED_EDGE('',*,*,#2981,.F.);
#2058=ORIENTED_EDGE('',*,*,#2980,.T.);
#2059=ORIENTED_EDGE('',*,*,#2557,.F.);
#2060=ORIENTED_EDGE('',*,*,#2982,.F.);
#2061=ORIENTED_EDGE('',*,*,#2642,.F.);
#2062=ORIENTED_EDGE('',*,*,#2981,.T.);
#2063=ORIENTED_EDGE('',*,*,#2982,.T.);
#2064=ORIENTED_EDGE('',*,*,#2556,.F.);
#2065=ORIENTED_EDGE('',*,*,#2983,.F.);
#2066=ORIENTED_EDGE('',*,*,#2658,.F.);
#2067=ORIENTED_EDGE('',*,*,#2983,.T.);
#2068=ORIENTED_EDGE('',*,*,#2555,.F.);
#2069=ORIENTED_EDGE('',*,*,#2984,.F.);
#2070=ORIENTED_EDGE('',*,*,#2489,.F.);
#2071=ORIENTED_EDGE('',*,*,#2984,.T.);
#2072=ORIENTED_EDGE('',*,*,#2554,.F.);
#2073=ORIENTED_EDGE('',*,*,#2985,.F.);
#2074=ORIENTED_EDGE('',*,*,#2925,.F.);
#2075=ORIENTED_EDGE('',*,*,#2985,.T.);
#2076=ORIENTED_EDGE('',*,*,#2553,.F.);
#2077=ORIENTED_EDGE('',*,*,#2986,.F.);
#2078=ORIENTED_EDGE('',*,*,#2450,.F.);
#2079=ORIENTED_EDGE('',*,*,#2986,.T.);
#2080=ORIENTED_EDGE('',*,*,#2552,.F.);
#2081=ORIENTED_EDGE('',*,*,#2987,.F.);
#2082=ORIENTED_EDGE('',*,*,#2749,.F.);
#2083=ORIENTED_EDGE('',*,*,#2987,.T.);
#2084=ORIENTED_EDGE('',*,*,#2551,.F.);
#2085=ORIENTED_EDGE('',*,*,#2988,.F.);
#2086=ORIENTED_EDGE('',*,*,#2732,.F.);
#2087=ORIENTED_EDGE('',*,*,#2988,.T.);
#2088=ORIENTED_EDGE('',*,*,#2550,.F.);
#2089=ORIENTED_EDGE('',*,*,#2989,.F.);
#2090=ORIENTED_EDGE('',*,*,#2773,.F.);
#2091=ORIENTED_EDGE('',*,*,#2989,.T.);
#2092=ORIENTED_EDGE('',*,*,#2549,.F.);
#2093=ORIENTED_EDGE('',*,*,#2990,.F.);
#2094=ORIENTED_EDGE('',*,*,#2738,.F.);
#2095=ORIENTED_EDGE('',*,*,#2990,.T.);
#2096=ORIENTED_EDGE('',*,*,#2548,.F.);
#2097=ORIENTED_EDGE('',*,*,#2991,.F.);
#2098=ORIENTED_EDGE('',*,*,#2775,.F.);
#2099=ORIENTED_EDGE('',*,*,#2991,.T.);
#2100=ORIENTED_EDGE('',*,*,#2547,.F.);
#2101=ORIENTED_EDGE('',*,*,#2992,.F.);
#2102=ORIENTED_EDGE('',*,*,#2726,.F.);
#2103=ORIENTED_EDGE('',*,*,#2992,.T.);
#2104=ORIENTED_EDGE('',*,*,#2546,.F.);
#2105=ORIENTED_EDGE('',*,*,#2993,.F.);
#2106=ORIENTED_EDGE('',*,*,#2741,.F.);
#2107=ORIENTED_EDGE('',*,*,#2993,.T.);
#2108=ORIENTED_EDGE('',*,*,#2545,.F.);
#2109=ORIENTED_EDGE('',*,*,#2994,.F.);
#2110=ORIENTED_EDGE('',*,*,#2676,.F.);
#2111=ORIENTED_EDGE('',*,*,#2994,.T.);
#2112=ORIENTED_EDGE('',*,*,#2544,.F.);
#2113=ORIENTED_EDGE('',*,*,#2995,.F.);
#2114=ORIENTED_EDGE('',*,*,#2745,.F.);
#2115=ORIENTED_EDGE('',*,*,#2413,.F.);
#2116=ORIENTED_EDGE('',*,*,#2696,.F.);
#2117=ORIENTED_EDGE('',*,*,#2995,.T.);
#2118=ORIENTED_EDGE('',*,*,#2543,.F.);
#2119=ORIENTED_EDGE('',*,*,#2421,.F.);
#2120=ORIENTED_EDGE('',*,*,#2513,.F.);
#2121=ORIENTED_EDGE('',*,*,#2996,.F.);
#2122=ORIENTED_EDGE('',*,*,#2691,.F.);
#2123=ORIENTED_EDGE('',*,*,#2996,.T.);
#2124=ORIENTED_EDGE('',*,*,#2533,.F.);
#2125=ORIENTED_EDGE('',*,*,#2997,.F.);
#2126=ORIENTED_EDGE('',*,*,#2747,.F.);
#2127=ORIENTED_EDGE('',*,*,#2997,.T.);
#2128=ORIENTED_EDGE('',*,*,#2532,.F.);
#2129=ORIENTED_EDGE('',*,*,#2998,.F.);
#2130=ORIENTED_EDGE('',*,*,#2454,.F.);
#2131=ORIENTED_EDGE('',*,*,#2998,.T.);
#2132=ORIENTED_EDGE('',*,*,#2531,.F.);
#2133=ORIENTED_EDGE('',*,*,#2999,.F.);
#2134=ORIENTED_EDGE('',*,*,#2743,.F.);
#2135=ORIENTED_EDGE('',*,*,#2999,.T.);
#2136=ORIENTED_EDGE('',*,*,#2530,.F.);
#2137=ORIENTED_EDGE('',*,*,#3000,.F.);
#2138=ORIENTED_EDGE('',*,*,#2716,.F.);
#2139=ORIENTED_EDGE('',*,*,#3000,.T.);
#2140=ORIENTED_EDGE('',*,*,#2529,.F.);
#2141=ORIENTED_EDGE('',*,*,#3001,.F.);
#2142=ORIENTED_EDGE('',*,*,#2769,.F.);
#2143=ORIENTED_EDGE('',*,*,#3001,.T.);
#2144=ORIENTED_EDGE('',*,*,#2528,.F.);
#2145=ORIENTED_EDGE('',*,*,#3002,.F.);
#2146=ORIENTED_EDGE('',*,*,#2722,.F.);
#2147=ORIENTED_EDGE('',*,*,#3002,.T.);
#2148=ORIENTED_EDGE('',*,*,#2527,.F.);
#2149=ORIENTED_EDGE('',*,*,#3003,.F.);
#2150=ORIENTED_EDGE('',*,*,#2771,.F.);
#2151=ORIENTED_EDGE('',*,*,#3003,.T.);
#2152=ORIENTED_EDGE('',*,*,#2526,.F.);
#2153=ORIENTED_EDGE('',*,*,#3004,.F.);
#2154=ORIENTED_EDGE('',*,*,#2710,.F.);
#2155=ORIENTED_EDGE('',*,*,#3004,.T.);
#2156=ORIENTED_EDGE('',*,*,#2525,.F.);
#2157=ORIENTED_EDGE('',*,*,#3005,.F.);
#2158=ORIENTED_EDGE('',*,*,#2751,.F.);
#2159=ORIENTED_EDGE('',*,*,#3005,.T.);
#2160=ORIENTED_EDGE('',*,*,#2524,.F.);
#2161=ORIENTED_EDGE('',*,*,#3006,.F.);
#2162=ORIENTED_EDGE('',*,*,#2442,.F.);
#2163=ORIENTED_EDGE('',*,*,#3006,.T.);
#2164=ORIENTED_EDGE('',*,*,#2523,.F.);
#2165=ORIENTED_EDGE('',*,*,#3007,.F.);
#2166=ORIENTED_EDGE('',*,*,#2931,.F.);
#2167=ORIENTED_EDGE('',*,*,#3007,.T.);
#2168=ORIENTED_EDGE('',*,*,#2522,.F.);
#2169=ORIENTED_EDGE('',*,*,#3008,.F.);
#2170=ORIENTED_EDGE('',*,*,#2467,.F.);
#2171=ORIENTED_EDGE('',*,*,#3008,.T.);
#2172=ORIENTED_EDGE('',*,*,#2521,.F.);
#2173=ORIENTED_EDGE('',*,*,#3009,.F.);
#2174=ORIENTED_EDGE('',*,*,#2656,.F.);
#2175=ORIENTED_EDGE('',*,*,#3010,.F.);
#2176=ORIENTED_EDGE('',*,*,#2646,.F.);
#2177=ORIENTED_EDGE('',*,*,#3009,.T.);
#2178=ORIENTED_EDGE('',*,*,#2520,.F.);
#2179=ORIENTED_EDGE('',*,*,#3011,.F.);
#2180=ORIENTED_EDGE('',*,*,#2966,.F.);
#2181=ORIENTED_EDGE('',*,*,#3010,.T.);
#2182=ORIENTED_EDGE('',*,*,#3012,.F.);
#2183=ORIENTED_EDGE('',*,*,#3013,.F.);
#2184=ORIENTED_EDGE('',*,*,#3011,.T.);
#2185=ORIENTED_EDGE('',*,*,#3014,.F.);
#2186=ORIENTED_EDGE('',*,*,#3012,.T.);
#2187=ORIENTED_EDGE('',*,*,#3013,.T.);
#2188=ORIENTED_EDGE('',*,*,#3015,.F.);
#2189=ORIENTED_EDGE('',*,*,#2971,.F.);
#2190=ORIENTED_EDGE('',*,*,#3014,.T.);
#2191=ORIENTED_EDGE('',*,*,#2519,.F.);
#2192=ORIENTED_EDGE('',*,*,#3016,.F.);
#2193=ORIENTED_EDGE('',*,*,#2632,.F.);
#2194=ORIENTED_EDGE('',*,*,#3015,.T.);
#2195=ORIENTED_EDGE('',*,*,#3016,.T.);
#2196=ORIENTED_EDGE('',*,*,#2518,.F.);
#2197=ORIENTED_EDGE('',*,*,#3017,.F.);
#2198=ORIENTED_EDGE('',*,*,#2924,.F.);
#2199=ORIENTED_EDGE('',*,*,#2943,.F.);
#2200=ORIENTED_EDGE('',*,*,#2900,.F.);
#2201=ORIENTED_EDGE('',*,*,#3017,.T.);
#2202=ORIENTED_EDGE('',*,*,#2517,.F.);
#2203=ORIENTED_EDGE('',*,*,#2684,.F.);
#2204=ORIENTED_EDGE('',*,*,#2649,.F.);
#2205=ORIENTED_EDGE('',*,*,#2962,.F.);
#2206=ORIENTED_EDGE('',*,*,#3018,.F.);
#2207=ORIENTED_EDGE('',*,*,#3018,.T.);
#2208=ORIENTED_EDGE('',*,*,#2961,.F.);
#2209=ORIENTED_EDGE('',*,*,#3019,.F.);
#2210=ORIENTED_EDGE('',*,*,#2482,.F.);
#2211=ORIENTED_EDGE('',*,*,#3019,.T.);
#2212=ORIENTED_EDGE('',*,*,#2506,.F.);
#2213=ORIENTED_EDGE('',*,*,#3020,.F.);
#2214=ORIENTED_EDGE('',*,*,#2483,.F.);
#2215=ORIENTED_EDGE('',*,*,#3020,.T.);
#2216=ORIENTED_EDGE('',*,*,#2880,.F.);
#2217=ORIENTED_EDGE('',*,*,#3021,.F.);
#2218=ORIENTED_EDGE('',*,*,#2484,.F.);
#2219=ORIENTED_EDGE('',*,*,#3021,.T.);
#2220=ORIENTED_EDGE('',*,*,#2628,.F.);
#2221=ORIENTED_EDGE('',*,*,#3022,.F.);
#2222=ORIENTED_EDGE('',*,*,#2485,.F.);
#2223=ORIENTED_EDGE('',*,*,#3022,.T.);
#2224=ORIENTED_EDGE('',*,*,#2883,.F.);
#2225=ORIENTED_EDGE('',*,*,#3023,.F.);
#2226=ORIENTED_EDGE('',*,*,#2486,.F.);
#2227=ORIENTED_EDGE('',*,*,#3023,.T.);
#2228=ORIENTED_EDGE('',*,*,#2608,.F.);
#2229=ORIENTED_EDGE('',*,*,#3024,.F.);
#2230=ORIENTED_EDGE('',*,*,#2487,.F.);
#2231=ORIENTED_EDGE('',*,*,#3024,.T.);
#2232=ORIENTED_EDGE('',*,*,#2607,.F.);
#2233=ORIENTED_EDGE('',*,*,#3025,.F.);
#2234=ORIENTED_EDGE('',*,*,#2657,.F.);
#2235=ORIENTED_EDGE('',*,*,#3026,.F.);
#2236=ORIENTED_EDGE('',*,*,#2640,.F.);
#2237=ORIENTED_EDGE('',*,*,#3025,.T.);
#2238=ORIENTED_EDGE('',*,*,#2613,.F.);
#2239=ORIENTED_EDGE('',*,*,#3027,.F.);
#2240=ORIENTED_EDGE('',*,*,#2967,.F.);
#2241=ORIENTED_EDGE('',*,*,#3026,.T.);
#2242=ORIENTED_EDGE('',*,*,#3028,.F.);
#2243=ORIENTED_EDGE('',*,*,#3029,.F.);
#2244=ORIENTED_EDGE('',*,*,#3027,.T.);
#2245=ORIENTED_EDGE('',*,*,#3030,.F.);
#2246=ORIENTED_EDGE('',*,*,#3028,.T.);
#2247=ORIENTED_EDGE('',*,*,#3029,.T.);
#2248=ORIENTED_EDGE('',*,*,#3031,.F.);
#2249=ORIENTED_EDGE('',*,*,#2972,.F.);
#2250=ORIENTED_EDGE('',*,*,#3030,.T.);
#2251=ORIENTED_EDGE('',*,*,#2612,.F.);
#2252=ORIENTED_EDGE('',*,*,#3032,.F.);
#2253=ORIENTED_EDGE('',*,*,#2635,.F.);
#2254=ORIENTED_EDGE('',*,*,#3031,.T.);
#2255=ORIENTED_EDGE('',*,*,#3032,.T.);
#2256=ORIENTED_EDGE('',*,*,#2611,.F.);
#2257=ORIENTED_EDGE('',*,*,#3033,.F.);
#2258=ORIENTED_EDGE('',*,*,#2653,.F.);
#2259=ORIENTED_EDGE('',*,*,#3033,.T.);
#2260=ORIENTED_EDGE('',*,*,#2610,.F.);
#2261=ORIENTED_EDGE('',*,*,#3034,.F.);
#2262=ORIENTED_EDGE('',*,*,#2473,.F.);
#2263=ORIENTED_EDGE('',*,*,#3034,.T.);
#2264=ORIENTED_EDGE('',*,*,#2882,.F.);
#2265=ORIENTED_EDGE('',*,*,#3035,.F.);
#2266=ORIENTED_EDGE('',*,*,#2474,.F.);
#2267=ORIENTED_EDGE('',*,*,#3035,.T.);
#2268=ORIENTED_EDGE('',*,*,#2881,.F.);
#2269=ORIENTED_EDGE('',*,*,#3036,.F.);
#2270=ORIENTED_EDGE('',*,*,#2588,.F.);
#2271=ORIENTED_EDGE('',*,*,#3036,.T.);
#2272=ORIENTED_EDGE('',*,*,#2626,.F.);
#2273=ORIENTED_EDGE('',*,*,#3037,.F.);
#2274=ORIENTED_EDGE('',*,*,#2589,.F.);
#2275=ORIENTED_EDGE('',*,*,#3037,.T.);
#2276=ORIENTED_EDGE('',*,*,#2879,.F.);
#2277=ORIENTED_EDGE('',*,*,#3038,.F.);
#2278=ORIENTED_EDGE('',*,*,#2590,.F.);
#2279=ORIENTED_EDGE('',*,*,#3038,.T.);
#2280=ORIENTED_EDGE('',*,*,#2504,.F.);
#2281=ORIENTED_EDGE('',*,*,#3039,.F.);
#2282=ORIENTED_EDGE('',*,*,#2583,.F.);
#2283=ORIENTED_EDGE('',*,*,#3039,.T.);
#2284=ORIENTED_EDGE('',*,*,#2960,.F.);
#2285=ORIENTED_EDGE('',*,*,#3040,.F.);
#2286=ORIENTED_EDGE('',*,*,#2946,.F.);
#2287=ORIENTED_EDGE('',*,*,#2584,.F.);
#2288=ORIENTED_EDGE('',*,*,#2963,.F.);
#2289=ORIENTED_EDGE('',*,*,#2947,.F.);
#2290=ORIENTED_EDGE('',*,*,#3040,.T.);
#2291=ORIENTED_EDGE('',*,*,#2956,.F.);
#2292=ORIENTED_EDGE('',*,*,#2647,.F.);
#2293=ORIENTED_EDGE('',*,*,#3041,.F.);
#2294=ORIENTED_EDGE('',*,*,#3041,.T.);
#2295=ORIENTED_EDGE('',*,*,#2462,.F.);
#2296=ORIENTED_EDGE('',*,*,#3042,.F.);
#2297=ORIENTED_EDGE('',*,*,#2957,.F.);
#2298=ORIENTED_EDGE('',*,*,#3042,.T.);
#2299=ORIENTED_EDGE('',*,*,#2461,.F.);
#2300=ORIENTED_EDGE('',*,*,#3043,.F.);
#2301=ORIENTED_EDGE('',*,*,#2460,.F.);
#2302=ORIENTED_EDGE('',*,*,#3043,.T.);
#2303=ORIENTED_EDGE('',*,*,#2472,.F.);
#2304=ORIENTED_EDGE('',*,*,#3044,.F.);
#2305=ORIENTED_EDGE('',*,*,#2885,.F.);
#2306=ORIENTED_EDGE('',*,*,#3044,.T.);
#2307=ORIENTED_EDGE('',*,*,#2471,.F.);
#2308=ORIENTED_EDGE('',*,*,#3045,.F.);
#2309=ORIENTED_EDGE('',*,*,#2624,.F.);
#2310=ORIENTED_EDGE('',*,*,#3045,.T.);
#2311=ORIENTED_EDGE('',*,*,#2470,.F.);
#2312=ORIENTED_EDGE('',*,*,#3046,.F.);
#2313=ORIENTED_EDGE('',*,*,#2888,.F.);
#2314=ORIENTED_EDGE('',*,*,#3046,.T.);
#2315=ORIENTED_EDGE('',*,*,#2469,.F.);
#2316=ORIENTED_EDGE('',*,*,#3047,.F.);
#2317=ORIENTED_EDGE('',*,*,#2615,.F.);
#2318=ORIENTED_EDGE('',*,*,#3047,.T.);
#2319=ORIENTED_EDGE('',*,*,#2655,.F.);
#2320=ORIENTED_EDGE('',*,*,#3048,.F.);
#2321=ORIENTED_EDGE('',*,*,#2616,.F.);
#2322=ORIENTED_EDGE('',*,*,#3049,.F.);
#2323=ORIENTED_EDGE('',*,*,#2965,.F.);
#2324=ORIENTED_EDGE('',*,*,#3050,.F.);
#2325=ORIENTED_EDGE('',*,*,#2644,.F.);
#2326=ORIENTED_EDGE('',*,*,#3049,.T.);
#2327=ORIENTED_EDGE('',*,*,#3051,.F.);
#2328=ORIENTED_EDGE('',*,*,#2617,.F.);
#2329=ORIENTED_EDGE('',*,*,#3048,.T.);
#2330=ORIENTED_EDGE('',*,*,#3052,.F.);
#2331=ORIENTED_EDGE('',*,*,#3050,.T.);
#2332=ORIENTED_EDGE('',*,*,#2970,.F.);
#2333=ORIENTED_EDGE('',*,*,#3053,.F.);
#2334=ORIENTED_EDGE('',*,*,#3051,.T.);
#2335=ORIENTED_EDGE('',*,*,#3052,.T.);
#2336=ORIENTED_EDGE('',*,*,#3054,.F.);
#2337=ORIENTED_EDGE('',*,*,#3053,.T.);
#2338=ORIENTED_EDGE('',*,*,#2630,.F.);
#2339=ORIENTED_EDGE('',*,*,#3055,.F.);
#2340=ORIENTED_EDGE('',*,*,#2618,.F.);
#2341=ORIENTED_EDGE('',*,*,#3054,.T.);
#2342=ORIENTED_EDGE('',*,*,#3055,.T.);
#2343=ORIENTED_EDGE('',*,*,#2651,.F.);
#2344=ORIENTED_EDGE('',*,*,#3056,.F.);
#2345=ORIENTED_EDGE('',*,*,#2619,.F.);
#2346=ORIENTED_EDGE('',*,*,#3056,.T.);
#2347=ORIENTED_EDGE('',*,*,#2577,.F.);
#2348=ORIENTED_EDGE('',*,*,#3057,.F.);
#2349=ORIENTED_EDGE('',*,*,#2620,.F.);
#2350=ORIENTED_EDGE('',*,*,#3057,.T.);
#2351=ORIENTED_EDGE('',*,*,#2576,.F.);
#2352=ORIENTED_EDGE('',*,*,#3058,.F.);
#2353=ORIENTED_EDGE('',*,*,#2886,.F.);
#2354=ORIENTED_EDGE('',*,*,#3058,.T.);
#2355=ORIENTED_EDGE('',*,*,#2605,.F.);
#2356=ORIENTED_EDGE('',*,*,#3059,.F.);
#2357=ORIENTED_EDGE('',*,*,#2887,.F.);
#2358=ORIENTED_EDGE('',*,*,#3059,.T.);
#2359=ORIENTED_EDGE('',*,*,#2604,.F.);
#2360=ORIENTED_EDGE('',*,*,#3060,.F.);
#2361=ORIENTED_EDGE('',*,*,#2622,.F.);
#2362=ORIENTED_EDGE('',*,*,#3060,.T.);
#2363=ORIENTED_EDGE('',*,*,#2603,.F.);
#2364=ORIENTED_EDGE('',*,*,#3061,.F.);
#2365=ORIENTED_EDGE('',*,*,#2884,.F.);
#2366=ORIENTED_EDGE('',*,*,#3061,.T.);
#2367=ORIENTED_EDGE('',*,*,#2602,.F.);
#2368=ORIENTED_EDGE('',*,*,#3062,.F.);
#2369=ORIENTED_EDGE('',*,*,#2458,.F.);
#2370=ORIENTED_EDGE('',*,*,#2601,.F.);
#2371=ORIENTED_EDGE('',*,*,#2951,.F.);
#2372=ORIENTED_EDGE('',*,*,#3063,.F.);
#2373=ORIENTED_EDGE('',*,*,#2954,.F.);
#2374=ORIENTED_EDGE('',*,*,#3062,.T.);
#2375=ORIENTED_EDGE('',*,*,#3063,.T.);
#2376=ORIENTED_EDGE('',*,*,#2950,.F.);
#2377=ORIENTED_EDGE('',*,*,#2958,.F.);
#2378=ORIENTED_EDGE('',*,*,#2937,.F.);
#2379=ORIENTED_EDGE('',*,*,#2892,.F.);
#2380=ORIENTED_EDGE('',*,*,#3064,.F.);
#2381=ORIENTED_EDGE('',*,*,#2507,.F.);
#2382=ORIENTED_EDGE('',*,*,#2940,.F.);
#2383=ORIENTED_EDGE('',*,*,#3064,.T.);
#2384=ORIENTED_EDGE('',*,*,#2907,.F.);
#2385=ORIENTED_EDGE('',*,*,#2945,.F.);
#2386=ORIENTED_EDGE('',*,*,#2508,.F.);
#2387=ORIENTED_EDGE('',*,*,#3065,.T.);
#2388=ORIENTED_EDGE('',*,*,#2502,.F.);
#2389=ORIENTED_EDGE('',*,*,#3066,.T.);
#2390=ORIENTED_EDGE('',*,*,#2402,.T.);
#2391=ORIENTED_EDGE('',*,*,#2401,.F.);
#2392=ORIENTED_EDGE('',*,*,#3065,.F.);
#2393=ORIENTED_EDGE('',*,*,#3067,.F.);
#2394=ORIENTED_EDGE('',*,*,#3066,.F.);
#2395=ORIENTED_EDGE('',*,*,#2501,.T.);
#2396=ORIENTED_EDGE('',*,*,#3067,.T.);
#2397=EDGE_CURVE('',#3068,#3069,#3457,.F.);
#2398=EDGE_CURVE('',#3070,#3069,#563,.T.);
#2399=EDGE_CURVE('',#3071,#3070,#501,.F.);
#2400=EDGE_CURVE('',#3068,#3071,#564,.F.);
#2401=EDGE_CURVE('',#3072,#3072,#142,.F.);
#2402=EDGE_CURVE('',#3073,#3073,#143,.T.);
#2403=EDGE_CURVE('',#3074,#3075,#565,.T.);
#2404=EDGE_CURVE('',#3075,#3076,#566,.F.);
#2405=EDGE_CURVE('',#3076,#3077,#502,.T.);
#2406=EDGE_CURVE('',#3077,#3078,#567,.F.);
#2407=EDGE_CURVE('',#3078,#3079,#503,.T.);
#2408=EDGE_CURVE('',#3079,#3080,#568,.T.);
#2409=EDGE_CURVE('',#3080,#3081,#569,.T.);
#2410=EDGE_CURVE('',#3081,#3070,#144,.T.);
#2411=EDGE_CURVE('',#3069,#3082,#504,.F.);
#2412=EDGE_CURVE('',#3083,#3082,#570,.T.);
#2413=EDGE_CURVE('',#3083,#3084,#3458,.F.);
#2414=EDGE_CURVE('',#3085,#3084,#571,.T.);
#2415=EDGE_CURVE('',#3085,#3086,#572,.F.);
#2416=EDGE_CURVE('',#3086,#3087,#145,.T.);
#2417=EDGE_CURVE('',#3087,#3088,#573,.T.);
#2418=EDGE_CURVE('',#3088,#3089,#146,.T.);
#2419=EDGE_CURVE('',#3089,#3090,#574,.F.);
#2420=EDGE_CURVE('',#3091,#3090,#575,.T.);
#2421=EDGE_CURVE('',#3091,#3092,#3459,.F.);
#2422=EDGE_CURVE('',#3092,#3093,#576,.T.);
#2423=EDGE_CURVE('',#3093,#3094,#505,.T.);
#2424=EDGE_CURVE('',#3094,#3095,#577,.F.);
#2425=EDGE_CURVE('',#3095,#3074,#147,.T.);
#2426=EDGE_CURVE('',#3096,#3097,#578,.F.);
#2427=EDGE_CURVE('',#3097,#3098,#148,.F.);
#2428=EDGE_CURVE('',#3098,#3099,#579,.T.);
#2429=EDGE_CURVE('',#3099,#3096,#149,.F.);
#2430=EDGE_CURVE('',#3100,#3101,#580,.F.);
#2431=EDGE_CURVE('',#3101,#3102,#581,.F.);
#2432=EDGE_CURVE('',#3102,#3103,#582,.T.);
#2433=EDGE_CURVE('',#3103,#3104,#583,.F.);
#2434=EDGE_CURVE('',#3104,#3105,#150,.F.);
#2435=EDGE_CURVE('',#3105,#3106,#584,.F.);
#2436=EDGE_CURVE('',#3106,#3107,#151,.T.);
#2437=EDGE_CURVE('',#3107,#3108,#585,.F.);
#2438=EDGE_CURVE('',#3108,#3109,#586,.F.);
#2439=EDGE_CURVE('',#3109,#3110,#587,.T.);
#2440=EDGE_CURVE('',#3110,#3100,#152,.T.);
#2441=EDGE_CURVE('',#3111,#3112,#588,.F.);
#2442=EDGE_CURVE('',#3112,#3113,#589,.F.);
#2443=EDGE_CURVE('',#3113,#3114,#590,.T.);
#2444=EDGE_CURVE('',#3114,#3111,#591,.T.);
#2445=EDGE_CURVE('',#3095,#3102,#506,.T.);
#2446=EDGE_CURVE('',#3094,#3103,#3460,.T.);
#2447=EDGE_CURVE('',#3114,#3101,#153,.T.);
#2448=EDGE_CURVE('',#3111,#3100,#154,.T.);
#2449=EDGE_CURVE('',#3115,#3116,#592,.F.);
#2450=EDGE_CURVE('',#3116,#3117,#593,.T.);
#2451=EDGE_CURVE('',#3117,#3118,#594,.T.);
#2452=EDGE_CURVE('',#3118,#3115,#595,.F.);
#2453=EDGE_CURVE('',#3119,#3120,#596,.F.);
#2454=EDGE_CURVE('',#3120,#3121,#597,.F.);
#2455=EDGE_CURVE('',#3121,#3122,#598,.T.);
#2456=EDGE_CURVE('',#3122,#3119,#599,.T.);
#2457=EDGE_CURVE('',#3123,#3124,#600,.T.);
#2458=EDGE_CURVE('',#3124,#3125,#155,.T.);
#2459=EDGE_CURVE('',#3125,#3126,#601,.T.);
#2460=EDGE_CURVE('',#3126,#3123,#602,.F.);
#2461=EDGE_CURVE('',#3127,#3128,#603,.T.);
#2462=EDGE_CURVE('',#3128,#3129,#156,.F.);
#2463=EDGE_CURVE('',#3129,#3130,#604,.F.);
#2464=EDGE_CURVE('',#3130,#3131,#605,.T.);
#2465=EDGE_CURVE('',#3131,#3132,#157,.F.);
#2466=EDGE_CURVE('',#3132,#3133,#606,.F.);
#2467=EDGE_CURVE('',#3133,#3134,#607,.T.);
#2468=EDGE_CURVE('',#3134,#3135,#608,.T.);
#2469=EDGE_CURVE('',#3135,#3136,#609,.F.);
#2470=EDGE_CURVE('',#3136,#3137,#158,.F.);
#2471=EDGE_CURVE('',#3137,#3138,#610,.T.);
#2472=EDGE_CURVE('',#3138,#3127,#159,.T.);
#2473=EDGE_CURVE('',#3139,#3140,#611,.F.);
#2474=EDGE_CURVE('',#3140,#3141,#160,.F.);
#2475=EDGE_CURVE('',#3141,#3142,#612,.F.);
#2476=EDGE_CURVE('',#3142,#3143,#161,.F.);
#2477=EDGE_CURVE('',#3144,#3143,#613,.T.);
#2478=EDGE_CURVE('',#3144,#3145,#614,.T.);
#2479=EDGE_CURVE('',#3145,#3146,#3461,.T.);
#2480=EDGE_CURVE('',#3146,#3139,#615,.T.);
#2481=EDGE_CURVE('',#3147,#3148,#616,.F.);
#2482=EDGE_CURVE('',#3148,#3149,#162,.F.);
#2483=EDGE_CURVE('',#3149,#3150,#617,.F.);
#2484=EDGE_CURVE('',#3150,#3151,#163,.T.);
#2485=EDGE_CURVE('',#3151,#3152,#618,.F.);
#2486=EDGE_CURVE('',#3152,#3153,#164,.F.);
#2487=EDGE_CURVE('',#3153,#3154,#619,.T.);
#2488=EDGE_CURVE('',#3154,#3155,#620,.F.);
#2489=EDGE_CURVE('',#3155,#3156,#621,.T.);
#2490=EDGE_CURVE('',#3156,#3157,#622,.T.);
#2491=EDGE_CURVE('',#3157,#3158,#165,.F.);
#2492=EDGE_CURVE('',#3158,#3147,#623,.T.);
#2493=EDGE_CURVE('',#3159,#3160,#624,.T.);
#2494=EDGE_CURVE('',#3160,#3161,#625,.T.);
#2495=EDGE_CURVE('',#3161,#3162,#166,.F.);
#2496=EDGE_CURVE('',#3162,#3163,#626,.T.);
#2497=EDGE_CURVE('',#3163,#3164,#167,.F.);
#2498=EDGE_CURVE('',#3164,#3165,#627,.T.);
#2499=EDGE_CURVE('',#3165,#3166,#628,.T.);
#2500=EDGE_CURVE('',#3166,#3159,#629,.T.);
#2501=EDGE_CURVE('',#3167,#3167,#168,.T.);
#2502=EDGE_CURVE('',#3168,#3168,#169,.T.);
#2503=EDGE_CURVE('',#3169,#3170,#630,.F.);
#2504=EDGE_CURVE('',#3170,#3171,#170,.F.);
#2505=EDGE_CURVE('',#3171,#3172,#631,.F.);
#2506=EDGE_CURVE('',#3172,#3169,#632,.T.);
#2507=EDGE_CURVE('',#3173,#3174,#633,.T.);
#2508=EDGE_CURVE('',#3174,#3175,#507,.T.);
#2509=EDGE_CURVE('',#3175,#3176,#634,.T.);
#2510=EDGE_CURVE('',#3176,#3177,#508,.T.);
#2511=EDGE_CURVE('',#3177,#3178,#635,.F.);
#2512=EDGE_CURVE('',#3178,#3173,#636,.T.);
#2513=EDGE_CURVE('',#3179,#3091,#637,.F.);
#2514=EDGE_CURVE('',#3090,#3180,#638,.T.);
#2515=EDGE_CURVE('',#3180,#3181,#639,.F.);
#2516=EDGE_CURVE('',#3181,#3182,#640,.T.);
#2517=EDGE_CURVE('',#3182,#3183,#641,.F.);
#2518=EDGE_CURVE('',#3183,#3184,#3462,.F.);
#2519=EDGE_CURVE('',#3184,#3185,#642,.F.);
#2520=EDGE_CURVE('',#3185,#3186,#643,.F.);
#2521=EDGE_CURVE('',#3186,#3187,#171,.T.);
#2522=EDGE_CURVE('',#3187,#3188,#644,.F.);
#2523=EDGE_CURVE('',#3188,#3189,#172,.T.);
#2524=EDGE_CURVE('',#3189,#3190,#645,.T.);
#2525=EDGE_CURVE('',#3190,#3191,#173,.T.);
#2526=EDGE_CURVE('',#3191,#3192,#646,.F.);
#2527=EDGE_CURVE('',#3192,#3193,#174,.F.);
#2528=EDGE_CURVE('',#3193,#3194,#647,.T.);
#2529=EDGE_CURVE('',#3194,#3195,#175,.F.);
#2530=EDGE_CURVE('',#3195,#3196,#648,.T.);
#2531=EDGE_CURVE('',#3196,#3197,#176,.T.);
#2532=EDGE_CURVE('',#3197,#3198,#649,.T.);
#2533=EDGE_CURVE('',#3198,#3179,#177,.F.);
#2534=EDGE_CURVE('',#3199,#3200,#178,.T.);
#2535=EDGE_CURVE('',#3200,#3201,#650,.T.);
#2536=EDGE_CURVE('',#3201,#3202,#179,.T.);
#2537=EDGE_CURVE('',#3202,#3199,#651,.F.);
#2538=EDGE_CURVE('',#3203,#3204,#180,.T.);
#2539=EDGE_CURVE('',#3204,#3205,#652,.T.);
#2540=EDGE_CURVE('',#3205,#3206,#181,.T.);
#2541=EDGE_CURVE('',#3206,#3203,#653,.F.);
#2542=EDGE_CURVE('',#3207,#3085,#654,.T.);
#2543=EDGE_CURVE('',#3084,#3208,#655,.F.);
#2544=EDGE_CURVE('',#3208,#3209,#182,.T.);
#2545=EDGE_CURVE('',#3209,#3210,#656,.F.);
#2546=EDGE_CURVE('',#3210,#3211,#183,.F.);
#2547=EDGE_CURVE('',#3211,#3212,#657,.F.);
#2548=EDGE_CURVE('',#3212,#3213,#184,.T.);
#2549=EDGE_CURVE('',#3213,#3214,#658,.F.);
#2550=EDGE_CURVE('',#3214,#3215,#185,.T.);
#2551=EDGE_CURVE('',#3215,#3216,#659,.T.);
#2552=EDGE_CURVE('',#3216,#3217,#186,.F.);
#2553=EDGE_CURVE('',#3217,#3218,#660,.F.);
#2554=EDGE_CURVE('',#3218,#3219,#187,.F.);
#2555=EDGE_CURVE('',#3219,#3220,#661,.F.);
#2556=EDGE_CURVE('',#3220,#3221,#188,.F.);
#2557=EDGE_CURVE('',#3221,#3222,#662,.F.);
#2558=EDGE_CURVE('',#3222,#3223,#663,.F.);
#2559=EDGE_CURVE('',#3223,#3224,#3463,.T.);
#2560=EDGE_CURVE('',#3224,#3225,#664,.T.);
#2561=EDGE_CURVE('',#3225,#3226,#665,.T.);
#2562=EDGE_CURVE('',#3226,#3207,#666,.T.);
#2563=EDGE_CURVE('',#3227,#3228,#667,.T.);
#2564=EDGE_CURVE('',#3228,#3229,#189,.F.);
#2565=EDGE_CURVE('',#3229,#3230,#668,.F.);
#2566=EDGE_CURVE('',#3230,#3227,#190,.F.);
#2567=EDGE_CURVE('',#3231,#3232,#669,.T.);
#2568=EDGE_CURVE('',#3232,#3233,#191,.F.);
#2569=EDGE_CURVE('',#3233,#3234,#670,.F.);
#2570=EDGE_CURVE('',#3234,#3231,#192,.F.);
#2571=EDGE_CURVE('',#3235,#3236,#671,.T.);
#2572=EDGE_CURVE('',#3236,#3237,#672,.T.);
#2573=EDGE_CURVE('',#3237,#3238,#673,.F.);
#2574=EDGE_CURVE('',#3238,#3235,#674,.T.);
#2575=EDGE_CURVE('',#3239,#3240,#675,.F.);
#2576=EDGE_CURVE('',#3240,#3241,#193,.T.);
#2577=EDGE_CURVE('',#3241,#3242,#676,.T.);
#2578=EDGE_CURVE('',#3242,#3243,#677,.F.);
#2579=EDGE_CURVE('',#3243,#3244,#3464,.F.);
#2580=EDGE_CURVE('',#3244,#3245,#678,.F.);
#2581=EDGE_CURVE('',#3245,#3246,#679,.T.);
#2582=EDGE_CURVE('',#3246,#3239,#194,.T.);
#2583=EDGE_CURVE('',#3247,#3248,#195,.T.);
#2584=EDGE_CURVE('',#3248,#3249,#509,.T.);
#2585=EDGE_CURVE('',#3249,#3250,#680,.T.);
#2586=EDGE_CURVE('',#3250,#3251,#3465,.F.);
#2587=EDGE_CURVE('',#3142,#3251,#196,.T.);
#2588=EDGE_CURVE('',#3141,#3252,#510,.T.);
#2589=EDGE_CURVE('',#3252,#3253,#3466,.T.);
#2590=EDGE_CURVE('',#3253,#3247,#511,.T.);
#2591=EDGE_CURVE('',#3251,#3254,#512,.T.);
#2592=EDGE_CURVE('',#3254,#3255,#513,.T.);
#2593=EDGE_CURVE('',#3255,#3256,#514,.F.);
#2594=EDGE_CURVE('',#3143,#3256,#515,.T.);
#2595=EDGE_CURVE('',#3257,#3258,#516,.F.);
#2596=EDGE_CURVE('',#3258,#3259,#517,.T.);
#2597=EDGE_CURVE('',#3259,#3260,#518,.T.);
#2598=EDGE_CURVE('',#3239,#3260,#197,.T.);
#2599=EDGE_CURVE('',#3257,#3246,#519,.F.);
#2600=EDGE_CURVE('',#3261,#3262,#681,.F.);
#2601=EDGE_CURVE('',#3262,#3263,#520,.T.);
#2602=EDGE_CURVE('',#3263,#3264,#198,.F.);
#2603=EDGE_CURVE('',#3264,#3265,#521,.T.);
#2604=EDGE_CURVE('',#3265,#3266,#3467,.F.);
#2605=EDGE_CURVE('',#3266,#3240,#522,.T.);
#2606=EDGE_CURVE('',#3260,#3261,#3468,.T.);
#2607=EDGE_CURVE('',#3267,#3268,#199,.F.);
#2608=EDGE_CURVE('',#3268,#3269,#682,.F.);
#2609=EDGE_CURVE('',#3269,#3270,#683,.F.);
#2610=EDGE_CURVE('',#3270,#3271,#684,.T.);
#2611=EDGE_CURVE('',#3271,#3272,#200,.T.);
#2612=EDGE_CURVE('',#3272,#3273,#685,.T.);
#2613=EDGE_CURVE('',#3273,#3267,#686,.F.);
#2614=EDGE_CURVE('',#3274,#3275,#687,.T.);
#2615=EDGE_CURVE('',#3275,#3276,#688,.T.);
#2616=EDGE_CURVE('',#3276,#3277,#201,.T.);
#2617=EDGE_CURVE('',#3277,#3278,#689,.T.);
#2618=EDGE_CURVE('',#3278,#3279,#690,.T.);
#2619=EDGE_CURVE('',#3279,#3280,#202,.F.);
#2620=EDGE_CURVE('',#3280,#3274,#691,.F.);
#2621=EDGE_CURVE('',#3281,#3282,#692,.F.);
#2622=EDGE_CURVE('',#3282,#3283,#3469,.F.);
#2623=EDGE_CURVE('',#3283,#3284,#693,.F.);
#2624=EDGE_CURVE('',#3284,#3281,#694,.F.);
#2625=EDGE_CURVE('',#3285,#3286,#695,.F.);
#2626=EDGE_CURVE('',#3286,#3287,#3470,.T.);
#2627=EDGE_CURVE('',#3287,#3288,#696,.F.);
#2628=EDGE_CURVE('',#3288,#3285,#697,.F.);
#2629=EDGE_CURVE('',#3289,#3290,#698,.T.);
#2630=EDGE_CURVE('',#3290,#3291,#699,.F.);
#2631=EDGE_CURVE('',#3291,#3292,#700,.T.);
#2632=EDGE_CURVE('',#3292,#3293,#701,.T.);
#2633=EDGE_CURVE('',#3293,#3289,#702,.T.);
#2634=EDGE_CURVE('',#3294,#3295,#703,.T.);
#2635=EDGE_CURVE('',#3295,#3296,#704,.F.);
#2636=EDGE_CURVE('',#3296,#3297,#705,.F.);
#2637=EDGE_CURVE('',#3297,#3298,#706,.T.);
#2638=EDGE_CURVE('',#3298,#3294,#707,.T.);
#2639=EDGE_CURVE('',#3299,#3300,#708,.F.);
#2640=EDGE_CURVE('',#3300,#3301,#709,.F.);
#2641=EDGE_CURVE('',#3301,#3302,#710,.F.);
#2642=EDGE_CURVE('',#3302,#3299,#711,.F.);
#2643=EDGE_CURVE('',#3303,#3304,#712,.F.);
#2644=EDGE_CURVE('',#3304,#3305,#713,.F.);
#2645=EDGE_CURVE('',#3305,#3306,#714,.F.);
#2646=EDGE_CURVE('',#3306,#3303,#715,.T.);
#2647=EDGE_CURVE('',#3129,#3075,#523,.T.);
#2648=EDGE_CURVE('',#3074,#3130,#203,.T.);
#2649=EDGE_CURVE('',#3080,#3148,#524,.F.);
#2650=EDGE_CURVE('',#3147,#3081,#204,.T.);
#2651=EDGE_CURVE('',#3242,#3290,#205,.T.);
#2652=EDGE_CURVE('',#3289,#3243,#206,.F.);
#2653=EDGE_CURVE('',#3296,#3139,#207,.F.);
#2654=EDGE_CURVE('',#3146,#3297,#208,.T.);
#2655=EDGE_CURVE('',#3305,#3135,#209,.F.);
#2656=EDGE_CURVE('',#3134,#3306,#210,.F.);
#2657=EDGE_CURVE('',#3154,#3300,#211,.T.);
#2658=EDGE_CURVE('',#3299,#3155,#212,.T.);
#2659=EDGE_CURVE('',#3237,#3307,#213,.F.);
#2660=EDGE_CURVE('',#3307,#3207,#3471,.F.);
#2661=EDGE_CURVE('',#3226,#3238,#214,.T.);
#2662=EDGE_CURVE('',#3180,#3308,#3472,.F.);
#2663=EDGE_CURVE('',#3308,#3236,#215,.F.);
#2664=EDGE_CURVE('',#3235,#3181,#216,.T.);
#2665=EDGE_CURVE('',#3071,#3309,#716,.F.);
#2666=EDGE_CURVE('',#3309,#3310,#717,.T.);
#2667=EDGE_CURVE('',#3310,#3311,#217,.F.);
#2668=EDGE_CURVE('',#3311,#3312,#718,.F.);
#2669=EDGE_CURVE('',#3312,#3313,#719,.F.);
#2670=EDGE_CURVE('',#3313,#3314,#720,.T.);
#2671=EDGE_CURVE('',#3314,#3315,#218,.F.);
#2672=EDGE_CURVE('',#3315,#3316,#721,.T.);
#2673=EDGE_CURVE('',#3316,#3317,#219,.T.);
#2674=EDGE_CURVE('',#3317,#3068,#722,.T.);
#2675=EDGE_CURVE('',#3318,#3319,#723,.F.);
#2676=EDGE_CURVE('',#3319,#3320,#724,.T.);
#2677=EDGE_CURVE('',#3320,#3321,#725,.T.);
#2678=EDGE_CURVE('',#3321,#3318,#726,.F.);
#2679=EDGE_CURVE('',#3086,#3307,#525,.T.);
#2680=EDGE_CURVE('',#3087,#3237,#727,.T.);
#2681=EDGE_CURVE('',#3088,#3236,#728,.T.);
#2682=EDGE_CURVE('',#3308,#3089,#526,.T.);
#2683=EDGE_CURVE('',#3160,#3322,#729,.T.);
#2684=EDGE_CURVE('',#3322,#3182,#3473,.F.);
#2685=EDGE_CURVE('',#3161,#3181,#730,.T.);
#2686=EDGE_CURVE('',#3162,#3235,#731,.T.);
#2687=EDGE_CURVE('',#3163,#3238,#732,.T.);
#2688=EDGE_CURVE('',#3164,#3226,#733,.T.);
#2689=EDGE_CURVE('',#3225,#3323,#3474,.T.);
#2690=EDGE_CURVE('',#3323,#3165,#734,.T.);
#2691=EDGE_CURVE('',#3092,#3324,#735,.F.);
#2692=EDGE_CURVE('',#3324,#3325,#736,.F.);
#2693=EDGE_CURVE('',#3325,#3326,#737,.F.);
#2694=EDGE_CURVE('',#3326,#3093,#3475,.T.);
#2695=EDGE_CURVE('',#3327,#3328,#738,.F.);
#2696=EDGE_CURVE('',#3328,#3083,#739,.T.);
#2697=EDGE_CURVE('',#3082,#3329,#3476,.F.);
#2698=EDGE_CURVE('',#3329,#3327,#740,.F.);
#2699=EDGE_CURVE('',#3330,#3331,#220,.T.);
#2700=EDGE_CURVE('',#3331,#3330,#221,.T.);
#2701=EDGE_CURVE('',#3330,#3332,#741,.F.);
#2702=EDGE_CURVE('',#3333,#3331,#742,.T.);
#2703=EDGE_CURVE('',#3332,#3333,#222,.T.);
#2704=EDGE_CURVE('',#3331,#3099,#223,.T.);
#2705=EDGE_CURVE('',#3096,#3330,#224,.T.);
#2706=EDGE_CURVE('',#3332,#3333,#225,.T.);
#2707=EDGE_CURVE('',#3097,#3332,#226,.T.);
#2708=EDGE_CURVE('',#3333,#3098,#227,.T.);
#2709=EDGE_CURVE('',#3334,#3335,#743,.F.);
#2710=EDGE_CURVE('',#3335,#3336,#744,.T.);
#2711=EDGE_CURVE('',#3336,#3337,#745,.T.);
#2712=EDGE_CURVE('',#3337,#3338,#746,.F.);
#2713=EDGE_CURVE('',#3338,#3339,#228,.T.);
#2714=EDGE_CURVE('',#3339,#3334,#747,.F.);
#2715=EDGE_CURVE('',#3340,#3341,#748,.F.);
#2716=EDGE_CURVE('',#3341,#3342,#749,.F.);
#2717=EDGE_CURVE('',#3342,#3343,#750,.T.);
#2718=EDGE_CURVE('',#3343,#3344,#751,.F.);
#2719=EDGE_CURVE('',#3344,#3345,#229,.F.);
#2720=EDGE_CURVE('',#3345,#3340,#752,.T.);
#2721=EDGE_CURVE('',#3346,#3347,#753,.F.);
#2722=EDGE_CURVE('',#3347,#3348,#754,.F.);
#2723=EDGE_CURVE('',#3348,#3349,#755,.T.);
#2724=EDGE_CURVE('',#3349,#3346,#756,.T.);
#2725=EDGE_CURVE('',#3350,#3351,#757,.F.);
#2726=EDGE_CURVE('',#3351,#3352,#758,.T.);
#2727=EDGE_CURVE('',#3352,#3353,#759,.T.);
#2728=EDGE_CURVE('',#3353,#3354,#760,.F.);
#2729=EDGE_CURVE('',#3354,#3355,#230,.T.);
#2730=EDGE_CURVE('',#3355,#3350,#761,.T.);
#2731=EDGE_CURVE('',#3356,#3357,#762,.F.);
#2732=EDGE_CURVE('',#3357,#3358,#763,.F.);
#2733=EDGE_CURVE('',#3358,#3359,#764,.T.);
#2734=EDGE_CURVE('',#3359,#3360,#765,.T.);
#2735=EDGE_CURVE('',#3360,#3361,#231,.F.);
#2736=EDGE_CURVE('',#3361,#3356,#766,.T.);
#2737=EDGE_CURVE('',#3362,#3363,#767,.F.);
#2738=EDGE_CURVE('',#3363,#3364,#768,.T.);
#2739=EDGE_CURVE('',#3364,#3365,#769,.T.);
#2740=EDGE_CURVE('',#3365,#3362,#770,.F.);
#2741=EDGE_CURVE('',#3352,#3319,#232,.T.);
#2742=EDGE_CURVE('',#3318,#3353,#233,.T.);
#2743=EDGE_CURVE('',#3121,#3341,#234,.F.);
#2744=EDGE_CURVE('',#3340,#3122,#235,.F.);
#2745=EDGE_CURVE('',#3320,#3328,#236,.F.);
#2746=EDGE_CURVE('',#3327,#3321,#237,.F.);
#2747=EDGE_CURVE('',#3324,#3120,#238,.T.);
#2748=EDGE_CURVE('',#3119,#3325,#239,.T.);
#2749=EDGE_CURVE('',#3117,#3357,#240,.T.);
#2750=EDGE_CURVE('',#3356,#3118,#241,.T.);
#2751=EDGE_CURVE('',#3336,#3112,#242,.F.);
#2752=EDGE_CURVE('',#3111,#3337,#243,.F.);
#2753=EDGE_CURVE('',#3366,#3367,#771,.T.);
#2754=EDGE_CURVE('',#3367,#3368,#3477,.F.);
#2755=EDGE_CURVE('',#3368,#3369,#772,.F.);
#2756=EDGE_CURVE('',#3369,#3370,#773,.F.);
#2757=EDGE_CURVE('',#3370,#3371,#774,.F.);
#2758=EDGE_CURVE('',#3371,#3366,#3478,.F.);
#2759=EDGE_CURVE('',#3372,#3373,#775,.F.);
#2760=EDGE_CURVE('',#3373,#3374,#3479,.T.);
#2761=EDGE_CURVE('',#3374,#3375,#776,.T.);
#2762=EDGE_CURVE('',#3375,#3376,#3480,.T.);
#2763=EDGE_CURVE('',#3376,#3377,#777,.F.);
#2764=EDGE_CURVE('',#3377,#3372,#778,.T.);
#2765=EDGE_CURVE('',#3369,#3109,#244,.F.);
#2766=EDGE_CURVE('',#3108,#3370,#245,.T.);
#2767=EDGE_CURVE('',#3312,#3372,#246,.T.);
#2768=EDGE_CURVE('',#3377,#3313,#247,.F.);
#2769=EDGE_CURVE('',#3342,#3347,#248,.T.);
#2770=EDGE_CURVE('',#3346,#3343,#3481,.F.);
#2771=EDGE_CURVE('',#3348,#3335,#249,.T.);
#2772=EDGE_CURVE('',#3334,#3349,#3482,.F.);
#2773=EDGE_CURVE('',#3358,#3363,#250,.F.);
#2774=EDGE_CURVE('',#3362,#3359,#3483,.T.);
#2775=EDGE_CURVE('',#3364,#3351,#251,.F.);
#2776=EDGE_CURVE('',#3350,#3365,#3484,.T.);
#2777=EDGE_CURVE('',#3103,#3326,#252,.T.);
#2778=EDGE_CURVE('',#3104,#3325,#253,.T.);
#2779=EDGE_CURVE('',#3105,#3119,#254,.T.);
#2780=EDGE_CURVE('',#3106,#3122,#255,.T.);
#2781=EDGE_CURVE('',#3107,#3340,#256,.T.);
#2782=EDGE_CURVE('',#3108,#3345,#257,.T.);
#2783=EDGE_CURVE('',#3370,#3344,#258,.T.);
#2784=EDGE_CURVE('',#3371,#3343,#259,.T.);
#2785=EDGE_CURVE('',#3349,#3367,#260,.T.);
#2786=EDGE_CURVE('',#3346,#3366,#261,.T.);
#2787=EDGE_CURVE('',#3329,#3068,#262,.T.);
#2788=EDGE_CURVE('',#3327,#3317,#263,.T.);
#2789=EDGE_CURVE('',#3321,#3316,#264,.T.);
#2790=EDGE_CURVE('',#3318,#3315,#265,.T.);
#2791=EDGE_CURVE('',#3353,#3314,#266,.T.);
#2792=EDGE_CURVE('',#3354,#3313,#267,.T.);
#2793=EDGE_CURVE('',#3355,#3377,#268,.T.);
#2794=EDGE_CURVE('',#3350,#3376,#269,.T.);
#2795=EDGE_CURVE('',#3365,#3375,#270,.T.);
#2796=EDGE_CURVE('',#3374,#3362,#271,.T.);
#2797=EDGE_CURVE('',#3337,#3110,#272,.T.);
#2798=EDGE_CURVE('',#3338,#3109,#273,.T.);
#2799=EDGE_CURVE('',#3339,#3369,#274,.T.);
#2800=EDGE_CURVE('',#3334,#3368,#275,.T.);
#2801=EDGE_CURVE('',#3309,#3115,#276,.T.);
#2802=EDGE_CURVE('',#3310,#3118,#277,.T.);
#2803=EDGE_CURVE('',#3311,#3356,#278,.T.);
#2804=EDGE_CURVE('',#3312,#3361,#279,.T.);
#2805=EDGE_CURVE('',#3372,#3360,#280,.T.);
#2806=EDGE_CURVE('',#3373,#3359,#281,.T.);
#2807=EDGE_CURVE('',#3378,#3379,#282,.T.);
#2808=EDGE_CURVE('',#3378,#3379,#283,.F.);
#2809=EDGE_CURVE('',#3380,#3381,#284,.T.);
#2810=EDGE_CURVE('',#3380,#3378,#779,.F.);
#2811=EDGE_CURVE('',#3379,#3381,#780,.T.);
#2812=EDGE_CURVE('',#3381,#3380,#285,.F.);
#2813=EDGE_CURVE('',#3382,#3383,#286,.T.);
#2814=EDGE_CURVE('',#3382,#3383,#287,.F.);
#2815=EDGE_CURVE('',#3384,#3385,#288,.T.);
#2816=EDGE_CURVE('',#3384,#3382,#781,.F.);
#2817=EDGE_CURVE('',#3383,#3385,#782,.T.);
#2818=EDGE_CURVE('',#3385,#3384,#289,.F.);
#2819=EDGE_CURVE('',#3386,#3379,#290,.T.);
#2820=EDGE_CURVE('',#3386,#3387,#783,.T.);
#2821=EDGE_CURVE('',#3381,#3387,#291,.T.);
#2822=EDGE_CURVE('',#3387,#3388,#292,.T.);
#2823=EDGE_CURVE('',#3380,#3388,#293,.T.);
#2824=EDGE_CURVE('',#3389,#3378,#294,.T.);
#2825=EDGE_CURVE('',#3389,#3386,#295,.T.);
#2826=EDGE_CURVE('',#3388,#3389,#784,.F.);
#2827=EDGE_CURVE('',#3390,#3383,#296,.T.);
#2828=EDGE_CURVE('',#3390,#3391,#785,.T.);
#2829=EDGE_CURVE('',#3385,#3391,#297,.T.);
#2830=EDGE_CURVE('',#3391,#3392,#298,.T.);
#2831=EDGE_CURVE('',#3384,#3392,#299,.T.);
#2832=EDGE_CURVE('',#3393,#3382,#300,.T.);
#2833=EDGE_CURVE('',#3393,#3390,#301,.T.);
#2834=EDGE_CURVE('',#3392,#3393,#786,.F.);
#2835=EDGE_CURVE('',#3389,#3202,#302,.T.);
#2836=EDGE_CURVE('',#3199,#3388,#303,.T.);
#2837=EDGE_CURVE('',#3200,#3387,#304,.T.);
#2838=EDGE_CURVE('',#3386,#3201,#305,.T.);
#2839=EDGE_CURVE('',#3393,#3206,#306,.T.);
#2840=EDGE_CURVE('',#3203,#3392,#307,.T.);
#2841=EDGE_CURVE('',#3204,#3391,#308,.T.);
#2842=EDGE_CURVE('',#3390,#3205,#309,.T.);
#2843=EDGE_CURVE('',#3394,#3395,#310,.T.);
#2844=EDGE_CURVE('',#3394,#3396,#787,.T.);
#2845=EDGE_CURVE('',#3397,#3396,#311,.T.);
#2846=EDGE_CURVE('',#3397,#3395,#788,.F.);
#2847=EDGE_CURVE('',#3396,#3397,#312,.F.);
#2848=EDGE_CURVE('',#3395,#3394,#313,.F.);
#2849=EDGE_CURVE('',#3398,#3399,#314,.T.);
#2850=EDGE_CURVE('',#3398,#3400,#789,.T.);
#2851=EDGE_CURVE('',#3401,#3400,#315,.T.);
#2852=EDGE_CURVE('',#3401,#3399,#790,.F.);
#2853=EDGE_CURVE('',#3400,#3401,#316,.F.);
#2854=EDGE_CURVE('',#3399,#3398,#317,.F.);
#2855=EDGE_CURVE('',#3402,#3397,#318,.T.);
#2856=EDGE_CURVE('',#3402,#3403,#791,.F.);
#2857=EDGE_CURVE('',#3395,#3403,#319,.T.);
#2858=EDGE_CURVE('',#3403,#3404,#320,.T.);
#2859=EDGE_CURVE('',#3394,#3404,#321,.T.);
#2860=EDGE_CURVE('',#3405,#3396,#322,.T.);
#2861=EDGE_CURVE('',#3405,#3402,#323,.T.);
#2862=EDGE_CURVE('',#3404,#3405,#792,.T.);
#2863=EDGE_CURVE('',#3406,#3401,#324,.T.);
#2864=EDGE_CURVE('',#3406,#3407,#793,.F.);
#2865=EDGE_CURVE('',#3399,#3407,#325,.T.);
#2866=EDGE_CURVE('',#3407,#3408,#326,.T.);
#2867=EDGE_CURVE('',#3398,#3408,#327,.T.);
#2868=EDGE_CURVE('',#3409,#3400,#328,.T.);
#2869=EDGE_CURVE('',#3409,#3406,#329,.T.);
#2870=EDGE_CURVE('',#3408,#3409,#794,.T.);
#2871=EDGE_CURVE('',#3404,#3230,#330,.T.);
#2872=EDGE_CURVE('',#3227,#3403,#331,.T.);
#2873=EDGE_CURVE('',#3228,#3402,#332,.T.);
#2874=EDGE_CURVE('',#3405,#3229,#333,.T.);
#2875=EDGE_CURVE('',#3408,#3234,#334,.T.);
#2876=EDGE_CURVE('',#3231,#3407,#335,.T.);
#2877=EDGE_CURVE('',#3232,#3406,#336,.T.);
#2878=EDGE_CURVE('',#3409,#3233,#337,.T.);
#2879=EDGE_CURVE('',#3171,#3286,#527,.T.);
#2880=EDGE_CURVE('',#3285,#3172,#338,.F.);
#2881=EDGE_CURVE('',#3287,#3410,#528,.T.);
#2882=EDGE_CURVE('',#3410,#3270,#339,.T.);
#2883=EDGE_CURVE('',#3269,#3288,#340,.T.);
#2884=EDGE_CURVE('',#3283,#3124,#529,.T.);
#2885=EDGE_CURVE('',#3123,#3284,#341,.F.);
#2886=EDGE_CURVE('',#3274,#3411,#342,.F.);
#2887=EDGE_CURVE('',#3411,#3282,#530,.T.);
#2888=EDGE_CURVE('',#3281,#3275,#343,.T.);
#2889=EDGE_CURVE('',#3245,#3257,#531,.T.);
#2890=EDGE_CURVE('',#3256,#3144,#532,.T.);
#2891=EDGE_CURVE('',#3412,#3413,#3485,.F.);
#2892=EDGE_CURVE('',#3413,#3414,#795,.F.);
#2893=EDGE_CURVE('',#3414,#3415,#796,.T.);
#2894=EDGE_CURVE('',#3415,#3416,#797,.F.);
#2895=EDGE_CURVE('',#3416,#3417,#798,.F.);
#2896=EDGE_CURVE('',#3417,#3418,#799,.F.);
#2897=EDGE_CURVE('',#3418,#3419,#533,.T.);
#2898=EDGE_CURVE('',#3419,#3412,#534,.T.);
#2899=EDGE_CURVE('',#3420,#3421,#800,.T.);
#2900=EDGE_CURVE('',#3421,#3422,#801,.F.);
#2901=EDGE_CURVE('',#3422,#3423,#802,.F.);
#2902=EDGE_CURVE('',#3423,#3424,#803,.F.);
#2903=EDGE_CURVE('',#3424,#3425,#3486,.T.);
#2904=EDGE_CURVE('',#3425,#3426,#535,.T.);
#2905=EDGE_CURVE('',#3426,#3427,#536,.T.);
#2906=EDGE_CURVE('',#3427,#3420,#804,.F.);
#2907=EDGE_CURVE('',#3250,#3413,#537,.T.);
#2908=EDGE_CURVE('',#3251,#3412,#344,.T.);
#2909=EDGE_CURVE('',#3255,#3419,#538,.T.);
#2910=EDGE_CURVE('',#3144,#3418,#345,.T.);
#2911=EDGE_CURVE('',#3145,#3417,#3487,.F.);
#2912=EDGE_CURVE('',#3145,#3428,#346,.T.);
#2913=EDGE_CURVE('',#3428,#3417,#3488,.F.);
#2914=EDGE_CURVE('',#3297,#3428,#3489,.T.);
#2915=EDGE_CURVE('',#3416,#3298,#3490,.T.);
#2916=EDGE_CURVE('',#3424,#3261,#539,.T.);
#2917=EDGE_CURVE('',#3425,#3260,#347,.T.);
#2918=EDGE_CURVE('',#3426,#3258,#540,.F.);
#2919=EDGE_CURVE('',#3427,#3245,#348,.T.);
#2920=EDGE_CURVE('',#3420,#3244,#3491,.T.);
#2921=EDGE_CURVE('',#3244,#3429,#349,.T.);
#2922=EDGE_CURVE('',#3429,#3289,#3492,.F.);
#2923=EDGE_CURVE('',#3420,#3429,#3493,.T.);
#2924=EDGE_CURVE('',#3293,#3421,#3494,.F.);
#2925=EDGE_CURVE('',#3156,#3116,#350,.T.);
#2926=EDGE_CURVE('',#3157,#3115,#351,.T.);
#2927=EDGE_CURVE('',#3158,#3309,#352,.T.);
#2928=EDGE_CURVE('',#3071,#3430,#541,.F.);
#2929=EDGE_CURVE('',#3430,#3070,#353,.F.);
#2930=EDGE_CURVE('',#3147,#3430,#354,.T.);
#2931=EDGE_CURVE('',#3113,#3133,#355,.F.);
#2932=EDGE_CURVE('',#3114,#3132,#356,.T.);
#2933=EDGE_CURVE('',#3101,#3131,#357,.T.);
#2934=EDGE_CURVE('',#3102,#3431,#542,.F.);
#2935=EDGE_CURVE('',#3431,#3130,#358,.T.);
#2936=EDGE_CURVE('',#3095,#3431,#359,.F.);
#2937=EDGE_CURVE('',#3414,#3432,#3495,.T.);
#2938=EDGE_CURVE('',#3166,#3432,#805,.T.);
#2939=EDGE_CURVE('',#3323,#3415,#3496,.T.);
#2940=EDGE_CURVE('',#3432,#3173,#3497,.F.);
#2941=EDGE_CURVE('',#3178,#3433,#3498,.F.);
#2942=EDGE_CURVE('',#3159,#3433,#806,.F.);
#2943=EDGE_CURVE('',#3422,#3322,#3499,.F.);
#2944=EDGE_CURVE('',#3433,#3423,#3500,.F.);
#2945=EDGE_CURVE('',#3175,#3250,#360,.T.);
#2946=EDGE_CURVE('',#3249,#3434,#543,.T.);
#2947=EDGE_CURVE('',#3434,#3435,#544,.T.);
#2948=EDGE_CURVE('',#3435,#3078,#545,.T.);
#2949=EDGE_CURVE('',#3077,#3436,#546,.T.);
#2950=EDGE_CURVE('',#3436,#3437,#547,.F.);
#2951=EDGE_CURVE('',#3437,#3262,#548,.F.);
#2952=EDGE_CURVE('',#3176,#3261,#361,.T.);
#2953=EDGE_CURVE('',#3177,#3424,#362,.T.);
#2954=EDGE_CURVE('',#3125,#3438,#549,.T.);
#2955=EDGE_CURVE('',#3076,#3438,#363,.T.);
#2956=EDGE_CURVE('',#3075,#3439,#550,.F.);
#2957=EDGE_CURVE('',#3439,#3126,#364,.T.);
#2958=EDGE_CURVE('',#3438,#3436,#551,.T.);
#2959=EDGE_CURVE('',#3440,#3079,#365,.T.);
#2960=EDGE_CURVE('',#3440,#3170,#552,.T.);
#2961=EDGE_CURVE('',#3169,#3441,#366,.T.);
#2962=EDGE_CURVE('',#3441,#3080,#553,.T.);
#2963=EDGE_CURVE('',#3435,#3440,#554,.T.);
#2964=EDGE_CURVE('',#3442,#3443,#807,.F.);
#2965=EDGE_CURVE('',#3443,#3304,#367,.T.);
#2966=EDGE_CURVE('',#3303,#3442,#368,.T.);
#2967=EDGE_CURVE('',#3301,#3444,#369,.F.);
#2968=EDGE_CURVE('',#3444,#3445,#808,.F.);
#2969=EDGE_CURVE('',#3445,#3302,#370,.F.);
#2970=EDGE_CURVE('',#3291,#3443,#371,.T.);
#2971=EDGE_CURVE('',#3442,#3292,#372,.T.);
#2972=EDGE_CURVE('',#3444,#3295,#373,.T.);
#2973=EDGE_CURVE('',#3294,#3445,#374,.T.);
#2974=EDGE_CURVE('',#3416,#3224,#375,.T.);
#2975=EDGE_CURVE('',#3298,#3223,#376,.T.);
#2976=EDGE_CURVE('',#3294,#3446,#555,.F.);
#2977=EDGE_CURVE('',#3446,#3222,#3501,.F.);
#2978=EDGE_CURVE('',#3447,#3446,#377,.F.);
#2979=EDGE_CURVE('',#3445,#3447,#556,.T.);
#2980=EDGE_CURVE('',#3447,#3222,#3502,.F.);
#2981=EDGE_CURVE('',#3302,#3447,#378,.T.);
#2982=EDGE_CURVE('',#3299,#3221,#379,.T.);
#2983=EDGE_CURVE('',#3155,#3220,#380,.T.);
#2984=EDGE_CURVE('',#3156,#3219,#381,.T.);
#2985=EDGE_CURVE('',#3116,#3218,#382,.T.);
#2986=EDGE_CURVE('',#3117,#3217,#383,.T.);
#2987=EDGE_CURVE('',#3357,#3216,#384,.T.);
#2988=EDGE_CURVE('',#3358,#3215,#385,.T.);
#2989=EDGE_CURVE('',#3363,#3214,#386,.T.);
#2990=EDGE_CURVE('',#3364,#3213,#387,.T.);
#2991=EDGE_CURVE('',#3351,#3212,#388,.T.);
#2992=EDGE_CURVE('',#3352,#3211,#389,.T.);
#2993=EDGE_CURVE('',#3319,#3210,#390,.T.);
#2994=EDGE_CURVE('',#3320,#3209,#391,.T.);
#2995=EDGE_CURVE('',#3328,#3208,#392,.T.);
#2996=EDGE_CURVE('',#3324,#3179,#393,.T.);
#2997=EDGE_CURVE('',#3120,#3198,#394,.T.);
#2998=EDGE_CURVE('',#3121,#3197,#395,.T.);
#2999=EDGE_CURVE('',#3341,#3196,#396,.T.);
#3000=EDGE_CURVE('',#3342,#3195,#397,.T.);
#3001=EDGE_CURVE('',#3347,#3194,#398,.T.);
#3002=EDGE_CURVE('',#3348,#3193,#399,.T.);
#3003=EDGE_CURVE('',#3335,#3192,#400,.T.);
#3004=EDGE_CURVE('',#3336,#3191,#401,.T.);
#3005=EDGE_CURVE('',#3112,#3190,#402,.T.);
#3006=EDGE_CURVE('',#3113,#3189,#403,.T.);
#3007=EDGE_CURVE('',#3133,#3188,#404,.T.);
#3008=EDGE_CURVE('',#3134,#3187,#405,.T.);
#3009=EDGE_CURVE('',#3306,#3186,#406,.T.);
#3010=EDGE_CURVE('',#3303,#3448,#407,.F.);
#3011=EDGE_CURVE('',#3448,#3185,#3503,.T.);
#3012=EDGE_CURVE('',#3442,#3448,#557,.F.);
#3013=EDGE_CURVE('',#3448,#3449,#408,.T.);
#3014=EDGE_CURVE('',#3449,#3185,#3504,.T.);
#3015=EDGE_CURVE('',#3292,#3449,#558,.T.);
#3016=EDGE_CURVE('',#3293,#3184,#409,.T.);
#3017=EDGE_CURVE('',#3421,#3183,#410,.T.);
#3018=EDGE_CURVE('',#3148,#3441,#411,.T.);
#3019=EDGE_CURVE('',#3149,#3169,#412,.T.);
#3020=EDGE_CURVE('',#3150,#3172,#413,.T.);
#3021=EDGE_CURVE('',#3151,#3285,#414,.T.);
#3022=EDGE_CURVE('',#3152,#3288,#415,.T.);
#3023=EDGE_CURVE('',#3153,#3269,#416,.T.);
#3024=EDGE_CURVE('',#3154,#3268,#417,.T.);
#3025=EDGE_CURVE('',#3300,#3267,#418,.T.);
#3026=EDGE_CURVE('',#3301,#3450,#419,.F.);
#3027=EDGE_CURVE('',#3450,#3273,#3505,.F.);
#3028=EDGE_CURVE('',#3444,#3450,#559,.F.);
#3029=EDGE_CURVE('',#3450,#3451,#420,.T.);
#3030=EDGE_CURVE('',#3451,#3273,#3506,.F.);
#3031=EDGE_CURVE('',#3295,#3451,#560,.T.);
#3032=EDGE_CURVE('',#3296,#3272,#421,.T.);
#3033=EDGE_CURVE('',#3139,#3271,#422,.T.);
#3034=EDGE_CURVE('',#3140,#3270,#423,.T.);
#3035=EDGE_CURVE('',#3141,#3410,#424,.T.);
#3036=EDGE_CURVE('',#3252,#3287,#425,.T.);
#3037=EDGE_CURVE('',#3253,#3286,#426,.T.);
#3038=EDGE_CURVE('',#3247,#3171,#427,.T.);
#3039=EDGE_CURVE('',#3248,#3170,#428,.T.);
#3040=EDGE_CURVE('',#3434,#3440,#429,.T.);
#3041=EDGE_CURVE('',#3439,#3129,#430,.T.);
#3042=EDGE_CURVE('',#3126,#3128,#431,.T.);
#3043=EDGE_CURVE('',#3123,#3127,#432,.T.);
#3044=EDGE_CURVE('',#3284,#3138,#433,.T.);
#3045=EDGE_CURVE('',#3281,#3137,#434,.T.);
#3046=EDGE_CURVE('',#3275,#3136,#435,.T.);
#3047=EDGE_CURVE('',#3276,#3135,#436,.T.);
#3048=EDGE_CURVE('',#3277,#3305,#437,.T.);
#3049=EDGE_CURVE('',#3304,#3452,#438,.T.);
#3050=EDGE_CURVE('',#3452,#3443,#561,.F.);
#3051=EDGE_CURVE('',#3278,#3452,#3507,.T.);
#3052=EDGE_CURVE('',#3452,#3453,#439,.F.);
#3053=EDGE_CURVE('',#3453,#3291,#562,.T.);
#3054=EDGE_CURVE('',#3278,#3453,#3508,.T.);
#3055=EDGE_CURVE('',#3279,#3290,#440,.T.);
#3056=EDGE_CURVE('',#3280,#3242,#441,.T.);
#3057=EDGE_CURVE('',#3274,#3241,#442,.T.);
#3058=EDGE_CURVE('',#3411,#3240,#443,.T.);
#3059=EDGE_CURVE('',#3282,#3266,#444,.T.);
#3060=EDGE_CURVE('',#3283,#3265,#445,.T.);
#3061=EDGE_CURVE('',#3124,#3264,#446,.T.);
#3062=EDGE_CURVE('',#3125,#3263,#447,.T.);
#3063=EDGE_CURVE('',#3438,#3437,#448,.T.);
#3064=EDGE_CURVE('',#3174,#3413,#449,.T.);
#3065=EDGE_CURVE('',#3454,#3454,#450,.T.);
#3066=EDGE_CURVE('',#3455,#3455,#451,.F.);
#3067=EDGE_CURVE('',#3456,#3456,#452,.T.);
#3068=VERTEX_POINT('',#6647);
#3069=VERTEX_POINT('',#6648);
#3070=VERTEX_POINT('',#6650);
#3071=VERTEX_POINT('',#6655);
#3072=VERTEX_POINT('',#6659);
#3073=VERTEX_POINT('',#6661);
#3074=VERTEX_POINT('',#6663);
#3075=VERTEX_POINT('',#6664);
#3076=VERTEX_POINT('',#6666);
#3077=VERTEX_POINT('',#6671);
#3078=VERTEX_POINT('',#6673);
#3079=VERTEX_POINT('',#6678);
#3080=VERTEX_POINT('',#6680);
#3081=VERTEX_POINT('',#6682);
#3082=VERTEX_POINT('',#6688);
#3083=VERTEX_POINT('',#6690);
#3084=VERTEX_POINT('',#6692);
#3085=VERTEX_POINT('',#6694);
#3086=VERTEX_POINT('',#6696);
#3087=VERTEX_POINT('',#6698);
#3088=VERTEX_POINT('',#6700);
#3089=VERTEX_POINT('',#6702);
#3090=VERTEX_POINT('',#6704);
#3091=VERTEX_POINT('',#6706);
#3092=VERTEX_POINT('',#6708);
#3093=VERTEX_POINT('',#6710);
#3094=VERTEX_POINT('',#6715);
#3095=VERTEX_POINT('',#6717);
#3096=VERTEX_POINT('',#6720);
#3097=VERTEX_POINT('',#6721);
#3098=VERTEX_POINT('',#6723);
#3099=VERTEX_POINT('',#6725);
#3100=VERTEX_POINT('',#6729);
#3101=VERTEX_POINT('',#6730);
#3102=VERTEX_POINT('',#6732);
#3103=VERTEX_POINT('',#6734);
#3104=VERTEX_POINT('',#6736);
#3105=VERTEX_POINT('',#6738);
#3106=VERTEX_POINT('',#6740);
#3107=VERTEX_POINT('',#6742);
#3108=VERTEX_POINT('',#6744);
#3109=VERTEX_POINT('',#6746);
#3110=VERTEX_POINT('',#6748);
#3111=VERTEX_POINT('',#6752);
#3112=VERTEX_POINT('',#6753);
#3113=VERTEX_POINT('',#6755);
#3114=VERTEX_POINT('',#6757);
#3115=VERTEX_POINT('',#6770);
#3116=VERTEX_POINT('',#6771);
#3117=VERTEX_POINT('',#6773);
#3118=VERTEX_POINT('',#6775);
#3119=VERTEX_POINT('',#6779);
#3120=VERTEX_POINT('',#6780);
#3121=VERTEX_POINT('',#6782);
#3122=VERTEX_POINT('',#6784);
#3123=VERTEX_POINT('',#6788);
#3124=VERTEX_POINT('',#6789);
#3125=VERTEX_POINT('',#6791);
#3126=VERTEX_POINT('',#6793);
#3127=VERTEX_POINT('',#6797);
#3128=VERTEX_POINT('',#6798);
#3129=VERTEX_POINT('',#6800);
#3130=VERTEX_POINT('',#6802);
#3131=VERTEX_POINT('',#6804);
#3132=VERTEX_POINT('',#6806);
#3133=VERTEX_POINT('',#6808);
#3134=VERTEX_POINT('',#6810);
#3135=VERTEX_POINT('',#6812);
#3136=VERTEX_POINT('',#6814);
#3137=VERTEX_POINT('',#6816);
#3138=VERTEX_POINT('',#6818);
#3139=VERTEX_POINT('',#6822);
#3140=VERTEX_POINT('',#6823);
#3141=VERTEX_POINT('',#6825);
#3142=VERTEX_POINT('',#6827);
#3143=VERTEX_POINT('',#6829);
#3144=VERTEX_POINT('',#6831);
#3145=VERTEX_POINT('',#6833);
#3146=VERTEX_POINT('',#6835);
#3147=VERTEX_POINT('',#6839);
#3148=VERTEX_POINT('',#6840);
#3149=VERTEX_POINT('',#6842);
#3150=VERTEX_POINT('',#6844);
#3151=VERTEX_POINT('',#6846);
#3152=VERTEX_POINT('',#6848);
#3153=VERTEX_POINT('',#6850);
#3154=VERTEX_POINT('',#6852);
#3155=VERTEX_POINT('',#6854);
#3156=VERTEX_POINT('',#6856);
#3157=VERTEX_POINT('',#6858);
#3158=VERTEX_POINT('',#6860);
#3159=VERTEX_POINT('',#6864);
#3160=VERTEX_POINT('',#6865);
#3161=VERTEX_POINT('',#6867);
#3162=VERTEX_POINT('',#6869);
#3163=VERTEX_POINT('',#6871);
#3164=VERTEX_POINT('',#6873);
#3165=VERTEX_POINT('',#6875);
#3166=VERTEX_POINT('',#6877);
#3167=VERTEX_POINT('',#6880);
#3168=VERTEX_POINT('',#6882);
#3169=VERTEX_POINT('',#6885);
#3170=VERTEX_POINT('',#6886);
#3171=VERTEX_POINT('',#6888);
#3172=VERTEX_POINT('',#6890);
#3173=VERTEX_POINT('',#6894);
#3174=VERTEX_POINT('',#6895);
#3175=VERTEX_POINT('',#6901);
#3176=VERTEX_POINT('',#6903);
#3177=VERTEX_POINT('',#6909);
#3178=VERTEX_POINT('',#6911);
#3179=VERTEX_POINT('',#6915);
#3180=VERTEX_POINT('',#6917);
#3181=VERTEX_POINT('',#6919);
#3182=VERTEX_POINT('',#6921);
#3183=VERTEX_POINT('',#6923);
#3184=VERTEX_POINT('',#6925);
#3185=VERTEX_POINT('',#6927);
#3186=VERTEX_POINT('',#6929);
#3187=VERTEX_POINT('',#6931);
#3188=VERTEX_POINT('',#6933);
#3189=VERTEX_POINT('',#6935);
#3190=VERTEX_POINT('',#6937);
#3191=VERTEX_POINT('',#6939);
#3192=VERTEX_POINT('',#6941);
#3193=VERTEX_POINT('',#6943);
#3194=VERTEX_POINT('',#6945);
#3195=VERTEX_POINT('',#6947);
#3196=VERTEX_POINT('',#6949);
#3197=VERTEX_POINT('',#6951);
#3198=VERTEX_POINT('',#6953);
#3199=VERTEX_POINT('',#6956);
#3200=VERTEX_POINT('',#6957);
#3201=VERTEX_POINT('',#6959);
#3202=VERTEX_POINT('',#6961);
#3203=VERTEX_POINT('',#6964);
#3204=VERTEX_POINT('',#6965);
#3205=VERTEX_POINT('',#6967);
#3206=VERTEX_POINT('',#6969);
#3207=VERTEX_POINT('',#6973);
#3208=VERTEX_POINT('',#6975);
#3209=VERTEX_POINT('',#6977);
#3210=VERTEX_POINT('',#6979);
#3211=VERTEX_POINT('',#6981);
#3212=VERTEX_POINT('',#6983);
#3213=VERTEX_POINT('',#6985);
#3214=VERTEX_POINT('',#6987);
#3215=VERTEX_POINT('',#6989);
#3216=VERTEX_POINT('',#6991);
#3217=VERTEX_POINT('',#6993);
#3218=VERTEX_POINT('',#6995);
#3219=VERTEX_POINT('',#6997);
#3220=VERTEX_POINT('',#6999);
#3221=VERTEX_POINT('',#7001);
#3222=VERTEX_POINT('',#7003);
#3223=VERTEX_POINT('',#7005);
#3224=VERTEX_POINT('',#7007);
#3225=VERTEX_POINT('',#7009);
#3226=VERTEX_POINT('',#7011);
#3227=VERTEX_POINT('',#7014);
#3228=VERTEX_POINT('',#7015);
#3229=VERTEX_POINT('',#7017);
#3230=VERTEX_POINT('',#7019);
#3231=VERTEX_POINT('',#7022);
#3232=VERTEX_POINT('',#7023);
#3233=VERTEX_POINT('',#7025);
#3234=VERTEX_POINT('',#7027);
#3235=VERTEX_POINT('',#7031);
#3236=VERTEX_POINT('',#7032);
#3237=VERTEX_POINT('',#7034);
#3238=VERTEX_POINT('',#7036);
#3239=VERTEX_POINT('',#7040);
#3240=VERTEX_POINT('',#7041);
#3241=VERTEX_POINT('',#7043);
#3242=VERTEX_POINT('',#7045);
#3243=VERTEX_POINT('',#7047);
#3244=VERTEX_POINT('',#7049);
#3245=VERTEX_POINT('',#7051);
#3246=VERTEX_POINT('',#7053);
#3247=VERTEX_POINT('',#7057);
#3248=VERTEX_POINT('',#7058);
#3249=VERTEX_POINT('',#7063);
#3250=VERTEX_POINT('',#7065);
#3251=VERTEX_POINT('',#7067);
#3252=VERTEX_POINT('',#7073);
#3253=VERTEX_POINT('',#7075);
#3254=VERTEX_POINT('',#7085);
#3255=VERTEX_POINT('',#7090);
#3256=VERTEX_POINT('',#7095);
#3257=VERTEX_POINT('',#7105);
#3258=VERTEX_POINT('',#7106);
#3259=VERTEX_POINT('',#7111);
#3260=VERTEX_POINT('',#7116);
#3261=VERTEX_POINT('',#7124);
#3262=VERTEX_POINT('',#7125);
#3263=VERTEX_POINT('',#7130);
#3264=VERTEX_POINT('',#7132);
#3265=VERTEX_POINT('',#7137);
#3266=VERTEX_POINT('',#7139);
#3267=VERTEX_POINT('',#7147);
#3268=VERTEX_POINT('',#7148);
#3269=VERTEX_POINT('',#7150);
#3270=VERTEX_POINT('',#7152);
#3271=VERTEX_POINT('',#7154);
#3272=VERTEX_POINT('',#7156);
#3273=VERTEX_POINT('',#7158);
#3274=VERTEX_POINT('',#7162);
#3275=VERTEX_POINT('',#7163);
#3276=VERTEX_POINT('',#7165);
#3277=VERTEX_POINT('',#7167);
#3278=VERTEX_POINT('',#7169);
#3279=VERTEX_POINT('',#7171);
#3280=VERTEX_POINT('',#7173);
#3281=VERTEX_POINT('',#7177);
#3282=VERTEX_POINT('',#7178);
#3283=VERTEX_POINT('',#7180);
#3284=VERTEX_POINT('',#7182);
#3285=VERTEX_POINT('',#7186);
#3286=VERTEX_POINT('',#7187);
#3287=VERTEX_POINT('',#7189);
#3288=VERTEX_POINT('',#7191);
#3289=VERTEX_POINT('',#7195);
#3290=VERTEX_POINT('',#7196);
#3291=VERTEX_POINT('',#7198);
#3292=VERTEX_POINT('',#7200);
#3293=VERTEX_POINT('',#7202);
#3294=VERTEX_POINT('',#7206);
#3295=VERTEX_POINT('',#7207);
#3296=VERTEX_POINT('',#7209);
#3297=VERTEX_POINT('',#7211);
#3298=VERTEX_POINT('',#7213);
#3299=VERTEX_POINT('',#7217);
#3300=VERTEX_POINT('',#7218);
#3301=VERTEX_POINT('',#7220);
#3302=VERTEX_POINT('',#7222);
#3303=VERTEX_POINT('',#7226);
#3304=VERTEX_POINT('',#7227);
#3305=VERTEX_POINT('',#7229);
#3306=VERTEX_POINT('',#7231);
#3307=VERTEX_POINT('',#7263);
#3308=VERTEX_POINT('',#7268);
#3309=VERTEX_POINT('',#7273);
#3310=VERTEX_POINT('',#7275);
#3311=VERTEX_POINT('',#7277);
#3312=VERTEX_POINT('',#7279);
#3313=VERTEX_POINT('',#7281);
#3314=VERTEX_POINT('',#7283);
#3315=VERTEX_POINT('',#7285);
#3316=VERTEX_POINT('',#7287);
#3317=VERTEX_POINT('',#7289);
#3318=VERTEX_POINT('',#7293);
#3319=VERTEX_POINT('',#7294);
#3320=VERTEX_POINT('',#7296);
#3321=VERTEX_POINT('',#7298);
#3322=VERTEX_POINT('',#7315);
#3323=VERTEX_POINT('',#7326);
#3324=VERTEX_POINT('',#7330);
#3325=VERTEX_POINT('',#7332);
#3326=VERTEX_POINT('',#7334);
#3327=VERTEX_POINT('',#7338);
#3328=VERTEX_POINT('',#7339);
#3329=VERTEX_POINT('',#7342);
#3330=VERTEX_POINT('',#7346);
#3331=VERTEX_POINT('',#7347);
#3332=VERTEX_POINT('',#7351);
#3333=VERTEX_POINT('',#7353);
#3334=VERTEX_POINT('',#7369);
#3335=VERTEX_POINT('',#7370);
#3336=VERTEX_POINT('',#7372);
#3337=VERTEX_POINT('',#7374);
#3338=VERTEX_POINT('',#7376);
#3339=VERTEX_POINT('',#7378);
#3340=VERTEX_POINT('',#7382);
#3341=VERTEX_POINT('',#7383);
#3342=VERTEX_POINT('',#7385);
#3343=VERTEX_POINT('',#7387);
#3344=VERTEX_POINT('',#7389);
#3345=VERTEX_POINT('',#7391);
#3346=VERTEX_POINT('',#7395);
#3347=VERTEX_POINT('',#7396);
#3348=VERTEX_POINT('',#7398);
#3349=VERTEX_POINT('',#7400);
#3350=VERTEX_POINT('',#7404);
#3351=VERTEX_POINT('',#7405);
#3352=VERTEX_POINT('',#7407);
#3353=VERTEX_POINT('',#7409);
#3354=VERTEX_POINT('',#7411);
#3355=VERTEX_POINT('',#7413);
#3356=VERTEX_POINT('',#7417);
#3357=VERTEX_POINT('',#7418);
#3358=VERTEX_POINT('',#7420);
#3359=VERTEX_POINT('',#7422);
#3360=VERTEX_POINT('',#7424);
#3361=VERTEX_POINT('',#7426);
#3362=VERTEX_POINT('',#7430);
#3363=VERTEX_POINT('',#7431);
#3364=VERTEX_POINT('',#7433);
#3365=VERTEX_POINT('',#7435);
#3366=VERTEX_POINT('',#7457);
#3367=VERTEX_POINT('',#7458);
#3368=VERTEX_POINT('',#7460);
#3369=VERTEX_POINT('',#7462);
#3370=VERTEX_POINT('',#7464);
#3371=VERTEX_POINT('',#7466);
#3372=VERTEX_POINT('',#7470);
#3373=VERTEX_POINT('',#7471);
#3374=VERTEX_POINT('',#7473);
#3375=VERTEX_POINT('',#7475);
#3376=VERTEX_POINT('',#7477);
#3377=VERTEX_POINT('',#7479);
#3378=VERTEX_POINT('',#7670);
#3379=VERTEX_POINT('',#7671);
#3380=VERTEX_POINT('',#7675);
#3381=VERTEX_POINT('',#7676);
#3382=VERTEX_POINT('',#7683);
#3383=VERTEX_POINT('',#7684);
#3384=VERTEX_POINT('',#7688);
#3385=VERTEX_POINT('',#7689);
#3386=VERTEX_POINT('',#7696);
#3387=VERTEX_POINT('',#7698);
#3388=VERTEX_POINT('',#7702);
#3389=VERTEX_POINT('',#7706);
#3390=VERTEX_POINT('',#7712);
#3391=VERTEX_POINT('',#7714);
#3392=VERTEX_POINT('',#7718);
#3393=VERTEX_POINT('',#7722);
#3394=VERTEX_POINT('',#7744);
#3395=VERTEX_POINT('',#7745);
#3396=VERTEX_POINT('',#7747);
#3397=VERTEX_POINT('',#7749);
#3398=VERTEX_POINT('',#7757);
#3399=VERTEX_POINT('',#7758);
#3400=VERTEX_POINT('',#7760);
#3401=VERTEX_POINT('',#7762);
#3402=VERTEX_POINT('',#7770);
#3403=VERTEX_POINT('',#7772);
#3404=VERTEX_POINT('',#7776);
#3405=VERTEX_POINT('',#7780);
#3406=VERTEX_POINT('',#7786);
#3407=VERTEX_POINT('',#7788);
#3408=VERTEX_POINT('',#7792);
#3409=VERTEX_POINT('',#7796);
#3410=VERTEX_POINT('',#7827);
#3411=VERTEX_POINT('',#7838);
#3412=VERTEX_POINT('',#7856);
#3413=VERTEX_POINT('',#7857);
#3414=VERTEX_POINT('',#7859);
#3415=VERTEX_POINT('',#7861);
#3416=VERTEX_POINT('',#7863);
#3417=VERTEX_POINT('',#7865);
#3418=VERTEX_POINT('',#7867);
#3419=VERTEX_POINT('',#7872);
#3420=VERTEX_POINT('',#7879);
#3421=VERTEX_POINT('',#7880);
#3422=VERTEX_POINT('',#7882);
#3423=VERTEX_POINT('',#7884);
#3424=VERTEX_POINT('',#7886);
#3425=VERTEX_POINT('',#7888);
#3426=VERTEX_POINT('',#7893);
#3427=VERTEX_POINT('',#7898);
#3428=VERTEX_POINT('',#7965);
#3429=VERTEX_POINT('',#8047);
#3430=VERTEX_POINT('',#8088);
#3431=VERTEX_POINT('',#8103);
#3432=VERTEX_POINT('',#8124);
#3433=VERTEX_POINT('',#8130);
#3434=VERTEX_POINT('',#8141);
#3435=VERTEX_POINT('',#8146);
#3436=VERTEX_POINT('',#8155);
#3437=VERTEX_POINT('',#8160);
#3438=VERTEX_POINT('',#8191);
#3439=VERTEX_POINT('',#8199);
#3440=VERTEX_POINT('',#8219);
#3441=VERTEX_POINT('',#8225);
#3442=VERTEX_POINT('',#8250);
#3443=VERTEX_POINT('',#8251);
#3444=VERTEX_POINT('',#8256);
#3445=VERTEX_POINT('',#8258);
#3446=VERTEX_POINT('',#8289);
#3447=VERTEX_POINT('',#8307);
#3448=VERTEX_POINT('',#8392);
#3449=VERTEX_POINT('',#8418);
#3450=VERTEX_POINT('',#8493);
#3451=VERTEX_POINT('',#8513);
#3452=VERTEX_POINT('',#8655);
#3453=VERTEX_POINT('',#8690);
#3454=VERTEX_POINT('',#8807);
#3455=VERTEX_POINT('',#8810);
#3456=VERTEX_POINT('',#8814);
#3457=ELLIPSE('',#4555,0.00134164078649987,0.0006);
#3458=ELLIPSE('',#4560,0.0014142135623731,0.001);
#3459=ELLIPSE('',#4563,0.00141421356237309,0.001);
#3460=ELLIPSE('',#4573,0.00134164078649987,0.0006);
#3461=ELLIPSE('',#4589,0.000833333333333331,0.0005);
#3462=ELLIPSE('',#4604,0.001875,0.0015);
#3463=ELLIPSE('',#4624,0.001875,0.0015);
#3464=ELLIPSE('',#4632,0.000833333333333331,0.0005);
#3465=ELLIPSE('',#4636,0.00632455532033673,0.002);
#3466=ELLIPSE('',#4638,0.00328024389337134,0.002);
#3467=ELLIPSE('',#4644,0.00328024389337134,0.002);
#3468=ELLIPSE('',#4645,0.00632455532033673,0.002);
#3469=ELLIPSE('',#4653,0.00367695526217005,0.0026);
#3470=ELLIPSE('',#4655,0.00367695526217005,0.0026);
#3471=ELLIPSE('',#4678,0.008,0.004);
#3472=ELLIPSE('',#4681,0.008,0.004);
#3473=ELLIPSE('',#4693,0.00141421356237309,0.001);
#3474=ELLIPSE('',#4698,0.00141421356237309,0.001);
#3475=ELLIPSE('',#4700,0.00169705627484771,0.0012);
#3476=ELLIPSE('',#4702,0.00169705627484771,0.0012);
#3477=ELLIPSE('',#4749,0.00197989898732233,0.0014);
#3478=ELLIPSE('',#4750,0.00197989898732233,0.0014);
#3479=ELLIPSE('',#4752,0.00197989898732233,0.0014);
#3480=ELLIPSE('',#4753,0.00197989898732233,0.0014);
#3481=ELLIPSE('',#4762,0.00244131112314674,0.002);
#3482=ELLIPSE('',#4765,0.00244131112314674,0.002);
#3483=ELLIPSE('',#4768,0.00244131112314674,0.002);
#3484=ELLIPSE('',#4771,0.00244131112314674,0.002);
#3485=ELLIPSE('',#4940,0.0075,0.0045);
#3486=ELLIPSE('',#4942,0.0075,0.0045);
#3487=ELLIPSE('',#4946,0.0025495097567964,0.0025);
#3488=ELLIPSE('',#4948,0.00254950975679639,0.0025);
#3489=ELLIPSE('',#4949,0.00258736244937667,0.0025);
#3490=ELLIPSE('',#4951,0.00274146402493267,0.0025);
#3491=ELLIPSE('',#4955,0.0025495097567964,0.0025);
#3492=ELLIPSE('',#4957,0.00258736244937667,0.0025);
#3493=ELLIPSE('',#4958,0.0025495097567964,0.0025);
#3494=ELLIPSE('',#4960,0.00274146402493267,0.0025);
#3495=ELLIPSE('',#4980,0.00212132034355962,0.0015);
#3496=ELLIPSE('',#4981,0.00141421356237308,0.001);
#3497=ELLIPSE('',#4983,0.00212132034355961,0.0015);
#3498=ELLIPSE('',#4984,0.00212132034355961,0.0015);
#3499=ELLIPSE('',#4986,0.00141421356237307,0.001);
#3500=ELLIPSE('',#4987,0.0021213203435596,0.0015);
#3501=ELLIPSE('',#5015,0.00156751611831794,0.001);
#3502=ELLIPSE('',#5017,0.00156751611831794,0.001);
#3503=ELLIPSE('',#5079,0.00156751611831794,0.001);
#3504=ELLIPSE('',#5082,0.00156751611831794,0.001);
#3505=ELLIPSE('',#5104,0.000646749001736728,0.0006);
#3506=ELLIPSE('',#5107,0.000646749001736734,0.0006);
#3507=ELLIPSE('',#5140,0.000646749001736728,0.0006);
#3508=ELLIPSE('',#5142,0.000646749001736734,0.0006);
#3509=EDGE_LOOP('',(#1055,#1056,#1057,#1058));
#3510=EDGE_LOOP('',(#1059));
#3511=EDGE_LOOP('',(#1060));
#3512=EDGE_LOOP('',(#1061,#1062,#1063,#1064,#1065,#1066,#1067,#1068,#1069,
#1070,#1071,#1072,#1073,#1074,#1075,#1076,#1077,#1078,#1079,#1080,#1081,
#1082,#1083,#1084));
#3513=EDGE_LOOP('',(#1085,#1086,#1087,#1088));
#3514=EDGE_LOOP('',(#1089,#1090,#1091,#1092,#1093,#1094,#1095,#1096,#1097,
#1098,#1099));
#3515=EDGE_LOOP('',(#1100,#1101,#1102,#1103));
#3516=EDGE_LOOP('',(#1104,#1105,#1106,#1107));
#3517=EDGE_LOOP('',(#1108,#1109,#1110,#1111));
#3518=EDGE_LOOP('',(#1112,#1113,#1114,#1115));
#3519=EDGE_LOOP('',(#1116,#1117,#1118,#1119));
#3520=EDGE_LOOP('',(#1120,#1121,#1122,#1123));
#3521=EDGE_LOOP('',(#1124,#1125,#1126,#1127,#1128,#1129,#1130,#1131,#1132,
#1133,#1134,#1135));
#3522=EDGE_LOOP('',(#1136,#1137,#1138,#1139,#1140,#1141,#1142,#1143));
#3523=EDGE_LOOP('',(#1144,#1145,#1146,#1147,#1148,#1149,#1150,#1151,#1152,
#1153,#1154,#1155));
#3524=EDGE_LOOP('',(#1156,#1157,#1158,#1159,#1160,#1161,#1162,#1163));
#3525=EDGE_LOOP('',(#1164));
#3526=EDGE_LOOP('',(#1165));
#3527=EDGE_LOOP('',(#1166,#1167,#1168,#1169));
#3528=EDGE_LOOP('',(#1170,#1171,#1172,#1173,#1174,#1175));
#3529=EDGE_LOOP('',(#1176,#1177,#1178,#1179,#1180,#1181,#1182,#1183,#1184,
#1185,#1186,#1187,#1188,#1189,#1190,#1191,#1192,#1193,#1194,#1195,#1196,
#1197));
#3530=EDGE_LOOP('',(#1198,#1199,#1200,#1201));
#3531=EDGE_LOOP('',(#1202,#1203,#1204,#1205));
#3532=EDGE_LOOP('',(#1206,#1207,#1208,#1209,#1210,#1211,#1212,#1213,#1214,
#1215,#1216,#1217,#1218,#1219,#1220,#1221,#1222,#1223,#1224,#1225,#1226,
#1227));
#3533=EDGE_LOOP('',(#1228,#1229,#1230,#1231));
#3534=EDGE_LOOP('',(#1232,#1233,#1234,#1235));
#3535=EDGE_LOOP('',(#1236,#1237,#1238,#1239));
#3536=EDGE_LOOP('',(#1240,#1241,#1242,#1243,#1244,#1245,#1246,#1247));
#3537=EDGE_LOOP('',(#1248,#1249,#1250,#1251,#1252,#1253,#1254,#1255,#1256));
#3538=EDGE_LOOP('',(#1257,#1258,#1259,#1260,#1261,#1262));
#3539=EDGE_LOOP('',(#1263,#1264,#1265,#1266,#1267,#1268));
#3540=EDGE_LOOP('',(#1269,#1270,#1271,#1272,#1273,#1274,#1275,#1276,#1277));
#3541=EDGE_LOOP('',(#1278,#1279,#1280,#1281,#1282,#1283,#1284));
#3542=EDGE_LOOP('',(#1285,#1286,#1287,#1288,#1289,#1290,#1291));
#3543=EDGE_LOOP('',(#1292,#1293,#1294,#1295));
#3544=EDGE_LOOP('',(#1296,#1297,#1298,#1299));
#3545=EDGE_LOOP('',(#1300,#1301,#1302,#1303,#1304));
#3546=EDGE_LOOP('',(#1305,#1306,#1307,#1308,#1309));
#3547=EDGE_LOOP('',(#1310,#1311,#1312,#1313));
#3548=EDGE_LOOP('',(#1314,#1315,#1316,#1317));
#3549=EDGE_LOOP('',(#1318,#1319,#1320,#1321));
#3550=EDGE_LOOP('',(#1322,#1323,#1324,#1325));
#3551=EDGE_LOOP('',(#1326,#1327,#1328,#1329));
#3552=EDGE_LOOP('',(#1330,#1331,#1332,#1333));
#3553=EDGE_LOOP('',(#1334,#1335,#1336,#1337));
#3554=EDGE_LOOP('',(#1338,#1339,#1340,#1341));
#3555=EDGE_LOOP('',(#1342,#1343,#1344,#1345,#1346));
#3556=EDGE_LOOP('',(#1347,#1348,#1349,#1350,#1351));
#3557=EDGE_LOOP('',(#1352,#1353,#1354,#1355,#1356,#1357,#1358,#1359,#1360,
#1361,#1362));
#3558=EDGE_LOOP('',(#1363,#1364,#1365,#1366));
#3559=EDGE_LOOP('',(#1367,#1368,#1369,#1370));
#3560=EDGE_LOOP('',(#1371,#1372,#1373,#1374));
#3561=EDGE_LOOP('',(#1375,#1376,#1377,#1378));
#3562=EDGE_LOOP('',(#1379,#1380,#1381,#1382,#1383));
#3563=EDGE_LOOP('',(#1384,#1385,#1386,#1387));
#3564=EDGE_LOOP('',(#1388,#1389,#1390,#1391));
#3565=EDGE_LOOP('',(#1392,#1393,#1394,#1395));
#3566=EDGE_LOOP('',(#1396,#1397,#1398,#1399,#1400));
#3567=EDGE_LOOP('',(#1401,#1402,#1403,#1404,#1405));
#3568=EDGE_LOOP('',(#1406,#1407,#1408,#1409,#1410));
#3569=EDGE_LOOP('',(#1411,#1412));
#3570=EDGE_LOOP('',(#1413,#1414,#1415,#1416));
#3571=EDGE_LOOP('',(#1417,#1418,#1419,#1420));
#3572=EDGE_LOOP('',(#1421,#1422));
#3573=EDGE_LOOP('',(#1423,#1424,#1425,#1426));
#3574=EDGE_LOOP('',(#1427,#1428,#1429,#1430));
#3575=EDGE_LOOP('',(#1431,#1432,#1433,#1434));
#3576=EDGE_LOOP('',(#1435,#1436,#1437,#1438));
#3577=EDGE_LOOP('',(#1439,#1440,#1441,#1442));
#3578=EDGE_LOOP('',(#1443,#1444,#1445,#1446,#1447,#1448));
#3579=EDGE_LOOP('',(#1449,#1450,#1451,#1452,#1453,#1454));
#3580=EDGE_LOOP('',(#1455,#1456,#1457,#1458));
#3581=EDGE_LOOP('',(#1459,#1460,#1461,#1462,#1463,#1464));
#3582=EDGE_LOOP('',(#1465,#1466,#1467,#1468,#1469,#1470));
#3583=EDGE_LOOP('',(#1471,#1472,#1473,#1474));
#3584=EDGE_LOOP('',(#1475,#1476,#1477,#1478));
#3585=EDGE_LOOP('',(#1479,#1480,#1481,#1482));
#3586=EDGE_LOOP('',(#1483,#1484,#1485,#1486));
#3587=EDGE_LOOP('',(#1487,#1488,#1489,#1490));
#3588=EDGE_LOOP('',(#1491,#1492,#1493,#1494));
#3589=EDGE_LOOP('',(#1495,#1496,#1497,#1498));
#3590=EDGE_LOOP('',(#1499,#1500,#1501,#1502,#1503,#1504));
#3591=EDGE_LOOP('',(#1505,#1506,#1507,#1508,#1509,#1510));
#3592=EDGE_LOOP('',(#1511,#1512,#1513,#1514));
#3593=EDGE_LOOP('',(#1515,#1516,#1517,#1518));
#3594=EDGE_LOOP('',(#1519,#1520,#1521,#1522));
#3595=EDGE_LOOP('',(#1523,#1524,#1525,#1526));
#3596=EDGE_LOOP('',(#1527,#1528,#1529,#1530));
#3597=EDGE_LOOP('',(#1531,#1532,#1533,#1534));
#3598=EDGE_LOOP('',(#1535,#1536,#1537,#1538));
#3599=EDGE_LOOP('',(#1539,#1540,#1541,#1542));
#3600=EDGE_LOOP('',(#1543,#1544,#1545,#1546));
#3601=EDGE_LOOP('',(#1547,#1548,#1549,#1550));
#3602=EDGE_LOOP('',(#1551,#1552,#1553,#1554));
#3603=EDGE_LOOP('',(#1555,#1556,#1557,#1558));
#3604=EDGE_LOOP('',(#1559,#1560,#1561,#1562));
#3605=EDGE_LOOP('',(#1563,#1564,#1565,#1566));
#3606=EDGE_LOOP('',(#1567,#1568,#1569,#1570));
#3607=EDGE_LOOP('',(#1571,#1572,#1573,#1574));
#3608=EDGE_LOOP('',(#1575,#1576,#1577,#1578));
#3609=EDGE_LOOP('',(#1579,#1580,#1581,#1582));
#3610=EDGE_LOOP('',(#1583,#1584,#1585,#1586));
#3611=EDGE_LOOP('',(#1587,#1588,#1589,#1590));
#3612=EDGE_LOOP('',(#1591,#1592,#1593,#1594));
#3613=EDGE_LOOP('',(#1595,#1596,#1597,#1598));
#3614=EDGE_LOOP('',(#1599,#1600,#1601,#1602));
#3615=EDGE_LOOP('',(#1603,#1604,#1605,#1606));
#3616=EDGE_LOOP('',(#1607,#1608,#1609,#1610));
#3617=EDGE_LOOP('',(#1611,#1612,#1613,#1614));
#3618=EDGE_LOOP('',(#1615,#1616,#1617,#1618));
#3619=EDGE_LOOP('',(#1619,#1620,#1621,#1622));
#3620=EDGE_LOOP('',(#1623,#1624,#1625,#1626));
#3621=EDGE_LOOP('',(#1627,#1628,#1629,#1630));
#3622=EDGE_LOOP('',(#1631,#1632,#1633,#1634));
#3623=EDGE_LOOP('',(#1635,#1636,#1637,#1638));
#3624=EDGE_LOOP('',(#1639,#1640,#1641,#1642));
#3625=EDGE_LOOP('',(#1643,#1644,#1645,#1646));
#3626=EDGE_LOOP('',(#1647,#1648,#1649,#1650));
#3627=EDGE_LOOP('',(#1651,#1652,#1653,#1654));
#3628=EDGE_LOOP('',(#1655,#1656,#1657,#1658));
#3629=EDGE_LOOP('',(#1659,#1660));
#3630=EDGE_LOOP('',(#1661,#1662,#1663,#1664));
#3631=EDGE_LOOP('',(#1665,#1666));
#3632=EDGE_LOOP('',(#1667,#1668));
#3633=EDGE_LOOP('',(#1669,#1670,#1671,#1672));
#3634=EDGE_LOOP('',(#1673,#1674));
#3635=EDGE_LOOP('',(#1675,#1676,#1677,#1678));
#3636=EDGE_LOOP('',(#1679,#1680,#1681,#1682));
#3637=EDGE_LOOP('',(#1683,#1684,#1685,#1686));
#3638=EDGE_LOOP('',(#1687,#1688,#1689,#1690));
#3639=EDGE_LOOP('',(#1691,#1692,#1693,#1694));
#3640=EDGE_LOOP('',(#1695,#1696,#1697,#1698));
#3641=EDGE_LOOP('',(#1699,#1700,#1701,#1702));
#3642=EDGE_LOOP('',(#1703,#1704,#1705,#1706));
#3643=EDGE_LOOP('',(#1707,#1708,#1709,#1710));
#3644=EDGE_LOOP('',(#1711,#1712,#1713,#1714));
#3645=EDGE_LOOP('',(#1715,#1716,#1717,#1718));
#3646=EDGE_LOOP('',(#1719,#1720,#1721,#1722));
#3647=EDGE_LOOP('',(#1723,#1724,#1725,#1726));
#3648=EDGE_LOOP('',(#1727,#1728,#1729,#1730));
#3649=EDGE_LOOP('',(#1731,#1732,#1733,#1734));
#3650=EDGE_LOOP('',(#1735,#1736,#1737,#1738));
#3651=EDGE_LOOP('',(#1739,#1740,#1741,#1742));
#3652=EDGE_LOOP('',(#1743,#1744));
#3653=EDGE_LOOP('',(#1745,#1746));
#3654=EDGE_LOOP('',(#1747,#1748,#1749,#1750));
#3655=EDGE_LOOP('',(#1751,#1752));
#3656=EDGE_LOOP('',(#1753,#1754));
#3657=EDGE_LOOP('',(#1755,#1756,#1757,#1758));
#3658=EDGE_LOOP('',(#1759,#1760,#1761,#1762));
#3659=EDGE_LOOP('',(#1763,#1764,#1765,#1766));
#3660=EDGE_LOOP('',(#1767,#1768,#1769,#1770));
#3661=EDGE_LOOP('',(#1771,#1772,#1773,#1774));
#3662=EDGE_LOOP('',(#1775,#1776,#1777,#1778));
#3663=EDGE_LOOP('',(#1779,#1780,#1781,#1782));
#3664=EDGE_LOOP('',(#1783,#1784,#1785,#1786));
#3665=EDGE_LOOP('',(#1787,#1788,#1789,#1790));
#3666=EDGE_LOOP('',(#1791,#1792,#1793,#1794));
#3667=EDGE_LOOP('',(#1795,#1796,#1797,#1798));
#3668=EDGE_LOOP('',(#1799,#1800,#1801,#1802));
#3669=EDGE_LOOP('',(#1803,#1804,#1805,#1806));
#3670=EDGE_LOOP('',(#1807,#1808,#1809,#1810));
#3671=EDGE_LOOP('',(#1811,#1812,#1813,#1814));
#3672=EDGE_LOOP('',(#1815,#1816,#1817,#1818));
#3673=EDGE_LOOP('',(#1819,#1820,#1821,#1822));
#3674=EDGE_LOOP('',(#1823,#1824,#1825,#1826,#1827));
#3675=EDGE_LOOP('',(#1828,#1829,#1830,#1831));
#3676=EDGE_LOOP('',(#1832,#1833,#1834,#1835,#1836));
#3677=EDGE_LOOP('',(#1837,#1838,#1839));
#3678=EDGE_LOOP('',(#1840,#1841,#1842));
#3679=EDGE_LOOP('',(#1843,#1844,#1845,#1846,#1847,#1848,#1849,#1850));
#3680=EDGE_LOOP('',(#1851,#1852,#1853,#1854,#1855,#1856,#1857,#1858));
#3681=EDGE_LOOP('',(#1859,#1860,#1861,#1862));
#3682=EDGE_LOOP('',(#1863,#1864,#1865,#1866,#1867));
#3683=EDGE_LOOP('',(#1868,#1869,#1870,#1871,#1872));
#3684=EDGE_LOOP('',(#1873,#1874,#1875,#1876));
#3685=EDGE_LOOP('',(#1877,#1878,#1879));
#3686=EDGE_LOOP('',(#1880,#1881,#1882,#1883));
#3687=EDGE_LOOP('',(#1884,#1885,#1886,#1887,#1888));
#3688=EDGE_LOOP('',(#1889,#1890,#1891,#1892));
#3689=EDGE_LOOP('',(#1893,#1894,#1895,#1896,#1897));
#3690=EDGE_LOOP('',(#1898,#1899,#1900,#1901,#1902));
#3691=EDGE_LOOP('',(#1903,#1904,#1905,#1906));
#3692=EDGE_LOOP('',(#1907,#1908,#1909,#1910));
#3693=EDGE_LOOP('',(#1911,#1912,#1913));
#3694=EDGE_LOOP('',(#1914,#1915,#1916,#1917,#1918));
#3695=EDGE_LOOP('',(#1919,#1920,#1921,#1922));
#3696=EDGE_LOOP('',(#1923,#1924,#1925,#1926));
#3697=EDGE_LOOP('',(#1927,#1928,#1929));
#3698=EDGE_LOOP('',(#1930,#1931,#1932,#1933,#1934));
#3699=EDGE_LOOP('',(#1935,#1936,#1937,#1938));
#3700=EDGE_LOOP('',(#1939,#1940,#1941,#1942));
#3701=EDGE_LOOP('',(#1943,#1944,#1945,#1946));
#3702=EDGE_LOOP('',(#1947,#1948,#1949,#1950,#1951));
#3703=EDGE_LOOP('',(#1952,#1953,#1954));
#3704=EDGE_LOOP('',(#1955,#1956,#1957,#1958));
#3705=EDGE_LOOP('',(#1959,#1960,#1961,#1962,#1963,#1964));
#3706=EDGE_LOOP('',(#1965,#1966,#1967,#1968,#1969,#1970));
#3707=EDGE_LOOP('',(#1971,#1972,#1973,#1974,#1975,#1976));
#3708=EDGE_LOOP('',(#1977,#1978,#1979,#1980,#1981,#1982,#1983,#1984,#1985,
#1986,#1987,#1988));
#3709=EDGE_LOOP('',(#1989,#1990,#1991,#1992));
#3710=EDGE_LOOP('',(#1993,#1994,#1995,#1996,#1997));
#3711=EDGE_LOOP('',(#1998,#1999,#2000,#2001,#2002,#2003));
#3712=EDGE_LOOP('',(#2004,#2005,#2006,#2007));
#3713=EDGE_LOOP('',(#2008,#2009,#2010,#2011,#2012,#2013));
#3714=EDGE_LOOP('',(#2014,#2015,#2016,#2017));
#3715=EDGE_LOOP('',(#2018,#2019,#2020,#2021));
#3716=EDGE_LOOP('',(#2022,#2023,#2024,#2025));
#3717=EDGE_LOOP('',(#2026,#2027,#2028,#2029));
#3718=EDGE_LOOP('',(#2030,#2031,#2032,#2033));
#3719=EDGE_LOOP('',(#2034,#2035,#2036,#2037,#2038));
#3720=EDGE_LOOP('',(#2039,#2040,#2041,#2042));
#3721=EDGE_LOOP('',(#2043,#2044,#2045,#2046,#2047));
#3722=EDGE_LOOP('',(#2048,#2049,#2050,#2051));
#3723=EDGE_LOOP('',(#2052,#2053,#2054));
#3724=EDGE_LOOP('',(#2055,#2056,#2057));
#3725=EDGE_LOOP('',(#2058,#2059,#2060,#2061,#2062));
#3726=EDGE_LOOP('',(#2063,#2064,#2065,#2066));
#3727=EDGE_LOOP('',(#2067,#2068,#2069,#2070));
#3728=EDGE_LOOP('',(#2071,#2072,#2073,#2074));
#3729=EDGE_LOOP('',(#2075,#2076,#2077,#2078));
#3730=EDGE_LOOP('',(#2079,#2080,#2081,#2082));
#3731=EDGE_LOOP('',(#2083,#2084,#2085,#2086));
#3732=EDGE_LOOP('',(#2087,#2088,#2089,#2090));
#3733=EDGE_LOOP('',(#2091,#2092,#2093,#2094));
#3734=EDGE_LOOP('',(#2095,#2096,#2097,#2098));
#3735=EDGE_LOOP('',(#2099,#2100,#2101,#2102));
#3736=EDGE_LOOP('',(#2103,#2104,#2105,#2106));
#3737=EDGE_LOOP('',(#2107,#2108,#2109,#2110));
#3738=EDGE_LOOP('',(#2111,#2112,#2113,#2114));
#3739=EDGE_LOOP('',(#2115,#2116,#2117,#2118));
#3740=EDGE_LOOP('',(#2119,#2120,#2121,#2122));
#3741=EDGE_LOOP('',(#2123,#2124,#2125,#2126));
#3742=EDGE_LOOP('',(#2127,#2128,#2129,#2130));
#3743=EDGE_LOOP('',(#2131,#2132,#2133,#2134));
#3744=EDGE_LOOP('',(#2135,#2136,#2137,#2138));
#3745=EDGE_LOOP('',(#2139,#2140,#2141,#2142));
#3746=EDGE_LOOP('',(#2143,#2144,#2145,#2146));
#3747=EDGE_LOOP('',(#2147,#2148,#2149,#2150));
#3748=EDGE_LOOP('',(#2151,#2152,#2153,#2154));
#3749=EDGE_LOOP('',(#2155,#2156,#2157,#2158));
#3750=EDGE_LOOP('',(#2159,#2160,#2161,#2162));
#3751=EDGE_LOOP('',(#2163,#2164,#2165,#2166));
#3752=EDGE_LOOP('',(#2167,#2168,#2169,#2170));
#3753=EDGE_LOOP('',(#2171,#2172,#2173,#2174));
#3754=EDGE_LOOP('',(#2175,#2176,#2177,#2178,#2179));
#3755=EDGE_LOOP('',(#2180,#2181,#2182));
#3756=EDGE_LOOP('',(#2183,#2184,#2185));
#3757=EDGE_LOOP('',(#2186,#2187,#2188,#2189));
#3758=EDGE_LOOP('',(#2190,#2191,#2192,#2193,#2194));
#3759=EDGE_LOOP('',(#2195,#2196,#2197,#2198));
#3760=EDGE_LOOP('',(#2199,#2200,#2201,#2202,#2203));
#3761=EDGE_LOOP('',(#2204,#2205,#2206));
#3762=EDGE_LOOP('',(#2207,#2208,#2209,#2210));
#3763=EDGE_LOOP('',(#2211,#2212,#2213,#2214));
#3764=EDGE_LOOP('',(#2215,#2216,#2217,#2218));
#3765=EDGE_LOOP('',(#2219,#2220,#2221,#2222));
#3766=EDGE_LOOP('',(#2223,#2224,#2225,#2226));
#3767=EDGE_LOOP('',(#2227,#2228,#2229,#2230));
#3768=EDGE_LOOP('',(#2231,#2232,#2233,#2234));
#3769=EDGE_LOOP('',(#2235,#2236,#2237,#2238,#2239));
#3770=EDGE_LOOP('',(#2240,#2241,#2242));
#3771=EDGE_LOOP('',(#2243,#2244,#2245));
#3772=EDGE_LOOP('',(#2246,#2247,#2248,#2249));
#3773=EDGE_LOOP('',(#2250,#2251,#2252,#2253,#2254));
#3774=EDGE_LOOP('',(#2255,#2256,#2257,#2258));
#3775=EDGE_LOOP('',(#2259,#2260,#2261,#2262));
#3776=EDGE_LOOP('',(#2263,#2264,#2265,#2266));
#3777=EDGE_LOOP('',(#2267,#2268,#2269,#2270));
#3778=EDGE_LOOP('',(#2271,#2272,#2273,#2274));
#3779=EDGE_LOOP('',(#2275,#2276,#2277,#2278));
#3780=EDGE_LOOP('',(#2279,#2280,#2281,#2282));
#3781=EDGE_LOOP('',(#2283,#2284,#2285,#2286,#2287));
#3782=EDGE_LOOP('',(#2288,#2289,#2290));
#3783=EDGE_LOOP('',(#2291,#2292,#2293));
#3784=EDGE_LOOP('',(#2294,#2295,#2296,#2297));
#3785=EDGE_LOOP('',(#2298,#2299,#2300,#2301));
#3786=EDGE_LOOP('',(#2302,#2303,#2304,#2305));
#3787=EDGE_LOOP('',(#2306,#2307,#2308,#2309));
#3788=EDGE_LOOP('',(#2310,#2311,#2312,#2313));
#3789=EDGE_LOOP('',(#2314,#2315,#2316,#2317));
#3790=EDGE_LOOP('',(#2318,#2319,#2320,#2321));
#3791=EDGE_LOOP('',(#2322,#2323,#2324));
#3792=EDGE_LOOP('',(#2325,#2326,#2327,#2328,#2329));
#3793=EDGE_LOOP('',(#2330,#2331,#2332,#2333));
#3794=EDGE_LOOP('',(#2334,#2335,#2336));
#3795=EDGE_LOOP('',(#2337,#2338,#2339,#2340,#2341));
#3796=EDGE_LOOP('',(#2342,#2343,#2344,#2345));
#3797=EDGE_LOOP('',(#2346,#2347,#2348,#2349));
#3798=EDGE_LOOP('',(#2350,#2351,#2352,#2353));
#3799=EDGE_LOOP('',(#2354,#2355,#2356,#2357));
#3800=EDGE_LOOP('',(#2358,#2359,#2360,#2361));
#3801=EDGE_LOOP('',(#2362,#2363,#2364,#2365));
#3802=EDGE_LOOP('',(#2366,#2367,#2368,#2369));
#3803=EDGE_LOOP('',(#2370,#2371,#2372,#2373,#2374));
#3804=EDGE_LOOP('',(#2375,#2376,#2377));
#3805=EDGE_LOOP('',(#2378,#2379,#2380,#2381,#2382));
#3806=EDGE_LOOP('',(#2383,#2384,#2385,#2386));
#3807=EDGE_LOOP('',(#2387));
#3808=EDGE_LOOP('',(#2388));
#3809=EDGE_LOOP('',(#2389));
#3810=EDGE_LOOP('',(#2390));
#3811=EDGE_LOOP('',(#2391));
#3812=EDGE_LOOP('',(#2392));
#3813=EDGE_LOOP('',(#2393));
#3814=EDGE_LOOP('',(#2394));
#3815=EDGE_LOOP('',(#2395));
#3816=EDGE_LOOP('',(#2396));
#3817=FACE_BOUND('',#3509,.T.);
#3818=FACE_BOUND('',#3510,.T.);
#3819=FACE_BOUND('',#3511,.T.);
#3820=FACE_BOUND('',#3512,.T.);
#3821=FACE_BOUND('',#3513,.T.);
#3822=FACE_BOUND('',#3514,.T.);
#3823=FACE_BOUND('',#3515,.T.);
#3824=FACE_BOUND('',#3516,.T.);
#3825=FACE_BOUND('',#3517,.T.);
#3826=FACE_BOUND('',#3518,.T.);
#3827=FACE_BOUND('',#3519,.T.);
#3828=FACE_BOUND('',#3520,.T.);
#3829=FACE_BOUND('',#3521,.T.);
#3830=FACE_BOUND('',#3522,.T.);
#3831=FACE_BOUND('',#3523,.T.);
#3832=FACE_BOUND('',#3524,.T.);
#3833=FACE_BOUND('',#3525,.T.);
#3834=FACE_BOUND('',#3526,.T.);
#3835=FACE_BOUND('',#3527,.T.);
#3836=FACE_BOUND('',#3528,.T.);
#3837=FACE_BOUND('',#3529,.T.);
#3838=FACE_BOUND('',#3530,.T.);
#3839=FACE_BOUND('',#3531,.T.);
#3840=FACE_BOUND('',#3532,.T.);
#3841=FACE_BOUND('',#3533,.T.);
#3842=FACE_BOUND('',#3534,.T.);
#3843=FACE_BOUND('',#3535,.T.);
#3844=FACE_BOUND('',#3536,.T.);
#3845=FACE_BOUND('',#3537,.T.);
#3846=FACE_BOUND('',#3538,.T.);
#3847=FACE_BOUND('',#3539,.T.);
#3848=FACE_BOUND('',#3540,.T.);
#3849=FACE_BOUND('',#3541,.T.);
#3850=FACE_BOUND('',#3542,.T.);
#3851=FACE_BOUND('',#3543,.T.);
#3852=FACE_BOUND('',#3544,.T.);
#3853=FACE_BOUND('',#3545,.T.);
#3854=FACE_BOUND('',#3546,.T.);
#3855=FACE_BOUND('',#3547,.T.);
#3856=FACE_BOUND('',#3548,.T.);
#3857=FACE_BOUND('',#3549,.T.);
#3858=FACE_BOUND('',#3550,.T.);
#3859=FACE_BOUND('',#3551,.T.);
#3860=FACE_BOUND('',#3552,.T.);
#3861=FACE_BOUND('',#3553,.T.);
#3862=FACE_BOUND('',#3554,.T.);
#3863=FACE_BOUND('',#3555,.T.);
#3864=FACE_BOUND('',#3556,.T.);
#3865=FACE_BOUND('',#3557,.T.);
#3866=FACE_BOUND('',#3558,.T.);
#3867=FACE_BOUND('',#3559,.T.);
#3868=FACE_BOUND('',#3560,.T.);
#3869=FACE_BOUND('',#3561,.T.);
#3870=FACE_BOUND('',#3562,.T.);
#3871=FACE_BOUND('',#3563,.T.);
#3872=FACE_BOUND('',#3564,.T.);
#3873=FACE_BOUND('',#3565,.T.);
#3874=FACE_BOUND('',#3566,.T.);
#3875=FACE_BOUND('',#3567,.T.);
#3876=FACE_BOUND('',#3568,.T.);
#3877=FACE_BOUND('',#3569,.T.);
#3878=FACE_BOUND('',#3570,.T.);
#3879=FACE_BOUND('',#3571,.T.);
#3880=FACE_BOUND('',#3572,.T.);
#3881=FACE_BOUND('',#3573,.T.);
#3882=FACE_BOUND('',#3574,.T.);
#3883=FACE_BOUND('',#3575,.T.);
#3884=FACE_BOUND('',#3576,.T.);
#3885=FACE_BOUND('',#3577,.T.);
#3886=FACE_BOUND('',#3578,.T.);
#3887=FACE_BOUND('',#3579,.T.);
#3888=FACE_BOUND('',#3580,.T.);
#3889=FACE_BOUND('',#3581,.T.);
#3890=FACE_BOUND('',#3582,.T.);
#3891=FACE_BOUND('',#3583,.T.);
#3892=FACE_BOUND('',#3584,.T.);
#3893=FACE_BOUND('',#3585,.T.);
#3894=FACE_BOUND('',#3586,.T.);
#3895=FACE_BOUND('',#3587,.T.);
#3896=FACE_BOUND('',#3588,.T.);
#3897=FACE_BOUND('',#3589,.T.);
#3898=FACE_BOUND('',#3590,.T.);
#3899=FACE_BOUND('',#3591,.T.);
#3900=FACE_BOUND('',#3592,.T.);
#3901=FACE_BOUND('',#3593,.T.);
#3902=FACE_BOUND('',#3594,.T.);
#3903=FACE_BOUND('',#3595,.T.);
#3904=FACE_BOUND('',#3596,.T.);
#3905=FACE_BOUND('',#3597,.T.);
#3906=FACE_BOUND('',#3598,.T.);
#3907=FACE_BOUND('',#3599,.T.);
#3908=FACE_BOUND('',#3600,.T.);
#3909=FACE_BOUND('',#3601,.T.);
#3910=FACE_BOUND('',#3602,.T.);
#3911=FACE_BOUND('',#3603,.T.);
#3912=FACE_BOUND('',#3604,.T.);
#3913=FACE_BOUND('',#3605,.T.);
#3914=FACE_BOUND('',#3606,.T.);
#3915=FACE_BOUND('',#3607,.T.);
#3916=FACE_BOUND('',#3608,.T.);
#3917=FACE_BOUND('',#3609,.T.);
#3918=FACE_BOUND('',#3610,.T.);
#3919=FACE_BOUND('',#3611,.T.);
#3920=FACE_BOUND('',#3612,.T.);
#3921=FACE_BOUND('',#3613,.T.);
#3922=FACE_BOUND('',#3614,.T.);
#3923=FACE_BOUND('',#3615,.T.);
#3924=FACE_BOUND('',#3616,.T.);
#3925=FACE_BOUND('',#3617,.T.);
#3926=FACE_BOUND('',#3618,.T.);
#3927=FACE_BOUND('',#3619,.T.);
#3928=FACE_BOUND('',#3620,.T.);
#3929=FACE_BOUND('',#3621,.T.);
#3930=FACE_BOUND('',#3622,.T.);
#3931=FACE_BOUND('',#3623,.T.);
#3932=FACE_BOUND('',#3624,.T.);
#3933=FACE_BOUND('',#3625,.T.);
#3934=FACE_BOUND('',#3626,.T.);
#3935=FACE_BOUND('',#3627,.T.);
#3936=FACE_BOUND('',#3628,.T.);
#3937=FACE_BOUND('',#3629,.T.);
#3938=FACE_BOUND('',#3630,.T.);
#3939=FACE_BOUND('',#3631,.T.);
#3940=FACE_BOUND('',#3632,.T.);
#3941=FACE_BOUND('',#3633,.T.);
#3942=FACE_BOUND('',#3634,.T.);
#3943=FACE_BOUND('',#3635,.T.);
#3944=FACE_BOUND('',#3636,.T.);
#3945=FACE_BOUND('',#3637,.T.);
#3946=FACE_BOUND('',#3638,.T.);
#3947=FACE_BOUND('',#3639,.T.);
#3948=FACE_BOUND('',#3640,.T.);
#3949=FACE_BOUND('',#3641,.T.);
#3950=FACE_BOUND('',#3642,.T.);
#3951=FACE_BOUND('',#3643,.T.);
#3952=FACE_BOUND('',#3644,.T.);
#3953=FACE_BOUND('',#3645,.T.);
#3954=FACE_BOUND('',#3646,.T.);
#3955=FACE_BOUND('',#3647,.T.);
#3956=FACE_BOUND('',#3648,.T.);
#3957=FACE_BOUND('',#3649,.T.);
#3958=FACE_BOUND('',#3650,.T.);
#3959=FACE_BOUND('',#3651,.T.);
#3960=FACE_BOUND('',#3652,.T.);
#3961=FACE_BOUND('',#3653,.T.);
#3962=FACE_BOUND('',#3654,.T.);
#3963=FACE_BOUND('',#3655,.T.);
#3964=FACE_BOUND('',#3656,.T.);
#3965=FACE_BOUND('',#3657,.T.);
#3966=FACE_BOUND('',#3658,.T.);
#3967=FACE_BOUND('',#3659,.T.);
#3968=FACE_BOUND('',#3660,.T.);
#3969=FACE_BOUND('',#3661,.T.);
#3970=FACE_BOUND('',#3662,.T.);
#3971=FACE_BOUND('',#3663,.T.);
#3972=FACE_BOUND('',#3664,.T.);
#3973=FACE_BOUND('',#3665,.T.);
#3974=FACE_BOUND('',#3666,.T.);
#3975=FACE_BOUND('',#3667,.T.);
#3976=FACE_BOUND('',#3668,.T.);
#3977=FACE_BOUND('',#3669,.T.);
#3978=FACE_BOUND('',#3670,.T.);
#3979=FACE_BOUND('',#3671,.T.);
#3980=FACE_BOUND('',#3672,.T.);
#3981=FACE_BOUND('',#3673,.T.);
#3982=FACE_BOUND('',#3674,.T.);
#3983=FACE_BOUND('',#3675,.T.);
#3984=FACE_BOUND('',#3676,.T.);
#3985=FACE_BOUND('',#3677,.T.);
#3986=FACE_BOUND('',#3678,.T.);
#3987=FACE_BOUND('',#3679,.T.);
#3988=FACE_BOUND('',#3680,.T.);
#3989=FACE_BOUND('',#3681,.T.);
#3990=FACE_BOUND('',#3682,.T.);
#3991=FACE_BOUND('',#3683,.T.);
#3992=FACE_BOUND('',#3684,.T.);
#3993=FACE_BOUND('',#3685,.T.);
#3994=FACE_BOUND('',#3686,.T.);
#3995=FACE_BOUND('',#3687,.T.);
#3996=FACE_BOUND('',#3688,.T.);
#3997=FACE_BOUND('',#3689,.T.);
#3998=FACE_BOUND('',#3690,.T.);
#3999=FACE_BOUND('',#3691,.T.);
#4000=FACE_BOUND('',#3692,.T.);
#4001=FACE_BOUND('',#3693,.T.);
#4002=FACE_BOUND('',#3694,.T.);
#4003=FACE_BOUND('',#3695,.T.);
#4004=FACE_BOUND('',#3696,.T.);
#4005=FACE_BOUND('',#3697,.T.);
#4006=FACE_BOUND('',#3698,.T.);
#4007=FACE_BOUND('',#3699,.T.);
#4008=FACE_BOUND('',#3700,.T.);
#4009=FACE_BOUND('',#3701,.T.);
#4010=FACE_BOUND('',#3702,.T.);
#4011=FACE_BOUND('',#3703,.T.);
#4012=FACE_BOUND('',#3704,.T.);
#4013=FACE_BOUND('',#3705,.T.);
#4014=FACE_BOUND('',#3706,.T.);
#4015=FACE_BOUND('',#3707,.T.);
#4016=FACE_BOUND('',#3708,.T.);
#4017=FACE_BOUND('',#3709,.T.);
#4018=FACE_BOUND('',#3710,.T.);
#4019=FACE_BOUND('',#3711,.T.);
#4020=FACE_BOUND('',#3712,.T.);
#4021=FACE_BOUND('',#3713,.T.);
#4022=FACE_BOUND('',#3714,.T.);
#4023=FACE_BOUND('',#3715,.T.);
#4024=FACE_BOUND('',#3716,.T.);
#4025=FACE_BOUND('',#3717,.T.);
#4026=FACE_BOUND('',#3718,.T.);
#4027=FACE_BOUND('',#3719,.T.);
#4028=FACE_BOUND('',#3720,.T.);
#4029=FACE_BOUND('',#3721,.T.);
#4030=FACE_BOUND('',#3722,.T.);
#4031=FACE_BOUND('',#3723,.T.);
#4032=FACE_BOUND('',#3724,.T.);
#4033=FACE_BOUND('',#3725,.T.);
#4034=FACE_BOUND('',#3726,.T.);
#4035=FACE_BOUND('',#3727,.T.);
#4036=FACE_BOUND('',#3728,.T.);
#4037=FACE_BOUND('',#3729,.T.);
#4038=FACE_BOUND('',#3730,.T.);
#4039=FACE_BOUND('',#3731,.T.);
#4040=FACE_BOUND('',#3732,.T.);
#4041=FACE_BOUND('',#3733,.T.);
#4042=FACE_BOUND('',#3734,.T.);
#4043=FACE_BOUND('',#3735,.T.);
#4044=FACE_BOUND('',#3736,.T.);
#4045=FACE_BOUND('',#3737,.T.);
#4046=FACE_BOUND('',#3738,.T.);
#4047=FACE_BOUND('',#3739,.T.);
#4048=FACE_BOUND('',#3740,.T.);
#4049=FACE_BOUND('',#3741,.T.);
#4050=FACE_BOUND('',#3742,.T.);
#4051=FACE_BOUND('',#3743,.T.);
#4052=FACE_BOUND('',#3744,.T.);
#4053=FACE_BOUND('',#3745,.T.);
#4054=FACE_BOUND('',#3746,.T.);
#4055=FACE_BOUND('',#3747,.T.);
#4056=FACE_BOUND('',#3748,.T.);
#4057=FACE_BOUND('',#3749,.T.);
#4058=FACE_BOUND('',#3750,.T.);
#4059=FACE_BOUND('',#3751,.T.);
#4060=FACE_BOUND('',#3752,.T.);
#4061=FACE_BOUND('',#3753,.T.);
#4062=FACE_BOUND('',#3754,.T.);
#4063=FACE_BOUND('',#3755,.T.);
#4064=FACE_BOUND('',#3756,.T.);
#4065=FACE_BOUND('',#3757,.T.);
#4066=FACE_BOUND('',#3758,.T.);
#4067=FACE_BOUND('',#3759,.T.);
#4068=FACE_BOUND('',#3760,.T.);
#4069=FACE_BOUND('',#3761,.T.);
#4070=FACE_BOUND('',#3762,.T.);
#4071=FACE_BOUND('',#3763,.T.);
#4072=FACE_BOUND('',#3764,.T.);
#4073=FACE_BOUND('',#3765,.T.);
#4074=FACE_BOUND('',#3766,.T.);
#4075=FACE_BOUND('',#3767,.T.);
#4076=FACE_BOUND('',#3768,.T.);
#4077=FACE_BOUND('',#3769,.T.);
#4078=FACE_BOUND('',#3770,.T.);
#4079=FACE_BOUND('',#3771,.T.);
#4080=FACE_BOUND('',#3772,.T.);
#4081=FACE_BOUND('',#3773,.T.);
#4082=FACE_BOUND('',#3774,.T.);
#4083=FACE_BOUND('',#3775,.T.);
#4084=FACE_BOUND('',#3776,.T.);
#4085=FACE_BOUND('',#3777,.T.);
#4086=FACE_BOUND('',#3778,.T.);
#4087=FACE_BOUND('',#3779,.T.);
#4088=FACE_BOUND('',#3780,.T.);
#4089=FACE_BOUND('',#3781,.T.);
#4090=FACE_BOUND('',#3782,.T.);
#4091=FACE_BOUND('',#3783,.T.);
#4092=FACE_BOUND('',#3784,.T.);
#4093=FACE_BOUND('',#3785,.T.);
#4094=FACE_BOUND('',#3786,.T.);
#4095=FACE_BOUND('',#3787,.T.);
#4096=FACE_BOUND('',#3788,.T.);
#4097=FACE_BOUND('',#3789,.T.);
#4098=FACE_BOUND('',#3790,.T.);
#4099=FACE_BOUND('',#3791,.T.);
#4100=FACE_BOUND('',#3792,.T.);
#4101=FACE_BOUND('',#3793,.T.);
#4102=FACE_BOUND('',#3794,.T.);
#4103=FACE_BOUND('',#3795,.T.);
#4104=FACE_BOUND('',#3796,.T.);
#4105=FACE_BOUND('',#3797,.T.);
#4106=FACE_BOUND('',#3798,.T.);
#4107=FACE_BOUND('',#3799,.T.);
#4108=FACE_BOUND('',#3800,.T.);
#4109=FACE_BOUND('',#3801,.T.);
#4110=FACE_BOUND('',#3802,.T.);
#4111=FACE_BOUND('',#3803,.T.);
#4112=FACE_BOUND('',#3804,.T.);
#4113=FACE_BOUND('',#3805,.T.);
#4114=FACE_BOUND('',#3806,.T.);
#4115=FACE_BOUND('',#3807,.T.);
#4116=FACE_BOUND('',#3808,.T.);
#4117=FACE_BOUND('',#3809,.T.);
#4118=FACE_BOUND('',#3810,.T.);
#4119=FACE_BOUND('',#3811,.T.);
#4120=FACE_BOUND('',#3812,.T.);
#4121=FACE_BOUND('',#3813,.T.);
#4122=FACE_BOUND('',#3814,.T.);
#4123=FACE_BOUND('',#3815,.T.);
#4124=FACE_BOUND('',#3816,.T.);
#4125=CYLINDRICAL_SURFACE('',#4554,0.0006);
#4126=CYLINDRICAL_SURFACE('',#4572,0.0006);
#4127=CYLINDRICAL_SURFACE('',#4574,0.0006);
#4128=CYLINDRICAL_SURFACE('',#4634,0.002);
#4129=CYLINDRICAL_SURFACE('',#4642,0.002);
#4130=CYLINDRICAL_SURFACE('',#4660,0.000508);
#4131=CYLINDRICAL_SURFACE('',#4662,0.000508);
#4132=CYLINDRICAL_SURFACE('',#4664,0.002);
#4133=CYLINDRICAL_SURFACE('',#4667,0.002);
#4134=CYLINDRICAL_SURFACE('',#4670,0.002);
#4135=CYLINDRICAL_SURFACE('',#4673,0.002);
#4136=CYLINDRICAL_SURFACE('',#4676,0.004);
#4137=CYLINDRICAL_SURFACE('',#4680,0.004);
#4138=CYLINDRICAL_SURFACE('',#4706,0.001);
#4139=CYLINDRICAL_SURFACE('',#4713,0.001);
#4140=CYLINDRICAL_SURFACE('',#4715,0.001);
#4141=CYLINDRICAL_SURFACE('',#4730,0.006);
#4142=CYLINDRICAL_SURFACE('',#4733,0.006);
#4143=CYLINDRICAL_SURFACE('',#4736,0.006);
#4144=CYLINDRICAL_SURFACE('',#4739,0.006);
#4145=CYLINDRICAL_SURFACE('',#4742,0.006);
#4146=CYLINDRICAL_SURFACE('',#4745,0.006);
#4147=CYLINDRICAL_SURFACE('',#4754,0.002);
#4148=CYLINDRICAL_SURFACE('',#4757,0.002);
#4149=CYLINDRICAL_SURFACE('',#4760,0.002);
#4150=CYLINDRICAL_SURFACE('',#4763,0.002);
#4151=CYLINDRICAL_SURFACE('',#4766,0.002);
#4152=CYLINDRICAL_SURFACE('',#4769,0.002);
#4153=CYLINDRICAL_SURFACE('',#4773,0.0006);
#4154=CYLINDRICAL_SURFACE('',#4777,0.0006);
#4155=CYLINDRICAL_SURFACE('',#4781,0.0006);
#4156=CYLINDRICAL_SURFACE('',#4785,0.0006);
#4157=CYLINDRICAL_SURFACE('',#4787,0.0006);
#4158=CYLINDRICAL_SURFACE('',#4791,0.0006);
#4159=CYLINDRICAL_SURFACE('',#4795,0.0006);
#4160=CYLINDRICAL_SURFACE('',#4799,0.0006);
#4161=CYLINDRICAL_SURFACE('',#4803,0.0006);
#4162=CYLINDRICAL_SURFACE('',#4806,0.0006);
#4163=CYLINDRICAL_SURFACE('',#4810,0.0006);
#4164=CYLINDRICAL_SURFACE('',#4814,0.0006);
#4165=CYLINDRICAL_SURFACE('',#4816,0.0006);
#4166=CYLINDRICAL_SURFACE('',#4821,0.0006);
#4167=CYLINDRICAL_SURFACE('',#4825,0.0006);
#4168=CYLINDRICAL_SURFACE('',#4830,0.001);
#4169=CYLINDRICAL_SURFACE('',#4837,0.001);
#4170=CYLINDRICAL_SURFACE('',#4841,0.005);
#4171=CYLINDRICAL_SURFACE('',#4850,0.005);
#4172=CYLINDRICAL_SURFACE('',#4851,0.005);
#4173=CYLINDRICAL_SURFACE('',#4860,0.005);
#4174=CYLINDRICAL_SURFACE('',#4861,0.001);
#4175=CYLINDRICAL_SURFACE('',#4868,0.001);
#4176=CYLINDRICAL_SURFACE('',#4869,0.001);
#4177=CYLINDRICAL_SURFACE('',#4876,0.001);
#4178=CYLINDRICAL_SURFACE('',#4877,0.001);
#4179=CYLINDRICAL_SURFACE('',#4884,0.001);
#4180=CYLINDRICAL_SURFACE('',#4891,0.005);
#4181=CYLINDRICAL_SURFACE('',#4900,0.005);
#4182=CYLINDRICAL_SURFACE('',#4901,0.005);
#4183=CYLINDRICAL_SURFACE('',#4910,0.005);
#4184=CYLINDRICAL_SURFACE('',#4914,0.001);
#4185=CYLINDRICAL_SURFACE('',#4916,0.001);
#4186=CYLINDRICAL_SURFACE('',#4922,0.001);
#4187=CYLINDRICAL_SURFACE('',#4924,0.001);
#4188=CYLINDRICAL_SURFACE('',#4927,0.001);
#4189=CYLINDRICAL_SURFACE('',#4929,0.001);
#4190=CYLINDRICAL_SURFACE('',#4932,0.001);
#4191=CYLINDRICAL_SURFACE('',#4934,0.001);
#4192=CYLINDRICAL_SURFACE('',#4937,0.00210121775752101);
#4193=CYLINDRICAL_SURFACE('',#4938,0.00210121776032935);
#4194=CYLINDRICAL_SURFACE('',#4945,0.0025);
#4195=CYLINDRICAL_SURFACE('',#4950,0.0025);
#4196=CYLINDRICAL_SURFACE('',#4954,0.0025);
#4197=CYLINDRICAL_SURFACE('',#4959,0.0025);
#4198=CYLINDRICAL_SURFACE('',#4961,0.0015);
#4199=CYLINDRICAL_SURFACE('',#4967,0.0015);
#4200=CYLINDRICAL_SURFACE('',#4970,0.0015);
#4201=CYLINDRICAL_SURFACE('',#4975,0.0015);
#4202=CYLINDRICAL_SURFACE('',#4988,0.0015);
#4203=CYLINDRICAL_SURFACE('',#4992,0.0015);
#4204=CYLINDRICAL_SURFACE('',#4993,0.001);
#4205=CYLINDRICAL_SURFACE('',#4996,0.001);
#4206=CYLINDRICAL_SURFACE('',#4999,0.0015);
#4207=CYLINDRICAL_SURFACE('',#5002,0.0015);
#4208=CYLINDRICAL_SURFACE('',#5005,0.0005);
#4209=CYLINDRICAL_SURFACE('',#5008,0.0005);
#4210=CYLINDRICAL_SURFACE('',#5011,0.001);
#4211=CYLINDRICAL_SURFACE('',#5014,0.001);
#4212=CYLINDRICAL_SURFACE('',#5020,0.001);
#4213=CYLINDRICAL_SURFACE('',#5024,0.001);
#4214=CYLINDRICAL_SURFACE('',#5028,0.001);
#4215=CYLINDRICAL_SURFACE('',#5032,0.001);
#4216=CYLINDRICAL_SURFACE('',#5036,0.001);
#4217=CYLINDRICAL_SURFACE('',#5040,0.001);
#4218=CYLINDRICAL_SURFACE('',#5044,0.001);
#4219=CYLINDRICAL_SURFACE('',#5048,0.001);
#4220=CYLINDRICAL_SURFACE('',#5049,0.001);
#4221=CYLINDRICAL_SURFACE('',#5053,0.001);
#4222=CYLINDRICAL_SURFACE('',#5057,0.001);
#4223=CYLINDRICAL_SURFACE('',#5061,0.001);
#4224=CYLINDRICAL_SURFACE('',#5065,0.001);
#4225=CYLINDRICAL_SURFACE('',#5069,0.001);
#4226=CYLINDRICAL_SURFACE('',#5073,0.001);
#4227=CYLINDRICAL_SURFACE('',#5077,0.001);
#4228=CYLINDRICAL_SURFACE('',#5083,0.001);
#4229=CYLINDRICAL_SURFACE('',#5086,0.001);
#4230=CYLINDRICAL_SURFACE('',#5090,0.0006);
#4231=CYLINDRICAL_SURFACE('',#5094,0.0006);
#4232=CYLINDRICAL_SURFACE('',#5098,0.0006);
#4233=CYLINDRICAL_SURFACE('',#5102,0.0006);
#4234=CYLINDRICAL_SURFACE('',#5108,0.0006);
#4235=CYLINDRICAL_SURFACE('',#5112,0.0006);
#4236=CYLINDRICAL_SURFACE('',#5125,0.0006);
#4237=CYLINDRICAL_SURFACE('',#5129,0.0006);
#4238=CYLINDRICAL_SURFACE('',#5133,0.0006);
#4239=CYLINDRICAL_SURFACE('',#5139,0.0006);
#4240=CYLINDRICAL_SURFACE('',#5143,0.0006);
#4241=CYLINDRICAL_SURFACE('',#5147,0.0006);
#4242=CYLINDRICAL_SURFACE('',#5157,0.0015);
#4243=CYLINDRICAL_SURFACE('',#5159,0.002);
#4244=CYLINDRICAL_SURFACE('',#5161,0.0015);
#4245=ADVANCED_FACE('',(#3817),#4125,.F.);
#4246=ADVANCED_FACE('',(#3818,#3819,#3820,#3821),#453,.T.);
#4247=ADVANCED_FACE('',(#3822),#454,.F.);
#4248=ADVANCED_FACE('',(#3823),#455,.T.);
#4249=ADVANCED_FACE('',(#3824),#4126,.F.);
#4250=ADVANCED_FACE('',(#3825),#4127,.T.);
#4251=ADVANCED_FACE('',(#3826),#456,.T.);
#4252=ADVANCED_FACE('',(#3827),#457,.T.);
#4253=ADVANCED_FACE('',(#3828),#458,.F.);
#4254=ADVANCED_FACE('',(#3829),#459,.T.);
#4255=ADVANCED_FACE('',(#3830),#460,.T.);
#4256=ADVANCED_FACE('',(#3831),#461,.T.);
#4257=ADVANCED_FACE('',(#3832,#3833,#3834),#462,.F.);
#4258=ADVANCED_FACE('',(#3835),#463,.T.);
#4259=ADVANCED_FACE('',(#3836),#464,.F.);
#4260=ADVANCED_FACE('',(#3837,#3838,#3839),#465,.F.);
#4261=ADVANCED_FACE('',(#3840,#3841,#3842),#466,.T.);
#4262=ADVANCED_FACE('',(#3843),#467,.T.);
#4263=ADVANCED_FACE('',(#3844),#468,.F.);
#4264=ADVANCED_FACE('',(#3845),#4128,.F.);
#4265=ADVANCED_FACE('',(#3846),#80,.F.);
#4266=ADVANCED_FACE('',(#3847),#81,.F.);
#4267=ADVANCED_FACE('',(#3848),#4129,.F.);
#4268=ADVANCED_FACE('',(#3849),#469,.T.);
#4269=ADVANCED_FACE('',(#3850),#470,.F.);
#4270=ADVANCED_FACE('',(#3851),#471,.T.);
#4271=ADVANCED_FACE('',(#3852),#472,.F.);
#4272=ADVANCED_FACE('',(#3853),#473,.T.);
#4273=ADVANCED_FACE('',(#3854),#474,.T.);
#4274=ADVANCED_FACE('',(#3855),#475,.F.);
#4275=ADVANCED_FACE('',(#3856),#476,.T.);
#4276=ADVANCED_FACE('',(#3857),#4130,.F.);
#4277=ADVANCED_FACE('',(#3858),#4131,.F.);
#4278=ADVANCED_FACE('',(#3859),#4132,.T.);
#4279=ADVANCED_FACE('',(#3860),#4133,.T.);
#4280=ADVANCED_FACE('',(#3861),#4134,.F.);
#4281=ADVANCED_FACE('',(#3862),#4135,.F.);
#4282=ADVANCED_FACE('',(#3863),#4136,.T.);
#4283=ADVANCED_FACE('',(#3864),#4137,.T.);
#4284=ADVANCED_FACE('',(#3865),#477,.T.);
#4285=ADVANCED_FACE('',(#3866),#478,.T.);
#4286=ADVANCED_FACE('',(#3867),#74,.T.);
#4287=ADVANCED_FACE('',(#3868),#479,.F.);
#4288=ADVANCED_FACE('',(#3869),#75,.T.);
#4289=ADVANCED_FACE('',(#3870),#480,.F.);
#4290=ADVANCED_FACE('',(#3871),#76,.T.);
#4291=ADVANCED_FACE('',(#3872),#481,.T.);
#4292=ADVANCED_FACE('',(#3873),#77,.T.);
#4293=ADVANCED_FACE('',(#3874),#482,.T.);
#4294=ADVANCED_FACE('',(#3875),#483,.F.);
#4295=ADVANCED_FACE('',(#3876),#484,.T.);
#4296=ADVANCED_FACE('',(#3877),#64,.T.);
#4297=ADVANCED_FACE('',(#3878),#4138,.T.);
#4298=ADVANCED_FACE('',(#3879),#82,.F.);
#4299=ADVANCED_FACE('',(#3880),#65,.T.);
#4300=ADVANCED_FACE('',(#3881),#4139,.F.);
#4301=ADVANCED_FACE('',(#3882),#4140,.F.);
#4302=ADVANCED_FACE('',(#3883),#83,.F.);
#4303=ADVANCED_FACE('',(#3884),#485,.F.);
#4304=ADVANCED_FACE('',(#3885),#486,.F.);
#4305=ADVANCED_FACE('',(#3886),#487,.F.);
#4306=ADVANCED_FACE('',(#3887),#488,.T.);
#4307=ADVANCED_FACE('',(#3888),#489,.T.);
#4308=ADVANCED_FACE('',(#3889),#490,.F.);
#4309=ADVANCED_FACE('',(#3890),#491,.T.);
#4310=ADVANCED_FACE('',(#3891),#492,.T.);
#4311=ADVANCED_FACE('',(#3892),#4141,.F.);
#4312=ADVANCED_FACE('',(#3893),#4142,.F.);
#4313=ADVANCED_FACE('',(#3894),#4143,.T.);
#4314=ADVANCED_FACE('',(#3895),#4144,.T.);
#4315=ADVANCED_FACE('',(#3896),#4145,.F.);
#4316=ADVANCED_FACE('',(#3897),#4146,.F.);
#4317=ADVANCED_FACE('',(#3898),#493,.F.);
#4318=ADVANCED_FACE('',(#3899),#494,.T.);
#4319=ADVANCED_FACE('',(#3900),#4147,.F.);
#4320=ADVANCED_FACE('',(#3901),#4148,.F.);
#4321=ADVANCED_FACE('',(#3902),#4149,.T.);
#4322=ADVANCED_FACE('',(#3903),#4150,.T.);
#4323=ADVANCED_FACE('',(#3904),#4151,.T.);
#4324=ADVANCED_FACE('',(#3905),#4152,.T.);
#4325=ADVANCED_FACE('',(#3906),#20,.T.);
#4326=ADVANCED_FACE('',(#3907),#4153,.T.);
#4327=ADVANCED_FACE('',(#3908),#84,.T.);
#4328=ADVANCED_FACE('',(#3909),#4154,.T.);
#4329=ADVANCED_FACE('',(#3910),#85,.T.);
#4330=ADVANCED_FACE('',(#3911),#4155,.T.);
#4331=ADVANCED_FACE('',(#3912),#86,.T.);
#4332=ADVANCED_FACE('',(#3913),#4156,.T.);
#4333=ADVANCED_FACE('',(#3914),#4157,.T.);
#4334=ADVANCED_FACE('',(#3915),#21,.T.);
#4335=ADVANCED_FACE('',(#3916),#22,.T.);
#4336=ADVANCED_FACE('',(#3917),#4158,.T.);
#4337=ADVANCED_FACE('',(#3918),#87,.T.);
#4338=ADVANCED_FACE('',(#3919),#4159,.T.);
#4339=ADVANCED_FACE('',(#3920),#88,.T.);
#4340=ADVANCED_FACE('',(#3921),#4160,.T.);
#4341=ADVANCED_FACE('',(#3922),#89,.T.);
#4342=ADVANCED_FACE('',(#3923),#4161,.T.);
#4343=ADVANCED_FACE('',(#3924),#23,.T.);
#4344=ADVANCED_FACE('',(#3925),#4162,.T.);
#4345=ADVANCED_FACE('',(#3926),#90,.T.);
#4346=ADVANCED_FACE('',(#3927),#4163,.T.);
#4347=ADVANCED_FACE('',(#3928),#91,.T.);
#4348=ADVANCED_FACE('',(#3929),#4164,.T.);
#4349=ADVANCED_FACE('',(#3930),#24,.T.);
#4350=ADVANCED_FACE('',(#3931),#4165,.T.);
#4351=ADVANCED_FACE('',(#3932),#92,.T.);
#4352=ADVANCED_FACE('',(#3933),#4166,.T.);
#4353=ADVANCED_FACE('',(#3934),#93,.T.);
#4354=ADVANCED_FACE('',(#3935),#4167,.T.);
#4355=ADVANCED_FACE('',(#3936),#25,.T.);
#4356=ADVANCED_FACE('',(#3937),#66,.T.);
#4357=ADVANCED_FACE('',(#3938),#4168,.T.);
#4358=ADVANCED_FACE('',(#3939),#67,.T.);
#4359=ADVANCED_FACE('',(#3940),#68,.T.);
#4360=ADVANCED_FACE('',(#3941),#4169,.T.);
#4361=ADVANCED_FACE('',(#3942),#69,.T.);
#4362=ADVANCED_FACE('',(#3943),#4170,.F.);
#4363=ADVANCED_FACE('',(#3944),#94,.F.);
#4364=ADVANCED_FACE('',(#3945),#95,.F.);
#4365=ADVANCED_FACE('',(#3946),#4171,.F.);
#4366=ADVANCED_FACE('',(#3947),#4172,.F.);
#4367=ADVANCED_FACE('',(#3948),#96,.F.);
#4368=ADVANCED_FACE('',(#3949),#97,.F.);
#4369=ADVANCED_FACE('',(#3950),#4173,.F.);
#4370=ADVANCED_FACE('',(#3951),#4174,.F.);
#4371=ADVANCED_FACE('',(#3952),#98,.F.);
#4372=ADVANCED_FACE('',(#3953),#99,.F.);
#4373=ADVANCED_FACE('',(#3954),#4175,.F.);
#4374=ADVANCED_FACE('',(#3955),#4176,.F.);
#4375=ADVANCED_FACE('',(#3956),#100,.F.);
#4376=ADVANCED_FACE('',(#3957),#101,.F.);
#4377=ADVANCED_FACE('',(#3958),#4177,.F.);
#4378=ADVANCED_FACE('',(#3959),#4178,.T.);
#4379=ADVANCED_FACE('',(#3960),#70,.T.);
#4380=ADVANCED_FACE('',(#3961),#71,.T.);
#4381=ADVANCED_FACE('',(#3962),#4179,.T.);
#4382=ADVANCED_FACE('',(#3963),#72,.T.);
#4383=ADVANCED_FACE('',(#3964),#73,.T.);
#4384=ADVANCED_FACE('',(#3965),#4180,.F.);
#4385=ADVANCED_FACE('',(#3966),#102,.F.);
#4386=ADVANCED_FACE('',(#3967),#103,.F.);
#4387=ADVANCED_FACE('',(#3968),#4181,.F.);
#4388=ADVANCED_FACE('',(#3969),#4182,.F.);
#4389=ADVANCED_FACE('',(#3970),#104,.F.);
#4390=ADVANCED_FACE('',(#3971),#105,.F.);
#4391=ADVANCED_FACE('',(#3972),#4183,.F.);
#4392=ADVANCED_FACE('',(#3973),#106,.F.);
#4393=ADVANCED_FACE('',(#3974),#4184,.F.);
#4394=ADVANCED_FACE('',(#3975),#4185,.F.);
#4395=ADVANCED_FACE('',(#3976),#107,.F.);
#4396=ADVANCED_FACE('',(#3977),#108,.F.);
#4397=ADVANCED_FACE('',(#3978),#4186,.F.);
#4398=ADVANCED_FACE('',(#3979),#4187,.F.);
#4399=ADVANCED_FACE('',(#3980),#109,.F.);
#4400=ADVANCED_FACE('',(#3981),#4188,.T.);
#4401=ADVANCED_FACE('',(#3982),#4189,.F.);
#4402=ADVANCED_FACE('',(#3983),#4190,.T.);
#4403=ADVANCED_FACE('',(#3984),#4191,.F.);
#4404=ADVANCED_FACE('',(#3985),#4192,.F.);
#4405=ADVANCED_FACE('',(#3986),#4193,.F.);
#4406=ADVANCED_FACE('',(#3987),#495,.T.);
#4407=ADVANCED_FACE('',(#3988),#496,.F.);
#4408=ADVANCED_FACE('',(#3989),#26,.T.);
#4409=ADVANCED_FACE('',(#3990),#27,.T.);
#4410=ADVANCED_FACE('',(#3991),#28,.T.);
#4411=ADVANCED_FACE('',(#3992),#4194,.T.);
#4412=ADVANCED_FACE('',(#3993),#29,.T.);
#4413=ADVANCED_FACE('',(#3994),#30,.T.);
#4414=ADVANCED_FACE('',(#3995),#4195,.T.);
#4415=ADVANCED_FACE('',(#3996),#31,.T.);
#4416=ADVANCED_FACE('',(#3997),#32,.T.);
#4417=ADVANCED_FACE('',(#3998),#33,.T.);
#4418=ADVANCED_FACE('',(#3999),#4196,.T.);
#4419=ADVANCED_FACE('',(#4000),#34,.T.);
#4420=ADVANCED_FACE('',(#4001),#35,.T.);
#4421=ADVANCED_FACE('',(#4002),#4197,.T.);
#4422=ADVANCED_FACE('',(#4003),#4198,.F.);
#4423=ADVANCED_FACE('',(#4004),#110,.F.);
#4424=ADVANCED_FACE('',(#4005),#36,.F.);
#4425=ADVANCED_FACE('',(#4006),#4199,.F.);
#4426=ADVANCED_FACE('',(#4007),#111,.F.);
#4427=ADVANCED_FACE('',(#4008),#4200,.F.);
#4428=ADVANCED_FACE('',(#4009),#112,.F.);
#4429=ADVANCED_FACE('',(#4010),#4201,.F.);
#4430=ADVANCED_FACE('',(#4011),#37,.F.);
#4431=ADVANCED_FACE('',(#4012),#113,.F.);
#4432=ADVANCED_FACE('',(#4013),#497,.T.);
#4433=ADVANCED_FACE('',(#4014),#498,.F.);
#4434=ADVANCED_FACE('',(#4015),#499,.F.);
#4435=ADVANCED_FACE('',(#4016),#4202,.T.);
#4436=ADVANCED_FACE('',(#4017),#38,.T.);
#4437=ADVANCED_FACE('',(#4018),#4203,.T.);
#4438=ADVANCED_FACE('',(#4019),#4204,.F.);
#4439=ADVANCED_FACE('',(#4020),#39,.F.);
#4440=ADVANCED_FACE('',(#4021),#4205,.F.);
#4441=ADVANCED_FACE('',(#4022),#40,.F.);
#4442=ADVANCED_FACE('',(#4023),#4206,.T.);
#4443=ADVANCED_FACE('',(#4024),#4207,.T.);
#4444=ADVANCED_FACE('',(#4025),#4208,.T.);
#4445=ADVANCED_FACE('',(#4026),#4209,.T.);
#4446=ADVANCED_FACE('',(#4027),#4210,.T.);
#4447=ADVANCED_FACE('',(#4028),#41,.T.);
#4448=ADVANCED_FACE('',(#4029),#4211,.T.);
#4449=ADVANCED_FACE('',(#4030),#42,.T.);
#4450=ADVANCED_FACE('',(#4031),#43,.T.);
#4451=ADVANCED_FACE('',(#4032),#16,.T.);
#4452=ADVANCED_FACE('',(#4033),#4212,.T.);
#4453=ADVANCED_FACE('',(#4034),#114,.T.);
#4454=ADVANCED_FACE('',(#4035),#4213,.T.);
#4455=ADVANCED_FACE('',(#4036),#115,.T.);
#4456=ADVANCED_FACE('',(#4037),#4214,.T.);
#4457=ADVANCED_FACE('',(#4038),#116,.T.);
#4458=ADVANCED_FACE('',(#4039),#4215,.T.);
#4459=ADVANCED_FACE('',(#4040),#117,.T.);
#4460=ADVANCED_FACE('',(#4041),#4216,.T.);
#4461=ADVANCED_FACE('',(#4042),#118,.T.);
#4462=ADVANCED_FACE('',(#4043),#4217,.T.);
#4463=ADVANCED_FACE('',(#4044),#119,.T.);
#4464=ADVANCED_FACE('',(#4045),#4218,.T.);
#4465=ADVANCED_FACE('',(#4046),#120,.T.);
#4466=ADVANCED_FACE('',(#4047),#4219,.T.);
#4467=ADVANCED_FACE('',(#4048),#4220,.T.);
#4468=ADVANCED_FACE('',(#4049),#121,.T.);
#4469=ADVANCED_FACE('',(#4050),#4221,.T.);
#4470=ADVANCED_FACE('',(#4051),#122,.T.);
#4471=ADVANCED_FACE('',(#4052),#4222,.T.);
#4472=ADVANCED_FACE('',(#4053),#123,.T.);
#4473=ADVANCED_FACE('',(#4054),#4223,.T.);
#4474=ADVANCED_FACE('',(#4055),#124,.T.);
#4475=ADVANCED_FACE('',(#4056),#4224,.T.);
#4476=ADVANCED_FACE('',(#4057),#125,.T.);
#4477=ADVANCED_FACE('',(#4058),#4225,.T.);
#4478=ADVANCED_FACE('',(#4059),#126,.T.);
#4479=ADVANCED_FACE('',(#4060),#4226,.T.);
#4480=ADVANCED_FACE('',(#4061),#127,.T.);
#4481=ADVANCED_FACE('',(#4062),#4227,.T.);
#4482=ADVANCED_FACE('',(#4063),#17,.T.);
#4483=ADVANCED_FACE('',(#4064),#44,.T.);
#4484=ADVANCED_FACE('',(#4065),#45,.T.);
#4485=ADVANCED_FACE('',(#4066),#4228,.T.);
#4486=ADVANCED_FACE('',(#4067),#46,.T.);
#4487=ADVANCED_FACE('',(#4068),#4229,.T.);
#4488=ADVANCED_FACE('',(#4069),#47,.T.);
#4489=ADVANCED_FACE('',(#4070),#128,.T.);
#4490=ADVANCED_FACE('',(#4071),#4230,.T.);
#4491=ADVANCED_FACE('',(#4072),#18,.T.);
#4492=ADVANCED_FACE('',(#4073),#4231,.T.);
#4493=ADVANCED_FACE('',(#4074),#129,.T.);
#4494=ADVANCED_FACE('',(#4075),#4232,.T.);
#4495=ADVANCED_FACE('',(#4076),#130,.T.);
#4496=ADVANCED_FACE('',(#4077),#4233,.T.);
#4497=ADVANCED_FACE('',(#4078),#131,.T.);
#4498=ADVANCED_FACE('',(#4079),#48,.T.);
#4499=ADVANCED_FACE('',(#4080),#49,.T.);
#4500=ADVANCED_FACE('',(#4081),#4234,.T.);
#4501=ADVANCED_FACE('',(#4082),#132,.T.);
#4502=ADVANCED_FACE('',(#4083),#4235,.T.);
#4503=ADVANCED_FACE('',(#4084),#133,.T.);
#4504=ADVANCED_FACE('',(#4085),#50,.T.);
#4505=ADVANCED_FACE('',(#4086),#51,.T.);
#4506=ADVANCED_FACE('',(#4087),#52,.T.);
#4507=ADVANCED_FACE('',(#4088),#134,.T.);
#4508=ADVANCED_FACE('',(#4089),#53,.T.);
#4509=ADVANCED_FACE('',(#4090),#54,.T.);
#4510=ADVANCED_FACE('',(#4091),#55,.T.);
#4511=ADVANCED_FACE('',(#4092),#135,.T.);
#4512=ADVANCED_FACE('',(#4093),#4236,.T.);
#4513=ADVANCED_FACE('',(#4094),#19,.T.);
#4514=ADVANCED_FACE('',(#4095),#4237,.T.);
#4515=ADVANCED_FACE('',(#4096),#136,.T.);
#4516=ADVANCED_FACE('',(#4097),#4238,.T.);
#4517=ADVANCED_FACE('',(#4098),#137,.T.);
#4518=ADVANCED_FACE('',(#4099),#138,.T.);
#4519=ADVANCED_FACE('',(#4100),#4239,.T.);
#4520=ADVANCED_FACE('',(#4101),#56,.T.);
#4521=ADVANCED_FACE('',(#4102),#57,.T.);
#4522=ADVANCED_FACE('',(#4103),#4240,.T.);
#4523=ADVANCED_FACE('',(#4104),#139,.T.);
#4524=ADVANCED_FACE('',(#4105),#4241,.T.);
#4525=ADVANCED_FACE('',(#4106),#140,.T.);
#4526=ADVANCED_FACE('',(#4107),#58,.T.);
#4527=ADVANCED_FACE('',(#4108),#59,.T.);
#4528=ADVANCED_FACE('',(#4109),#60,.T.);
#4529=ADVANCED_FACE('',(#4110),#141,.T.);
#4530=ADVANCED_FACE('',(#4111),#61,.T.);
#4531=ADVANCED_FACE('',(#4112),#62,.T.);
#4532=ADVANCED_FACE('',(#4113),#4242,.T.);
#4533=ADVANCED_FACE('',(#4114),#63,.T.);
#4534=ADVANCED_FACE('',(#4115,#4116),#4243,.F.);
#4535=ADVANCED_FACE('',(#4117,#4118),#4244,.F.);
#4536=ADVANCED_FACE('',(#4119,#4120),#78,.F.);
#4537=ADVANCED_FACE('',(#4121,#4122),#500,.F.);
#4538=ADVANCED_FACE('',(#4123,#4124),#79,.F.);
#4539=CLOSED_SHELL('',(#4245,#4246,#4247,#4248,#4249,#4250,#4251,#4252,
#4253,#4254,#4255,#4256,#4257,#4258,#4259,#4260,#4261,#4262,#4263,#4264,
#4265,#4266,#4267,#4268,#4269,#4270,#4271,#4272,#4273,#4274,#4275,#4276,
#4277,#4278,#4279,#4280,#4281,#4282,#4283,#4284,#4285,#4286,#4287,#4288,
#4289,#4290,#4291,#4292,#4293,#4294,#4295,#4296,#4297,#4298,#4299,#4300,
#4301,#4302,#4303,#4304,#4305,#4306,#4307,#4308,#4309,#4310,#4311,#4312,
#4313,#4314,#4315,#4316,#4317,#4318,#4319,#4320,#4321,#4322,#4323,#4324,
#4325,#4326,#4327,#4328,#4329,#4330,#4331,#4332,#4333,#4334,#4335,#4336,
#4337,#4338,#4339,#4340,#4341,#4342,#4343,#4344,#4345,#4346,#4347,#4348,
#4349,#4350,#4351,#4352,#4353,#4354,#4355,#4356,#4357,#4358,#4359,#4360,
#4361,#4362,#4363,#4364,#4365,#4366,#4367,#4368,#4369,#4370,#4371,#4372,
#4373,#4374,#4375,#4376,#4377,#4378,#4379,#4380,#4381,#4382,#4383,#4384,
#4385,#4386,#4387,#4388,#4389,#4390,#4391,#4392,#4393,#4394,#4395,#4396,
#4397,#4398,#4399,#4400,#4401,#4402,#4403,#4404,#4405,#4406,#4407,#4408,
#4409,#4410,#4411,#4412,#4413,#4414,#4415,#4416,#4417,#4418,#4419,#4420,
#4421,#4422,#4423,#4424,#4425,#4426,#4427,#4428,#4429,#4430,#4431,#4432,
#4433,#4434,#4435,#4436,#4437,#4438,#4439,#4440,#4441,#4442,#4443,#4444,
#4445,#4446,#4447,#4448,#4449,#4450,#4451,#4452,#4453,#4454,#4455,#4456,
#4457,#4458,#4459,#4460,#4461,#4462,#4463,#4464,#4465,#4466,#4467,#4468,
#4469,#4470,#4471,#4472,#4473,#4474,#4475,#4476,#4477,#4478,#4479,#4480,
#4481,#4482,#4483,#4484,#4485,#4486,#4487,#4488,#4489,#4490,#4491,#4492,
#4493,#4494,#4495,#4496,#4497,#4498,#4499,#4500,#4501,#4502,#4503,#4504,
#4505,#4506,#4507,#4508,#4509,#4510,#4511,#4512,#4513,#4514,#4515,#4516,
#4517,#4518,#4519,#4520,#4521,#4522,#4523,#4524,#4525,#4526,#4527,#4528,
#4529,#4530,#4531,#4532,#4533,#4534,#4535,#4536,#4537,#4538));
#4540=STYLED_ITEM('',(#4541),#4548);
#4541=PRESENTATION_STYLE_ASSIGNMENT((#4542));
#4542=SURFACE_STYLE_USAGE(.BOTH.,#4543);
#4543=SURFACE_SIDE_STYLE('',(#4544));
#4544=SURFACE_STYLE_FILL_AREA(#4545);
#4545=FILL_AREA_STYLE('',(#4546));
#4546=FILL_AREA_STYLE_COLOUR('',#4547);
#4547=COLOUR_RGB('',0.615686274509804,0.811764705882353,0.929411764705882);
#4548=MANIFOLD_SOLID_BREP('BasePlate',#4539);
#4549=SHAPE_DEFINITION_REPRESENTATION(#8825,#4551);
#4550=SHAPE_DEFINITION_REPRESENTATION(#8826,#4552);
#4551=SHAPE_REPRESENTATION('Base',(#4553,#5167),#8818);
#4552=SHAPE_REPRESENTATION('BasePlate',(#4553),#8819);
#4553=AXIS2_PLACEMENT_3D('',#6644,#5168,#5169);
#4554=AXIS2_PLACEMENT_3D('',#6645,#5170,#5171);
#4555=AXIS2_PLACEMENT_3D('',#6646,#5172,#5173);
#4556=AXIS2_PLACEMENT_3D('',#6657,#5176,#5177);
#4557=AXIS2_PLACEMENT_3D('',#6658,#5178,#5179);
#4558=AXIS2_PLACEMENT_3D('',#6660,#5180,#5181);
#4559=AXIS2_PLACEMENT_3D('',#6683,#5187,#5188);
#4560=AXIS2_PLACEMENT_3D('',#6691,#5190,#5191);
#4561=AXIS2_PLACEMENT_3D('',#6697,#5194,#5195);
#4562=AXIS2_PLACEMENT_3D('',#6701,#5197,#5198);
#4563=AXIS2_PLACEMENT_3D('',#6707,#5201,#5202);
#4564=AXIS2_PLACEMENT_3D('',#6718,#5205,#5206);
#4565=AXIS2_PLACEMENT_3D('',#6722,#5208,#5209);
#4566=AXIS2_PLACEMENT_3D('',#6726,#5211,#5212);
#4567=AXIS2_PLACEMENT_3D('',#6727,#5213,#5214);
#4568=AXIS2_PLACEMENT_3D('',#6737,#5219,#5220);
#4569=AXIS2_PLACEMENT_3D('',#6741,#5222,#5223);
#4570=AXIS2_PLACEMENT_3D('',#6749,#5227,#5228);
#4571=AXIS2_PLACEMENT_3D('',#6750,#5229,#5230);
#4572=AXIS2_PLACEMENT_3D('',#6759,#5235,#5236);
#4573=AXIS2_PLACEMENT_3D('',#6764,#5237,#5238);
#4574=AXIS2_PLACEMENT_3D('',#6765,#5239,#5240);
#4575=AXIS2_PLACEMENT_3D('',#6766,#5241,#5242);
#4576=AXIS2_PLACEMENT_3D('',#6767,#5243,#5244);
#4577=AXIS2_PLACEMENT_3D('',#6768,#5245,#5246);
#4578=AXIS2_PLACEMENT_3D('',#6777,#5251,#5252);
#4579=AXIS2_PLACEMENT_3D('',#6786,#5257,#5258);
#4580=AXIS2_PLACEMENT_3D('',#6790,#5260,#5261);
#4581=AXIS2_PLACEMENT_3D('',#6795,#5264,#5265);
#4582=AXIS2_PLACEMENT_3D('',#6799,#5267,#5268);
#4583=AXIS2_PLACEMENT_3D('',#6805,#5271,#5272);
#4584=AXIS2_PLACEMENT_3D('',#6815,#5277,#5278);
#4585=AXIS2_PLACEMENT_3D('',#6819,#5280,#5281);
#4586=AXIS2_PLACEMENT_3D('',#6820,#5282,#5283);
#4587=AXIS2_PLACEMENT_3D('',#6824,#5285,#5286);
#4588=AXIS2_PLACEMENT_3D('',#6828,#5288,#5289);
#4589=AXIS2_PLACEMENT_3D('',#6834,#5292,#5293);
#4590=AXIS2_PLACEMENT_3D('',#6837,#5295,#5296);
#4591=AXIS2_PLACEMENT_3D('',#6841,#5298,#5299);
#4592=AXIS2_PLACEMENT_3D('',#6845,#5301,#5302);
#4593=AXIS2_PLACEMENT_3D('',#6849,#5304,#5305);
#4594=AXIS2_PLACEMENT_3D('',#6859,#5310,#5311);
#4595=AXIS2_PLACEMENT_3D('',#6862,#5313,#5314);
#4596=AXIS2_PLACEMENT_3D('',#6868,#5317,#5318);
#4597=AXIS2_PLACEMENT_3D('',#6872,#5320,#5321);
#4598=AXIS2_PLACEMENT_3D('',#6879,#5325,#5326);
#4599=AXIS2_PLACEMENT_3D('',#6881,#5327,#5328);
#4600=AXIS2_PLACEMENT_3D('',#6883,#5329,#5330);
#4601=AXIS2_PLACEMENT_3D('',#6887,#5332,#5333);
#4602=AXIS2_PLACEMENT_3D('',#6892,#5336,#5337);
#4603=AXIS2_PLACEMENT_3D('',#6913,#5342,#5343);
#4604=AXIS2_PLACEMENT_3D('',#6924,#5349,#5350);
#4605=AXIS2_PLACEMENT_3D('',#6930,#5353,#5354);
#4606=AXIS2_PLACEMENT_3D('',#6934,#5356,#5357);
#4607=AXIS2_PLACEMENT_3D('',#6938,#5359,#5360);
#4608=AXIS2_PLACEMENT_3D('',#6942,#5362,#5363);
#4609=AXIS2_PLACEMENT_3D('',#6946,#5365,#5366);
#4610=AXIS2_PLACEMENT_3D('',#6950,#5368,#5369);
#4611=AXIS2_PLACEMENT_3D('',#6954,#5371,#5372);
#4612=AXIS2_PLACEMENT_3D('',#6955,#5373,#5374);
#4613=AXIS2_PLACEMENT_3D('',#6960,#5376,#5377);
#4614=AXIS2_PLACEMENT_3D('',#6963,#5379,#5380);
#4615=AXIS2_PLACEMENT_3D('',#6968,#5382,#5383);
#4616=AXIS2_PLACEMENT_3D('',#6971,#5385,#5386);
#4617=AXIS2_PLACEMENT_3D('',#6976,#5389,#5390);
#4618=AXIS2_PLACEMENT_3D('',#6980,#5392,#5393);
#4619=AXIS2_PLACEMENT_3D('',#6984,#5395,#5396);
#4620=AXIS2_PLACEMENT_3D('',#6988,#5398,#5399);
#4621=AXIS2_PLACEMENT_3D('',#6992,#5401,#5402);
#4622=AXIS2_PLACEMENT_3D('',#6996,#5404,#5405);
#4623=AXIS2_PLACEMENT_3D('',#7000,#5407,#5408);
#4624=AXIS2_PLACEMENT_3D('',#7006,#5411,#5412);
#4625=AXIS2_PLACEMENT_3D('',#7016,#5417,#5418);
#4626=AXIS2_PLACEMENT_3D('',#7020,#5420,#5421);
#4627=AXIS2_PLACEMENT_3D('',#7024,#5423,#5424);
#4628=AXIS2_PLACEMENT_3D('',#7028,#5426,#5427);
#4629=AXIS2_PLACEMENT_3D('',#7029,#5428,#5429);
#4630=AXIS2_PLACEMENT_3D('',#7038,#5434,#5435);
#4631=AXIS2_PLACEMENT_3D('',#7042,#5437,#5438);
#4632=AXIS2_PLACEMENT_3D('',#7048,#5441,#5442);
#4633=AXIS2_PLACEMENT_3D('',#7054,#5445,#5446);
#4634=AXIS2_PLACEMENT_3D('',#7055,#5447,#5448);
#4635=AXIS2_PLACEMENT_3D('',#7056,#5449,#5450);
#4636=AXIS2_PLACEMENT_3D('',#7066,#5452,#5453);
#4637=AXIS2_PLACEMENT_3D('',#7068,#5454,#5455);
#4638=AXIS2_PLACEMENT_3D('',#7074,#5456,#5457);
#4639=AXIS2_PLACEMENT_3D('',#7080,#5458,#5459);
#4640=AXIS2_PLACEMENT_3D('',#7100,#5460,#5461);
#4641=AXIS2_PLACEMENT_3D('',#7117,#5462,#5463);
#4642=AXIS2_PLACEMENT_3D('',#7122,#5464,#5465);
#4643=AXIS2_PLACEMENT_3D('',#7131,#5467,#5468);
#4644=AXIS2_PLACEMENT_3D('',#7138,#5469,#5470);
#4645=AXIS2_PLACEMENT_3D('',#7144,#5471,#5472);
#4646=AXIS2_PLACEMENT_3D('',#7145,#5473,#5474);
#4647=AXIS2_PLACEMENT_3D('',#7146,#5475,#5476);
#4648=AXIS2_PLACEMENT_3D('',#7155,#5480,#5481);
#4649=AXIS2_PLACEMENT_3D('',#7160,#5484,#5485);
#4650=AXIS2_PLACEMENT_3D('',#7166,#5488,#5489);
#4651=AXIS2_PLACEMENT_3D('',#7172,#5492,#5493);
#4652=AXIS2_PLACEMENT_3D('',#7175,#5495,#5496);
#4653=AXIS2_PLACEMENT_3D('',#7179,#5498,#5499);
#4654=AXIS2_PLACEMENT_3D('',#7184,#5502,#5503);
#4655=AXIS2_PLACEMENT_3D('',#7188,#5505,#5506);
#4656=AXIS2_PLACEMENT_3D('',#7193,#5509,#5510);
#4657=AXIS2_PLACEMENT_3D('',#7204,#5516,#5517);
#4658=AXIS2_PLACEMENT_3D('',#7215,#5523,#5524);
#4659=AXIS2_PLACEMENT_3D('',#7224,#5529,#5530);
#4660=AXIS2_PLACEMENT_3D('',#7233,#5535,#5536);
#4661=AXIS2_PLACEMENT_3D('',#7240,#5537,#5538);
#4662=AXIS2_PLACEMENT_3D('',#7241,#5539,#5540);
#4663=AXIS2_PLACEMENT_3D('',#7248,#5541,#5542);
#4664=AXIS2_PLACEMENT_3D('',#7249,#5543,#5544);
#4665=AXIS2_PLACEMENT_3D('',#7250,#5545,#5546);
#4666=AXIS2_PLACEMENT_3D('',#7251,#5547,#5548);
#4667=AXIS2_PLACEMENT_3D('',#7252,#5549,#5550);
#4668=AXIS2_PLACEMENT_3D('',#7253,#5551,#5552);
#4669=AXIS2_PLACEMENT_3D('',#7254,#5553,#5554);
#4670=AXIS2_PLACEMENT_3D('',#7255,#5555,#5556);
#4671=AXIS2_PLACEMENT_3D('',#7256,#5557,#5558);
#4672=AXIS2_PLACEMENT_3D('',#7257,#5559,#5560);
#4673=AXIS2_PLACEMENT_3D('',#7258,#5561,#5562);
#4674=AXIS2_PLACEMENT_3D('',#7259,#5563,#5564);
#4675=AXIS2_PLACEMENT_3D('',#7260,#5565,#5566);
#4676=AXIS2_PLACEMENT_3D('',#7261,#5567,#5568);
#4677=AXIS2_PLACEMENT_3D('',#7262,#5569,#5570);
#4678=AXIS2_PLACEMENT_3D('',#7264,#5571,#5572);
#4679=AXIS2_PLACEMENT_3D('',#7265,#5573,#5574);
#4680=AXIS2_PLACEMENT_3D('',#7266,#5575,#5576);
#4681=AXIS2_PLACEMENT_3D('',#7267,#5577,#5578);
#4682=AXIS2_PLACEMENT_3D('',#7269,#5579,#5580);
#4683=AXIS2_PLACEMENT_3D('',#7270,#5581,#5582);
#4684=AXIS2_PLACEMENT_3D('',#7271,#5583,#5584);
#4685=AXIS2_PLACEMENT_3D('',#7276,#5587,#5588);
#4686=AXIS2_PLACEMENT_3D('',#7284,#5592,#5593);
#4687=AXIS2_PLACEMENT_3D('',#7288,#5595,#5596);
#4688=AXIS2_PLACEMENT_3D('',#7291,#5598,#5599);
#4689=AXIS2_PLACEMENT_3D('',#7300,#5604,#5605);
#4690=AXIS2_PLACEMENT_3D('',#7306,#5607,#5608);
#4691=AXIS2_PLACEMENT_3D('',#7308,#5610,#5611);
#4692=AXIS2_PLACEMENT_3D('',#7313,#5612,#5613);
#4693=AXIS2_PLACEMENT_3D('',#7316,#5615,#5616);
#4694=AXIS2_PLACEMENT_3D('',#7318,#5618,#5619);
#4695=AXIS2_PLACEMENT_3D('',#7320,#5621,#5622);
#4696=AXIS2_PLACEMENT_3D('',#7322,#5624,#5625);
#4697=AXIS2_PLACEMENT_3D('',#7324,#5627,#5628);
#4698=AXIS2_PLACEMENT_3D('',#7325,#5629,#5630);
#4699=AXIS2_PLACEMENT_3D('',#7328,#5632,#5633);
#4700=AXIS2_PLACEMENT_3D('',#7335,#5637,#5638);
#4701=AXIS2_PLACEMENT_3D('',#7336,#5639,#5640);
#4702=AXIS2_PLACEMENT_3D('',#7341,#5643,#5644);
#4703=AXIS2_PLACEMENT_3D('',#7344,#5646,#5647);
#4704=AXIS2_PLACEMENT_3D('',#7345,#5648,#5649);
#4705=AXIS2_PLACEMENT_3D('',#7348,#5650,#5651);
#4706=AXIS2_PLACEMENT_3D('',#7349,#5652,#5653);
#4707=AXIS2_PLACEMENT_3D('',#7354,#5656,#5657);
#4708=AXIS2_PLACEMENT_3D('',#7355,#5658,#5659);
#4709=AXIS2_PLACEMENT_3D('',#7356,#5660,#5661);
#4710=AXIS2_PLACEMENT_3D('',#7357,#5662,#5663);
#4711=AXIS2_PLACEMENT_3D('',#7358,#5664,#5665);
#4712=AXIS2_PLACEMENT_3D('',#7359,#5666,#5667);
#4713=AXIS2_PLACEMENT_3D('',#7360,#5668,#5669);
#4714=AXIS2_PLACEMENT_3D('',#7361,#5670,#5671);
#4715=AXIS2_PLACEMENT_3D('',#7362,#5672,#5673);
#4716=AXIS2_PLACEMENT_3D('',#7363,#5674,#5675);
#4717=AXIS2_PLACEMENT_3D('',#7364,#5676,#5677);
#4718=AXIS2_PLACEMENT_3D('',#7365,#5678,#5679);
#4719=AXIS2_PLACEMENT_3D('',#7366,#5680,#5681);
#4720=AXIS2_PLACEMENT_3D('',#7367,#5682,#5683);
#4721=AXIS2_PLACEMENT_3D('',#7377,#5688,#5689);
#4722=AXIS2_PLACEMENT_3D('',#7380,#5691,#5692);
#4723=AXIS2_PLACEMENT_3D('',#7390,#5697,#5698);
#4724=AXIS2_PLACEMENT_3D('',#7393,#5700,#5701);
#4725=AXIS2_PLACEMENT_3D('',#7402,#5706,#5707);
#4726=AXIS2_PLACEMENT_3D('',#7412,#5712,#5713);
#4727=AXIS2_PLACEMENT_3D('',#7415,#5715,#5716);
#4728=AXIS2_PLACEMENT_3D('',#7425,#5721,#5722);
#4729=AXIS2_PLACEMENT_3D('',#7428,#5724,#5725);
#4730=AXIS2_PLACEMENT_3D('',#7437,#5730,#5731);
#4731=AXIS2_PLACEMENT_3D('',#7438,#5732,#5733);
#4732=AXIS2_PLACEMENT_3D('',#7439,#5734,#5735);
#4733=AXIS2_PLACEMENT_3D('',#7440,#5736,#5737);
#4734=AXIS2_PLACEMENT_3D('',#7441,#5738,#5739);
#4735=AXIS2_PLACEMENT_3D('',#7442,#5740,#5741);
#4736=AXIS2_PLACEMENT_3D('',#7443,#5742,#5743);
#4737=AXIS2_PLACEMENT_3D('',#7444,#5744,#5745);
#4738=AXIS2_PLACEMENT_3D('',#7445,#5746,#5747);
#4739=AXIS2_PLACEMENT_3D('',#7446,#5748,#5749);
#4740=AXIS2_PLACEMENT_3D('',#7447,#5750,#5751);
#4741=AXIS2_PLACEMENT_3D('',#7448,#5752,#5753);
#4742=AXIS2_PLACEMENT_3D('',#7449,#5754,#5755);
#4743=AXIS2_PLACEMENT_3D('',#7450,#5756,#5757);
#4744=AXIS2_PLACEMENT_3D('',#7451,#5758,#5759);
#4745=AXIS2_PLACEMENT_3D('',#7452,#5760,#5761);
#4746=AXIS2_PLACEMENT_3D('',#7453,#5762,#5763);
#4747=AXIS2_PLACEMENT_3D('',#7454,#5764,#5765);
#4748=AXIS2_PLACEMENT_3D('',#7455,#5766,#5767);
#4749=AXIS2_PLACEMENT_3D('',#7459,#5769,#5770);
#4750=AXIS2_PLACEMENT_3D('',#7467,#5774,#5775);
#4751=AXIS2_PLACEMENT_3D('',#7468,#5776,#5777);
#4752=AXIS2_PLACEMENT_3D('',#7472,#5779,#5780);
#4753=AXIS2_PLACEMENT_3D('',#7476,#5782,#5783);
#4754=AXIS2_PLACEMENT_3D('',#7481,#5786,#5787);
#4755=AXIS2_PLACEMENT_3D('',#7482,#5788,#5789);
#4756=AXIS2_PLACEMENT_3D('',#7483,#5790,#5791);
#4757=AXIS2_PLACEMENT_3D('',#7484,#5792,#5793);
#4758=AXIS2_PLACEMENT_3D('',#7485,#5794,#5795);
#4759=AXIS2_PLACEMENT_3D('',#7486,#5796,#5797);
#4760=AXIS2_PLACEMENT_3D('',#7487,#5798,#5799);
#4761=AXIS2_PLACEMENT_3D('',#7488,#5800,#5801);
#4762=AXIS2_PLACEMENT_3D('',#7489,#5802,#5803);
#4763=AXIS2_PLACEMENT_3D('',#7490,#5804,#5805);
#4764=AXIS2_PLACEMENT_3D('',#7491,#5806,#5807);
#4765=AXIS2_PLACEMENT_3D('',#7492,#5808,#5809);
#4766=AXIS2_PLACEMENT_3D('',#7493,#5810,#5811);
#4767=AXIS2_PLACEMENT_3D('',#7494,#5812,#5813);
#4768=AXIS2_PLACEMENT_3D('',#7495,#5814,#5815);
#4769=AXIS2_PLACEMENT_3D('',#7496,#5816,#5817);
#4770=AXIS2_PLACEMENT_3D('',#7497,#5818,#5819);
#4771=AXIS2_PLACEMENT_3D('',#7498,#5820,#5821);
#4772=AXIS2_PLACEMENT_3D('',#7514,#5822,#5823);
#4773=AXIS2_PLACEMENT_3D('',#7515,#5824,#5825);
#4774=AXIS2_PLACEMENT_3D('',#7516,#5826,#5827);
#4775=AXIS2_PLACEMENT_3D('',#7517,#5828,#5829);
#4776=AXIS2_PLACEMENT_3D('',#7518,#5830,#5831);
#4777=AXIS2_PLACEMENT_3D('',#7519,#5832,#5833);
#4778=AXIS2_PLACEMENT_3D('',#7520,#5834,#5835);
#4779=AXIS2_PLACEMENT_3D('',#7521,#5836,#5837);
#4780=AXIS2_PLACEMENT_3D('',#7522,#5838,#5839);
#4781=AXIS2_PLACEMENT_3D('',#7523,#5840,#5841);
#4782=AXIS2_PLACEMENT_3D('',#7524,#5842,#5843);
#4783=AXIS2_PLACEMENT_3D('',#7525,#5844,#5845);
#4784=AXIS2_PLACEMENT_3D('',#7526,#5846,#5847);
#4785=AXIS2_PLACEMENT_3D('',#7527,#5848,#5849);
#4786=AXIS2_PLACEMENT_3D('',#7528,#5850,#5851);
#4787=AXIS2_PLACEMENT_3D('',#7529,#5852,#5853);
#4788=AXIS2_PLACEMENT_3D('',#7530,#5854,#5855);
#4789=AXIS2_PLACEMENT_3D('',#7531,#5856,#5857);
#4790=AXIS2_PLACEMENT_3D('',#7568,#5858,#5859);
#4791=AXIS2_PLACEMENT_3D('',#7569,#5860,#5861);
#4792=AXIS2_PLACEMENT_3D('',#7570,#5862,#5863);
#4793=AXIS2_PLACEMENT_3D('',#7571,#5864,#5865);
#4794=AXIS2_PLACEMENT_3D('',#7572,#5866,#5867);
#4795=AXIS2_PLACEMENT_3D('',#7573,#5868,#5869);
#4796=AXIS2_PLACEMENT_3D('',#7574,#5870,#5871);
#4797=AXIS2_PLACEMENT_3D('',#7575,#5872,#5873);
#4798=AXIS2_PLACEMENT_3D('',#7576,#5874,#5875);
#4799=AXIS2_PLACEMENT_3D('',#7577,#5876,#5877);
#4800=AXIS2_PLACEMENT_3D('',#7578,#5878,#5879);
#4801=AXIS2_PLACEMENT_3D('',#7579,#5880,#5881);
#4802=AXIS2_PLACEMENT_3D('',#7580,#5882,#5883);
#4803=AXIS2_PLACEMENT_3D('',#7581,#5884,#5885);
#4804=AXIS2_PLACEMENT_3D('',#7582,#5886,#5887);
#4805=AXIS2_PLACEMENT_3D('',#7604,#5888,#5889);
#4806=AXIS2_PLACEMENT_3D('',#7605,#5890,#5891);
#4807=AXIS2_PLACEMENT_3D('',#7606,#5892,#5893);
#4808=AXIS2_PLACEMENT_3D('',#7607,#5894,#5895);
#4809=AXIS2_PLACEMENT_3D('',#7608,#5896,#5897);
#4810=AXIS2_PLACEMENT_3D('',#7609,#5898,#5899);
#4811=AXIS2_PLACEMENT_3D('',#7610,#5900,#5901);
#4812=AXIS2_PLACEMENT_3D('',#7611,#5902,#5903);
#4813=AXIS2_PLACEMENT_3D('',#7612,#5904,#5905);
#4814=AXIS2_PLACEMENT_3D('',#7613,#5906,#5907);
#4815=AXIS2_PLACEMENT_3D('',#7614,#5908,#5909);
#4816=AXIS2_PLACEMENT_3D('',#7636,#5910,#5911);
#4817=AXIS2_PLACEMENT_3D('',#7637,#5912,#5913);
#4818=AXIS2_PLACEMENT_3D('',#7638,#5914,#5915);
#4819=AXIS2_PLACEMENT_3D('',#7639,#5916,#5917);
#4820=AXIS2_PLACEMENT_3D('',#7640,#5918,#5919);
#4821=AXIS2_PLACEMENT_3D('',#7641,#5920,#5921);
#4822=AXIS2_PLACEMENT_3D('',#7642,#5922,#5923);
#4823=AXIS2_PLACEMENT_3D('',#7643,#5924,#5925);
#4824=AXIS2_PLACEMENT_3D('',#7644,#5926,#5927);
#4825=AXIS2_PLACEMENT_3D('',#7645,#5928,#5929);
#4826=AXIS2_PLACEMENT_3D('',#7646,#5930,#5931);
#4827=AXIS2_PLACEMENT_3D('',#7668,#5932,#5933);
#4828=AXIS2_PLACEMENT_3D('',#7669,#5934,#5935);
#4829=AXIS2_PLACEMENT_3D('',#7672,#5936,#5937);
#4830=AXIS2_PLACEMENT_3D('',#7673,#5938,#5939);
#4831=AXIS2_PLACEMENT_3D('',#7674,#5940,#5941);
#4832=AXIS2_PLACEMENT_3D('',#7679,#5944,#5945);
#4833=AXIS2_PLACEMENT_3D('',#7680,#5946,#5947);
#4834=AXIS2_PLACEMENT_3D('',#7681,#5948,#5949);
#4835=AXIS2_PLACEMENT_3D('',#7682,#5950,#5951);
#4836=AXIS2_PLACEMENT_3D('',#7685,#5952,#5953);
#4837=AXIS2_PLACEMENT_3D('',#7686,#5954,#5955);
#4838=AXIS2_PLACEMENT_3D('',#7687,#5956,#5957);
#4839=AXIS2_PLACEMENT_3D('',#7692,#5960,#5961);
#4840=AXIS2_PLACEMENT_3D('',#7693,#5962,#5963);
#4841=AXIS2_PLACEMENT_3D('',#7694,#5964,#5965);
#4842=AXIS2_PLACEMENT_3D('',#7695,#5966,#5967);
#4843=AXIS2_PLACEMENT_3D('',#7699,#5969,#5970);
#4844=AXIS2_PLACEMENT_3D('',#7700,#5971,#5972);
#4845=AXIS2_PLACEMENT_3D('',#7701,#5973,#5974);
#4846=AXIS2_PLACEMENT_3D('',#7703,#5975,#5976);
#4847=AXIS2_PLACEMENT_3D('',#7704,#5977,#5978);
#4848=AXIS2_PLACEMENT_3D('',#7705,#5979,#5980);
#4849=AXIS2_PLACEMENT_3D('',#7707,#5981,#5982);
#4850=AXIS2_PLACEMENT_3D('',#7708,#5983,#5984);
#4851=AXIS2_PLACEMENT_3D('',#7710,#5986,#5987);
#4852=AXIS2_PLACEMENT_3D('',#7711,#5988,#5989);
#4853=AXIS2_PLACEMENT_3D('',#7715,#5991,#5992);
#4854=AXIS2_PLACEMENT_3D('',#7716,#5993,#5994);
#4855=AXIS2_PLACEMENT_3D('',#7717,#5995,#5996);
#4856=AXIS2_PLACEMENT_3D('',#7719,#5997,#5998);
#4857=AXIS2_PLACEMENT_3D('',#7720,#5999,#6000);
#4858=AXIS2_PLACEMENT_3D('',#7721,#6001,#6002);
#4859=AXIS2_PLACEMENT_3D('',#7723,#6003,#6004);
#4860=AXIS2_PLACEMENT_3D('',#7724,#6005,#6006);
#4861=AXIS2_PLACEMENT_3D('',#7726,#6008,#6009);
#4862=AXIS2_PLACEMENT_3D('',#7727,#6010,#6011);
#4863=AXIS2_PLACEMENT_3D('',#7728,#6012,#6013);
#4864=AXIS2_PLACEMENT_3D('',#7729,#6014,#6015);
#4865=AXIS2_PLACEMENT_3D('',#7730,#6016,#6017);
#4866=AXIS2_PLACEMENT_3D('',#7731,#6018,#6019);
#4867=AXIS2_PLACEMENT_3D('',#7732,#6020,#6021);
#4868=AXIS2_PLACEMENT_3D('',#7733,#6022,#6023);
#4869=AXIS2_PLACEMENT_3D('',#7734,#6024,#6025);
#4870=AXIS2_PLACEMENT_3D('',#7735,#6026,#6027);
#4871=AXIS2_PLACEMENT_3D('',#7736,#6028,#6029);
#4872=AXIS2_PLACEMENT_3D('',#7737,#6030,#6031);
#4873=AXIS2_PLACEMENT_3D('',#7738,#6032,#6033);
#4874=AXIS2_PLACEMENT_3D('',#7739,#6034,#6035);
#4875=AXIS2_PLACEMENT_3D('',#7740,#6036,#6037);
#4876=AXIS2_PLACEMENT_3D('',#7741,#6038,#6039);
#4877=AXIS2_PLACEMENT_3D('',#7742,#6040,#6041);
#4878=AXIS2_PLACEMENT_3D('',#7743,#6042,#6043);
#4879=AXIS2_PLACEMENT_3D('',#7748,#6045,#6046);
#4880=AXIS2_PLACEMENT_3D('',#7751,#6048,#6049);
#4881=AXIS2_PLACEMENT_3D('',#7752,#6050,#6051);
#4882=AXIS2_PLACEMENT_3D('',#7753,#6052,#6053);
#4883=AXIS2_PLACEMENT_3D('',#7754,#6054,#6055);
#4884=AXIS2_PLACEMENT_3D('',#7755,#6056,#6057);
#4885=AXIS2_PLACEMENT_3D('',#7756,#6058,#6059);
#4886=AXIS2_PLACEMENT_3D('',#7761,#6061,#6062);
#4887=AXIS2_PLACEMENT_3D('',#7764,#6064,#6065);
#4888=AXIS2_PLACEMENT_3D('',#7765,#6066,#6067);
#4889=AXIS2_PLACEMENT_3D('',#7766,#6068,#6069);
#4890=AXIS2_PLACEMENT_3D('',#7767,#6070,#6071);
#4891=AXIS2_PLACEMENT_3D('',#7768,#6072,#6073);
#4892=AXIS2_PLACEMENT_3D('',#7769,#6074,#6075);
#4893=AXIS2_PLACEMENT_3D('',#7773,#6077,#6078);
#4894=AXIS2_PLACEMENT_3D('',#7774,#6079,#6080);
#4895=AXIS2_PLACEMENT_3D('',#7775,#6081,#6082);
#4896=AXIS2_PLACEMENT_3D('',#7777,#6083,#6084);
#4897=AXIS2_PLACEMENT_3D('',#7778,#6085,#6086);
#4898=AXIS2_PLACEMENT_3D('',#7779,#6087,#6088);
#4899=AXIS2_PLACEMENT_3D('',#7781,#6089,#6090);
#4900=AXIS2_PLACEMENT_3D('',#7782,#6091,#6092);
#4901=AXIS2_PLACEMENT_3D('',#7784,#6094,#6095);
#4902=AXIS2_PLACEMENT_3D('',#7785,#6096,#6097);
#4903=AXIS2_PLACEMENT_3D('',#7789,#6099,#6100);
#4904=AXIS2_PLACEMENT_3D('',#7790,#6101,#6102);
#4905=AXIS2_PLACEMENT_3D('',#7791,#6103,#6104);
#4906=AXIS2_PLACEMENT_3D('',#7793,#6105,#6106);
#4907=AXIS2_PLACEMENT_3D('',#7794,#6107,#6108);
#4908=AXIS2_PLACEMENT_3D('',#7795,#6109,#6110);
#4909=AXIS2_PLACEMENT_3D('',#7797,#6111,#6112);
#4910=AXIS2_PLACEMENT_3D('',#7798,#6113,#6114);
#4911=AXIS2_PLACEMENT_3D('',#7800,#6116,#6117);
#4912=AXIS2_PLACEMENT_3D('',#7801,#6118,#6119);
#4913=AXIS2_PLACEMENT_3D('',#7802,#6120,#6121);
#4914=AXIS2_PLACEMENT_3D('',#7803,#6122,#6123);
#4915=AXIS2_PLACEMENT_3D('',#7804,#6124,#6125);
#4916=AXIS2_PLACEMENT_3D('',#7805,#6126,#6127);
#4917=AXIS2_PLACEMENT_3D('',#7806,#6128,#6129);
#4918=AXIS2_PLACEMENT_3D('',#7807,#6130,#6131);
#4919=AXIS2_PLACEMENT_3D('',#7808,#6132,#6133);
#4920=AXIS2_PLACEMENT_3D('',#7809,#6134,#6135);
#4921=AXIS2_PLACEMENT_3D('',#7810,#6136,#6137);
#4922=AXIS2_PLACEMENT_3D('',#7811,#6138,#6139);
#4923=AXIS2_PLACEMENT_3D('',#7812,#6140,#6141);
#4924=AXIS2_PLACEMENT_3D('',#7813,#6142,#6143);
#4925=AXIS2_PLACEMENT_3D('',#7814,#6144,#6145);
#4926=AXIS2_PLACEMENT_3D('',#7815,#6146,#6147);
#4927=AXIS2_PLACEMENT_3D('',#7816,#6148,#6149);
#4928=AXIS2_PLACEMENT_3D('',#7821,#6150,#6151);
#4929=AXIS2_PLACEMENT_3D('',#7822,#6152,#6153);
#4930=AXIS2_PLACEMENT_3D('',#7828,#6154,#6155);
#4931=AXIS2_PLACEMENT_3D('',#7829,#6156,#6157);
#4932=AXIS2_PLACEMENT_3D('',#7830,#6158,#6159);
#4933=AXIS2_PLACEMENT_3D('',#7835,#6160,#6161);
#4934=AXIS2_PLACEMENT_3D('',#7836,#6162,#6163);
#4935=AXIS2_PLACEMENT_3D('',#7837,#6164,#6165);
#4936=AXIS2_PLACEMENT_3D('',#7843,#6166,#6167);
#4937=AXIS2_PLACEMENT_3D('',#7844,#6168,#6169);
#4938=AXIS2_PLACEMENT_3D('',#7849,#6170,#6171);
#4939=AXIS2_PLACEMENT_3D('',#7854,#6172,#6173);
#4940=AXIS2_PLACEMENT_3D('',#7855,#6174,#6175);
#4941=AXIS2_PLACEMENT_3D('',#7877,#6181,#6182);
#4942=AXIS2_PLACEMENT_3D('',#7887,#6187,#6188);
#4943=AXIS2_PLACEMENT_3D('',#7917,#6190,#6191);
#4944=AXIS2_PLACEMENT_3D('',#7949,#6192,#6193);
#4945=AXIS2_PLACEMENT_3D('',#7950,#6194,#6195);
#4946=AXIS2_PLACEMENT_3D('',#7951,#6196,#6197);
#4947=AXIS2_PLACEMENT_3D('',#7964,#6198,#6199);
#4948=AXIS2_PLACEMENT_3D('',#7966,#6200,#6201);
#4949=AXIS2_PLACEMENT_3D('',#7979,#6202,#6203);
#4950=AXIS2_PLACEMENT_3D('',#7980,#6204,#6205);
#4951=AXIS2_PLACEMENT_3D('',#7981,#6206,#6207);
#4952=AXIS2_PLACEMENT_3D('',#7999,#6208,#6209);
#4953=AXIS2_PLACEMENT_3D('',#8031,#6210,#6211);
#4954=AXIS2_PLACEMENT_3D('',#8032,#6212,#6213);
#4955=AXIS2_PLACEMENT_3D('',#8033,#6214,#6215);
#4956=AXIS2_PLACEMENT_3D('',#8046,#6216,#6217);
#4957=AXIS2_PLACEMENT_3D('',#8048,#6218,#6219);
#4958=AXIS2_PLACEMENT_3D('',#8061,#6220,#6221);
#4959=AXIS2_PLACEMENT_3D('',#8062,#6222,#6223);
#4960=AXIS2_PLACEMENT_3D('',#8063,#6224,#6225);
#4961=AXIS2_PLACEMENT_3D('',#8064,#6226,#6227);
#4962=AXIS2_PLACEMENT_3D('',#8065,#6228,#6229);
#4963=AXIS2_PLACEMENT_3D('',#8066,#6230,#6231);
#4964=AXIS2_PLACEMENT_3D('',#8067,#6232,#6233);
#4965=AXIS2_PLACEMENT_3D('',#8068,#6234,#6235);
#4966=AXIS2_PLACEMENT_3D('',#8089,#6236,#6237);
#4967=AXIS2_PLACEMENT_3D('',#8090,#6238,#6239);
#4968=AXIS2_PLACEMENT_3D('',#8091,#6240,#6241);
#4969=AXIS2_PLACEMENT_3D('',#8092,#6242,#6243);
#4970=AXIS2_PLACEMENT_3D('',#8093,#6244,#6245);
#4971=AXIS2_PLACEMENT_3D('',#8094,#6246,#6247);
#4972=AXIS2_PLACEMENT_3D('',#8095,#6248,#6249);
#4973=AXIS2_PLACEMENT_3D('',#8096,#6250,#6251);
#4974=AXIS2_PLACEMENT_3D('',#8097,#6252,#6253);
#4975=AXIS2_PLACEMENT_3D('',#8098,#6254,#6255);
#4976=AXIS2_PLACEMENT_3D('',#8104,#6256,#6257);
#4977=AXIS2_PLACEMENT_3D('',#8120,#6258,#6259);
#4978=AXIS2_PLACEMENT_3D('',#8121,#6260,#6261);
#4979=AXIS2_PLACEMENT_3D('',#8122,#6262,#6263);
#4980=AXIS2_PLACEMENT_3D('',#8123,#6264,#6265);
#4981=AXIS2_PLACEMENT_3D('',#8126,#6267,#6268);
#4982=AXIS2_PLACEMENT_3D('',#8127,#6269,#6270);
#4983=AXIS2_PLACEMENT_3D('',#8128,#6271,#6272);
#4984=AXIS2_PLACEMENT_3D('',#8129,#6273,#6274);
#4985=AXIS2_PLACEMENT_3D('',#8132,#6276,#6277);
#4986=AXIS2_PLACEMENT_3D('',#8133,#6278,#6279);
#4987=AXIS2_PLACEMENT_3D('',#8134,#6280,#6281);
#4988=AXIS2_PLACEMENT_3D('',#8135,#6282,#6283);
#4989=AXIS2_PLACEMENT_3D('',#8136,#6284,#6285);
#4990=AXIS2_PLACEMENT_3D('',#8165,#6286,#6287);
#4991=AXIS2_PLACEMENT_3D('',#8184,#6288,#6289);
#4992=AXIS2_PLACEMENT_3D('',#8185,#6290,#6291);
#4993=AXIS2_PLACEMENT_3D('',#8186,#6292,#6293);
#4994=AXIS2_PLACEMENT_3D('',#8192,#6294,#6295);
#4995=AXIS2_PLACEMENT_3D('',#8200,#6296,#6297);
#4996=AXIS2_PLACEMENT_3D('',#8217,#6298,#6299);
#4997=AXIS2_PLACEMENT_3D('',#8218,#6300,#6301);
#4998=AXIS2_PLACEMENT_3D('',#8224,#6302,#6303);
#4999=AXIS2_PLACEMENT_3D('',#8248,#6304,#6305);
#5000=AXIS2_PLACEMENT_3D('',#8252,#6307,#6308);
#5001=AXIS2_PLACEMENT_3D('',#8253,#6309,#6310);
#5002=AXIS2_PLACEMENT_3D('',#8254,#6311,#6312);
#5003=AXIS2_PLACEMENT_3D('',#8255,#6313,#6314);
#5004=AXIS2_PLACEMENT_3D('',#8259,#6316,#6317);
#5005=AXIS2_PLACEMENT_3D('',#8260,#6318,#6319);
#5006=AXIS2_PLACEMENT_3D('',#8261,#6320,#6321);
#5007=AXIS2_PLACEMENT_3D('',#8262,#6322,#6323);
#5008=AXIS2_PLACEMENT_3D('',#8263,#6324,#6325);
#5009=AXIS2_PLACEMENT_3D('',#8264,#6326,#6327);
#5010=AXIS2_PLACEMENT_3D('',#8265,#6328,#6329);
#5011=AXIS2_PLACEMENT_3D('',#8266,#6330,#6331);
#5012=AXIS2_PLACEMENT_3D('',#8267,#6332,#6333);
#5013=AXIS2_PLACEMENT_3D('',#8283,#6334,#6335);
#5014=AXIS2_PLACEMENT_3D('',#8284,#6336,#6337);
#5015=AXIS2_PLACEMENT_3D('',#8290,#6338,#6339);
#5016=AXIS2_PLACEMENT_3D('',#8306,#6340,#6341);
#5017=AXIS2_PLACEMENT_3D('',#8330,#6342,#6343);
#5018=AXIS2_PLACEMENT_3D('',#8331,#6344,#6345);
#5019=AXIS2_PLACEMENT_3D('',#8332,#6346,#6347);
#5020=AXIS2_PLACEMENT_3D('',#8333,#6348,#6349);
#5021=AXIS2_PLACEMENT_3D('',#8334,#6350,#6351);
#5022=AXIS2_PLACEMENT_3D('',#8335,#6352,#6353);
#5023=AXIS2_PLACEMENT_3D('',#8336,#6354,#6355);
#5024=AXIS2_PLACEMENT_3D('',#8337,#6356,#6357);
#5025=AXIS2_PLACEMENT_3D('',#8338,#6358,#6359);
#5026=AXIS2_PLACEMENT_3D('',#8339,#6360,#6361);
#5027=AXIS2_PLACEMENT_3D('',#8340,#6362,#6363);
#5028=AXIS2_PLACEMENT_3D('',#8341,#6364,#6365);
#5029=AXIS2_PLACEMENT_3D('',#8342,#6366,#6367);
#5030=AXIS2_PLACEMENT_3D('',#8343,#6368,#6369);
#5031=AXIS2_PLACEMENT_3D('',#8344,#6370,#6371);
#5032=AXIS2_PLACEMENT_3D('',#8345,#6372,#6373);
#5033=AXIS2_PLACEMENT_3D('',#8346,#6374,#6375);
#5034=AXIS2_PLACEMENT_3D('',#8347,#6376,#6377);
#5035=AXIS2_PLACEMENT_3D('',#8348,#6378,#6379);
#5036=AXIS2_PLACEMENT_3D('',#8349,#6380,#6381);
#5037=AXIS2_PLACEMENT_3D('',#8350,#6382,#6383);
#5038=AXIS2_PLACEMENT_3D('',#8351,#6384,#6385);
#5039=AXIS2_PLACEMENT_3D('',#8352,#6386,#6387);
#5040=AXIS2_PLACEMENT_3D('',#8353,#6388,#6389);
#5041=AXIS2_PLACEMENT_3D('',#8354,#6390,#6391);
#5042=AXIS2_PLACEMENT_3D('',#8355,#6392,#6393);
#5043=AXIS2_PLACEMENT_3D('',#8356,#6394,#6395);
#5044=AXIS2_PLACEMENT_3D('',#8357,#6396,#6397);
#5045=AXIS2_PLACEMENT_3D('',#8358,#6398,#6399);
#5046=AXIS2_PLACEMENT_3D('',#8359,#6400,#6401);
#5047=AXIS2_PLACEMENT_3D('',#8360,#6402,#6403);
#5048=AXIS2_PLACEMENT_3D('',#8361,#6404,#6405);
#5049=AXIS2_PLACEMENT_3D('',#8362,#6406,#6407);
#5050=AXIS2_PLACEMENT_3D('',#8363,#6408,#6409);
#5051=AXIS2_PLACEMENT_3D('',#8364,#6410,#6411);
#5052=AXIS2_PLACEMENT_3D('',#8365,#6412,#6413);
#5053=AXIS2_PLACEMENT_3D('',#8366,#6414,#6415);
#5054=AXIS2_PLACEMENT_3D('',#8367,#6416,#6417);
#5055=AXIS2_PLACEMENT_3D('',#8368,#6418,#6419);
#5056=AXIS2_PLACEMENT_3D('',#8369,#6420,#6421);
#5057=AXIS2_PLACEMENT_3D('',#8370,#6422,#6423);
#5058=AXIS2_PLACEMENT_3D('',#8371,#6424,#6425);
#5059=AXIS2_PLACEMENT_3D('',#8372,#6426,#6427);
#5060=AXIS2_PLACEMENT_3D('',#8373,#6428,#6429);
#5061=AXIS2_PLACEMENT_3D('',#8374,#6430,#6431);
#5062=AXIS2_PLACEMENT_3D('',#8375,#6432,#6433);
#5063=AXIS2_PLACEMENT_3D('',#8376,#6434,#6435);
#5064=AXIS2_PLACEMENT_3D('',#8377,#6436,#6437);
#5065=AXIS2_PLACEMENT_3D('',#8378,#6438,#6439);
#5066=AXIS2_PLACEMENT_3D('',#8379,#6440,#6441);
#5067=AXIS2_PLACEMENT_3D('',#8380,#6442,#6443);
#5068=AXIS2_PLACEMENT_3D('',#8381,#6444,#6445);
#5069=AXIS2_PLACEMENT_3D('',#8382,#6446,#6447);
#5070=AXIS2_PLACEMENT_3D('',#8383,#6448,#6449);
#5071=AXIS2_PLACEMENT_3D('',#8384,#6450,#6451);
#5072=AXIS2_PLACEMENT_3D('',#8385,#6452,#6453);
#5073=AXIS2_PLACEMENT_3D('',#8386,#6454,#6455);
#5074=AXIS2_PLACEMENT_3D('',#8387,#6456,#6457);
#5075=AXIS2_PLACEMENT_3D('',#8388,#6458,#6459);
#5076=AXIS2_PLACEMENT_3D('',#8389,#6460,#6461);
#5077=AXIS2_PLACEMENT_3D('',#8390,#6462,#6463);
#5078=AXIS2_PLACEMENT_3D('',#8391,#6464,#6465);
#5079=AXIS2_PLACEMENT_3D('',#8393,#6466,#6467);
#5080=AXIS2_PLACEMENT_3D('',#8394,#6468,#6469);
#5081=AXIS2_PLACEMENT_3D('',#8417,#6470,#6471);
#5082=AXIS2_PLACEMENT_3D('',#8419,#6472,#6473);
#5083=AXIS2_PLACEMENT_3D('',#8439,#6474,#6475);
#5084=AXIS2_PLACEMENT_3D('',#8440,#6476,#6477);
#5085=AXIS2_PLACEMENT_3D('',#8456,#6478,#6479);
#5086=AXIS2_PLACEMENT_3D('',#8457,#6480,#6481);
#5087=AXIS2_PLACEMENT_3D('',#8476,#6482,#6483);
#5088=AXIS2_PLACEMENT_3D('',#8477,#6484,#6485);
#5089=AXIS2_PLACEMENT_3D('',#8478,#6486,#6487);
#5090=AXIS2_PLACEMENT_3D('',#8479,#6488,#6489);
#5091=AXIS2_PLACEMENT_3D('',#8480,#6490,#6491);
#5092=AXIS2_PLACEMENT_3D('',#8481,#6492,#6493);
#5093=AXIS2_PLACEMENT_3D('',#8482,#6494,#6495);
#5094=AXIS2_PLACEMENT_3D('',#8483,#6496,#6497);
#5095=AXIS2_PLACEMENT_3D('',#8484,#6498,#6499);
#5096=AXIS2_PLACEMENT_3D('',#8485,#6500,#6501);
#5097=AXIS2_PLACEMENT_3D('',#8486,#6502,#6503);
#5098=AXIS2_PLACEMENT_3D('',#8487,#6504,#6505);
#5099=AXIS2_PLACEMENT_3D('',#8488,#6506,#6507);
#5100=AXIS2_PLACEMENT_3D('',#8489,#6508,#6509);
#5101=AXIS2_PLACEMENT_3D('',#8490,#6510,#6511);
#5102=AXIS2_PLACEMENT_3D('',#8491,#6512,#6513);
#5103=AXIS2_PLACEMENT_3D('',#8492,#6514,#6515);
#5104=AXIS2_PLACEMENT_3D('',#8494,#6516,#6517);
#5105=AXIS2_PLACEMENT_3D('',#8495,#6518,#6519);
#5106=AXIS2_PLACEMENT_3D('',#8512,#6520,#6521);
#5107=AXIS2_PLACEMENT_3D('',#8514,#6522,#6523);
#5108=AXIS2_PLACEMENT_3D('',#8546,#6524,#6525);
#5109=AXIS2_PLACEMENT_3D('',#8547,#6526,#6527);
#5110=AXIS2_PLACEMENT_3D('',#8548,#6528,#6529);
#5111=AXIS2_PLACEMENT_3D('',#8549,#6530,#6531);
#5112=AXIS2_PLACEMENT_3D('',#8550,#6532,#6533);
#5113=AXIS2_PLACEMENT_3D('',#8551,#6534,#6535);
#5114=AXIS2_PLACEMENT_3D('',#8552,#6536,#6537);
#5115=AXIS2_PLACEMENT_3D('',#8553,#6538,#6539);
#5116=AXIS2_PLACEMENT_3D('',#8566,#6540,#6541);
#5117=AXIS2_PLACEMENT_3D('',#8579,#6542,#6543);
#5118=AXIS2_PLACEMENT_3D('',#8592,#6544,#6545);
#5119=AXIS2_PLACEMENT_3D('',#8593,#6546,#6547);
#5120=AXIS2_PLACEMENT_3D('',#8594,#6548,#6549);
#5121=AXIS2_PLACEMENT_3D('',#8607,#6550,#6551);
#5122=AXIS2_PLACEMENT_3D('',#8638,#6552,#6553);
#5123=AXIS2_PLACEMENT_3D('',#8639,#6554,#6555);
#5124=AXIS2_PLACEMENT_3D('',#8640,#6556,#6557);
#5125=AXIS2_PLACEMENT_3D('',#8641,#6558,#6559);
#5126=AXIS2_PLACEMENT_3D('',#8642,#6560,#6561);
#5127=AXIS2_PLACEMENT_3D('',#8643,#6562,#6563);
#5128=AXIS2_PLACEMENT_3D('',#8644,#6564,#6565);
#5129=AXIS2_PLACEMENT_3D('',#8645,#6566,#6567);
#5130=AXIS2_PLACEMENT_3D('',#8646,#6568,#6569);
#5131=AXIS2_PLACEMENT_3D('',#8647,#6570,#6571);
#5132=AXIS2_PLACEMENT_3D('',#8648,#6572,#6573);
#5133=AXIS2_PLACEMENT_3D('',#8649,#6574,#6575);
#5134=AXIS2_PLACEMENT_3D('',#8650,#6576,#6577);
#5135=AXIS2_PLACEMENT_3D('',#8651,#6578,#6579);
#5136=AXIS2_PLACEMENT_3D('',#8652,#6580,#6581);
#5137=AXIS2_PLACEMENT_3D('',#8653,#6582,#6583);
#5138=AXIS2_PLACEMENT_3D('',#8654,#6584,#6585);
#5139=AXIS2_PLACEMENT_3D('',#8660,#6586,#6587);
#5140=AXIS2_PLACEMENT_3D('',#8661,#6588,#6589);
#5141=AXIS2_PLACEMENT_3D('',#8689,#6590,#6591);
#5142=AXIS2_PLACEMENT_3D('',#8707,#6592,#6593);
#5143=AXIS2_PLACEMENT_3D('',#8708,#6594,#6595);
#5144=AXIS2_PLACEMENT_3D('',#8709,#6596,#6597);
#5145=AXIS2_PLACEMENT_3D('',#8710,#6598,#6599);
#5146=AXIS2_PLACEMENT_3D('',#8711,#6600,#6601);
#5147=AXIS2_PLACEMENT_3D('',#8712,#6602,#6603);
#5148=AXIS2_PLACEMENT_3D('',#8713,#6604,#6605);
#5149=AXIS2_PLACEMENT_3D('',#8714,#6606,#6607);
#5150=AXIS2_PLACEMENT_3D('',#8715,#6608,#6609);
#5151=AXIS2_PLACEMENT_3D('',#8728,#6610,#6611);
#5152=AXIS2_PLACEMENT_3D('',#8741,#6612,#6613);
#5153=AXIS2_PLACEMENT_3D('',#8754,#6614,#6615);
#5154=AXIS2_PLACEMENT_3D('',#8755,#6616,#6617);
#5155=AXIS2_PLACEMENT_3D('',#8756,#6618,#6619);
#5156=AXIS2_PLACEMENT_3D('',#8769,#6620,#6621);
#5157=AXIS2_PLACEMENT_3D('',#8782,#6622,#6623);
#5158=AXIS2_PLACEMENT_3D('',#8783,#6624,#6625);
#5159=AXIS2_PLACEMENT_3D('',#8805,#6626,#6627);
#5160=AXIS2_PLACEMENT_3D('',#8806,#6628,#6629);
#5161=AXIS2_PLACEMENT_3D('',#8808,#6630,#6631);
#5162=AXIS2_PLACEMENT_3D('',#8809,#6632,#6633);
#5163=AXIS2_PLACEMENT_3D('',#8811,#6634,#6635);
#5164=AXIS2_PLACEMENT_3D('',#8812,#6636,#6637);
#5165=AXIS2_PLACEMENT_3D('',#8813,#6638,#6639);
#5166=AXIS2_PLACEMENT_3D('',#8815,#6640,#6641);
#5167=AXIS2_PLACEMENT_3D('',#8816,#6642,#6643);
#5168=DIRECTION('',(0.,0.,1.));
#5169=DIRECTION('',(1.,0.,0.));
#5170=DIRECTION('',(0.,-1.,0.));
#5171=DIRECTION('',(0.,0.,-1.));
#5172=DIRECTION('',(7.75791922889767E-17,-0.447213595499958,-0.894427190999916));
#5173=DIRECTION('',(0.,-0.894427190999916,0.447213595499958));
#5174=DIRECTION('',(0.,1.,0.));
#5175=DIRECTION('',(0.,1.,0.));
#5176=DIRECTION('',(0.,0.,1.));
#5177=DIRECTION('',(1.,0.,0.));
#5178=DIRECTION('',(0.,0.,1.));
#5179=DIRECTION('',(1.,0.,0.));
#5180=DIRECTION('',(0.,0.,1.));
#5181=DIRECTION('',(1.,0.,0.));
#5182=DIRECTION('',(1.,0.,0.));
#5183=DIRECTION('',(-4.45409998966999E-17,1.,0.));
#5184=DIRECTION('',(-1.,0.,0.));
#5185=DIRECTION('',(4.45409998966999E-17,1.,0.));
#5186=DIRECTION('',(1.,0.,0.));
#5187=DIRECTION('',(0.,0.,1.));
#5188=DIRECTION('',(1.,0.,0.));
#5189=DIRECTION('',(-1.,-8.67361737988397E-17,0.));
#5190=DIRECTION('',(0.,0.,1.));
#5191=DIRECTION('',(0.,1.,0.));
#5192=DIRECTION('',(0.,-1.,0.));
#5193=DIRECTION('',(0.577350269189625,-0.816496580927727,0.));
#5194=DIRECTION('',(0.,0.,1.));
#5195=DIRECTION('',(1.,0.,0.));
#5196=DIRECTION('',(-1.,0.,0.));
#5197=DIRECTION('',(0.,0.,1.));
#5198=DIRECTION('',(1.,0.,0.));
#5199=DIRECTION('',(0.577350269189626,0.816496580927726,0.));
#5200=DIRECTION('',(0.,1.,0.));
#5201=DIRECTION('',(0.,0.,1.));
#5202=DIRECTION('',(0.,1.,0.));
#5203=DIRECTION('',(1.,-1.73472347597679E-16,0.));
#5204=DIRECTION('',(9.46212805078258E-17,1.,0.));
#5205=DIRECTION('',(0.,0.,1.));
#5206=DIRECTION('',(1.,0.,0.));
#5207=DIRECTION('',(-1.,-1.30104260698261E-16,0.));
#5208=DIRECTION('',(0.,0.,1.));
#5209=DIRECTION('',(1.,0.,0.));
#5210=DIRECTION('',(-1.,-8.67361737988404E-17,0.));
#5211=DIRECTION('',(0.,0.,1.));
#5212=DIRECTION('',(1.,0.,0.));
#5213=DIRECTION('',(-1.,9.46212805078258E-17,0.));
#5214=DIRECTION('',(-9.46212805078258E-17,-1.,0.));
#5215=DIRECTION('',(9.46212805078258E-17,1.,0.));
#5216=DIRECTION('',(0.,0.,1.));
#5217=DIRECTION('',(9.46212805078258E-17,1.,0.));
#5218=DIRECTION('',(6.69073490916381E-17,0.707106781186547,-0.707106781186548));
#5219=DIRECTION('',(-1.,9.46212805078258E-17,0.));
#5220=DIRECTION('',(-9.46212805078258E-17,-1.,0.));
#5221=DIRECTION('',(9.46212805078258E-17,1.,0.));
#5222=DIRECTION('',(-1.,9.46212805078258E-17,0.));
#5223=DIRECTION('',(-9.46212805078258E-17,-1.,0.));
#5224=DIRECTION('',(0.,0.,-1.));
#5225=DIRECTION('',(9.46212805078258E-17,1.,2.31296463463574E-16));
#5226=DIRECTION('',(0.,0.,-1.));
#5227=DIRECTION('',(-1.,9.46212805078258E-17,0.));
#5228=DIRECTION('',(-9.46212805078258E-17,-1.,0.));
#5229=DIRECTION('',(0.,0.,1.));
#5230=DIRECTION('',(1.,0.,0.));
#5231=DIRECTION('',(1.,0.,0.));
#5232=DIRECTION('',(0.,1.,0.));
#5233=DIRECTION('',(1.,0.,0.));
#5234=DIRECTION('',(9.46212805078258E-17,1.,0.));
#5235=DIRECTION('',(9.46212805078258E-17,1.,0.));
#5236=DIRECTION('',(-1.,9.46212805078258E-17,0.));
#5237=DIRECTION('',(1.12842461511239E-16,0.447213595499958,0.894427190999916));
#5238=DIRECTION('',(0.,0.894427190999916,-0.447213595499958));
#5239=DIRECTION('',(-9.46212805078258E-17,-1.,0.));
#5240=DIRECTION('',(1.,-9.46212805078258E-17,0.));
#5241=DIRECTION('',(0.,1.,0.));
#5242=DIRECTION('',(0.,0.,1.));
#5243=DIRECTION('',(0.,1.,0.));
#5244=DIRECTION('',(0.,0.,1.));
#5245=DIRECTION('',(0.,0.,1.));
#5246=DIRECTION('',(1.,0.,0.));
#5247=DIRECTION('',(-1.,0.,0.));
#5248=DIRECTION('',(0.,1.,0.));
#5249=DIRECTION('',(-1.,0.,0.));
#5250=DIRECTION('',(0.,1.,0.));
#5251=DIRECTION('',(0.,0.,1.));
#5252=DIRECTION('',(1.,0.,0.));
#5253=DIRECTION('',(1.,-1.73472347597679E-16,0.));
#5254=DIRECTION('',(0.,1.,0.));
#5255=DIRECTION('',(1.,0.,0.));
#5256=DIRECTION('',(9.46212805078258E-17,1.,0.));
#5257=DIRECTION('',(-1.,-4.45409998966999E-17,0.));
#5258=DIRECTION('',(4.45409998966999E-17,-1.,0.));
#5259=DIRECTION('',(4.45409998966999E-17,-1.,0.));
#5260=DIRECTION('',(-1.,-4.45409998966999E-17,0.));
#5261=DIRECTION('',(4.45409998966999E-17,-1.,0.));
#5262=DIRECTION('',(-4.45409998966999E-17,1.,0.));
#5263=DIRECTION('',(0.,0.,-1.));
#5264=DIRECTION('',(0.,1.,0.));
#5265=DIRECTION('',(0.,0.,1.));
#5266=DIRECTION('',(0.,0.,-1.));
#5267=DIRECTION('',(0.,1.,0.));
#5268=DIRECTION('',(0.,0.,1.));
#5269=DIRECTION('',(1.,0.,0.));
#5270=DIRECTION('',(0.,0.,1.));
#5271=DIRECTION('',(0.,1.,0.));
#5272=DIRECTION('',(0.,0.,1.));
#5273=DIRECTION('',(1.,0.,0.));
#5274=DIRECTION('',(0.,0.,1.));
#5275=DIRECTION('',(1.,0.,0.));
#5276=DIRECTION('',(0.,0.,1.));
#5277=DIRECTION('',(0.,1.,0.));
#5278=DIRECTION('',(0.,0.,1.));
#5279=DIRECTION('',(0.707106781186548,0.,-0.707106781186548));
#5280=DIRECTION('',(0.,1.,0.));
#5281=DIRECTION('',(0.,0.,1.));
#5282=DIRECTION('',(0.,-1.,0.));
#5283=DIRECTION('',(0.,0.,-1.));
#5284=DIRECTION('',(0.,0.,1.));
#5285=DIRECTION('',(0.,-1.,0.));
#5286=DIRECTION('',(0.,0.,-1.));
#5287=DIRECTION('',(-1.,0.,0.));
#5288=DIRECTION('',(0.,-1.,0.));
#5289=DIRECTION('',(0.,0.,-1.));
#5290=DIRECTION('',(-1.,5.93879998622666E-17,0.));
#5291=DIRECTION('',(0.,0.,1.));
#5292=DIRECTION('',(0.,-1.,0.));
#5293=DIRECTION('',(1.,0.,0.));
#5294=DIRECTION('',(-1.,0.,0.));
#5295=DIRECTION('',(0.,1.,0.));
#5296=DIRECTION('',(0.,0.,1.));
#5297=DIRECTION('',(1.,0.,0.));
#5298=DIRECTION('',(0.,1.,0.));
#5299=DIRECTION('',(0.,0.,1.));
#5300=DIRECTION('',(0.,0.,-1.));
#5301=DIRECTION('',(0.,1.,0.));
#5302=DIRECTION('',(0.,0.,1.));
#5303=DIRECTION('',(-0.707106781186548,0.,-0.707106781186548));
#5304=DIRECTION('',(0.,1.,0.));
#5305=DIRECTION('',(0.,0.,1.));
#5306=DIRECTION('',(0.,0.,1.));
#5307=DIRECTION('',(-1.,0.,0.));
#5308=DIRECTION('',(0.,0.,-1.));
#5309=DIRECTION('',(-1.,0.,0.));
#5310=DIRECTION('',(0.,1.,0.));
#5311=DIRECTION('',(0.,0.,1.));
#5312=DIRECTION('',(0.,0.,-1.));
#5313=DIRECTION('',(0.,0.,1.));
#5314=DIRECTION('',(1.,0.,0.));
#5315=DIRECTION('',(-0.8,0.6,0.));
#5316=DIRECTION('',(0.,1.,0.));
#5317=DIRECTION('',(0.,0.,1.));
#5318=DIRECTION('',(1.,0.,0.));
#5319=DIRECTION('',(1.,0.,0.));
#5320=DIRECTION('',(0.,0.,1.));
#5321=DIRECTION('',(1.,0.,0.));
#5322=DIRECTION('',(0.,-1.,0.));
#5323=DIRECTION('',(-0.8,-0.6,0.));
#5324=DIRECTION('',(-1.,0.,0.));
#5325=DIRECTION('',(0.,0.,-1.));
#5326=DIRECTION('',(-1.,0.,0.));
#5327=DIRECTION('',(0.,0.,1.));
#5328=DIRECTION('',(1.,0.,0.));
#5329=DIRECTION('',(-1.,4.45409998966999E-17,0.));
#5330=DIRECTION('',(-4.45409998966999E-17,-1.,0.));
#5331=DIRECTION('',(4.45409998966999E-17,1.,0.));
#5332=DIRECTION('',(-1.,4.45409998966999E-17,0.));
#5333=DIRECTION('',(-4.45409998966999E-17,-1.,0.));
#5334=DIRECTION('',(-4.45409998966999E-17,-1.,0.));
#5335=DIRECTION('',(0.,0.,-1.));
#5336=DIRECTION('',(0.,1.,0.));
#5337=DIRECTION('',(0.,0.,1.));
#5338=DIRECTION('',(0.,0.,1.));
#5339=DIRECTION('',(-1.,0.,0.));
#5340=DIRECTION('',(0.,0.,1.));
#5341=DIRECTION('',(1.,0.,0.));
#5342=DIRECTION('',(1.,0.,0.));
#5343=DIRECTION('',(0.,0.,-1.));
#5344=DIRECTION('',(0.,-0.707106781186547,0.707106781186548));
#5345=DIRECTION('',(0.,0.707106781186547,-0.707106781186548));
#5346=DIRECTION('',(0.,0.,1.));
#5347=DIRECTION('',(0.,-1.,0.));
#5348=DIRECTION('',(0.,0.,-1.));
#5349=DIRECTION('',(1.,0.,0.));
#5350=DIRECTION('',(0.,-1.,0.));
#5351=DIRECTION('',(0.,-1.,0.));
#5352=DIRECTION('',(0.,0.707106781186548,0.707106781186547));
#5353=DIRECTION('',(1.,0.,0.));
#5354=DIRECTION('',(0.,0.,-1.));
#5355=DIRECTION('',(0.,0.,1.));
#5356=DIRECTION('',(1.,0.,0.));
#5357=DIRECTION('',(0.,0.,-1.));
#5358=DIRECTION('',(0.,1.,0.));
#5359=DIRECTION('',(1.,0.,0.));
#5360=DIRECTION('',(0.,0.,-1.));
#5361=DIRECTION('',(0.,0.,-1.));
#5362=DIRECTION('',(1.,0.,0.));
#5363=DIRECTION('',(0.,0.,-1.));
#5364=DIRECTION('',(0.,1.,0.));
#5365=DIRECTION('',(1.,0.,0.));
#5366=DIRECTION('',(0.,0.,-1.));
#5367=DIRECTION('',(0.,0.,-1.));
#5368=DIRECTION('',(1.,0.,0.));
#5369=DIRECTION('',(0.,0.,-1.));
#5370=DIRECTION('',(0.,1.,0.));
#5371=DIRECTION('',(1.,0.,0.));
#5372=DIRECTION('',(0.,0.,-1.));
#5373=DIRECTION('',(1.,0.,0.));
#5374=DIRECTION('',(0.,0.,-1.));
#5375=DIRECTION('',(0.,0.,1.));
#5376=DIRECTION('',(1.,0.,0.));
#5377=DIRECTION('',(0.,0.,-1.));
#5378=DIRECTION('',(0.,0.,1.));
#5379=DIRECTION('',(1.,0.,0.));
#5380=DIRECTION('',(0.,0.,-1.));
#5381=DIRECTION('',(0.,0.,1.));
#5382=DIRECTION('',(1.,0.,0.));
#5383=DIRECTION('',(0.,0.,-1.));
#5384=DIRECTION('',(0.,0.,1.));
#5385=DIRECTION('',(1.,0.,0.));
#5386=DIRECTION('',(0.,0.,-1.));
#5387=DIRECTION('',(0.,-0.707106781186548,0.707106781186547));
#5388=DIRECTION('',(0.,0.707106781186548,-0.707106781186547));
#5389=DIRECTION('',(1.,0.,0.));
#5390=DIRECTION('',(0.,0.,-1.));
#5391=DIRECTION('',(0.,1.,0.));
#5392=DIRECTION('',(1.,0.,0.));
#5393=DIRECTION('',(0.,0.,-1.));
#5394=DIRECTION('',(0.,0.,-1.));
#5395=DIRECTION('',(1.,0.,0.));
#5396=DIRECTION('',(0.,0.,-1.));
#5397=DIRECTION('',(0.,1.,0.));
#5398=DIRECTION('',(1.,0.,0.));
#5399=DIRECTION('',(0.,0.,-1.));
#5400=DIRECTION('',(0.,0.,-1.));
#5401=DIRECTION('',(1.,0.,0.));
#5402=DIRECTION('',(0.,0.,-1.));
#5403=DIRECTION('',(0.,1.,0.));
#5404=DIRECTION('',(1.,0.,0.));
#5405=DIRECTION('',(0.,0.,-1.));
#5406=DIRECTION('',(0.,0.,-1.));
#5407=DIRECTION('',(1.,0.,0.));
#5408=DIRECTION('',(0.,0.,-1.));
#5409=DIRECTION('',(0.,-0.707106781186548,-0.707106781186547));
#5410=DIRECTION('',(0.,1.,0.));
#5411=DIRECTION('',(1.,0.,0.));
#5412=DIRECTION('',(0.,1.,0.));
#5413=DIRECTION('',(0.,0.,-1.));
#5414=DIRECTION('',(0.,1.,0.));
#5415=DIRECTION('',(0.,0.,1.));
#5416=DIRECTION('',(0.,0.,1.));
#5417=DIRECTION('',(1.,0.,0.));
#5418=DIRECTION('',(0.,0.,-1.));
#5419=DIRECTION('',(0.,0.,1.));
#5420=DIRECTION('',(1.,0.,0.));
#5421=DIRECTION('',(0.,0.,-1.));
#5422=DIRECTION('',(0.,0.,1.));
#5423=DIRECTION('',(1.,0.,0.));
#5424=DIRECTION('',(0.,0.,-1.));
#5425=DIRECTION('',(0.,0.,1.));
#5426=DIRECTION('',(1.,0.,0.));
#5427=DIRECTION('',(0.,0.,-1.));
#5428=DIRECTION('',(0.,1.,0.));
#5429=DIRECTION('',(-1.,0.,0.));
#5430=DIRECTION('',(0.,0.,1.));
#5431=DIRECTION('',(1.,0.,0.));
#5432=DIRECTION('',(0.,0.,1.));
#5433=DIRECTION('',(-1.,0.,0.));
#5434=DIRECTION('',(0.,1.,0.));
#5435=DIRECTION('',(0.,0.,1.));
#5436=DIRECTION('',(-1.,0.,0.));
#5437=DIRECTION('',(0.,1.,0.));
#5438=DIRECTION('',(0.,0.,1.));
#5439=DIRECTION('',(0.,0.,1.));
#5440=DIRECTION('',(1.,0.,0.));
#5441=DIRECTION('',(0.,1.,0.));
#5442=DIRECTION('',(1.,0.,0.));
#5443=DIRECTION('',(0.,0.,1.));
#5444=DIRECTION('',(1.,5.93879998622666E-17,0.));
#5445=DIRECTION('',(0.,1.,0.));
#5446=DIRECTION('',(0.,0.,1.));
#5447=DIRECTION('',(1.,0.,0.));
#5448=DIRECTION('',(0.,0.,-1.));
#5449=DIRECTION('',(-1.,4.45409998966999E-17,0.));
#5450=DIRECTION('',(-4.45409998966999E-17,-1.,0.));
#5451=DIRECTION('',(1.,0.,0.));
#5452=DIRECTION('',(-0.316227766016839,0.948683298050513,0.));
#5453=DIRECTION('',(0.948683298050513,0.316227766016839,0.));
#5454=DIRECTION('',(-1.,0.,-1.73472347597681E-15));
#5455=DIRECTION('',(-1.73472347597681E-15,0.,1.));
#5456=DIRECTION('',(-0.609710760849692,3.53042650168299E-17,0.7926239891046));
#5457=DIRECTION('',(0.7926239891046,0.,0.609710760849692));
#5458=DIRECTION('',(0.,-1.,0.));
#5459=DIRECTION('',(0.,0.,-1.));
#5460=DIRECTION('',(0.,1.,0.));
#5461=DIRECTION('',(0.,0.,1.));
#5462=DIRECTION('',(-1.,0.,3.46944695195361E-15));
#5463=DIRECTION('',(3.46944695195361E-15,0.,1.));
#5464=DIRECTION('',(-1.,0.,0.));
#5465=DIRECTION('',(0.,0.,1.));
#5466=DIRECTION('',(-1.,0.,0.));
#5467=DIRECTION('',(-1.,-4.45409998966999E-17,0.));
#5468=DIRECTION('',(4.45409998966999E-17,-1.,0.));
#5469=DIRECTION('',(-0.609710760849692,-3.53042650168299E-17,-0.7926239891046));
#5470=DIRECTION('',(-0.7926239891046,0.,0.609710760849692));
#5471=DIRECTION('',(-0.316227766016839,-0.948683298050513,0.));
#5472=DIRECTION('',(-0.948683298050513,0.316227766016839,0.));
#5473=DIRECTION('',(-1.,0.,0.));
#5474=DIRECTION('',(0.,0.,1.));
#5475=DIRECTION('',(-1.,0.,0.));
#5476=DIRECTION('',(0.,0.,1.));
#5477=DIRECTION('',(0.,0.,1.));
#5478=DIRECTION('',(0.,1.,-4.45409998966999E-17));
#5479=DIRECTION('',(0.,0.,1.));
#5480=DIRECTION('',(-1.,0.,0.));
#5481=DIRECTION('',(0.,0.,1.));
#5482=DIRECTION('',(0.,1.,0.));
#5483=DIRECTION('',(0.,0.707106781186548,0.707106781186547));
#5484=DIRECTION('',(-1.,0.,0.));
#5485=DIRECTION('',(0.,0.,1.));
#5486=DIRECTION('',(0.,1.,-4.45409998966999E-17));
#5487=DIRECTION('',(0.,0.,1.));
#5488=DIRECTION('',(-1.,0.,0.));
#5489=DIRECTION('',(0.,0.,1.));
#5490=DIRECTION('',(0.,0.707106781186548,0.707106781186547));
#5491=DIRECTION('',(0.,-1.,0.));
#5492=DIRECTION('',(-1.,0.,0.));
#5493=DIRECTION('',(0.,0.,1.));
#5494=DIRECTION('',(0.,0.,1.));
#5495=DIRECTION('',(0.707106781186548,3.14952430677858E-17,0.707106781186548));
#5496=DIRECTION('',(4.45409998966999E-17,-1.,0.));
#5497=DIRECTION('',(0.,1.,-4.45409998966999E-17));
#5498=DIRECTION('',(0.707106781186548,3.14952430677858E-17,0.707106781186548));
#5499=DIRECTION('',(-0.707106781186548,3.14952430677858E-17,0.707106781186548));
#5500=DIRECTION('',(4.45409998966999E-17,-1.,0.));
#5501=DIRECTION('',(0.707106781186548,0.,-0.707106781186548));
#5502=DIRECTION('',(0.707106781186548,-3.14952430677858E-17,-0.707106781186548));
#5503=DIRECTION('',(-4.45409998966999E-17,-1.,0.));
#5504=DIRECTION('',(4.45409998966999E-17,1.,0.));
#5505=DIRECTION('',(0.707106781186548,-3.14952430677858E-17,-0.707106781186548));
#5506=DIRECTION('',(0.707106781186548,3.14952430677858E-17,0.707106781186548));
#5507=DIRECTION('',(0.,-1.,4.45409998966999E-17));
#5508=DIRECTION('',(0.707106781186548,0.,0.707106781186548));
#5509=DIRECTION('',(0.,0.,1.));
#5510=DIRECTION('',(1.,0.,0.));
#5511=DIRECTION('',(1.,0.,0.));
#5512=DIRECTION('',(0.,-1.,0.));
#5513=DIRECTION('',(-1.,0.,0.));
#5514=DIRECTION('',(0.,-1.,0.));
#5515=DIRECTION('',(0.8,-0.6,0.));
#5516=DIRECTION('',(0.,0.,1.));
#5517=DIRECTION('',(1.,0.,0.));
#5518=DIRECTION('',(-1.,0.,0.));
#5519=DIRECTION('',(0.,1.,0.));
#5520=DIRECTION('',(-1.,0.,0.));
#5521=DIRECTION('',(0.8,0.6,0.));
#5522=DIRECTION('',(0.,1.,0.));
#5523=DIRECTION('',(0.,-0.707106781186547,0.707106781186548));
#5524=DIRECTION('',(-1.,0.,0.));
#5525=DIRECTION('',(1.,0.,0.));
#5526=DIRECTION('',(0.,-0.707106781186548,-0.707106781186547));
#5527=DIRECTION('',(-1.,0.,0.));
#5528=DIRECTION('',(0.,0.707106781186548,0.707106781186547));
#5529=DIRECTION('',(0.,0.707106781186547,-0.707106781186548));
#5530=DIRECTION('',(-1.,0.,0.));
#5531=DIRECTION('',(-1.,0.,0.));
#5532=DIRECTION('',(0.,0.707106781186548,0.707106781186547));
#5533=DIRECTION('',(1.,0.,0.));
#5534=DIRECTION('',(0.,0.707106781186548,0.707106781186547));
#5535=DIRECTION('',(-1.,0.,0.));
#5536=DIRECTION('',(0.,0.,1.));
#5537=DIRECTION('',(-1.,0.,0.));
#5538=DIRECTION('',(0.,0.,1.));
#5539=DIRECTION('',(-1.,0.,0.));
#5540=DIRECTION('',(0.,0.,1.));
#5541=DIRECTION('',(1.,0.,0.));
#5542=DIRECTION('',(0.,0.,-1.));
#5543=DIRECTION('',(-1.,0.,0.));
#5544=DIRECTION('',(0.,0.,1.));
#5545=DIRECTION('',(-1.,0.,0.));
#5546=DIRECTION('',(0.,0.,1.));
#5547=DIRECTION('',(-1.,0.,-8.67361737988403E-16));
#5548=DIRECTION('',(-8.67361737988403E-16,0.,1.));
#5549=DIRECTION('',(-1.,0.,0.));
#5550=DIRECTION('',(0.,0.,1.));
#5551=DIRECTION('',(-1.,0.,0.));
#5552=DIRECTION('',(0.,0.,1.));
#5553=DIRECTION('',(-1.,0.,2.60208521396521E-15));
#5554=DIRECTION('',(2.60208521396521E-15,0.,1.));
#5555=DIRECTION('',(-1.,0.,0.));
#5556=DIRECTION('',(0.,0.,1.));
#5557=DIRECTION('',(-1.,0.,0.));
#5558=DIRECTION('',(0.,0.,1.));
#5559=DIRECTION('',(1.,0.,0.));
#5560=DIRECTION('',(0.,0.,-1.));
#5561=DIRECTION('',(1.,0.,0.));
#5562=DIRECTION('',(0.,0.,-1.));
#5563=DIRECTION('',(-1.,0.,0.));
#5564=DIRECTION('',(0.,0.,1.));
#5565=DIRECTION('',(1.,0.,0.));
#5566=DIRECTION('',(0.,0.,-1.));
#5567=DIRECTION('',(0.,0.,1.));
#5568=DIRECTION('',(1.,0.,0.));
#5569=DIRECTION('',(0.,0.,1.));
#5570=DIRECTION('',(1.,0.,0.));
#5571=DIRECTION('',(-0.707106781186548,-0.5,-0.5));
#5572=DIRECTION('',(-0.408248290463863,-0.288675134594812,0.866025403784439));
#5573=DIRECTION('',(0.,0.,1.));
#5574=DIRECTION('',(1.,0.,0.));
#5575=DIRECTION('',(0.,0.,-1.));
#5576=DIRECTION('',(-1.,0.,0.));
#5577=DIRECTION('',(0.707106781186548,-0.5,-0.5));
#5578=DIRECTION('',(-0.408248290463863,0.288675134594813,-0.866025403784439));
#5579=DIRECTION('',(0.,0.,1.));
#5580=DIRECTION('',(1.,0.,0.));
#5581=DIRECTION('',(0.,0.,1.));
#5582=DIRECTION('',(1.,0.,0.));
#5583=DIRECTION('',(-1.,0.,0.));
#5584=DIRECTION('',(0.,0.,1.));
#5585=DIRECTION('',(0.,0.,-1.));
#5586=DIRECTION('',(0.,1.,0.));
#5587=DIRECTION('',(-1.,0.,0.));
#5588=DIRECTION('',(0.,0.,1.));
#5589=DIRECTION('',(0.,0.,-1.));
#5590=DIRECTION('',(0.,-1.,-1.36675182955748E-16));
#5591=DIRECTION('',(0.,0.,-1.));
#5592=DIRECTION('',(-1.,0.,0.));
#5593=DIRECTION('',(0.,0.,1.));
#5594=DIRECTION('',(0.,1.,0.));
#5595=DIRECTION('',(-1.,0.,0.));
#5596=DIRECTION('',(0.,0.,1.));
#5597=DIRECTION('',(0.,0.707106781186548,-0.707106781186547));
#5598=DIRECTION('',(0.,0.,1.));
#5599=DIRECTION('',(1.,0.,0.));
#5600=DIRECTION('',(-1.,0.,0.));
#5601=DIRECTION('',(0.,1.,0.));
#5602=DIRECTION('',(-1.,-8.67361737988398E-17,0.));
#5603=DIRECTION('',(0.,1.,0.));
#5604=DIRECTION('',(0.,0.,-1.));
#5605=DIRECTION('',(-1.,0.,0.));
#5606=DIRECTION('',(0.,0.707106781186547,-0.707106781186549));
#5607=DIRECTION('',(0.,-0.707106781186549,-0.707106781186547));
#5608=DIRECTION('',(1.,0.,0.));
#5609=DIRECTION('',(0.,0.707106781186547,-0.707106781186549));
#5610=DIRECTION('',(0.,0.,-1.));
#5611=DIRECTION('',(-1.,0.,0.));
#5612=DIRECTION('',(0.707106781186545,0.,0.707106781186551));
#5613=DIRECTION('',(0.,-1.,0.));
#5614=DIRECTION('',(-0.666666666666664,-0.333333333333357,0.666666666666658));
#5615=DIRECTION('',(0.707106781186545,0.,0.707106781186551));
#5616=DIRECTION('',(-0.707106781186551,0.,0.707106781186545));
#5617=DIRECTION('',(-0.707106781186551,0.,0.707106781186545));
#5618=DIRECTION('',(0.,0.,1.));
#5619=DIRECTION('',(1.,0.,0.));
#5620=DIRECTION('',(0.,0.707106781186551,0.707106781186545));
#5621=DIRECTION('',(0.,0.707106781186545,-0.707106781186551));
#5622=DIRECTION('',(-1.,0.,0.));
#5623=DIRECTION('',(0.,0.707106781186551,0.707106781186545));
#5624=DIRECTION('',(0.,0.,1.));
#5625=DIRECTION('',(1.,0.,0.));
#5626=DIRECTION('',(0.707106781186551,0.,0.707106781186545));
#5627=DIRECTION('',(0.707106781186545,0.,-0.707106781186551));
#5628=DIRECTION('',(0.,1.,0.));
#5629=DIRECTION('',(0.707106781186545,0.,-0.707106781186551));
#5630=DIRECTION('',(-0.707106781186551,0.,-0.707106781186545));
#5631=DIRECTION('',(-0.666666666666667,0.333333333333344,-0.666666666666661));
#5632=DIRECTION('',(-1.22663473334669E-16,-0.707106781186548,-0.707106781186547));
#5633=DIRECTION('',(1.,-1.73472347597679E-16,0.));
#5634=DIRECTION('',(0.,0.707106781186547,-0.707106781186548));
#5635=DIRECTION('',(-1.,1.73472347597679E-16,2.05130158952301E-32));
#5636=DIRECTION('',(-6.69073490916381E-17,-0.707106781186547,0.707106781186548));
#5637=DIRECTION('',(-1.22663473334669E-16,-0.707106781186548,-0.707106781186547));
#5638=DIRECTION('',(1.11512248486071E-17,0.707106781186547,-0.707106781186548));
#5639=DIRECTION('',(-6.13317366673345E-17,0.707106781186547,0.707106781186548));
#5640=DIRECTION('',(1.,8.67361737988398E-17,0.));
#5641=DIRECTION('',(-1.,-8.67361737988398E-17,4.35788199605263E-33));
#5642=DIRECTION('',(0.,0.707106781186548,-0.707106781186547));
#5643=DIRECTION('',(-6.13317366673345E-17,0.707106781186547,0.707106781186548));
#5644=DIRECTION('',(-6.13317366673345E-17,-0.707106781186548,0.707106781186547));
#5645=DIRECTION('',(0.,0.707106781186548,-0.707106781186547));
#5646=DIRECTION('',(0.,0.,1.));
#5647=DIRECTION('',(1.,0.,0.));
#5648=DIRECTION('',(1.,0.,0.));
#5649=DIRECTION('',(0.,0.,-1.));
#5650=DIRECTION('',(0.,0.,-1.));
#5651=DIRECTION('',(-1.,0.,0.));
#5652=DIRECTION('',(1.,1.30104260698261E-16,0.));
#5653=DIRECTION('',(-1.30104260698261E-16,1.,0.));
#5654=DIRECTION('',(-1.,-1.30104260698261E-16,0.));
#5655=DIRECTION('',(-1.,-8.67361737988404E-17,0.));
#5656=DIRECTION('',(1.,0.,0.));
#5657=DIRECTION('',(0.,0.,-1.));
#5658=DIRECTION('',(0.,0.,1.));
#5659=DIRECTION('',(1.,0.,0.));
#5660=DIRECTION('',(-1.,0.,0.));
#5661=DIRECTION('',(0.,0.,1.));
#5662=DIRECTION('',(-1.,0.,0.));
#5663=DIRECTION('',(0.,0.,1.));
#5664=DIRECTION('',(0.,0.,1.));
#5665=DIRECTION('',(1.,0.,0.));
#5666=DIRECTION('',(0.,0.,-1.));
#5667=DIRECTION('',(-1.,0.,0.));
#5668=DIRECTION('',(-1.,-1.30104260698261E-16,0.));
#5669=DIRECTION('',(1.30104260698261E-16,-1.,0.));
#5670=DIRECTION('',(-1.,0.,0.));
#5671=DIRECTION('',(0.,0.,1.));
#5672=DIRECTION('',(1.,8.67361737988404E-17,0.));
#5673=DIRECTION('',(-8.67361737988404E-17,1.,0.));
#5674=DIRECTION('',(-1.,0.,0.));
#5675=DIRECTION('',(0.,0.,1.));
#5676=DIRECTION('',(0.,0.,1.));
#5677=DIRECTION('',(1.,0.,0.));
#5678=DIRECTION('',(0.707106781186548,-0.5,-0.5));
#5679=DIRECTION('',(0.,0.707106781186547,-0.707106781186548));
#5680=DIRECTION('',(-0.707106781186548,-0.5,-0.5));
#5681=DIRECTION('',(0.,-0.707106781186548,0.707106781186547));
#5682=DIRECTION('',(0.,1.,0.));
#5683=DIRECTION('',(0.,0.,1.));
#5684=DIRECTION('',(1.,0.,0.));
#5685=DIRECTION('',(0.,0.,-1.));
#5686=DIRECTION('',(1.,0.,0.));
#5687=DIRECTION('',(0.,0.,-1.));
#5688=DIRECTION('',(0.,1.,0.));
#5689=DIRECTION('',(0.,0.,1.));
#5690=DIRECTION('',(-0.707106781186548,0.,-0.707106781186548));
#5691=DIRECTION('',(0.,1.,0.));
#5692=DIRECTION('',(0.,0.,1.));
#5693=DIRECTION('',(1.,0.,0.));
#5694=DIRECTION('',(0.,0.,-1.));
#5695=DIRECTION('',(1.,0.,0.));
#5696=DIRECTION('',(0.707106781186548,0.,0.707106781186548));
#5697=DIRECTION('',(0.,1.,0.));
#5698=DIRECTION('',(0.,0.,1.));
#5699=DIRECTION('',(0.,0.,-1.));
#5700=DIRECTION('',(0.,0.,1.));
#5701=DIRECTION('',(1.,0.,0.));
#5702=DIRECTION('',(1.,0.,0.));
#5703=DIRECTION('',(0.,1.,0.));
#5704=DIRECTION('',(1.,0.,0.));
#5705=DIRECTION('',(-1.36675182955748E-16,1.,0.));
#5706=DIRECTION('',(0.,-1.,0.));
#5707=DIRECTION('',(0.,0.,-1.));
#5708=DIRECTION('',(-1.,0.,0.));
#5709=DIRECTION('',(0.,0.,-1.));
#5710=DIRECTION('',(-1.,0.,0.));
#5711=DIRECTION('',(0.,0.,-1.));
#5712=DIRECTION('',(0.,-1.,0.));
#5713=DIRECTION('',(0.,0.,-1.));
#5714=DIRECTION('',(-0.707106781186548,0.,0.707106781186548));
#5715=DIRECTION('',(0.,-1.,0.));
#5716=DIRECTION('',(0.,0.,-1.));
#5717=DIRECTION('',(-1.,0.,0.));
#5718=DIRECTION('',(0.,0.,-1.));
#5719=DIRECTION('',(-1.,0.,0.));
#5720=DIRECTION('',(0.707106781186548,0.,-0.707106781186548));
#5721=DIRECTION('',(0.,-1.,0.));
#5722=DIRECTION('',(0.,0.,-1.));
#5723=DIRECTION('',(0.,0.,-1.));
#5724=DIRECTION('',(0.,0.,1.));
#5725=DIRECTION('',(1.,0.,0.));
#5726=DIRECTION('',(-1.,0.,0.));
#5727=DIRECTION('',(0.,1.,0.));
#5728=DIRECTION('',(-1.,0.,0.));
#5729=DIRECTION('',(1.36675182955748E-16,1.,0.));
#5730=DIRECTION('',(-1.,0.,0.));
#5731=DIRECTION('',(0.,0.,1.));
#5732=DIRECTION('',(1.,0.,0.));
#5733=DIRECTION('',(0.,0.,-1.));
#5734=DIRECTION('',(-1.,0.,0.));
#5735=DIRECTION('',(0.,0.,1.));
#5736=DIRECTION('',(-1.,0.,0.));
#5737=DIRECTION('',(0.,0.,1.));
#5738=DIRECTION('',(1.,0.,0.));
#5739=DIRECTION('',(0.,0.,-1.));
#5740=DIRECTION('',(-1.,9.46212805078258E-17,0.));
#5741=DIRECTION('',(-9.46212805078258E-17,-1.,0.));
#5742=DIRECTION('',(-1.,-8.67361737988398E-17,0.));
#5743=DIRECTION('',(8.67361737988398E-17,-1.,0.));
#5744=DIRECTION('',(1.,0.,0.));
#5745=DIRECTION('',(0.,0.,-1.));
#5746=DIRECTION('',(-1.,0.,0.));
#5747=DIRECTION('',(0.,0.,1.));
#5748=DIRECTION('',(1.,-1.73472347597679E-16,0.));
#5749=DIRECTION('',(1.73472347597679E-16,1.,0.));
#5750=DIRECTION('',(1.,0.,0.));
#5751=DIRECTION('',(0.,0.,-1.));
#5752=DIRECTION('',(-1.,9.46212805078258E-17,0.));
#5753=DIRECTION('',(-9.46212805078258E-17,-1.,0.));
#5754=DIRECTION('',(1.,0.,0.));
#5755=DIRECTION('',(0.,0.,-1.));
#5756=DIRECTION('',(1.,0.,0.));
#5757=DIRECTION('',(0.,0.,-1.));
#5758=DIRECTION('',(-1.,0.,0.));
#5759=DIRECTION('',(0.,0.,1.));
#5760=DIRECTION('',(1.,0.,0.));
#5761=DIRECTION('',(0.,0.,-1.));
#5762=DIRECTION('',(1.,0.,0.));
#5763=DIRECTION('',(0.,0.,-1.));
#5764=DIRECTION('',(-1.,9.46212805078258E-17,0.));
#5765=DIRECTION('',(-9.46212805078258E-17,-1.,0.));
#5766=DIRECTION('',(-0.707106781186548,-9.66439486879216E-17,0.707106781186547));
#5767=DIRECTION('',(-9.46212805078258E-17,-1.,-2.31296463463574E-16));
#5768=DIRECTION('',(1.36675182955748E-16,-1.,1.17972519031248E-32));
#5769=DIRECTION('',(-0.707106781186548,-9.66439486879216E-17,0.707106781186547));
#5770=DIRECTION('',(-0.707106781186547,9.66439486879217E-17,-0.707106781186548));
#5771=DIRECTION('',(0.707106781186547,0.,0.707106781186548));
#5772=DIRECTION('',(-9.46212805078259E-17,-1.,-2.31296463463574E-16));
#5773=DIRECTION('',(-0.707106781186547,0.,-0.707106781186548));
#5774=DIRECTION('',(-0.707106781186548,-9.66439486879216E-17,0.707106781186547));
#5775=DIRECTION('',(0.707106781186547,-9.66439486879217E-17,0.707106781186548));
#5776=DIRECTION('',(-0.707106781186548,9.66439486879216E-17,-0.707106781186547));
#5777=DIRECTION('',(-9.46212805078258E-17,1.,2.31296463463574E-16));
#5778=DIRECTION('',(0.707106781186547,0.,-0.707106781186548));
#5779=DIRECTION('',(-0.707106781186548,9.66439486879216E-17,-0.707106781186547));
#5780=DIRECTION('',(-0.707106781186547,-9.66439486879217E-17,0.707106781186548));
#5781=DIRECTION('',(1.36675182955748E-16,1.,-1.17972519031248E-32));
#5782=DIRECTION('',(-0.707106781186548,9.66439486879216E-17,-0.707106781186547));
#5783=DIRECTION('',(0.707106781186547,9.66439486879217E-17,-0.707106781186548));
#5784=DIRECTION('',(-0.707106781186547,0.,0.707106781186548));
#5785=DIRECTION('',(3.61018765197307E-33,-1.,-1.36675182955748E-16));
#5786=DIRECTION('',(9.46212805078259E-17,1.,2.31296463463574E-16));
#5787=DIRECTION('',(0.,-2.31296463463574E-16,1.));
#5788=DIRECTION('',(0.,1.,0.));
#5789=DIRECTION('',(0.,0.,1.));
#5790=DIRECTION('',(0.,1.,0.));
#5791=DIRECTION('',(0.,0.,1.));
#5792=DIRECTION('',(0.,1.,1.36675182955748E-16));
#5793=DIRECTION('',(0.,-1.36675182955748E-16,1.));
#5794=DIRECTION('',(0.,-1.,0.));
#5795=DIRECTION('',(0.,0.,-1.));
#5796=DIRECTION('',(0.,-1.,0.));
#5797=DIRECTION('',(0.,0.,-1.));
#5798=DIRECTION('',(1.,0.,0.));
#5799=DIRECTION('',(0.,0.,-1.));
#5800=DIRECTION('',(1.,0.,0.));
#5801=DIRECTION('',(0.,0.,-1.));
#5802=DIRECTION('',(0.819231920519041,7.83780708340902E-17,-0.573462344363328));
#5803=DIRECTION('',(0.573462344363328,0.,0.819231920519041));
#5804=DIRECTION('',(-1.,0.,0.));
#5805=DIRECTION('',(0.,0.,1.));
#5806=DIRECTION('',(1.,0.,0.));
#5807=DIRECTION('',(0.,0.,-1.));
#5808=DIRECTION('',(0.819231920519041,7.83780708340902E-17,-0.573462344363328));
#5809=DIRECTION('',(-0.573462344363328,0.,-0.819231920519041));
#5810=DIRECTION('',(-1.,0.,0.));
#5811=DIRECTION('',(0.,0.,1.));
#5812=DIRECTION('',(1.,0.,0.));
#5813=DIRECTION('',(0.,0.,-1.));
#5814=DIRECTION('',(0.819231920519041,-7.83780708340902E-17,0.573462344363328));
#5815=DIRECTION('',(-0.573462344363328,0.,0.819231920519041));
#5816=DIRECTION('',(1.,0.,0.));
#5817=DIRECTION('',(0.,0.,-1.));
#5818=DIRECTION('',(1.,0.,0.));
#5819=DIRECTION('',(0.,0.,-1.));
#5820=DIRECTION('',(0.819231920519041,-7.83780708340902E-17,0.573462344363328));
#5821=DIRECTION('',(0.573462344363328,0.,-0.819231920519041));
#5822=DIRECTION('',(0.,-0.707106781186547,0.707106781186548));
#5823=DIRECTION('',(0.,-0.707106781186548,-0.707106781186547));
#5824=DIRECTION('',(-6.69073490916381E-17,-0.707106781186547,0.707106781186548));
#5825=DIRECTION('',(0.,-0.707106781186548,-0.707106781186547));
#5826=DIRECTION('',(0.,-0.707106781186547,0.707106781186548));
#5827=DIRECTION('',(0.,-0.707106781186548,-0.707106781186547));
#5828=DIRECTION('',(-1.,9.46212805078258E-17,0.));
#5829=DIRECTION('',(-9.46212805078258E-17,-1.,0.));
#5830=DIRECTION('',(0.,-1.,0.));
#5831=DIRECTION('',(0.,0.,-1.));
#5832=DIRECTION('',(-9.46212805078258E-17,-1.,0.));
#5833=DIRECTION('',(1.,-9.46212805078258E-17,0.));
#5834=DIRECTION('',(0.,-1.,0.));
#5835=DIRECTION('',(0.,0.,-1.));
#5836=DIRECTION('',(-1.,9.46212805078258E-17,0.));
#5837=DIRECTION('',(-9.46212805078258E-17,-1.,0.));
#5838=DIRECTION('',(0.,0.,1.));
#5839=DIRECTION('',(1.,0.,0.));
#5840=DIRECTION('',(0.,0.,1.));
#5841=DIRECTION('',(1.,0.,0.));
#5842=DIRECTION('',(0.,0.,1.));
#5843=DIRECTION('',(1.,0.,0.));
#5844=DIRECTION('',(0.,1.,0.));
#5845=DIRECTION('',(0.,0.,1.));
#5846=DIRECTION('',(0.707106781186548,0.,0.707106781186548));
#5847=DIRECTION('',(0.707106781186548,0.,-0.707106781186548));
#5848=DIRECTION('',(0.707106781186547,0.,0.707106781186548));
#5849=DIRECTION('',(0.707106781186548,0.,-0.707106781186548));
#5850=DIRECTION('',(0.707106781186548,-2.0443912222445E-15,0.707106781186548));
#5851=DIRECTION('',(0.707106781186548,0.,-0.707106781186548));
#5852=DIRECTION('',(-1.36675182955748E-16,1.,0.));
#5853=DIRECTION('',(-1.,-1.36675182955748E-16,0.));
#5854=DIRECTION('',(-1.36675182955748E-16,1.,0.));
#5855=DIRECTION('',(-1.,-1.36675182955748E-16,0.));
#5856=DIRECTION('',(0.,1.,0.));
#5857=DIRECTION('',(0.,0.,1.));
#5858=DIRECTION('',(0.,-0.707106781186548,0.707106781186548));
#5859=DIRECTION('',(0.,-0.707106781186548,-0.707106781186548));
#5860=DIRECTION('',(0.,0.707106781186548,-0.707106781186547));
#5861=DIRECTION('',(0.,0.707106781186547,0.707106781186548));
#5862=DIRECTION('',(-2.55548902780561E-16,-0.707106781186547,0.707106781186548));
#5863=DIRECTION('',(0.,-0.707106781186548,-0.707106781186547));
#5864=DIRECTION('',(-1.,0.,0.));
#5865=DIRECTION('',(0.,0.,1.));
#5866=DIRECTION('',(0.,-1.,0.));
#5867=DIRECTION('',(0.,0.,-1.));
#5868=DIRECTION('',(0.,1.,0.));
#5869=DIRECTION('',(0.,0.,1.));
#5870=DIRECTION('',(0.,-1.,0.));
#5871=DIRECTION('',(0.,0.,-1.));
#5872=DIRECTION('',(-1.,0.,0.));
#5873=DIRECTION('',(0.,0.,1.));
#5874=DIRECTION('',(0.,0.,1.));
#5875=DIRECTION('',(1.,0.,0.));
#5876=DIRECTION('',(0.,0.,1.));
#5877=DIRECTION('',(1.,0.,0.));
#5878=DIRECTION('',(0.,0.,1.));
#5879=DIRECTION('',(1.,0.,0.));
#5880=DIRECTION('',(0.,-1.,0.));
#5881=DIRECTION('',(0.,0.,-1.));
#5882=DIRECTION('',(-0.707106781186549,0.,0.707106781186546));
#5883=DIRECTION('',(0.707106781186546,0.,0.707106781186549));
#5884=DIRECTION('',(0.707106781186547,0.,-0.707106781186548));
#5885=DIRECTION('',(-0.707106781186548,0.,-0.707106781186548));
#5886=DIRECTION('',(-0.707106781186546,0.,0.707106781186549));
#5887=DIRECTION('',(0.707106781186549,0.,0.707106781186546));
#5888=DIRECTION('',(0.,-1.,0.));
#5889=DIRECTION('',(0.,0.,-1.));
#5890=DIRECTION('',(1.36675182955748E-16,1.,0.));
#5891=DIRECTION('',(-1.,1.36675182955748E-16,0.));
#5892=DIRECTION('',(1.36675182955748E-16,1.,0.));
#5893=DIRECTION('',(-1.,1.36675182955748E-16,0.));
#5894=DIRECTION('',(-1.,9.46212805078258E-17,0.));
#5895=DIRECTION('',(-9.46212805078258E-17,-1.,0.));
#5896=DIRECTION('',(0.,0.,1.));
#5897=DIRECTION('',(1.,0.,0.));
#5898=DIRECTION('',(0.,0.,-1.));
#5899=DIRECTION('',(-1.,0.,0.));
#5900=DIRECTION('',(0.,0.,1.));
#5901=DIRECTION('',(1.,0.,0.));
#5902=DIRECTION('',(0.,1.,0.));
#5903=DIRECTION('',(0.,0.,1.));
#5904=DIRECTION('',(0.707106781186546,0.,0.707106781186549));
#5905=DIRECTION('',(0.707106781186549,0.,-0.707106781186546));
#5906=DIRECTION('',(0.707106781186547,0.,0.707106781186548));
#5907=DIRECTION('',(0.707106781186548,0.,-0.707106781186548));
#5908=DIRECTION('',(0.707106781186546,0.,0.707106781186549));
#5909=DIRECTION('',(0.707106781186549,0.,-0.707106781186546));
#5910=DIRECTION('',(0.,1.,0.));
#5911=DIRECTION('',(0.,0.,1.));
#5912=DIRECTION('',(0.,1.,0.));
#5913=DIRECTION('',(0.,0.,1.));
#5914=DIRECTION('',(0.,1.,0.));
#5915=DIRECTION('',(0.,0.,1.));
#5916=DIRECTION('',(-1.,0.,0.));
#5917=DIRECTION('',(0.,0.,1.));
#5918=DIRECTION('',(0.,0.,1.));
#5919=DIRECTION('',(1.,0.,0.));
#5920=DIRECTION('',(0.,0.,-1.));
#5921=DIRECTION('',(-1.,0.,0.));
#5922=DIRECTION('',(0.,0.,1.));
#5923=DIRECTION('',(1.,0.,0.));
#5924=DIRECTION('',(0.,-1.,0.));
#5925=DIRECTION('',(0.,0.,-1.));
#5926=DIRECTION('',(-0.707106781186548,0.,0.707106781186548));
#5927=DIRECTION('',(0.707106781186548,0.,0.707106781186548));
#5928=DIRECTION('',(0.707106781186547,0.,-0.707106781186548));
#5929=DIRECTION('',(-0.707106781186548,0.,-0.707106781186548));
#5930=DIRECTION('',(-0.707106781186548,2.0443912222445E-15,0.707106781186548));
#5931=DIRECTION('',(0.707106781186548,0.,0.707106781186548));
#5932=DIRECTION('',(-1.,0.,0.));
#5933=DIRECTION('',(0.,0.,1.));
#5934=DIRECTION('',(0.,0.,-1.));
#5935=DIRECTION('',(-1.,0.,0.));
#5936=DIRECTION('',(1.,0.,0.));
#5937=DIRECTION('',(0.,0.,-1.));
#5938=DIRECTION('',(0.,0.,-1.));
#5939=DIRECTION('',(-1.,0.,0.));
#5940=DIRECTION('',(0.,0.,-1.));
#5941=DIRECTION('',(-1.,0.,0.));
#5942=DIRECTION('',(0.,0.,-1.));
#5943=DIRECTION('',(0.,0.,-1.));
#5944=DIRECTION('',(-1.,0.,0.));
#5945=DIRECTION('',(0.,0.,1.));
#5946=DIRECTION('',(1.,0.,0.));
#5947=DIRECTION('',(0.,0.,-1.));
#5948=DIRECTION('',(-1.,0.,0.));
#5949=DIRECTION('',(0.,0.,1.));
#5950=DIRECTION('',(0.,0.,-1.));
#5951=DIRECTION('',(-1.,0.,0.));
#5952=DIRECTION('',(1.,0.,0.));
#5953=DIRECTION('',(0.,0.,-1.));
#5954=DIRECTION('',(0.,0.,-1.));
#5955=DIRECTION('',(-1.,0.,0.));
#5956=DIRECTION('',(8.67361737988403E-16,0.,-1.));
#5957=DIRECTION('',(-1.,0.,-8.67361737988403E-16));
#5958=DIRECTION('',(0.,0.,-1.));
#5959=DIRECTION('',(0.,0.,-1.));
#5960=DIRECTION('',(-1.,0.,0.));
#5961=DIRECTION('',(0.,0.,1.));
#5962=DIRECTION('',(1.,0.,0.));
#5963=DIRECTION('',(0.,0.,-1.));
#5964=DIRECTION('',(0.,0.,-1.));
#5965=DIRECTION('',(-1.,0.,0.));
#5966=DIRECTION('',(0.,0.,-1.));
#5967=DIRECTION('',(-1.,0.,0.));
#5968=DIRECTION('',(0.,0.,-1.));
#5969=DIRECTION('',(0.,0.,1.));
#5970=DIRECTION('',(1.,0.,0.));
#5971=DIRECTION('',(-1.,0.,0.));
#5972=DIRECTION('',(0.,0.,1.));
#5973=DIRECTION('',(-1.,0.,0.));
#5974=DIRECTION('',(0.,0.,1.));
#5975=DIRECTION('',(0.,0.,-1.));
#5976=DIRECTION('',(-1.,0.,0.));
#5977=DIRECTION('',(-1.,0.,0.));
#5978=DIRECTION('',(0.,0.,1.));
#5979=DIRECTION('',(0.,0.,1.));
#5980=DIRECTION('',(1.,0.,0.));
#5981=DIRECTION('',(-1.,0.,0.));
#5982=DIRECTION('',(0.,0.,1.));
#5983=DIRECTION('',(0.,0.,-1.));
#5984=DIRECTION('',(-1.,0.,0.));
#5985=DIRECTION('',(0.,0.,-1.));
#5986=DIRECTION('',(0.,0.,-1.));
#5987=DIRECTION('',(-1.,0.,0.));
#5988=DIRECTION('',(0.,0.,-1.));
#5989=DIRECTION('',(-1.,0.,0.));
#5990=DIRECTION('',(0.,0.,-1.));
#5991=DIRECTION('',(1.00143141361155E-15,5.10777520272871E-16,1.));
#5992=DIRECTION('',(1.,0.,-1.00143141361155E-15));
#5993=DIRECTION('',(-1.,0.,0.));
#5994=DIRECTION('',(0.,0.,1.));
#5995=DIRECTION('',(-1.,0.,0.));
#5996=DIRECTION('',(0.,0.,1.));
#5997=DIRECTION('',(-1.55919667022188E-17,-9.65715819975143E-16,-1.));
#5998=DIRECTION('',(0.,1.,-9.65715819975143E-16));
#5999=DIRECTION('',(-1.,0.,0.));
#6000=DIRECTION('',(0.,0.,1.));
#6001=DIRECTION('',(0.,0.,1.));
#6002=DIRECTION('',(1.,0.,0.));
#6003=DIRECTION('',(-1.,0.,0.));
#6004=DIRECTION('',(0.,0.,1.));
#6005=DIRECTION('',(0.,0.,-1.));
#6006=DIRECTION('',(-1.,0.,0.));
#6007=DIRECTION('',(0.,0.,-1.));
#6008=DIRECTION('',(0.,0.,-1.));
#6009=DIRECTION('',(-1.,0.,0.));
#6010=DIRECTION('',(0.,0.,-1.));
#6011=DIRECTION('',(-1.,0.,0.));
#6012=DIRECTION('',(0.,0.,1.));
#6013=DIRECTION('',(1.,0.,0.));
#6014=DIRECTION('',(-1.,0.,0.));
#6015=DIRECTION('',(0.,0.,1.));
#6016=DIRECTION('',(0.,0.,-1.));
#6017=DIRECTION('',(-1.,0.,0.));
#6018=DIRECTION('',(-1.,0.,0.));
#6019=DIRECTION('',(0.,0.,1.));
#6020=DIRECTION('',(0.,0.,1.));
#6021=DIRECTION('',(1.,0.,0.));
#6022=DIRECTION('',(0.,0.,-1.));
#6023=DIRECTION('',(-1.,0.,0.));
#6024=DIRECTION('',(0.,0.,-1.));
#6025=DIRECTION('',(-1.,0.,0.));
#6026=DIRECTION('',(0.,0.,-1.));
#6027=DIRECTION('',(-1.,0.,0.));
#6028=DIRECTION('',(0.,1.18527436940477E-15,1.));
#6029=DIRECTION('',(0.,-1.,1.18527436940477E-15));
#6030=DIRECTION('',(-1.,0.,0.));
#6031=DIRECTION('',(0.,0.,1.));
#6032=DIRECTION('',(0.,0.,-1.));
#6033=DIRECTION('',(-1.,0.,0.));
#6034=DIRECTION('',(-1.,0.,0.));
#6035=DIRECTION('',(0.,0.,1.));
#6036=DIRECTION('',(0.,0.,1.));
#6037=DIRECTION('',(1.,0.,0.));
#6038=DIRECTION('',(0.,0.,-1.));
#6039=DIRECTION('',(-1.,0.,0.));
#6040=DIRECTION('',(0.,0.,1.));
#6041=DIRECTION('',(1.,0.,0.));
#6042=DIRECTION('',(0.,0.,-1.));
#6043=DIRECTION('',(-1.,0.,0.));
#6044=DIRECTION('',(0.,0.,1.));
#6045=DIRECTION('',(0.,0.,1.));
#6046=DIRECTION('',(1.,0.,0.));
#6047=DIRECTION('',(0.,0.,1.));
#6048=DIRECTION('',(1.,0.,0.));
#6049=DIRECTION('',(0.,0.,-1.));
#6050=DIRECTION('',(-1.,0.,0.));
#6051=DIRECTION('',(0.,0.,1.));
#6052=DIRECTION('',(1.,0.,0.));
#6053=DIRECTION('',(0.,0.,-1.));
#6054=DIRECTION('',(-1.,0.,0.));
#6055=DIRECTION('',(0.,0.,1.));
#6056=DIRECTION('',(0.,0.,1.));
#6057=DIRECTION('',(1.,0.,0.));
#6058=DIRECTION('',(0.,-8.67361737988403E-16,-1.));
#6059=DIRECTION('',(0.,1.,-8.67361737988403E-16));
#6060=DIRECTION('',(0.,0.,1.));
#6061=DIRECTION('',(0.,0.,1.));
#6062=DIRECTION('',(1.,0.,0.));
#6063=DIRECTION('',(0.,0.,1.));
#6064=DIRECTION('',(1.,0.,0.));
#6065=DIRECTION('',(0.,0.,-1.));
#6066=DIRECTION('',(-1.,0.,0.));
#6067=DIRECTION('',(0.,0.,1.));
#6068=DIRECTION('',(1.,0.,0.));
#6069=DIRECTION('',(0.,0.,-1.));
#6070=DIRECTION('',(-1.,0.,0.));
#6071=DIRECTION('',(0.,0.,1.));
#6072=DIRECTION('',(0.,0.,1.));
#6073=DIRECTION('',(1.,0.,0.));
#6074=DIRECTION('',(0.,0.,-1.));
#6075=DIRECTION('',(-1.,0.,0.));
#6076=DIRECTION('',(0.,0.,1.));
#6077=DIRECTION('',(0.,0.,1.));
#6078=DIRECTION('',(1.,0.,0.));
#6079=DIRECTION('',(1.,0.,0.));
#6080=DIRECTION('',(0.,0.,-1.));
#6081=DIRECTION('',(1.,0.,0.));
#6082=DIRECTION('',(0.,0.,-1.));
#6083=DIRECTION('',(0.,0.,-1.));
#6084=DIRECTION('',(-1.,0.,0.));
#6085=DIRECTION('',(1.,0.,0.));
#6086=DIRECTION('',(0.,0.,-1.));
#6087=DIRECTION('',(0.,0.,1.));
#6088=DIRECTION('',(1.,0.,0.));
#6089=DIRECTION('',(1.,0.,0.));
#6090=DIRECTION('',(0.,0.,-1.));
#6091=DIRECTION('',(0.,0.,1.));
#6092=DIRECTION('',(1.,0.,0.));
#6093=DIRECTION('',(0.,0.,1.));
#6094=DIRECTION('',(0.,0.,1.));
#6095=DIRECTION('',(1.,0.,0.));
#6096=DIRECTION('',(0.,0.,-1.));
#6097=DIRECTION('',(-1.,0.,0.));
#6098=DIRECTION('',(0.,0.,1.));
#6099=DIRECTION('',(5.00715706805775E-16,2.55388760136436E-16,1.));
#6100=DIRECTION('',(1.,0.,-5.00715706805775E-16));
#6101=DIRECTION('',(1.,0.,0.));
#6102=DIRECTION('',(0.,0.,-1.));
#6103=DIRECTION('',(1.,0.,0.));
#6104=DIRECTION('',(0.,0.,-1.));
#6105=DIRECTION('',(-5.16307673507993E-16,-7.10327059838706E-16,-1.));
#6106=DIRECTION('',(0.,1.,-7.10327059838706E-16));
#6107=DIRECTION('',(1.,0.,0.));
#6108=DIRECTION('',(0.,0.,-1.));
#6109=DIRECTION('',(0.,0.,1.));
#6110=DIRECTION('',(1.,0.,0.));
#6111=DIRECTION('',(1.,0.,0.));
#6112=DIRECTION('',(0.,0.,-1.));
#6113=DIRECTION('',(0.,0.,1.));
#6114=DIRECTION('',(1.,0.,0.));
#6115=DIRECTION('',(0.,0.,1.));
#6116=DIRECTION('',(-1.,0.,0.));
#6117=DIRECTION('',(0.,0.,1.));
#6118=DIRECTION('',(0.,0.,-1.));
#6119=DIRECTION('',(-1.,0.,0.));
#6120=DIRECTION('',(0.,0.,-1.));
#6121=DIRECTION('',(-1.,0.,0.));
#6122=DIRECTION('',(0.,0.,1.));
#6123=DIRECTION('',(1.,0.,0.));
#6124=DIRECTION('',(0.,0.,-1.));
#6125=DIRECTION('',(-1.,0.,0.));
#6126=DIRECTION('',(0.,0.,1.));
#6127=DIRECTION('',(1.,0.,0.));
#6128=DIRECTION('',(0.,0.,-1.));
#6129=DIRECTION('',(-1.,0.,0.));
#6130=DIRECTION('',(-1.,0.,0.));
#6131=DIRECTION('',(0.,0.,1.));
#6132=DIRECTION('',(-1.,0.,0.));
#6133=DIRECTION('',(0.,0.,1.));
#6134=DIRECTION('',(0.,0.,-1.));
#6135=DIRECTION('',(-1.,0.,0.));
#6136=DIRECTION('',(0.,0.,-1.));
#6137=DIRECTION('',(-1.,0.,0.));
#6138=DIRECTION('',(0.,0.,1.));
#6139=DIRECTION('',(1.,0.,0.));
#6140=DIRECTION('',(0.,0.,-1.));
#6141=DIRECTION('',(-1.,0.,0.));
#6142=DIRECTION('',(0.,0.,1.));
#6143=DIRECTION('',(1.,0.,0.));
#6144=DIRECTION('',(0.,0.,-1.));
#6145=DIRECTION('',(-1.,0.,0.));
#6146=DIRECTION('',(-1.,0.,0.));
#6147=DIRECTION('',(0.,0.,1.));
#6148=DIRECTION('',(-4.45409998966999E-17,-1.,0.));
#6149=DIRECTION('',(1.,-4.45409998966999E-17,0.));
#6150=DIRECTION('',(0.,1.,0.));
#6151=DIRECTION('',(0.,0.,1.));
#6152=DIRECTION('',(0.,-1.,4.45409998966999E-17));
#6153=DIRECTION('',(0.,-4.45409998966999E-17,-1.));
#6154=DIRECTION('',(0.,-1.,0.));
#6155=DIRECTION('',(0.,0.,-1.));
#6156=DIRECTION('',(0.,1.,0.));
#6157=DIRECTION('',(0.,0.,1.));
#6158=DIRECTION('',(-4.45409998966999E-17,1.,0.));
#6159=DIRECTION('',(-1.,-4.45409998966999E-17,0.));
#6160=DIRECTION('',(0.,1.,0.));
#6161=DIRECTION('',(0.,0.,1.));
#6162=DIRECTION('',(0.,1.,-4.45409998966999E-17));
#6163=DIRECTION('',(0.,4.45409998966999E-17,1.));
#6164=DIRECTION('',(0.,1.,0.));
#6165=DIRECTION('',(0.,0.,1.));
#6166=DIRECTION('',(0.,1.,0.));
#6167=DIRECTION('',(0.,0.,1.));
#6168=DIRECTION('',(-1.,-5.93879998622666E-17,-2.67021217445031E-31));
#6169=DIRECTION('',(5.93879998622666E-17,-1.,0.));
#6170=DIRECTION('',(-1.,5.93879998622666E-17,-2.67021274364837E-31));
#6171=DIRECTION('',(-5.93879998622666E-17,-1.,0.));
#6172=DIRECTION('',(0.6,-0.8,0.));
#6173=DIRECTION('',(0.,0.,-1.));
#6174=DIRECTION('',(0.6,-0.8,0.));
#6175=DIRECTION('',(0.8,0.6,0.));
#6176=DIRECTION('',(0.,0.,1.));
#6177=DIRECTION('',(0.8,0.6,0.));
#6178=DIRECTION('',(0.,0.,-1.));
#6179=DIRECTION('',(0.8,0.6,0.));
#6180=DIRECTION('',(0.,0.,1.));
#6181=DIRECTION('',(0.6,0.8,0.));
#6182=DIRECTION('',(0.,0.,1.));
#6183=DIRECTION('',(-0.8,0.6,0.));
#6184=DIRECTION('',(0.,0.,1.));
#6185=DIRECTION('',(-0.8,0.6,0.));
#6186=DIRECTION('',(0.,0.,-1.));
#6187=DIRECTION('',(0.6,0.8,0.));
#6188=DIRECTION('',(-0.8,0.6,0.));
#6189=DIRECTION('',(0.,0.,-1.));
#6190=DIRECTION('',(0.501962975177159,0.376472231382871,0.77865385798113));
#6191=DIRECTION('',(0.840490507321767,0.,-0.541826270221367));
#6192=DIRECTION('',(0.,0.,1.));
#6193=DIRECTION('',(1.,0.,0.));
#6194=DIRECTION('',(0.,0.,1.));
#6195=DIRECTION('',(1.,0.,0.));
#6196=DIRECTION('',(-0.156892908110547,-0.117669681082911,-0.98058067569092));
#6197=DIRECTION('',(-0.78446454055274,-0.588348405414547,0.196116135138184));
#6198=DIRECTION('',(-0.780868809443051,0.,0.624695047554398));
#6199=DIRECTION('',(0.624695047554398,0.,0.780868809443051));
#6200=DIRECTION('',(-0.784464540552735,-0.588348405414555,-0.196116135138179));
#6201=DIRECTION('',(-0.156892908110552,-0.117669681082898,0.980580675690921));
#6202=DIRECTION('',(0.618390361344796,0.785871084209015,0.));
#6203=DIRECTION('',(0.785871084209015,-0.618390361344796,0.));
#6204=DIRECTION('',(0.8,0.6,0.));
#6205=DIRECTION('',(-0.6,0.8,0.));
#6206=DIRECTION('',(-0.975756010537363,-0.218861161242027,0.));
#6207=DIRECTION('',(-0.218861161242027,0.975756010537363,0.));
#6208=DIRECTION('',(-0.501962975177158,0.376472231382871,0.77865385798113));
#6209=DIRECTION('',(0.840490507321768,0.,0.541826270221367));
#6210=DIRECTION('',(0.,0.,1.));
#6211=DIRECTION('',(1.,0.,0.));
#6212=DIRECTION('',(0.,0.,-1.));
#6213=DIRECTION('',(-1.,0.,0.));
#6214=DIRECTION('',(-0.156892908110547,0.117669681082911,0.98058067569092));
#6215=DIRECTION('',(-0.78446454055274,0.588348405414547,-0.196116135138184));
#6216=DIRECTION('',(-0.780868809443067,0.,-0.624695047554378));
#6217=DIRECTION('',(-0.624695047554378,0.,0.780868809443067));
#6218=DIRECTION('',(0.618390361344796,-0.785871084209015,0.));
#6219=DIRECTION('',(0.785871084209015,0.618390361344796,0.));
#6220=DIRECTION('',(-0.784464540552734,0.588348405414554,0.196116135138187));
#6221=DIRECTION('',(-0.156892908110553,0.117669681082908,-0.98058067569092));
#6222=DIRECTION('',(0.8,-0.6,0.));
#6223=DIRECTION('',(0.6,0.8,0.));
#6224=DIRECTION('',(-0.975756010537363,0.218861161242028,0.));
#6225=DIRECTION('',(-0.218861161242028,-0.975756010537363,0.));
#6226=DIRECTION('',(1.,0.,0.));
#6227=DIRECTION('',(0.,0.,-1.));
#6228=DIRECTION('',(1.,0.,0.));
#6229=DIRECTION('',(0.,0.,-1.));
#6230=DIRECTION('',(1.,0.,0.));
#6231=DIRECTION('',(0.,0.,-1.));
#6232=DIRECTION('',(0.,1.,0.));
#6233=DIRECTION('',(0.,0.,1.));
#6234=DIRECTION('',(0.,0.,1.));
#6235=DIRECTION('',(1.,0.,0.));
#6236=DIRECTION('',(-0.420574374362534,-0.907258064516135,0.));
#6237=DIRECTION('',(0.907258064516135,-0.420574374362534,0.));
#6238=DIRECTION('',(0.,0.,1.));
#6239=DIRECTION('',(1.,0.,0.));
#6240=DIRECTION('',(0.,0.,1.));
#6241=DIRECTION('',(1.,0.,0.));
#6242=DIRECTION('',(0.,0.,1.));
#6243=DIRECTION('',(1.,0.,0.));
#6244=DIRECTION('',(-1.,0.,0.));
#6245=DIRECTION('',(0.,0.,1.));
#6246=DIRECTION('',(1.,0.,0.));
#6247=DIRECTION('',(0.,0.,-1.));
#6248=DIRECTION('',(-1.,2.31296463463574E-15,0.));
#6249=DIRECTION('',(-2.31296463463574E-15,-1.,0.));
#6250=DIRECTION('',(0.,1.,0.));
#6251=DIRECTION('',(0.,0.,1.));
#6252=DIRECTION('',(0.,0.,1.));
#6253=DIRECTION('',(1.,0.,0.));
#6254=DIRECTION('',(0.,0.,1.));
#6255=DIRECTION('',(1.,0.,0.));
#6256=DIRECTION('',(0.,0.,1.));
#6257=DIRECTION('',(1.,0.,0.));
#6258=DIRECTION('',(0.420574374362534,-0.907258064516135,0.));
#6259=DIRECTION('',(0.907258064516135,0.420574374362534,0.));
#6260=DIRECTION('',(0.,0.,1.));
#6261=DIRECTION('',(1.,0.,0.));
#6262=DIRECTION('',(0.424264068711926,-0.565685424949231,-0.707106781186555));
#6263=DIRECTION('',(0.8,0.6,0.));
#6264=DIRECTION('',(0.424264068711926,-0.565685424949231,-0.707106781186555));
#6265=DIRECTION('',(-0.424264068711935,0.565685424949243,-0.70710678118654));
#6266=DIRECTION('',(0.229415733870558,-0.688247201611696,0.688247201611676));
#6267=DIRECTION('',(0.424264068711926,-0.565685424949231,-0.707106781186555));
#6268=DIRECTION('',(-0.424264068711935,0.565685424949243,-0.70710678118654));
#6269=DIRECTION('',(0.,0.707106781186538,0.707106781186558));
#6270=DIRECTION('',(-1.,0.,0.));
#6271=DIRECTION('',(0.,0.707106781186538,0.707106781186558));
#6272=DIRECTION('',(0.,0.707106781186558,-0.707106781186538));
#6273=DIRECTION('',(0.,0.707106781186538,0.707106781186558));
#6274=DIRECTION('',(0.,0.707106781186558,-0.707106781186538));
#6275=DIRECTION('',(0.229415733870578,0.688247201611693,-0.688247201611673));
#6276=DIRECTION('',(0.424264068711922,0.565685424949226,0.707106781186561));
#6277=DIRECTION('',(-0.8,0.6,0.));
#6278=DIRECTION('',(0.424264068711922,0.565685424949226,0.707106781186561));
#6279=DIRECTION('',(-0.424264068711939,-0.565685424949248,0.707106781186534));
#6280=DIRECTION('',(0.424264068711922,0.565685424949226,0.707106781186561));
#6281=DIRECTION('',(0.424264068711939,0.565685424949248,-0.707106781186534));
#6282=DIRECTION('',(-1.,0.,0.));
#6283=DIRECTION('',(0.,0.,1.));
#6284=DIRECTION('',(-1.,0.,0.));
#6285=DIRECTION('',(0.,0.,1.));
#6286=DIRECTION('',(-1.,0.,0.));
#6287=DIRECTION('',(0.,0.,1.));
#6288=DIRECTION('',(0.,0.,-1.));
#6289=DIRECTION('',(-1.,0.,0.));
#6290=DIRECTION('',(0.,0.,-1.));
#6291=DIRECTION('',(-1.,0.,0.));
#6292=DIRECTION('',(-4.45409998966999E-17,1.,0.));
#6293=DIRECTION('',(-1.,-4.45409998966999E-17,0.));
#6294=DIRECTION('',(0.,1.,0.));
#6295=DIRECTION('',(0.,0.,1.));
#6296=DIRECTION('',(0.,1.,0.));
#6297=DIRECTION('',(0.,0.,1.));
#6298=DIRECTION('',(-4.45409998966999E-17,-1.,0.));
#6299=DIRECTION('',(1.,-4.45409998966999E-17,0.));
#6300=DIRECTION('',(0.,1.,0.));
#6301=DIRECTION('',(0.,0.,1.));
#6302=DIRECTION('',(0.,1.,0.));
#6303=DIRECTION('',(0.,0.,1.));
#6304=DIRECTION('',(-1.,0.,0.));
#6305=DIRECTION('',(0.,0.,1.));
#6306=DIRECTION('',(-1.,0.,0.));
#6307=DIRECTION('',(-1.,0.,0.));
#6308=DIRECTION('',(0.,0.,1.));
#6309=DIRECTION('',(1.,0.,0.));
#6310=DIRECTION('',(0.,0.,-1.));
#6311=DIRECTION('',(-1.,0.,0.));
#6312=DIRECTION('',(0.,0.,1.));
#6313=DIRECTION('',(-1.,0.,0.));
#6314=DIRECTION('',(0.,0.,1.));
#6315=DIRECTION('',(-1.,0.,0.));
#6316=DIRECTION('',(1.,0.,0.));
#6317=DIRECTION('',(0.,0.,-1.));
#6318=DIRECTION('',(-1.,0.,0.));
#6319=DIRECTION('',(0.,0.,1.));
#6320=DIRECTION('',(-1.,-1.37554697544976E-15,-1.73472347597681E-15));
#6321=DIRECTION('',(-1.73472347597681E-15,0.,1.));
#6322=DIRECTION('',(1.,4.42781888508289E-15,0.));
#6323=DIRECTION('',(-4.42781888508289E-15,1.,0.));
#6324=DIRECTION('',(-1.,0.,0.));
#6325=DIRECTION('',(0.,0.,1.));
#6326=DIRECTION('',(1.,0.,0.));
#6327=DIRECTION('',(0.,0.,-1.));
#6328=DIRECTION('',(-1.,0.,0.));
#6329=DIRECTION('',(0.,0.,1.));
#6330=DIRECTION('',(0.,0.,-1.));
#6331=DIRECTION('',(-1.,0.,0.));
#6332=DIRECTION('',(0.,0.,1.));
#6333=DIRECTION('',(1.,0.,0.));
#6334=DIRECTION('',(0.,1.,0.));
#6335=DIRECTION('',(0.,0.,1.));
#6336=DIRECTION('',(0.,1.,0.));
#6337=DIRECTION('',(0.,0.,1.));
#6338=DIRECTION('',(0.,-0.637951972751052,0.770076152379128));
#6339=DIRECTION('',(0.,0.770076152379128,0.637951972751052));
#6340=DIRECTION('',(-0.618842275161626,0.72572147988094,0.30060367947216));
#6341=DIRECTION('',(-0.760914424051272,-0.648852247642498,0.));
#6342=DIRECTION('',(0.,-0.0934259033737182,0.995626235380931));
#6343=DIRECTION('',(0.,0.995626235380931,0.0934259033737182));
#6344=DIRECTION('',(1.,0.,0.));
#6345=DIRECTION('',(0.,0.,-1.));
#6346=DIRECTION('',(-1.17527369024179E-14,-0.707106781186549,-0.707106781186546));
#6347=DIRECTION('',(0.,0.707106781186546,-0.707106781186549));
#6348=DIRECTION('',(0.,-0.707106781186548,-0.707106781186547));
#6349=DIRECTION('',(0.,0.707106781186547,-0.707106781186548));
#6350=DIRECTION('',(0.,-0.707106781186549,-0.707106781186546));
#6351=DIRECTION('',(0.,0.707106781186546,-0.707106781186549));
#6352=DIRECTION('',(1.,0.,0.));
#6353=DIRECTION('',(0.,0.,-1.));
#6354=DIRECTION('',(0.,0.,-1.));
#6355=DIRECTION('',(-1.,0.,0.));
#6356=DIRECTION('',(0.,0.,-1.));
#6357=DIRECTION('',(-1.,0.,0.));
#6358=DIRECTION('',(0.,0.,-1.));
#6359=DIRECTION('',(-1.,0.,0.));
#6360=DIRECTION('',(1.,0.,0.));
#6361=DIRECTION('',(0.,0.,-1.));
#6362=DIRECTION('',(0.,1.,0.));
#6363=DIRECTION('',(0.,0.,1.));
#6364=DIRECTION('',(0.,1.,0.));
#6365=DIRECTION('',(0.,0.,1.));
#6366=DIRECTION('',(0.,1.,0.));
#6367=DIRECTION('',(0.,0.,1.));
#6368=DIRECTION('',(1.,0.,0.));
#6369=DIRECTION('',(0.,0.,-1.));
#6370=DIRECTION('',(0.,0.,1.));
#6371=DIRECTION('',(1.,0.,0.));
#6372=DIRECTION('',(0.,0.,-1.));
#6373=DIRECTION('',(-1.,0.,0.));
#6374=DIRECTION('',(0.,0.,1.));
#6375=DIRECTION('',(1.,0.,0.));
#6376=DIRECTION('',(1.,0.,0.));
#6377=DIRECTION('',(0.,0.,-1.));
#6378=DIRECTION('',(0.,1.,0.));
#6379=DIRECTION('',(0.,0.,1.));
#6380=DIRECTION('',(0.,1.,0.));
#6381=DIRECTION('',(0.,0.,1.));
#6382=DIRECTION('',(0.,1.,0.));
#6383=DIRECTION('',(0.,0.,1.));
#6384=DIRECTION('',(1.,0.,0.));
#6385=DIRECTION('',(0.,0.,-1.));
#6386=DIRECTION('',(0.,0.,-1.));
#6387=DIRECTION('',(-1.,0.,0.));
#6388=DIRECTION('',(0.,0.,1.));
#6389=DIRECTION('',(1.,0.,0.));
#6390=DIRECTION('',(0.,0.,-1.));
#6391=DIRECTION('',(-1.,0.,0.));
#6392=DIRECTION('',(1.,0.,0.));
#6393=DIRECTION('',(0.,0.,-1.));
#6394=DIRECTION('',(0.,1.,0.));
#6395=DIRECTION('',(0.,0.,1.));
#6396=DIRECTION('',(0.,1.,0.));
#6397=DIRECTION('',(0.,0.,1.));
#6398=DIRECTION('',(0.,1.,0.));
#6399=DIRECTION('',(0.,0.,1.));
#6400=DIRECTION('',(1.,0.,0.));
#6401=DIRECTION('',(0.,0.,-1.));
#6402=DIRECTION('',(0.,0.707106781186548,-0.707106781186547));
#6403=DIRECTION('',(0.,0.707106781186547,0.707106781186548));
#6404=DIRECTION('',(0.,0.707106781186548,-0.707106781186547));
#6405=DIRECTION('',(0.,0.707106781186547,0.707106781186548));
#6406=DIRECTION('',(0.,0.707106781186547,-0.707106781186548));
#6407=DIRECTION('',(0.,0.707106781186548,0.707106781186547));
#6408=DIRECTION('',(6.13317366673349E-16,-0.707106781186547,0.707106781186548));
#6409=DIRECTION('',(0.,-0.707106781186548,-0.707106781186547));
#6410=DIRECTION('',(1.,0.,0.));
#6411=DIRECTION('',(0.,0.,-1.));
#6412=DIRECTION('',(0.,-1.,0.));
#6413=DIRECTION('',(0.,0.,-1.));
#6414=DIRECTION('',(0.,-1.,0.));
#6415=DIRECTION('',(0.,0.,-1.));
#6416=DIRECTION('',(0.,-1.,0.));
#6417=DIRECTION('',(0.,0.,-1.));
#6418=DIRECTION('',(1.,0.,0.));
#6419=DIRECTION('',(0.,0.,-1.));
#6420=DIRECTION('',(0.,0.,1.));
#6421=DIRECTION('',(1.,0.,0.));
#6422=DIRECTION('',(0.,0.,1.));
#6423=DIRECTION('',(1.,0.,0.));
#6424=DIRECTION('',(0.,0.,1.));
#6425=DIRECTION('',(1.,0.,0.));
#6426=DIRECTION('',(1.,0.,0.));
#6427=DIRECTION('',(0.,0.,-1.));
#6428=DIRECTION('',(0.,-1.,0.));
#6429=DIRECTION('',(0.,0.,-1.));
#6430=DIRECTION('',(0.,-1.,0.));
#6431=DIRECTION('',(0.,0.,-1.));
#6432=DIRECTION('',(0.,-1.,0.));
#6433=DIRECTION('',(0.,0.,-1.));
#6434=DIRECTION('',(1.,0.,0.));
#6435=DIRECTION('',(0.,0.,-1.));
#6436=DIRECTION('',(0.,0.,-1.));
#6437=DIRECTION('',(-1.,0.,0.));
#6438=DIRECTION('',(0.,0.,-1.));
#6439=DIRECTION('',(-1.,0.,0.));
#6440=DIRECTION('',(0.,0.,-1.));
#6441=DIRECTION('',(-1.,0.,0.));
#6442=DIRECTION('',(1.,0.,0.));
#6443=DIRECTION('',(0.,0.,-1.));
#6444=DIRECTION('',(0.,-1.,0.));
#6445=DIRECTION('',(0.,0.,-1.));
#6446=DIRECTION('',(0.,-1.,0.));
#6447=DIRECTION('',(0.,0.,-1.));
#6448=DIRECTION('',(0.,-1.,0.));
#6449=DIRECTION('',(0.,0.,-1.));
#6450=DIRECTION('',(1.,0.,0.));
#6451=DIRECTION('',(0.,0.,-1.));
#6452=DIRECTION('',(0.,0.,1.));
#6453=DIRECTION('',(1.,0.,0.));
#6454=DIRECTION('',(0.,0.,-1.));
#6455=DIRECTION('',(-1.,0.,0.));
#6456=DIRECTION('',(0.,0.,1.));
#6457=DIRECTION('',(1.,0.,0.));
#6458=DIRECTION('',(1.,0.,0.));
#6459=DIRECTION('',(0.,0.,-1.));
#6460=DIRECTION('',(2.45326946669339E-15,0.707106781186549,0.707106781186546));
#6461=DIRECTION('',(0.,-0.707106781186546,0.707106781186549));
#6462=DIRECTION('',(0.,-0.707106781186548,-0.707106781186547));
#6463=DIRECTION('',(0.,0.707106781186547,-0.707106781186548));
#6464=DIRECTION('',(6.05811180538606E-16,-0.707106781186549,-0.707106781186546));
#6465=DIRECTION('',(0.,0.707106781186546,-0.707106781186549));
#6466=DIRECTION('',(0.,-0.0934259033737226,0.99562623538093));
#6467=DIRECTION('',(0.,-0.99562623538093,-0.0934259033737226));
#6468=DIRECTION('',(1.,0.,0.));
#6469=DIRECTION('',(0.,0.,-1.));
#6470=DIRECTION('',(0.618842275162665,0.725721479880118,0.300603679472006));
#6471=DIRECTION('',(-0.760914424050372,0.648852247643553,0.));
#6472=DIRECTION('',(0.,-0.637951972751052,0.770076152379128));
#6473=DIRECTION('',(0.,-0.770076152379128,-0.637951972751052));
#6474=DIRECTION('',(0.,1.,0.));
#6475=DIRECTION('',(0.,0.,1.));
#6476=DIRECTION('',(0.,-1.,0.));
#6477=DIRECTION('',(0.,0.,-1.));
#6478=DIRECTION('',(0.,0.,-1.));
#6479=DIRECTION('',(-1.,0.,0.));
#6480=DIRECTION('',(0.,0.,1.));
#6481=DIRECTION('',(1.,0.,0.));
#6482=DIRECTION('',(0.3075,0.,0.95154808076103));
#6483=DIRECTION('',(0.95154808076103,0.,-0.3075));
#6484=DIRECTION('',(0.,1.,0.));
#6485=DIRECTION('',(0.,0.,1.));
#6486=DIRECTION('',(0.,0.,1.));
#6487=DIRECTION('',(1.,0.,0.));
#6488=DIRECTION('',(0.,0.,-1.));
#6489=DIRECTION('',(-1.,0.,0.));
#6490=DIRECTION('',(0.,0.,1.));
#6491=DIRECTION('',(1.,0.,0.));
#6492=DIRECTION('',(0.,1.,0.));
#6493=DIRECTION('',(0.,0.,1.));
#6494=DIRECTION('',(0.707106781186548,0.,0.707106781186547));
#6495=DIRECTION('',(0.707106781186547,0.,-0.707106781186548));
#6496=DIRECTION('',(-0.707106781186548,0.,-0.707106781186548));
#6497=DIRECTION('',(-0.707106781186548,0.,0.707106781186548));
#6498=DIRECTION('',(0.707106781186548,0.,0.707106781186548));
#6499=DIRECTION('',(0.707106781186548,0.,-0.707106781186548));
#6500=DIRECTION('',(0.,1.,0.));
#6501=DIRECTION('',(0.,0.,1.));
#6502=DIRECTION('',(0.,0.,1.));
#6503=DIRECTION('',(1.,0.,0.));
#6504=DIRECTION('',(0.,0.,1.));
#6505=DIRECTION('',(1.,0.,0.));
#6506=DIRECTION('',(0.,0.,1.));
#6507=DIRECTION('',(1.,0.,0.));
#6508=DIRECTION('',(-1.,0.,0.));
#6509=DIRECTION('',(0.,0.,1.));
#6510=DIRECTION('',(-4.08878244448902E-15,0.707106781186545,0.70710678118655));
#6511=DIRECTION('',(0.,-0.70710678118655,0.707106781186545));
#6512=DIRECTION('',(0.,0.707106781186548,0.707106781186547));
#6513=DIRECTION('',(0.,-0.707106781186547,0.707106781186548));
#6514=DIRECTION('',(7.07742999730975E-15,-0.707106781186545,-0.707106781186551));
#6515=DIRECTION('',(0.,0.707106781186551,-0.707106781186545));
#6516=DIRECTION('',(0.,-0.392042956251047,-0.919946911758467));
#6517=DIRECTION('',(0.,0.919946911758467,-0.392042956251047));
#6518=DIRECTION('',(-1.,0.,0.));
#6519=DIRECTION('',(0.,0.,1.));
#6520=DIRECTION('',(0.214357032859247,0.902404299172535,0.373788099461053));
#6521=DIRECTION('',(0.,-0.382683432365091,0.923879532511286));
#6522=DIRECTION('',(0.,0.927716932517565,-0.373284466754511));
#6523=DIRECTION('',(0.,0.373284466754511,0.927716932517565));
#6524=DIRECTION('',(0.,1.,0.));
#6525=DIRECTION('',(0.,0.,1.));
#6526=DIRECTION('',(0.,-1.,0.));
#6527=DIRECTION('',(0.,0.,-1.));
#6528=DIRECTION('',(-1.,0.,0.));
#6529=DIRECTION('',(0.,0.,1.));
#6530=DIRECTION('',(0.,0.,-1.));
#6531=DIRECTION('',(-1.,0.,0.));
#6532=DIRECTION('',(0.,0.,1.));
#6533=DIRECTION('',(1.,0.,0.));
#6534=DIRECTION('',(0.,0.,-1.));
#6535=DIRECTION('',(-1.,0.,0.));
#6536=DIRECTION('',(0.,-1.,0.));
#6537=DIRECTION('',(0.,0.,-1.));
#6538=DIRECTION('',(-0.505056091921882,0.,-0.863086521741937));
#6539=DIRECTION('',(-0.863086521741937,0.,0.505056091921882));
#6540=DIRECTION('',(-0.704347109429576,-0.0882626697783984,-0.70434710942957));
#6541=DIRECTION('',(-0.707106781186545,0.,0.70710678118655));
#6542=DIRECTION('',(-0.666378047069588,-0.334485570342651,-0.666378047069584));
#6543=DIRECTION('',(-0.707106781186545,0.,0.70710678118655));
#6544=DIRECTION('',(6.0010656108267E-16,-0.557389831681965,-0.830250911193448));
#6545=DIRECTION('',(0.,0.830250911193448,-0.557389831681965));
#6546=DIRECTION('',(-1.,4.45409998966999E-17,0.));
#6547=DIRECTION('',(-4.45409998966999E-17,-1.,0.));
#6548=DIRECTION('',(-2.18509843431803E-14,-0.628846153846161,-0.777529751709149));
#6549=DIRECTION('',(0.,0.777529751709149,-0.628846153846161));
#6550=DIRECTION('',(-0.202658343650176,-0.842505708043039,-0.499112940789823));
#6551=DIRECTION('',(0.,0.509689244198845,-0.860358573124026));
#6552=DIRECTION('',(-0.3075,6.87780330923677E-16,0.95154808076103));
#6553=DIRECTION('',(0.95154808076103,0.,0.3075));
#6554=DIRECTION('',(0.,1.,0.));
#6555=DIRECTION('',(0.,0.,1.));
#6556=DIRECTION('',(0.,0.,1.));
#6557=DIRECTION('',(1.,0.,0.));
#6558=DIRECTION('',(0.,0.,1.));
#6559=DIRECTION('',(1.,0.,0.));
#6560=DIRECTION('',(0.,0.,1.));
#6561=DIRECTION('',(1.,0.,0.));
#6562=DIRECTION('',(0.,1.,0.));
#6563=DIRECTION('',(0.,0.,1.));
#6564=DIRECTION('',(-0.707106781186548,0.,0.707106781186547));
#6565=DIRECTION('',(0.707106781186547,0.,0.707106781186548));
#6566=DIRECTION('',(0.707106781186548,0.,-0.707106781186548));
#6567=DIRECTION('',(-0.707106781186548,0.,-0.707106781186548));
#6568=DIRECTION('',(-0.707106781186548,0.,0.707106781186548));
#6569=DIRECTION('',(0.707106781186548,0.,0.707106781186548));
#6570=DIRECTION('',(0.,1.,0.));
#6571=DIRECTION('',(0.,0.,1.));
#6572=DIRECTION('',(0.,0.,1.));
#6573=DIRECTION('',(1.,0.,0.));
#6574=DIRECTION('',(0.,0.,-1.));
#6575=DIRECTION('',(-1.,0.,0.));
#6576=DIRECTION('',(0.,0.,1.));
#6577=DIRECTION('',(1.,0.,0.));
#6578=DIRECTION('',(-1.,0.,0.));
#6579=DIRECTION('',(0.,0.,1.));
#6580=DIRECTION('',(0.,0.707106781186542,0.707106781186553));
#6581=DIRECTION('',(0.,-0.707106781186553,0.707106781186542));
#6582=DIRECTION('',(-1.,0.,0.));
#6583=DIRECTION('',(0.,0.,1.));
#6584=DIRECTION('',(-7.07742999730973E-15,-0.707106781186545,-0.707106781186551));
#6585=DIRECTION('',(0.,0.707106781186551,-0.707106781186545));
#6586=DIRECTION('',(0.,-0.707106781186548,-0.707106781186547));
#6587=DIRECTION('',(0.,0.707106781186547,-0.707106781186548));
#6588=DIRECTION('',(0.,0.392042956251047,0.919946911758467));
#6589=DIRECTION('',(0.,0.919946911758467,-0.392042956251047));
#6590=DIRECTION('',(-0.214357032859226,0.902404299172543,0.373788099461046));
#6591=DIRECTION('',(0.,-0.382683432365082,0.92387953251129));
#6592=DIRECTION('',(0.,-0.927716932517565,0.373284466754511));
#6593=DIRECTION('',(0.,0.373284466754511,0.927716932517565));
#6594=DIRECTION('',(0.,1.,0.));
#6595=DIRECTION('',(0.,0.,1.));
#6596=DIRECTION('',(0.,-1.,0.));
#6597=DIRECTION('',(0.,0.,-1.));
#6598=DIRECTION('',(-1.,0.,0.));
#6599=DIRECTION('',(0.,0.,1.));
#6600=DIRECTION('',(0.,0.,-1.));
#6601=DIRECTION('',(-1.,0.,0.));
#6602=DIRECTION('',(0.,0.,1.));
#6603=DIRECTION('',(1.,0.,0.));
#6604=DIRECTION('',(0.,0.,-1.));
#6605=DIRECTION('',(-1.,0.,0.));
#6606=DIRECTION('',(0.,1.,0.));
#6607=DIRECTION('',(0.,0.,1.));
#6608=DIRECTION('',(0.505056091921881,1.24768037588742E-15,-0.863086521741938));
#6609=DIRECTION('',(-0.863086521741938,0.,-0.505056091921881));
#6610=DIRECTION('',(0.704347109429573,-0.0882626697783947,-0.704347109429573));
#6611=DIRECTION('',(-0.707106781186548,0.,-0.707106781186548));
#6612=DIRECTION('',(0.666378047069587,-0.334485570342649,-0.666378047069587));
#6613=DIRECTION('',(-0.707106781186548,0.,-0.707106781186548));
#6614=DIRECTION('',(3.00053280541338E-15,-0.557389831681952,-0.830250911193457));
#6615=DIRECTION('',(0.,0.830250911193457,-0.557389831681952));
#6616=DIRECTION('',(-1.,-4.45409998966999E-17,0.));
#6617=DIRECTION('',(4.45409998966999E-17,-1.,0.));
#6618=DIRECTION('',(0.,-0.628846153846144,-0.777529751709163));
#6619=DIRECTION('',(0.,0.777529751709163,-0.628846153846144));
#6620=DIRECTION('',(0.202658343648319,-0.842505708042794,-0.499112940790989));
#6621=DIRECTION('',(0.,0.509689244199836,-0.860358573123439));
#6622=DIRECTION('',(0.,0.,-1.));
#6623=DIRECTION('',(-1.,0.,0.));
#6624=DIRECTION('',(0.,0.,1.));
#6625=DIRECTION('',(1.,0.,0.));
#6626=DIRECTION('',(0.,0.,1.));
#6627=DIRECTION('',(1.,0.,0.));
#6628=DIRECTION('',(0.,0.,1.));
#6629=DIRECTION('',(1.,0.,0.));
#6630=DIRECTION('',(0.,0.,1.));
#6631=DIRECTION('',(1.,0.,0.));
#6632=DIRECTION('',(0.,0.,1.));
#6633=DIRECTION('',(1.,0.,0.));
#6634=DIRECTION('',(0.,0.,1.));
#6635=DIRECTION('',(1.,0.,0.));
#6636=DIRECTION('',(0.,0.,1.));
#6637=DIRECTION('',(1.,0.,0.));
#6638=DIRECTION('',(0.,0.,1.));
#6639=DIRECTION('',(1.,0.,0.));
#6640=DIRECTION('',(0.,0.,-1.));
#6641=DIRECTION('',(-1.,0.,0.));
#6642=DIRECTION('',(0.,0.,1.));
#6643=DIRECTION('',(1.,0.,0.));
#6644=CARTESIAN_POINT('',(0.,0.,0.));
#6645=CARTESIAN_POINT('',(0.0119,0.,0.00314));
#6646=CARTESIAN_POINT('',(0.0119,-0.000601058648028247,0.00314));
#6647=CARTESIAN_POINT('',(0.0125,-0.000601058648028244,0.00314));
#6648=CARTESIAN_POINT('',(0.0119,0.000598941351971754,0.00254));
#6649=CARTESIAN_POINT('',(0.0119,0.000847469489395604,0.00254));
#6650=CARTESIAN_POINT('',(0.0119,-0.0662556038306214,0.00254));
#6651=CARTESIAN_POINT('',(0.0119,-0.0662556038306214,0.00254));
#6652=CARTESIAN_POINT('',(0.0122295855151497,-0.0661465872079535,0.00254));
#6653=CARTESIAN_POINT('',(0.0125,-0.0659922260024099,0.00283447782190498));
#6654=CARTESIAN_POINT('',(0.0125,-0.0658383940512538,0.00314));
#6655=CARTESIAN_POINT('',(0.0125,-0.0658383940512538,0.00314));
#6656=CARTESIAN_POINT('',(0.0125,-0.109152530510604,0.00314));
#6657=CARTESIAN_POINT('',(1.21430643318376E-17,0.,0.00254));
#6658=CARTESIAN_POINT('',(0.,-0.0458453981166406,0.00254));
#6659=CARTESIAN_POINT('',(0.0041,-0.0458453981166406,0.00254));
#6660=CARTESIAN_POINT('',(0.,-0.0268453981166406,0.00254));
#6661=CARTESIAN_POINT('',(0.0015,-0.0268453981166406,0.00254));
#6662=CARTESIAN_POINT('',(-0.00457112381529809,-0.0668303940512538,0.00254));
#6663=CARTESIAN_POINT('',(-0.011,-0.0668303940512538,0.00254));
#6664=CARTESIAN_POINT('',(-0.00357112381529809,-0.0668303940512538,0.00254));
#6665=CARTESIAN_POINT('',(-0.00357112381529809,-1.59061425488296E-19,0.00254));
#6666=CARTESIAN_POINT('',(-0.00357112381529809,-0.0713152020163342,0.00254));
#6667=CARTESIAN_POINT('',(-0.00357112381529809,-0.0713152020163342,0.00254));
#6668=CARTESIAN_POINT('',(-0.00357112381529726,-0.0714938519688413,0.00254));
#6669=CARTESIAN_POINT('',(-0.00359522142393991,-0.0716713549193809,0.00254));
#6670=CARTESIAN_POINT('',(-0.00363514834619186,-0.0718453981166406,0.00254));
#6671=CARTESIAN_POINT('',(-0.00363514834619187,-0.0718453981166406,0.00254));
#6672=CARTESIAN_POINT('',(-0.00457112381529809,-0.0718453981166406,0.00254));
#6673=CARTESIAN_POINT('',(0.00363514834619171,-0.0718453981166406,0.00254));
#6674=CARTESIAN_POINT('',(0.00363514834619171,-0.0718453981166406,0.00254));
#6675=CARTESIAN_POINT('',(0.00359522041263781,-0.0716713505110716,0.00254));
#6676=CARTESIAN_POINT('',(0.00357112381529724,-0.0714938540493495,0.00254));
#6677=CARTESIAN_POINT('',(0.00357112381529807,-0.0713152020163342,0.00254));
#6678=CARTESIAN_POINT('',(0.00357112381529809,-0.0713152020163342,0.00254));
#6679=CARTESIAN_POINT('',(0.00357112381529809,-0.0668303940512538,0.00254));
#6680=CARTESIAN_POINT('',(0.00357112381529809,-0.0668303940512538,0.00254));
#6681=CARTESIAN_POINT('',(0.0116831238152981,-0.0668303940512538,0.00254));
#6682=CARTESIAN_POINT('',(0.011,-0.0668303940512538,0.00254));
#6683=CARTESIAN_POINT('',(0.011,-0.0658383940512538,0.00254));
#6684=CARTESIAN_POINT('',(0.012525206459936,0.000847469489395611,0.00254));
#6685=CARTESIAN_POINT('',(0.0122932682145528,0.000847469489395615,0.00254));
#6686=CARTESIAN_POINT('',(0.0120628574521531,0.000760859914907845,0.00254));
#6687=CARTESIAN_POINT('',(0.0119,0.000598941351971754,0.00254));
#6688=CARTESIAN_POINT('',(0.012525206459936,0.000847469489395611,0.00254));
#6689=CARTESIAN_POINT('',(0.01375,0.000847469489395611,0.00254));
#6690=CARTESIAN_POINT('',(0.014,0.000847469489395611,0.00254));
#6691=CARTESIAN_POINT('',(0.014,-0.000566744072977484,0.00254));
#6692=CARTESIAN_POINT('',(0.015,-0.000566744072977486,0.00254));
#6693=CARTESIAN_POINT('',(0.015,0.00542,0.00254));
#6694=CARTESIAN_POINT('',(0.015,0.000140362708209061,0.00254));
#6695=CARTESIAN_POINT('',(0.0100661676152002,0.00711785538126849,0.00254));
#6696=CARTESIAN_POINT('',(0.0144614532029735,0.000901982892536579,0.00254));
#6697=CARTESIAN_POINT('',(0.011,0.00141999999999998,0.00254));
#6698=CARTESIAN_POINT('',(0.011,0.00492,0.00254));
#6699=CARTESIAN_POINT('',(1.21430643318376E-17,0.00492,0.00254));
#6700=CARTESIAN_POINT('',(-0.011,0.00492,0.00254));
#6701=CARTESIAN_POINT('',(-0.011,0.00141999999999998,0.00254));
#6702=CARTESIAN_POINT('',(-0.0144614532029735,0.000901982892536582,0.00254));
#6703=CARTESIAN_POINT('',(-0.0100661676152002,0.0071178553812685,0.00254));
#6704=CARTESIAN_POINT('',(-0.015,0.000140362708209065,0.00254));
#6705=CARTESIAN_POINT('',(-0.015,0.,0.00254));
#6706=CARTESIAN_POINT('',(-0.015,-0.000566744072977483,0.00254));
#6707=CARTESIAN_POINT('',(-0.014,-0.000566744072977483,0.00254));
#6708=CARTESIAN_POINT('',(-0.014,0.000847469489395612,0.00254));
#6709=CARTESIAN_POINT('',(-0.01375,0.000847469489395612,0.00254));
#6710=CARTESIAN_POINT('',(-0.012525206459936,0.000847469489395612,0.00254));
#6711=CARTESIAN_POINT('',(-0.012525206459936,0.000847469489395612,0.00254));
#6712=CARTESIAN_POINT('',(-0.0122928889667732,0.00084746948939561,0.00254));
#6713=CARTESIAN_POINT('',(-0.0120624206684829,0.000760425649341029,0.00254));
#6714=CARTESIAN_POINT('',(-0.0119,0.000598941351971755,0.00254));
#6715=CARTESIAN_POINT('',(-0.0119,0.000598941351971754,0.00254));
#6716=CARTESIAN_POINT('',(-0.0119,1.12599323804313E-18,0.00254));
#6717=CARTESIAN_POINT('',(-0.0119,-0.0662556038306214,0.00254));
#6718=CARTESIAN_POINT('',(-0.011,-0.0658383940512538,0.00254));
#6719=CARTESIAN_POINT('',(1.21025230702468E-17,0.000311605948746227,0.00254));
#6720=CARTESIAN_POINT('',(-0.005,0.000311605948746227,0.00254));
#6721=CARTESIAN_POINT('',(0.005,0.000311605948746228,0.00254));
#6722=CARTESIAN_POINT('',(0.005,-0.00168839405125378,0.00254));
#6723=CARTESIAN_POINT('',(0.005,-0.00368839405125377,0.00254));
#6724=CARTESIAN_POINT('',(-0.005,-0.00368839405125377,0.00254));
#6725=CARTESIAN_POINT('',(-0.005,-0.00368839405125377,0.00254));
#6726=CARTESIAN_POINT('',(-0.005,-0.00168839405125378,0.00254));
#6727=CARTESIAN_POINT('',(-0.0125,-0.0541525305106044,0.00654));
#6728=CARTESIAN_POINT('',(-0.0125,-0.105152530510604,0.00594));
#6729=CARTESIAN_POINT('',(-0.0125,-0.0366525305106044,0.00594));
#6730=CARTESIAN_POINT('',(-0.0125,-0.0658383940512538,0.00594));
#6731=CARTESIAN_POINT('',(-0.0125,-0.0658383940512538,0.00654));
#6732=CARTESIAN_POINT('',(-0.0125,-0.0658383940512538,0.00314));
#6733=CARTESIAN_POINT('',(-0.0125,-0.0541525305106044,0.00314));
#6734=CARTESIAN_POINT('',(-0.0125,-0.000601058648028244,0.00314));
#6735=CARTESIAN_POINT('',(-0.0125,-0.00181943526643559,0.00435837661840735));
#6736=CARTESIAN_POINT('',(-0.0125,-0.00181943526643559,0.00435837661840735));
#6737=CARTESIAN_POINT('',(-0.0125,-0.00563781188484295,0.00054));
#6738=CARTESIAN_POINT('',(-0.0125,-0.00563781188484295,0.00594));
#6739=CARTESIAN_POINT('',(-0.0125,-0.00965253051060438,0.00594));
#6740=CARTESIAN_POINT('',(-0.0125,-0.00965253051060438,0.00594));
#6741=CARTESIAN_POINT('',(-0.0125,-0.00965253051060438,0.01254));
#6742=CARTESIAN_POINT('',(-0.0125,-0.0162525305106044,0.01254));
#6743=CARTESIAN_POINT('',(-0.0125,-0.0162525305106044,0.0210615728752538));
#6744=CARTESIAN_POINT('',(-0.0125,-0.0162525305106044,0.0210615728752538));
#6745=CARTESIAN_POINT('',(-0.0125,-0.0541525305106044,0.0210615728752538));
#6746=CARTESIAN_POINT('',(-0.0125,-0.0300525305106044,0.0210615728752538));
#6747=CARTESIAN_POINT('',(-0.0125,-0.0300525305106044,0.00654));
#6748=CARTESIAN_POINT('',(-0.0125,-0.0300525305106044,0.01254));
#6749=CARTESIAN_POINT('',(-0.0125,-0.0366525305106044,0.01254));
#6750=CARTESIAN_POINT('',(-3.46944695195361E-18,-0.0613685771021843,0.00654));
#6751=CARTESIAN_POINT('',(-3.46944695195361E-18,-0.0366525305106044,0.00654));
#6752=CARTESIAN_POINT('',(-0.0131,-0.0366525305106044,0.00654));
#6753=CARTESIAN_POINT('',(-0.014,-0.0366525305106044,0.00654));
#6754=CARTESIAN_POINT('',(-0.014,-0.0658383940512538,0.00654));
#6755=CARTESIAN_POINT('',(-0.014,-0.0658383940512538,0.00654));
#6756=CARTESIAN_POINT('',(-0.0131,-0.0658383940512538,0.00654));
#6757=CARTESIAN_POINT('',(-0.0131,-0.0658383940512538,0.00654));
#6758=CARTESIAN_POINT('',(-0.0131,-0.0366525305106044,0.00654));
#6759=CARTESIAN_POINT('',(-0.0119,-0.0541525305106044,0.00314));
#6760=CARTESIAN_POINT('',(-0.0119,-0.0662556038306214,0.00254));
#6761=CARTESIAN_POINT('',(-0.0122295855151497,-0.0661465872079535,0.00254));
#6762=CARTESIAN_POINT('',(-0.0125,-0.0659922260024186,0.00283447782190935));
#6763=CARTESIAN_POINT('',(-0.0125,-0.0658383940512538,0.00314));
#6764=CARTESIAN_POINT('',(-0.0119,-0.000601058648028244,0.00314));
#6765=CARTESIAN_POINT('',(-0.0131,-0.0613685771021843,0.00594));
#6766=CARTESIAN_POINT('',(-0.0131,-0.0658383940512538,0.00594));
#6767=CARTESIAN_POINT('',(-0.0131,-0.0366525305106044,0.00594));
#6768=CARTESIAN_POINT('',(-3.46944695195361E-18,-0.0613685771021843,0.00654));
#6769=CARTESIAN_POINT('',(0.015,-0.0658383940512538,0.00654));
#6770=CARTESIAN_POINT('',(0.0131,-0.0658383940512538,0.00654));
#6771=CARTESIAN_POINT('',(0.014,-0.0658383940512538,0.00654));
#6772=CARTESIAN_POINT('',(0.014,-0.0613685771021843,0.00654));
#6773=CARTESIAN_POINT('',(0.014,-0.0366525305106044,0.00654));
#6774=CARTESIAN_POINT('',(0.0125,-0.0366525305106044,0.00654));
#6775=CARTESIAN_POINT('',(0.0131,-0.0366525305106044,0.00654));
#6776=CARTESIAN_POINT('',(0.0131,-0.0613685771021843,0.00654));
#6777=CARTESIAN_POINT('',(-3.46944695195361E-18,-0.0613685771021843,0.00654));
#6778=CARTESIAN_POINT('',(6.19829972371369E-18,-0.00563781188484296,0.00654));
#6779=CARTESIAN_POINT('',(-0.0131,-0.00563781188484295,0.00654));
#6780=CARTESIAN_POINT('',(-0.014,-0.00563781188484295,0.00654));
#6781=CARTESIAN_POINT('',(-0.014,-0.00965253051060438,0.00654));
#6782=CARTESIAN_POINT('',(-0.014,-0.00965253051060438,0.00654));
#6783=CARTESIAN_POINT('',(-0.0125,-0.00965253051060438,0.00654));
#6784=CARTESIAN_POINT('',(-0.0131,-0.00965253051060438,0.00654));
#6785=CARTESIAN_POINT('',(-0.0131,-0.00563781188484296,0.00654));
#6786=CARTESIAN_POINT('',(-0.00457112381529809,-0.0993423940512538,0.003175));
#6787=CARTESIAN_POINT('',(-0.00457112381529809,-0.0708803481555871,0.00372578643762691));
#6788=CARTESIAN_POINT('',(-0.00457112381529809,-0.0679383940512538,0.00372578643762691));
#6789=CARTESIAN_POINT('',(-0.00457112381529809,-0.0704817416821508,0.00372578643762691));
#6790=CARTESIAN_POINT('',(-0.00457112381529809,-0.0726403940512538,0.005175));
#6791=CARTESIAN_POINT('',(-0.00457112381529809,-0.07061881669681,0.00354));
#6792=CARTESIAN_POINT('',(-0.00457112381529809,-0.0993423940512538,0.00354));
#6793=CARTESIAN_POINT('',(-0.00457112381529809,-0.0679383940512538,0.00354));
#6794=CARTESIAN_POINT('',(-0.00457112381529809,-0.0679383940512538,0.00372578643762691));
#6795=CARTESIAN_POINT('',(-0.007375,-0.0673383940512538,0.02189));
#6796=CARTESIAN_POINT('',(-0.00517112381529809,-0.0673383940512538,0.00354));
#6797=CARTESIAN_POINT('',(-0.00517112381529809,-0.0673383940512538,0.00372578643762691));
#6798=CARTESIAN_POINT('',(-0.00517112381529809,-0.0673383940512538,0.00354));
#6799=CARTESIAN_POINT('',(-0.00357112381529809,-0.0673383940512538,0.00354));
#6800=CARTESIAN_POINT('',(-0.00509360074451574,-0.0673383940512538,0.003048));
#6801=CARTESIAN_POINT('',(-0.0116831238152981,-0.0673383940512538,0.003048));
#6802=CARTESIAN_POINT('',(-0.011,-0.0673383940512538,0.003048));
#6803=CARTESIAN_POINT('',(-0.011,-0.0673383940512538,0.02189));
#6804=CARTESIAN_POINT('',(-0.011,-0.0673383940512538,0.00594));
#6805=CARTESIAN_POINT('',(-0.0131,-0.0673383940512538,0.00594));
#6806=CARTESIAN_POINT('',(-0.0131,-0.0673383940512538,0.00804));
#6807=CARTESIAN_POINT('',(-0.015,-0.0673383940512538,0.00804));
#6808=CARTESIAN_POINT('',(-0.014,-0.0673383940512538,0.00804));
#6809=CARTESIAN_POINT('',(-0.014,-0.0673383940512538,0.0210615728752538));
#6810=CARTESIAN_POINT('',(-0.014,-0.0673383940512538,0.0210615728752538));
#6811=CARTESIAN_POINT('',(-0.006,-0.0673383940512538,0.0210615728752538));
#6812=CARTESIAN_POINT('',(-0.0066,-0.0673383940512538,0.0210615728752538));
#6813=CARTESIAN_POINT('',(-0.0066,-0.0673383940512538,0.00598308974707501));
#6814=CARTESIAN_POINT('',(-0.0066,-0.0673383940512538,0.00598308974707501));
#6815=CARTESIAN_POINT('',(-0.005,-0.0673383940512538,0.00598308974707501));
#6816=CARTESIAN_POINT('',(-0.00613137084989848,-0.0673383940512538,0.00485171889717654));
#6817=CARTESIAN_POINT('',(-0.015272325976361,-0.0673383940512538,0.013992674023639));
#6818=CARTESIAN_POINT('',(-0.00528828110282347,-0.0673383940512538,0.00400862915010153));
#6819=CARTESIAN_POINT('',(-0.00557112381529809,-0.0673383940512538,0.00372578643762691));
#6820=CARTESIAN_POINT('',(0.00812712381529808,-0.0706403940512538,0.02189));
#6821=CARTESIAN_POINT('',(0.0066,-0.0706403940512538,0.02189));
#6822=CARTESIAN_POINT('',(0.0066,-0.0706403940512538,0.02339));
#6823=CARTESIAN_POINT('',(0.0066,-0.0706403940512538,0.00598308974707501));
#6824=CARTESIAN_POINT('',(0.005,-0.0706403940512538,0.00598308974707501));
#6825=CARTESIAN_POINT('',(0.00638093843478711,-0.0706403940512538,0.005175));
#6826=CARTESIAN_POINT('',(0.0111751238152981,-0.0706403940512538,0.005175));
#6827=CARTESIAN_POINT('',(0.0111751238152981,-0.0706403940512538,0.005175));
#6828=CARTESIAN_POINT('',(0.0111751238152981,-0.0706403940512538,0.002667));
#6829=CARTESIAN_POINT('',(0.0116831238152981,-0.0706403940512538,0.0051230130292814));
#6830=CARTESIAN_POINT('',(0.015002,-0.0706403940512538,0.0051230130292814));
#6831=CARTESIAN_POINT('',(0.0117733641016836,-0.0706403940512538,0.00512301302928141));
#6832=CARTESIAN_POINT('',(0.0117733641016836,-0.0706403940512538,0.02189));
#6833=CARTESIAN_POINT('',(0.0117733641016836,-0.0706403940512538,0.02319));
#6834=CARTESIAN_POINT('',(0.0111066974350169,-0.0706403940512538,0.02289));
#6835=CARTESIAN_POINT('',(0.0111066974350169,-0.0706403940512538,0.02339));
#6836=CARTESIAN_POINT('',(0.00812712381529808,-0.0706403940512538,0.02339));
#6837=CARTESIAN_POINT('',(0.007375,-0.0673383940512538,0.02189));
#6838=CARTESIAN_POINT('',(0.00457112381529809,-0.0673383940512538,0.003048));
#6839=CARTESIAN_POINT('',(0.011,-0.0673383940512538,0.003048));
#6840=CARTESIAN_POINT('',(0.00509360074451574,-0.0673383940512538,0.003048));
#6841=CARTESIAN_POINT('',(0.00357112381529809,-0.0673383940512538,0.00354));
#6842=CARTESIAN_POINT('',(0.00517112381529809,-0.0673383940512538,0.00354));
#6843=CARTESIAN_POINT('',(0.00517112381529809,-0.0673383940512538,0.02189));
#6844=CARTESIAN_POINT('',(0.00517112381529809,-0.0673383940512538,0.00372578643762691));
#6845=CARTESIAN_POINT('',(0.00557112381529809,-0.0673383940512538,0.00372578643762691));
#6846=CARTESIAN_POINT('',(0.00528828110282347,-0.0673383940512538,0.00400862915010153));
#6847=CARTESIAN_POINT('',(0.015272325976361,-0.0673383940512538,0.013992674023639));
#6848=CARTESIAN_POINT('',(0.00613137084989848,-0.0673383940512538,0.00485171889717654));
#6849=CARTESIAN_POINT('',(0.005,-0.0673383940512538,0.00598308974707501));
#6850=CARTESIAN_POINT('',(0.0066,-0.0673383940512538,0.00598308974707501));
#6851=CARTESIAN_POINT('',(0.0066,-0.0673383940512538,0.02189));
#6852=CARTESIAN_POINT('',(0.0066,-0.0673383940512538,0.0210615728752538));
#6853=CARTESIAN_POINT('',(0.0116831238152981,-0.0673383940512538,0.0210615728752538));
#6854=CARTESIAN_POINT('',(0.014,-0.0673383940512538,0.0210615728752538));
#6855=CARTESIAN_POINT('',(0.014,-0.0673383940512538,0.02189));
#6856=CARTESIAN_POINT('',(0.014,-0.0673383940512538,0.00804));
#6857=CARTESIAN_POINT('',(0.0131,-0.0673383940512538,0.00804));
#6858=CARTESIAN_POINT('',(0.0131,-0.0673383940512538,0.00804));
#6859=CARTESIAN_POINT('',(0.0131,-0.0673383940512538,0.00594));
#6860=CARTESIAN_POINT('',(0.011,-0.0673383940512538,0.00594));
#6861=CARTESIAN_POINT('',(0.011,-0.0673383940512538,0.00314));
#6862=CARTESIAN_POINT('',(1.21430643318376E-17,0.,0.));
#6863=CARTESIAN_POINT('',(-0.0142,-0.0688204171275165,0.));
#6864=CARTESIAN_POINT('',(-0.0108333333333333,-0.0713454171275165,0.));
#6865=CARTESIAN_POINT('',(-0.0145,-0.0685954171275165,0.));
#6866=CARTESIAN_POINT('',(-0.0145,0.,0.));
#6867=CARTESIAN_POINT('',(-0.0145,0.00141999999999998,0.));
#6868=CARTESIAN_POINT('',(-0.011,0.00141999999999998,0.));
#6869=CARTESIAN_POINT('',(-0.011,0.00492,0.));
#6870=CARTESIAN_POINT('',(0.011,0.00492,0.));
#6871=CARTESIAN_POINT('',(0.011,0.00492,0.));
#6872=CARTESIAN_POINT('',(0.011,0.00141999999999998,0.));
#6873=CARTESIAN_POINT('',(0.0145,0.00141999999999998,0.));
#6874=CARTESIAN_POINT('',(0.0145,-0.0846390161965999,0.));
#6875=CARTESIAN_POINT('',(0.0145,-0.0685954171275165,0.));
#6876=CARTESIAN_POINT('',(0.0107,-0.0714454171275165,0.));
#6877=CARTESIAN_POINT('',(0.0108333333333333,-0.0713454171275165,0.));
#6878=CARTESIAN_POINT('',(1.21430643318376E-17,-0.0713454171275165,0.));
#6879=CARTESIAN_POINT('',(0.,-0.0268453981166406,0.));
#6880=CARTESIAN_POINT('',(-0.00381213203435596,-0.0268453981166406,0.));
#6881=CARTESIAN_POINT('',(0.,-0.0458453981166406,0.));
#6882=CARTESIAN_POINT('',(0.002,-0.0458453981166406,0.));
#6883=CARTESIAN_POINT('',(0.00457112381529809,-0.0993423940512538,0.003175));
#6884=CARTESIAN_POINT('',(0.00457112381529809,-0.0718453981166406,0.00354));
#6885=CARTESIAN_POINT('',(0.00457112381529809,-0.0679383940512538,0.00354));
#6886=CARTESIAN_POINT('',(0.00457112381529809,-0.07061881669681,0.00354));
#6887=CARTESIAN_POINT('',(0.00457112381529809,-0.0726403940512538,0.005175));
#6888=CARTESIAN_POINT('',(0.00457112381529809,-0.0704817416821508,0.00372578643762691));
#6889=CARTESIAN_POINT('',(0.00457112381529809,-0.0993423940512538,0.00372578643762691));
#6890=CARTESIAN_POINT('',(0.00457112381529809,-0.0679383940512538,0.00372578643762691));
#6891=CARTESIAN_POINT('',(0.00457112381529809,-0.0679383940512538,0.003175));
#6892=CARTESIAN_POINT('',(0.00817000260416668,-0.0718454171275165,0.003175));
#6893=CARTESIAN_POINT('',(0.0105,-0.0718454171275165,0.00164823037387244));
#6894=CARTESIAN_POINT('',(0.0105,-0.0718454171275165,0.0005));
#6895=CARTESIAN_POINT('',(0.0105,-0.0718454171275165,0.00190833230316681));
#6896=CARTESIAN_POINT('',(0.0105,-0.0718454171275165,0.00190833230316681));
#6897=CARTESIAN_POINT('',(0.0105,-0.0718454171275165,0.00210034498467012));
#6898=CARTESIAN_POINT('',(0.0103093253303759,-0.0718454171275165,0.0024799125812429));
#6899=CARTESIAN_POINT('',(0.00989860285001969,-0.0718454171275165,0.00253244802898539));
#6900=CARTESIAN_POINT('',(0.00970761025666183,-0.0718454171275165,0.00253244802898539));
#6901=CARTESIAN_POINT('',(0.00970761025666183,-0.0718454171275165,0.00253244802898538));
#6902=CARTESIAN_POINT('',(0.00817000260416668,-0.0718454171275165,0.00253244802898538));
#6903=CARTESIAN_POINT('',(-0.00970761025666182,-0.0718454171275165,0.00253244802898538));
#6904=CARTESIAN_POINT('',(-0.00970761025666182,-0.0718454171275165,0.00253244802898539));
#6905=CARTESIAN_POINT('',(-0.00989868656270513,-0.0718454171275165,0.00253244802898539));
#6906=CARTESIAN_POINT('',(-0.0103095969752987,-0.0718454171275165,0.00247968833833092));
#6907=CARTESIAN_POINT('',(-0.0105,-0.0718454171275165,0.00210037523190353));
#6908=CARTESIAN_POINT('',(-0.0105,-0.0718454171275165,0.00190833230316681));
#6909=CARTESIAN_POINT('',(-0.0105,-0.0718454171275165,0.00190833230316681));
#6910=CARTESIAN_POINT('',(-0.0105,-0.0718454171275165,0.0005));
#6911=CARTESIAN_POINT('',(-0.0105,-0.0718454171275165,0.0005));
#6912=CARTESIAN_POINT('',(0.00817000260416668,-0.0718454171275165,0.0005));
#6913=CARTESIAN_POINT('',(-0.015,0.00542,0.00127));
#6914=CARTESIAN_POINT('',(-0.015,-0.00379786047469153,0.00577111640171406));
#6915=CARTESIAN_POINT('',(-0.015,-0.00210227797891022,0.00407553390593274));
#6916=CARTESIAN_POINT('',(-0.015,0.000493916098802334,0.00218644660940673));
#6917=CARTESIAN_POINT('',(-0.015,0.00141999999999998,0.00126036270820908));
#6918=CARTESIAN_POINT('',(-0.015,0.00141999999999998,2.16840434497101E-19));
#6919=CARTESIAN_POINT('',(-0.015,0.00141999999999998,0.0005));
#6920=CARTESIAN_POINT('',(-0.015,0.00542,0.0005));
#6921=CARTESIAN_POINT('',(-0.015,-0.0683454171275165,0.0005));
#6922=CARTESIAN_POINT('',(-0.015,-0.0683454171275165,0.02289));
#6923=CARTESIAN_POINT('',(-0.015,-0.0683454171275165,0.02289));
#6924=CARTESIAN_POINT('',(-0.015,-0.0664704171275165,0.02289));
#6925=CARTESIAN_POINT('',(-0.015,-0.0664704171275165,0.02439));
#6926=CARTESIAN_POINT('',(-0.015,-0.0650548373968382,0.02439));
#6927=CARTESIAN_POINT('',(-0.015,-0.0662526076136269,0.02439));
#6928=CARTESIAN_POINT('',(-0.015,-0.0674597143948134,0.0231828932188134));
#6929=CARTESIAN_POINT('',(-0.015,-0.0674597143948134,0.0231828932188134));
#6930=CARTESIAN_POINT('',(-0.015,-0.0653383940512538,0.0210615728752538));
#6931=CARTESIAN_POINT('',(-0.015,-0.0683383940512538,0.0210615728752538));
#6932=CARTESIAN_POINT('',(-0.015,-0.0683383940512538,0.00804));
#6933=CARTESIAN_POINT('',(-0.015,-0.0683383940512538,0.00804));
#6934=CARTESIAN_POINT('',(-0.015,-0.0658383940512538,0.00804));
#6935=CARTESIAN_POINT('',(-0.015,-0.0658383940512538,0.00554));
#6936=CARTESIAN_POINT('',(-0.015,-0.0366525305106044,0.00554));
#6937=CARTESIAN_POINT('',(-0.015,-0.0366525305106044,0.00554));
#6938=CARTESIAN_POINT('',(-0.015,-0.0366525305106044,0.01254));
#6939=CARTESIAN_POINT('',(-0.015,-0.0296525305106044,0.01254));
#6940=CARTESIAN_POINT('',(-0.015,-0.0296525305106044,0.00127));
#6941=CARTESIAN_POINT('',(-0.015,-0.0296525305106044,0.02339));
#6942=CARTESIAN_POINT('',(-0.015,-0.0286525305106044,0.02339));
#6943=CARTESIAN_POINT('',(-0.015,-0.0286525305106044,0.02439));
#6944=CARTESIAN_POINT('',(-0.015,-0.0176525305106044,0.02439));
#6945=CARTESIAN_POINT('',(-0.015,-0.0176525305106044,0.02439));
#6946=CARTESIAN_POINT('',(-0.015,-0.0176525305106044,0.02339));
#6947=CARTESIAN_POINT('',(-0.015,-0.0166525305106044,0.02339));
#6948=CARTESIAN_POINT('',(-0.015,-0.0166525305106044,0.01254));
#6949=CARTESIAN_POINT('',(-0.015,-0.0166525305106044,0.01254));
#6950=CARTESIAN_POINT('',(-0.015,-0.00965253051060438,0.01254));
#6951=CARTESIAN_POINT('',(-0.015,-0.00965253051060438,0.00554));
#6952=CARTESIAN_POINT('',(-0.015,-0.00563781188484296,0.00554));
#6953=CARTESIAN_POINT('',(-0.015,-0.00563781188484295,0.00554));
#6954=CARTESIAN_POINT('',(-0.015,-0.00563781188484295,0.00054));
#6955=CARTESIAN_POINT('',(-0.015,-0.0256525305106044,0.00669));
#6956=CARTESIAN_POINT('',(-0.015,-0.0280703150379139,0.00669));
#6957=CARTESIAN_POINT('',(-0.015,-0.0232347459832948,0.00669));
#6958=CARTESIAN_POINT('',(-0.015,-0.0232347459832948,0.02069));
#6959=CARTESIAN_POINT('',(-0.015,-0.0232347459832948,0.02069));
#6960=CARTESIAN_POINT('',(-0.015,-0.0256525305106044,0.02069));
#6961=CARTESIAN_POINT('',(-0.015,-0.0280703150379139,0.02069));
#6962=CARTESIAN_POINT('',(-0.015,-0.0280703150379139,0.00669));
#6963=CARTESIAN_POINT('',(-0.015,-0.0206525305106044,0.00669));
#6964=CARTESIAN_POINT('',(-0.015,-0.023070315037914,0.00669));
#6965=CARTESIAN_POINT('',(-0.015,-0.0182347459832949,0.00669));
#6966=CARTESIAN_POINT('',(-0.015,-0.0182347459832949,0.02069));
#6967=CARTESIAN_POINT('',(-0.015,-0.0182347459832949,0.02069));
#6968=CARTESIAN_POINT('',(-0.015,-0.0206525305106044,0.02069));
#6969=CARTESIAN_POINT('',(-0.015,-0.023070315037914,0.02069));
#6970=CARTESIAN_POINT('',(-0.015,-0.023070315037914,0.00669));
#6971=CARTESIAN_POINT('',(0.015,0.00542,0.00127));
#6972=CARTESIAN_POINT('',(0.015,0.00341518135410452,-0.00073481864589546));
#6973=CARTESIAN_POINT('',(0.015,0.00141999999999998,0.00126036270820908));
#6974=CARTESIAN_POINT('',(0.015,0.00306162796351125,-0.00108837203648873));
#6975=CARTESIAN_POINT('',(0.015,-0.00210227797891023,0.00407553390593274));
#6976=CARTESIAN_POINT('',(0.015,-0.00563781188484296,0.00054));
#6977=CARTESIAN_POINT('',(0.015,-0.00563781188484296,0.00554));
#6978=CARTESIAN_POINT('',(0.015,0.00542,0.00554));
#6979=CARTESIAN_POINT('',(0.015,-0.00965253051060438,0.00554));
#6980=CARTESIAN_POINT('',(0.015,-0.00965253051060438,0.01254));
#6981=CARTESIAN_POINT('',(0.015,-0.0166525305106044,0.01254));
#6982=CARTESIAN_POINT('',(0.015,-0.0166525305106044,0.02339));
#6983=CARTESIAN_POINT('',(0.015,-0.0166525305106044,0.02339));
#6984=CARTESIAN_POINT('',(0.015,-0.0176525305106044,0.02339));
#6985=CARTESIAN_POINT('',(0.015,-0.0176525305106044,0.02439));
#6986=CARTESIAN_POINT('',(0.015,0.00542,0.02439));
#6987=CARTESIAN_POINT('',(0.015,-0.0286525305106044,0.02439));
#6988=CARTESIAN_POINT('',(0.015,-0.0286525305106044,0.02339));
#6989=CARTESIAN_POINT('',(0.015,-0.0296525305106044,0.02339));
#6990=CARTESIAN_POINT('',(0.015,-0.0296525305106044,0.00127));
#6991=CARTESIAN_POINT('',(0.015,-0.0296525305106044,0.01254));
#6992=CARTESIAN_POINT('',(0.015,-0.0366525305106044,0.01254));
#6993=CARTESIAN_POINT('',(0.015,-0.0366525305106044,0.00554));
#6994=CARTESIAN_POINT('',(0.015,0.00542,0.00554));
#6995=CARTESIAN_POINT('',(0.015,-0.0658383940512538,0.00554));
#6996=CARTESIAN_POINT('',(0.015,-0.0658383940512538,0.00804));
#6997=CARTESIAN_POINT('',(0.015,-0.0683383940512538,0.00804));
#6998=CARTESIAN_POINT('',(0.015,-0.0683383940512538,0.00127));
#6999=CARTESIAN_POINT('',(0.015,-0.0683383940512538,0.0210615728752538));
#7000=CARTESIAN_POINT('',(0.015,-0.0653383940512538,0.0210615728752538));
#7001=CARTESIAN_POINT('',(0.015,-0.0674597143948134,0.0231828932188134));
#7002=CARTESIAN_POINT('',(0.015,-0.0419763038068134,0.0486663038068134));
#7003=CARTESIAN_POINT('',(0.015,-0.0662526076136269,0.02439));
#7004=CARTESIAN_POINT('',(0.015,0.00542,0.02439));
#7005=CARTESIAN_POINT('',(0.015,-0.0664704171275165,0.02439));
#7006=CARTESIAN_POINT('',(0.015,-0.0664704171275165,0.02289));
#7007=CARTESIAN_POINT('',(0.015,-0.0683454171275165,0.02289));
#7008=CARTESIAN_POINT('',(0.015,-0.0683454171275165,0.00127));
#7009=CARTESIAN_POINT('',(0.015,-0.0683454171275165,0.0005));
#7010=CARTESIAN_POINT('',(0.015,0.00141999999999998,0.0005));
#7011=CARTESIAN_POINT('',(0.015,0.00141999999999998,0.0005));
#7012=CARTESIAN_POINT('',(0.015,0.00141999999999998,0.00127));
#7013=CARTESIAN_POINT('',(0.015,-0.0280703150379139,0.00127));
#7014=CARTESIAN_POINT('',(0.015,-0.0280703150379139,0.00669));
#7015=CARTESIAN_POINT('',(0.015,-0.0280703150379139,0.02069));
#7016=CARTESIAN_POINT('',(0.015,-0.0256525305106044,0.02069));
#7017=CARTESIAN_POINT('',(0.015,-0.0232347459832948,0.02069));
#7018=CARTESIAN_POINT('',(0.015,-0.0232347459832948,0.00127));
#7019=CARTESIAN_POINT('',(0.015,-0.0232347459832948,0.00669));
#7020=CARTESIAN_POINT('',(0.015,-0.0256525305106044,0.00669));
#7021=CARTESIAN_POINT('',(0.015,-0.023070315037914,0.00127));
#7022=CARTESIAN_POINT('',(0.015,-0.023070315037914,0.00669));
#7023=CARTESIAN_POINT('',(0.015,-0.023070315037914,0.02069));
#7024=CARTESIAN_POINT('',(0.015,-0.0206525305106044,0.02069));
#7025=CARTESIAN_POINT('',(0.015,-0.0182347459832949,0.02069));
#7026=CARTESIAN_POINT('',(0.015,-0.0182347459832949,0.00127));
#7027=CARTESIAN_POINT('',(0.015,-0.0182347459832949,0.00669));
#7028=CARTESIAN_POINT('',(0.015,-0.0206525305106044,0.00669));
#7029=CARTESIAN_POINT('',(0.,0.00542,0.00127));
#7030=CARTESIAN_POINT('',(-0.011,0.00542,0.00254));
#7031=CARTESIAN_POINT('',(-0.011,0.00542,0.0005));
#7032=CARTESIAN_POINT('',(-0.011,0.00542,0.00204));
#7033=CARTESIAN_POINT('',(0.,0.00542,0.00204));
#7034=CARTESIAN_POINT('',(0.011,0.00542,0.00204));
#7035=CARTESIAN_POINT('',(0.011,0.00542,0.00127));
#7036=CARTESIAN_POINT('',(0.011,0.00542,0.0005));
#7037=CARTESIAN_POINT('',(-0.011,0.00542,0.0005));
#7038=CARTESIAN_POINT('',(-0.00812712381529808,-0.0706403940512538,0.02189));
#7039=CARTESIAN_POINT('',(-0.00812712381529808,-0.0706403940512538,0.005175));
#7040=CARTESIAN_POINT('',(-0.0111751238152981,-0.0706403940512538,0.005175));
#7041=CARTESIAN_POINT('',(-0.00638093843478711,-0.0706403940512538,0.005175));
#7042=CARTESIAN_POINT('',(-0.005,-0.0706403940512538,0.00598308974707501));
#7043=CARTESIAN_POINT('',(-0.0066,-0.0706403940512538,0.00598308974707501));
#7044=CARTESIAN_POINT('',(-0.0066,-0.0706403940512538,0.02189));
#7045=CARTESIAN_POINT('',(-0.0066,-0.0706403940512538,0.02339));
#7046=CARTESIAN_POINT('',(-0.0116831238152981,-0.0706403940512538,0.02339));
#7047=CARTESIAN_POINT('',(-0.0111066974350169,-0.0706403940512538,0.02339));
#7048=CARTESIAN_POINT('',(-0.0111066974350169,-0.0706403940512538,0.02289));
#7049=CARTESIAN_POINT('',(-0.0117733641016836,-0.0706403940512538,0.02319));
#7050=CARTESIAN_POINT('',(-0.0117733641016836,-0.0706403940512538,0.00628154440323493));
#7051=CARTESIAN_POINT('',(-0.0117733641016836,-0.0706403940512538,0.0051230130292814));
#7052=CARTESIAN_POINT('',(-0.015002,-0.0706403940512538,0.0051230130292814));
#7053=CARTESIAN_POINT('',(-0.0116831238152981,-0.0706403940512538,0.0051230130292814));
#7054=CARTESIAN_POINT('',(-0.0111751238152981,-0.0706403940512538,0.002667));
#7055=CARTESIAN_POINT('',(3.46944695195361E-18,-0.0726403940512538,0.005175));
#7056=CARTESIAN_POINT('',(0.00517112381529809,-0.0726403940512538,0.005175));
#7057=CARTESIAN_POINT('',(0.00517112381529809,-0.0709798922288669,0.00406022033663608));
#7058=CARTESIAN_POINT('',(0.00517112381529809,-0.0710853345478355,0.00391730769230769));
#7059=CARTESIAN_POINT('',(0.00517112381529809,-0.0710853345478355,0.00391730769230769));
#7060=CARTESIAN_POINT('',(0.00517112381529809,-0.0711598378249819,0.00382518895352415));
#7061=CARTESIAN_POINT('',(0.00515792879440477,-0.0712410545795645,0.00374132972764441));
#7062=CARTESIAN_POINT('',(0.00513713488559473,-0.071328978666261,0.00366497030227737));
#7063=CARTESIAN_POINT('',(0.00513713488559473,-0.071328978666261,0.00366497030227737));
#7064=CARTESIAN_POINT('',(0.00739336703597997,-0.071328978666261,0.00366497030227737));
#7065=CARTESIAN_POINT('',(0.00970761025666184,-0.071328978666261,0.00366497030227737));
#7066=CARTESIAN_POINT('',(0.0057733641016836,-0.0726403940512538,0.005175));
#7067=CARTESIAN_POINT('',(0.0111751238152981,-0.0708398074800454,0.0043044323693221));
#7068=CARTESIAN_POINT('',(0.0111751238152981,-0.0726403940512538,0.005175));
#7069=CARTESIAN_POINT('',(0.00638093843478711,-0.0706403940512538,0.005175));
#7070=CARTESIAN_POINT('',(0.00630902542050252,-0.0706403940512538,0.00508046799673937));
#7071=CARTESIAN_POINT('',(0.00622508570897712,-0.0706468809432197,0.00499841058173476));
#7072=CARTESIAN_POINT('',(0.00613137084989848,-0.0706559144302926,0.00492632222859734));
#7073=CARTESIAN_POINT('',(0.00613137084989848,-0.0706559144302926,0.00492632222859734));
#7074=CARTESIAN_POINT('',(0.00645465195272195,-0.0726403940512538,0.005175));
#7075=CARTESIAN_POINT('',(0.00528828110282347,-0.0708529329513325,0.00427779165392425));
#7076=CARTESIAN_POINT('',(0.00528828110282347,-0.0708529329513325,0.00427779165392425));
#7077=CARTESIAN_POINT('',(0.00521519651403349,-0.0708811517915957,0.00422157273947042));
#7078=CARTESIAN_POINT('',(0.00517112381529809,-0.0709260734258259,0.00414038525483932));
#7079=CARTESIAN_POINT('',(0.00517112381529809,-0.0709798922288669,0.00406022033663609));
#7080=CARTESIAN_POINT('',(0.0111751238152981,-0.0726403940512538,0.002667));
#7081=CARTESIAN_POINT('',(0.0111751238152981,-0.0708398074800454,0.0043044323693221));
#7082=CARTESIAN_POINT('',(0.0113535475552604,-0.0708198586883861,0.00434569226126815));
#7083=CARTESIAN_POINT('',(0.0115466675814723,-0.0707897394256063,0.00436327164112233));
#7084=CARTESIAN_POINT('',(0.0116837599473556,-0.0707406455040759,0.00447972804445596));
#7085=CARTESIAN_POINT('',(0.011683441881331,-0.0707406697111184,0.00447973594341032));
#7086=CARTESIAN_POINT('',(0.0116837599473556,-0.0707406455040759,0.00447972804445596));
#7087=CARTESIAN_POINT('',(0.0117210063075109,-0.0707273072713379,0.00451136785979515));
#7088=CARTESIAN_POINT('',(0.0117504607129228,-0.0707137301493043,0.00455011438309175));
#7089=CARTESIAN_POINT('',(0.0117713936121263,-0.0707014220404527,0.00459458983420723));
#7090=CARTESIAN_POINT('',(0.0117713936121341,-0.0707014220404544,0.00459458983420333));
#7091=CARTESIAN_POINT('',(0.0116831765212027,-0.0706714163754988,0.00476342238545336));
#7092=CARTESIAN_POINT('',(0.0117156465120971,-0.0706797572473008,0.00470739552947306));
#7093=CARTESIAN_POINT('',(0.0117450234042688,-0.0706897676133566,0.00465099177772617));
#7094=CARTESIAN_POINT('',(0.011771393612134,-0.0707014220404531,0.00459458983420302));
#7095=CARTESIAN_POINT('',(0.0116833233771707,-0.070671348091521,0.00476349732922749));
#7096=CARTESIAN_POINT('',(0.0116831238152981,-0.0706403940512538,0.0051230130292814));
#7097=CARTESIAN_POINT('',(0.0116831238152981,-0.0706403940512538,0.00500160798103824));
#7098=CARTESIAN_POINT('',(0.0116831238152981,-0.0706509196243035,0.00488180133063066));
#7099=CARTESIAN_POINT('',(0.0116831238152981,-0.070671403933884,0.00476350699910969));
#7100=CARTESIAN_POINT('',(-0.0111751238152981,-0.0726403940512538,0.002667));
#7101=CARTESIAN_POINT('',(-0.0117713936121341,-0.0707014220404531,0.00459458983420322));
#7102=CARTESIAN_POINT('',(-0.0117450234042689,-0.0706897676133566,0.00465099177772618));
#7103=CARTESIAN_POINT('',(-0.0117156465120972,-0.0706797572473008,0.00470739552947287));
#7104=CARTESIAN_POINT('',(-0.0116831765212028,-0.0706714163754989,0.00476342238545299));
#7105=CARTESIAN_POINT('',(-0.0116833233771707,-0.0706713480915211,0.00476349732922703));
#7106=CARTESIAN_POINT('',(-0.0117713936121341,-0.070701422040453,0.00459458983420321));
#7107=CARTESIAN_POINT('',(-0.0117713936121264,-0.0707014220404526,0.00459458983420742));
#7108=CARTESIAN_POINT('',(-0.0117504718916218,-0.070713723576462,0.00455013813411042));
#7109=CARTESIAN_POINT('',(-0.0117210204780605,-0.0707273021967457,0.00451137989730884));
#7110=CARTESIAN_POINT('',(-0.0116837599473556,-0.0707406455040759,0.00447972804445595));
#7111=CARTESIAN_POINT('',(-0.011683441881331,-0.0707406697111184,0.00447973594341031));
#7112=CARTESIAN_POINT('',(-0.0116837599473556,-0.0707406455040759,0.00447972804445595));
#7113=CARTESIAN_POINT('',(-0.0115462116067264,-0.0707899027139721,0.00436288430242134));
#7114=CARTESIAN_POINT('',(-0.0113538258040994,-0.0708198275785831,0.00434575660537091));
#7115=CARTESIAN_POINT('',(-0.0111751238153,-0.0708398074800487,0.00430443236931526));
#7116=CARTESIAN_POINT('',(-0.0111751238152981,-0.0708398074800454,0.0043044323693221));
#7117=CARTESIAN_POINT('',(-0.0111751238152981,-0.0726403940512538,0.005175));
#7118=CARTESIAN_POINT('',(-0.0116831238152981,-0.0706403940512538,0.0051230130292814));
#7119=CARTESIAN_POINT('',(-0.0116831238152981,-0.0706403940512538,0.00500160798103809));
#7120=CARTESIAN_POINT('',(-0.0116831238152981,-0.0706509196243036,0.00488180133063034));
#7121=CARTESIAN_POINT('',(-0.0116831238152981,-0.0706714039338841,0.00476350699910923));
#7122=CARTESIAN_POINT('',(-3.46944695195361E-18,-0.0726403940512538,0.005175));
#7123=CARTESIAN_POINT('',(-3.46944695195361E-18,-0.071328978666261,0.00366497030227737));
#7124=CARTESIAN_POINT('',(-0.00970761025666184,-0.071328978666261,0.00366497030227737));
#7125=CARTESIAN_POINT('',(-0.00513713488559459,-0.071328978666261,0.00366497030227737));
#7126=CARTESIAN_POINT('',(-0.00513713488559459,-0.0713289786662617,0.00366497030227682));
#7127=CARTESIAN_POINT('',(-0.00515792879440466,-0.0712410545795651,0.00374132972764382));
#7128=CARTESIAN_POINT('',(-0.00517112381529809,-0.0711598378249819,0.00382518895352414));
#7129=CARTESIAN_POINT('',(-0.00517112381529809,-0.0710853345478355,0.00391730769230769));
#7130=CARTESIAN_POINT('',(-0.00517112381529809,-0.0710853345478355,0.00391730769230769));
#7131=CARTESIAN_POINT('',(-0.00517112381529809,-0.0726403940512538,0.005175));
#7132=CARTESIAN_POINT('',(-0.00517112381529809,-0.0709798922288669,0.00406022033663609));
#7133=CARTESIAN_POINT('',(-0.00517112381529809,-0.0709798922288669,0.00406022033663609));
#7134=CARTESIAN_POINT('',(-0.00517112381529809,-0.0709260194969825,0.0041404655836664));
#7135=CARTESIAN_POINT('',(-0.00521512131492247,-0.0708811808268784,0.0042215148940004));
#7136=CARTESIAN_POINT('',(-0.00528828110282347,-0.0708529329513325,0.00427779165392425));
#7137=CARTESIAN_POINT('',(-0.00528828110282347,-0.0708529329513325,0.00427779165392425));
#7138=CARTESIAN_POINT('',(-0.00645465195272195,-0.0726403940512538,0.005175));
#7139=CARTESIAN_POINT('',(-0.00613137084989848,-0.0706559144302926,0.00492632222859734));
#7140=CARTESIAN_POINT('',(-0.00613137084989848,-0.0706559144302926,0.00492632222859734));
#7141=CARTESIAN_POINT('',(-0.00622508570897712,-0.0706468809432197,0.00499841058173476));
#7142=CARTESIAN_POINT('',(-0.00630902542050252,-0.0706403940512538,0.00508046799673937));
#7143=CARTESIAN_POINT('',(-0.00638093843478711,-0.0706403940512538,0.005175));
#7144=CARTESIAN_POINT('',(-0.0057733641016836,-0.0726403940512538,0.005175));
#7145=CARTESIAN_POINT('',(0.006,-0.0689893940512538,0.00789));
#7146=CARTESIAN_POINT('',(0.006,-0.0653383940512538,0.0210615728752538));
#7147=CARTESIAN_POINT('',(0.006,-0.0671768716823388,0.0229000505063389));
#7148=CARTESIAN_POINT('',(0.006,-0.0679383940512538,0.0210615728752538));
#7149=CARTESIAN_POINT('',(0.006,-0.0679383940512538,0.00789));
#7150=CARTESIAN_POINT('',(0.006,-0.0679383940512538,0.00598308974707501));
#7151=CARTESIAN_POINT('',(0.006,-0.0706403940512538,0.00598308974707501));
#7152=CARTESIAN_POINT('',(0.006,-0.0700403940512538,0.00598308974707501));
#7153=CARTESIAN_POINT('',(0.006,-0.0700403940512538,0.00789));
#7154=CARTESIAN_POINT('',(0.006,-0.0700403940512538,0.02339));
#7155=CARTESIAN_POINT('',(0.006,-0.0686403940512538,0.02339));
#7156=CARTESIAN_POINT('',(0.006,-0.0686403940512538,0.02479));
#7157=CARTESIAN_POINT('',(0.006,-0.0689893940512538,0.02479));
#7158=CARTESIAN_POINT('',(0.006,-0.0652869221886777,0.02479));
#7159=CARTESIAN_POINT('',(0.006,-0.0755881581199657,0.0144887640687119));
#7160=CARTESIAN_POINT('',(-0.006,-0.0689893940512538,0.00789));
#7161=CARTESIAN_POINT('',(-0.006,-0.0689893940512538,0.00598308974707501));
#7162=CARTESIAN_POINT('',(-0.006,-0.0700403940512538,0.00598308974707501));
#7163=CARTESIAN_POINT('',(-0.006,-0.0679383940512538,0.00598308974707501));
#7164=CARTESIAN_POINT('',(-0.006,-0.0679383940512538,0.0210615728752538));
#7165=CARTESIAN_POINT('',(-0.006,-0.0679383940512538,0.0210615728752538));
#7166=CARTESIAN_POINT('',(-0.006,-0.0653383940512538,0.0210615728752538));
#7167=CARTESIAN_POINT('',(-0.006,-0.0671768716823388,0.0229000505063389));
#7168=CARTESIAN_POINT('',(-0.006,-0.0652019979481859,0.0248749242404917));
#7169=CARTESIAN_POINT('',(-0.006,-0.0652869221886777,0.02479));
#7170=CARTESIAN_POINT('',(-0.006,-0.0686403940512538,0.02479));
#7171=CARTESIAN_POINT('',(-0.006,-0.0686403940512538,0.02479));
#7172=CARTESIAN_POINT('',(-0.006,-0.0686403940512538,0.02339));
#7173=CARTESIAN_POINT('',(-0.006,-0.0700403940512538,0.02339));
#7174=CARTESIAN_POINT('',(-0.006,-0.0700403940512538,0.00789));
#7175=CARTESIAN_POINT('',(-0.00832112381529809,-0.0689893940512538,0.00789));
#7176=CARTESIAN_POINT('',(-0.00570710678118656,-0.0689893940512538,0.00527598296588847));
#7177=CARTESIAN_POINT('',(-0.00570710678118656,-0.0679383940512538,0.00527598296588847));
#7178=CARTESIAN_POINT('',(-0.00570710678118656,-0.0700605705440043,0.00527598296588847));
#7179=CARTESIAN_POINT('',(-0.00603038788401002,-0.0726403940512538,0.00559926406871193));
#7180=CARTESIAN_POINT('',(-0.00486401703411155,-0.0703166946213561,0.00443289321881346));
#7181=CARTESIAN_POINT('',(-0.00486401703411155,-0.0673383940512538,0.00443289321881346));
#7182=CARTESIAN_POINT('',(-0.00486401703411155,-0.0679383940512538,0.00443289321881346));
#7183=CARTESIAN_POINT('',(-0.00832112381529809,-0.0679383940512538,0.00789));
#7184=CARTESIAN_POINT('',(0.00832112381529809,-0.0689893940512538,0.00789));
#7185=CARTESIAN_POINT('',(0.00486401703411155,-0.0689893940512538,0.00443289321881346));
#7186=CARTESIAN_POINT('',(0.00486401703411155,-0.0679383940512538,0.00443289321881346));
#7187=CARTESIAN_POINT('',(0.00486401703411155,-0.0703166946213561,0.00443289321881346));
#7188=CARTESIAN_POINT('',(0.00603038788401002,-0.0726403940512538,0.00559926406871193));
#7189=CARTESIAN_POINT('',(0.00570710678118656,-0.0700605705440043,0.00527598296588847));
#7190=CARTESIAN_POINT('',(0.00570710678118656,-0.0673383940512538,0.00527598296588847));
#7191=CARTESIAN_POINT('',(0.00570710678118656,-0.0679383940512538,0.00527598296588847));
#7192=CARTESIAN_POINT('',(0.00832112381529809,-0.0679383940512538,0.00789));
#7193=CARTESIAN_POINT('',(0.,-0.0674893940512538,0.02539));
#7194=CARTESIAN_POINT('',(-0.006,-0.0686403940512538,0.02539));
#7195=CARTESIAN_POINT('',(-0.0111066974350169,-0.0686403940512538,0.02539));
#7196=CARTESIAN_POINT('',(-0.0066,-0.0686403940512538,0.02539));
#7197=CARTESIAN_POINT('',(-0.0066,-0.0650548373968382,0.02539));
#7198=CARTESIAN_POINT('',(-0.0066,-0.0650548373968382,0.02539));
#7199=CARTESIAN_POINT('',(0.,-0.0650548373968382,0.02539));
#7200=CARTESIAN_POINT('',(-0.014,-0.0650548373968382,0.02539));
#7201=CARTESIAN_POINT('',(-0.014,-0.0657204171275165,0.02539));
#7202=CARTESIAN_POINT('',(-0.014,-0.0664704171275165,0.02539));
#7203=CARTESIAN_POINT('',(-0.00455089107660612,-0.0735572488200619,0.02539));
#7204=CARTESIAN_POINT('',(0.,-0.0674893940512538,0.02539));
#7205=CARTESIAN_POINT('',(0.,-0.0650548373968382,0.02539));
#7206=CARTESIAN_POINT('',(0.014,-0.0650548373968382,0.02539));
#7207=CARTESIAN_POINT('',(0.0066,-0.0650548373968382,0.02539));
#7208=CARTESIAN_POINT('',(0.0066,-0.0674893940512538,0.02539));
#7209=CARTESIAN_POINT('',(0.0066,-0.0686403940512538,0.02539));
#7210=CARTESIAN_POINT('',(0.,-0.0686403940512538,0.02539));
#7211=CARTESIAN_POINT('',(0.0111066974350169,-0.0686403940512538,0.02539));
#7212=CARTESIAN_POINT('',(0.00455089107660611,-0.0735572488200619,0.02539));
#7213=CARTESIAN_POINT('',(0.014,-0.0664704171275165,0.02539));
#7214=CARTESIAN_POINT('',(0.014,-0.0674893940512538,0.02539));
#7215=CARTESIAN_POINT('',(0.00884156190764904,-0.0643383940512538,0.02489));
#7216=CARTESIAN_POINT('',(0.006,-0.0667526076136269,0.0224757864376269));
#7217=CARTESIAN_POINT('',(0.014,-0.0667526076136269,0.0224757864376269));
#7218=CARTESIAN_POINT('',(0.0066,-0.0667526076136269,0.0224757864376269));
#7219=CARTESIAN_POINT('',(0.0066,-0.0643383940512538,0.02489));
#7220=CARTESIAN_POINT('',(0.0066,-0.064777733879474,0.0244506601717798));
#7221=CARTESIAN_POINT('',(0.015,-0.064777733879474,0.0244506601717798));
#7222=CARTESIAN_POINT('',(0.014,-0.064777733879474,0.0244506601717798));
#7223=CARTESIAN_POINT('',(0.014,-0.0643383940512538,0.02489));
#7224=CARTESIAN_POINT('',(0.,-0.0673383940512538,0.02189));
#7225=CARTESIAN_POINT('',(0.,-0.064777733879474,0.0244506601717798));
#7226=CARTESIAN_POINT('',(-0.014,-0.064777733879474,0.0244506601717798));
#7227=CARTESIAN_POINT('',(-0.0066,-0.064777733879474,0.0244506601717798));
#7228=CARTESIAN_POINT('',(-0.0066,-0.0667526076136269,0.0224757864376269));
#7229=CARTESIAN_POINT('',(-0.0066,-0.0667526076136269,0.0224757864376269));
#7230=CARTESIAN_POINT('',(-0.0116831238152981,-0.0667526076136269,0.0224757864376269));
#7231=CARTESIAN_POINT('',(-0.014,-0.0667526076136269,0.0224757864376269));
#7232=CARTESIAN_POINT('',(-0.014,-0.064777733879474,0.0244506601717798));
#7233=CARTESIAN_POINT('',(1.21430643318376E-17,-0.0668303940512538,0.003048));
#7234=CARTESIAN_POINT('',(-0.00509360074451574,-0.0673383940512538,0.003048));
#7235=CARTESIAN_POINT('',(-0.00500884104089299,-0.0673383940512538,0.00292774614739657));
#7236=CARTESIAN_POINT('',(-0.00476766180006795,-0.0672698798524799,0.00276700985668722));
#7237=CARTESIAN_POINT('',(-0.0042487386046102,-0.0670901269324318,0.00258318770346313));
#7238=CARTESIAN_POINT('',(-0.00384024912709115,-0.0669330745214854,0.00254));
#7239=CARTESIAN_POINT('',(-0.0035711238152981,-0.0668303940512538,0.00254));
#7240=CARTESIAN_POINT('',(-0.011,-0.0668303940512538,0.003048));
#7241=CARTESIAN_POINT('',(1.21430643318376E-17,-0.0668303940512538,0.003048));
#7242=CARTESIAN_POINT('',(0.00509360074451574,-0.0673383940512538,0.003048));
#7243=CARTESIAN_POINT('',(0.00500884104089299,-0.0673383940512538,0.00292774614739657));
#7244=CARTESIAN_POINT('',(0.00476766180006795,-0.0672698798524799,0.00276700985668722));
#7245=CARTESIAN_POINT('',(0.0042487386046102,-0.0670901269324318,0.00258318770346313));
#7246=CARTESIAN_POINT('',(0.00384024912709115,-0.0669330745214854,0.00254));
#7247=CARTESIAN_POINT('',(0.0035711238152981,-0.0668303940512538,0.00254));
#7248=CARTESIAN_POINT('',(0.011,-0.0668303940512538,0.003048));
#7249=CARTESIAN_POINT('',(0.,-0.0686403940512538,0.02339));
#7250=CARTESIAN_POINT('',(-0.0066,-0.0686403940512538,0.02339));
#7251=CARTESIAN_POINT('',(-0.0111066974350169,-0.0686403940512538,0.02339));
#7252=CARTESIAN_POINT('',(0.00812712381529808,-0.0686403940512538,0.02339));
#7253=CARTESIAN_POINT('',(0.0066,-0.0686403940512538,0.02339));
#7254=CARTESIAN_POINT('',(0.0111066974350169,-0.0686403940512538,0.02339));
#7255=CARTESIAN_POINT('',(-0.007375,-0.0653383940512538,0.0210615728752538));
#7256=CARTESIAN_POINT('',(-0.0066,-0.0653383940512538,0.0210615728752538));
#7257=CARTESIAN_POINT('',(-0.014,-0.0653383940512538,0.0210615728752538));
#7258=CARTESIAN_POINT('',(0.007375,-0.0653383940512538,0.0210615728752538));
#7259=CARTESIAN_POINT('',(0.0066,-0.0653383940512538,0.0210615728752538));
#7260=CARTESIAN_POINT('',(0.014,-0.0653383940512538,0.0210615728752538));
#7261=CARTESIAN_POINT('',(0.011,0.00141999999999998,0.00127));
#7262=CARTESIAN_POINT('',(0.011,0.00141999999999998,0.00204));
#7263=CARTESIAN_POINT('',(0.0149393573778373,0.000726124326929463,0.00204));
#7264=CARTESIAN_POINT('',(0.011,0.00141999999999998,0.00691721695770147));
#7265=CARTESIAN_POINT('',(0.011,0.00141999999999998,0.0005));
#7266=CARTESIAN_POINT('',(-0.011,0.00141999999999998,0.00127));
#7267=CARTESIAN_POINT('',(-0.011,0.00141999999999998,0.00691721695770147));
#7268=CARTESIAN_POINT('',(-0.0149393573778373,0.000726124326929464,0.00204));
#7269=CARTESIAN_POINT('',(-0.011,0.00141999999999998,0.00204));
#7270=CARTESIAN_POINT('',(-0.011,0.00141999999999998,0.0005));
#7271=CARTESIAN_POINT('',(0.0125,-0.0541525305106044,0.00654));
#7272=CARTESIAN_POINT('',(0.0125,-0.0658383940512538,0.00594));
#7273=CARTESIAN_POINT('',(0.0125,-0.0658383940512538,0.00594));
#7274=CARTESIAN_POINT('',(0.0125,-0.0541525305106044,0.00594));
#7275=CARTESIAN_POINT('',(0.0125,-0.0366525305106044,0.00594));
#7276=CARTESIAN_POINT('',(0.0125,-0.0366525305106044,0.01254));
#7277=CARTESIAN_POINT('',(0.0125,-0.0300525305106044,0.01254));
#7278=CARTESIAN_POINT('',(0.0125,-0.0300525305106044,0.00654));
#7279=CARTESIAN_POINT('',(0.0125,-0.0300525305106044,0.0210615728752538));
#7280=CARTESIAN_POINT('',(0.0125,-0.0156525305106044,0.0210615728752538));
#7281=CARTESIAN_POINT('',(0.0125,-0.0162525305106044,0.0210615728752538));
#7282=CARTESIAN_POINT('',(0.0125,-0.0162525305106044,0.01254));
#7283=CARTESIAN_POINT('',(0.0125,-0.0162525305106044,0.01254));
#7284=CARTESIAN_POINT('',(0.0125,-0.00965253051060438,0.01254));
#7285=CARTESIAN_POINT('',(0.0125,-0.00965253051060438,0.00594));
#7286=CARTESIAN_POINT('',(0.0125,-0.0541525305106044,0.00594));
#7287=CARTESIAN_POINT('',(0.0125,-0.00563781188484296,0.00594));
#7288=CARTESIAN_POINT('',(0.0125,-0.00563781188484296,0.00054));
#7289=CARTESIAN_POINT('',(0.0125,-0.0018194352664356,0.00435837661840736));
#7290=CARTESIAN_POINT('',(0.0125,-0.0290767945793163,0.0316157359312881));
#7291=CARTESIAN_POINT('',(-3.46944695195361E-18,-0.0613685771021843,0.00654));
#7292=CARTESIAN_POINT('',(-3.46944695195361E-18,-0.00965253051060438,0.00654));
#7293=CARTESIAN_POINT('',(0.0131,-0.00965253051060438,0.00654));
#7294=CARTESIAN_POINT('',(0.014,-0.00965253051060438,0.00654));
#7295=CARTESIAN_POINT('',(0.014,-0.0613685771021843,0.00654));
#7296=CARTESIAN_POINT('',(0.014,-0.00563781188484296,0.00654));
#7297=CARTESIAN_POINT('',(-8.30332028978727E-18,-0.00563781188484296,0.00654));
#7298=CARTESIAN_POINT('',(0.0131,-0.00563781188484296,0.00654));
#7299=CARTESIAN_POINT('',(0.0131,-0.0613685771021843,0.00654));
#7300=CARTESIAN_POINT('',(0.011,0.00141999999999998,0.00254));
#7301=CARTESIAN_POINT('',(0.0144614532029735,0.000901982892536581,0.00254));
#7302=CARTESIAN_POINT('',(0.0146208686778254,0.000842934578235811,0.00237360078771302));
#7303=CARTESIAN_POINT('',(0.0147801535132775,0.000784377284268217,0.00220689530710387));
#7304=CARTESIAN_POINT('',(0.0149393573778373,0.000726124326929463,0.00204));
#7305=CARTESIAN_POINT('',(0.011,0.00492,0.00254));
#7306=CARTESIAN_POINT('',(0.,0.00542,0.00204));
#7307=CARTESIAN_POINT('',(-0.011,0.00492,0.00254));
#7308=CARTESIAN_POINT('',(-0.011,0.00141999999999998,0.00254));
#7309=CARTESIAN_POINT('',(-0.0149393573778373,0.000726124326929464,0.00204));
#7310=CARTESIAN_POINT('',(-0.0147801541460638,0.000784377052730678,0.0022068946437465));
#7311=CARTESIAN_POINT('',(-0.0146208694190236,0.00084293430369219,0.00237360001404415));
#7312=CARTESIAN_POINT('',(-0.0144614532029735,0.000901982892536581,0.00254));
#7313=CARTESIAN_POINT('',(-0.015,0.00542,0.0005));
#7314=CARTESIAN_POINT('',(0.00150342602833806,-0.0605937041133468,-0.0160034260283379));
#7315=CARTESIAN_POINT('',(-0.0148944271909999,-0.0687926307230164,0.000394427190999923));
#7316=CARTESIAN_POINT('',(-0.014,-0.0683454171275165,-0.0005));
#7317=CARTESIAN_POINT('',(-0.0145,0.00141999999999998,0.));
#7318=CARTESIAN_POINT('',(-0.011,0.00141999999999998,0.));
#7319=CARTESIAN_POINT('',(-0.011,0.00492,0.));
#7320=CARTESIAN_POINT('',(1.21430643318376E-17,0.00492,0.));
#7321=CARTESIAN_POINT('',(0.011,0.00492,0.));
#7322=CARTESIAN_POINT('',(0.011,0.00141999999999998,0.));
#7323=CARTESIAN_POINT('',(0.0145,0.00141999999999998,0.));
#7324=CARTESIAN_POINT('',(0.0145,0.,0.));
#7325=CARTESIAN_POINT('',(0.014,-0.0683454171275165,-0.0005));
#7326=CARTESIAN_POINT('',(0.0148944271909999,-0.0687926307230164,0.000394427190999925));
#7327=CARTESIAN_POINT('',(-0.000743426028337461,-0.0609737041133475,-0.0152434260283374));
#7328=CARTESIAN_POINT('',(-0.01375,0.000847469489395612,0.00254));
#7329=CARTESIAN_POINT('',(-0.014,-0.00439517119772367,0.00778264068711929));
#7330=CARTESIAN_POINT('',(-0.014,-0.00139517119772367,0.00478264068711928));
#7331=CARTESIAN_POINT('',(-0.01375,-0.00139517119772367,0.00478264068711928));
#7332=CARTESIAN_POINT('',(-0.0131,-0.00139517119772367,0.00478264068711928));
#7333=CARTESIAN_POINT('',(-0.0131,0.000247469489395616,0.00314));
#7334=CARTESIAN_POINT('',(-0.0131,-0.000176794579316315,0.00356426406871193));
#7335=CARTESIAN_POINT('',(-0.0119,-0.000176794579316315,0.00356426406871193));
#7336=CARTESIAN_POINT('',(-8.51888408700224E-18,-0.00315253051060439,0.00654));
#7337=CARTESIAN_POINT('',(-8.67131070979127E-18,-0.00139517119772368,0.00478264068711929));
#7338=CARTESIAN_POINT('',(0.0131,-0.00139517119772368,0.00478264068711929));
#7339=CARTESIAN_POINT('',(0.014,-0.00139517119772368,0.00478264068711929));
#7340=CARTESIAN_POINT('',(0.014,-0.00315253051060439,0.00654));
#7341=CARTESIAN_POINT('',(0.0119,-0.000176794579316318,0.00356426406871193));
#7342=CARTESIAN_POINT('',(0.0131,-0.000176794579316317,0.00356426406871193));
#7343=CARTESIAN_POINT('',(0.0131,-0.00315253051060439,0.00654));
#7344=CARTESIAN_POINT('',(-0.005,-0.00168839405125378,0.00354));
#7345=CARTESIAN_POINT('',(-0.005,-0.00168839405125378,0.00354));
#7346=CARTESIAN_POINT('',(-0.005,-0.000688394051253774,0.00354));
#7347=CARTESIAN_POINT('',(-0.005,-0.00268839405125377,0.00354));
#7348=CARTESIAN_POINT('',(-0.005,-0.00168839405125378,0.00354));
#7349=CARTESIAN_POINT('',(-1.12666191113064E-17,-0.00168839405125378,0.00354));
#7350=CARTESIAN_POINT('',(0.005,-0.000688394051253772,0.00354));
#7351=CARTESIAN_POINT('',(0.005,-0.000688394051253774,0.00354));
#7352=CARTESIAN_POINT('',(0.,-0.00268839405125377,0.00354));
#7353=CARTESIAN_POINT('',(0.005,-0.00268839405125377,0.00354));
#7354=CARTESIAN_POINT('',(0.005,-0.00168839405125378,0.00354));
#7355=CARTESIAN_POINT('',(-0.005,-0.00168839405125378,0.00354));
#7356=CARTESIAN_POINT('',(-0.005,-0.00368839405125377,0.00354));
#7357=CARTESIAN_POINT('',(-0.005,0.000311605948746227,0.00354));
#7358=CARTESIAN_POINT('',(0.005,-0.00168839405125378,0.00354));
#7359=CARTESIAN_POINT('',(0.005,-0.00168839405125378,0.00354));
#7360=CARTESIAN_POINT('',(-1.30104260698261E-19,0.000311605948746227,0.00354));
#7361=CARTESIAN_POINT('',(0.005,0.000311605948746228,0.00354));
#7362=CARTESIAN_POINT('',(1.24629815193058E-17,-0.00368839405125377,0.00354));
#7363=CARTESIAN_POINT('',(0.005,-0.00368839405125377,0.00354));
#7364=CARTESIAN_POINT('',(0.005,-0.00168839405125378,0.00354));
#7365=CARTESIAN_POINT('',(-0.015,0.00341518135410452,-0.000734818645895458));
#7366=CARTESIAN_POINT('',(0.015,0.00341518135410452,-0.00073481864589546));
#7367=CARTESIAN_POINT('',(-0.01375,-0.0306525305106044,0.025392));
#7368=CARTESIAN_POINT('',(-0.015,-0.0306525305106044,0.02339));
#7369=CARTESIAN_POINT('',(-0.0118485281374239,-0.0306525305106044,0.02339));
#7370=CARTESIAN_POINT('',(-0.014,-0.0306525305106044,0.02339));
#7371=CARTESIAN_POINT('',(-0.014,-0.0306525305106044,0.025392));
#7372=CARTESIAN_POINT('',(-0.014,-0.0306525305106044,0.01254));
#7373=CARTESIAN_POINT('',(-0.01375,-0.0306525305106044,0.01254));
#7374=CARTESIAN_POINT('',(-0.0131,-0.0306525305106044,0.01254));
#7375=CARTESIAN_POINT('',(-0.0131,-0.0306525305106044,0.025392));
#7376=CARTESIAN_POINT('',(-0.0131,-0.0306525305106044,0.0210615728752538));
#7377=CARTESIAN_POINT('',(-0.0105,-0.0306525305106044,0.0210615728752538));
#7378=CARTESIAN_POINT('',(-0.012338477631085,-0.0306525305106044,0.0229000505063389));
#7379=CARTESIAN_POINT('',(-0.0114242640687119,-0.0306525305106044,0.023814264068712));
#7380=CARTESIAN_POINT('',(-0.01375,-0.0156525305106044,0.025392));
#7381=CARTESIAN_POINT('',(-0.015,-0.0156525305106044,0.01254));
#7382=CARTESIAN_POINT('',(-0.0131,-0.0156525305106044,0.01254));
#7383=CARTESIAN_POINT('',(-0.014,-0.0156525305106044,0.01254));
#7384=CARTESIAN_POINT('',(-0.014,-0.0156525305106044,0.02339));
#7385=CARTESIAN_POINT('',(-0.014,-0.0156525305106044,0.02339));
#7386=CARTESIAN_POINT('',(-0.01375,-0.0156525305106044,0.02339));
#7387=CARTESIAN_POINT('',(-0.0118485281374239,-0.0156525305106044,0.02339));
#7388=CARTESIAN_POINT('',(-0.0117982640687119,-0.0156525305106044,0.0234402640687119));
#7389=CARTESIAN_POINT('',(-0.012338477631085,-0.0156525305106044,0.0229000505063389));
#7390=CARTESIAN_POINT('',(-0.0105,-0.0156525305106044,0.0210615728752538));
#7391=CARTESIAN_POINT('',(-0.0131,-0.0156525305106044,0.0210615728752538));
#7392=CARTESIAN_POINT('',(-0.0131,-0.0156525305106044,0.01254));
#7393=CARTESIAN_POINT('',(0.,-0.0674893940512538,0.02539));
#7394=CARTESIAN_POINT('',(0.,-0.0176525305106044,0.02539));
#7395=CARTESIAN_POINT('',(-0.0104485281374239,-0.0176525305106044,0.02539));
#7396=CARTESIAN_POINT('',(-0.014,-0.0176525305106044,0.02539));
#7397=CARTESIAN_POINT('',(-0.014,-0.0286525305106044,0.02539));
#7398=CARTESIAN_POINT('',(-0.014,-0.0286525305106044,0.02539));
#7399=CARTESIAN_POINT('',(-0.0097,-0.0286525305106044,0.02539));
#7400=CARTESIAN_POINT('',(-0.0104485281374239,-0.0286525305106044,0.02539));
#7401=CARTESIAN_POINT('',(-0.0104485281374238,-0.0674893940512538,0.02539));
#7402=CARTESIAN_POINT('',(0.01375,-0.0156525305106044,0.025392));
#7403=CARTESIAN_POINT('',(0.015,-0.0156525305106044,0.02339));
#7404=CARTESIAN_POINT('',(0.0118485281374239,-0.0156525305106044,0.02339));
#7405=CARTESIAN_POINT('',(0.014,-0.0156525305106044,0.02339));
#7406=CARTESIAN_POINT('',(0.014,-0.0156525305106044,0.01254));
#7407=CARTESIAN_POINT('',(0.014,-0.0156525305106044,0.01254));
#7408=CARTESIAN_POINT('',(0.01375,-0.0156525305106044,0.01254));
#7409=CARTESIAN_POINT('',(0.0131,-0.0156525305106044,0.01254));
#7410=CARTESIAN_POINT('',(0.0131,-0.0156525305106044,0.0210615728752538));
#7411=CARTESIAN_POINT('',(0.0131,-0.0156525305106044,0.0210615728752538));
#7412=CARTESIAN_POINT('',(0.0105,-0.0156525305106044,0.0210615728752538));
#7413=CARTESIAN_POINT('',(0.012338477631085,-0.0156525305106044,0.0229000505063389));
#7414=CARTESIAN_POINT('',(0.0114242640687119,-0.0156525305106044,0.023814264068712));
#7415=CARTESIAN_POINT('',(0.01375,-0.0306525305106044,0.025392));
#7416=CARTESIAN_POINT('',(0.015,-0.0306525305106044,0.01254));
#7417=CARTESIAN_POINT('',(0.0131,-0.0306525305106044,0.01254));
#7418=CARTESIAN_POINT('',(0.014,-0.0306525305106044,0.01254));
#7419=CARTESIAN_POINT('',(0.014,-0.0306525305106044,0.025392));
#7420=CARTESIAN_POINT('',(0.014,-0.0306525305106044,0.02339));
#7421=CARTESIAN_POINT('',(0.01375,-0.0306525305106044,0.02339));
#7422=CARTESIAN_POINT('',(0.0118485281374239,-0.0306525305106044,0.02339));
#7423=CARTESIAN_POINT('',(0.0117982640687119,-0.0306525305106044,0.0234402640687119));
#7424=CARTESIAN_POINT('',(0.012338477631085,-0.0306525305106044,0.0229000505063389));
#7425=CARTESIAN_POINT('',(0.0105,-0.0306525305106044,0.0210615728752538));
#7426=CARTESIAN_POINT('',(0.0131,-0.0306525305106044,0.0210615728752538));
#7427=CARTESIAN_POINT('',(0.0131,-0.0306525305106044,0.025392));
#7428=CARTESIAN_POINT('',(0.,-0.0674893940512538,0.02539));
#7429=CARTESIAN_POINT('',(0.,-0.0286525305106044,0.02539));
#7430=CARTESIAN_POINT('',(0.0104485281374239,-0.0286525305106044,0.02539));
#7431=CARTESIAN_POINT('',(0.014,-0.0286525305106044,0.02539));
#7432=CARTESIAN_POINT('',(0.014,-0.0674893940512538,0.02539));
#7433=CARTESIAN_POINT('',(0.014,-0.0176525305106044,0.02539));
#7434=CARTESIAN_POINT('',(0.0097,-0.0176525305106044,0.02539));
#7435=CARTESIAN_POINT('',(0.0104485281374239,-0.0176525305106044,0.02539));
#7436=CARTESIAN_POINT('',(0.0104485281374238,-0.0674893940512538,0.02539));
#7437=CARTESIAN_POINT('',(0.01375,-0.00965253051060438,0.01254));
#7438=CARTESIAN_POINT('',(0.014,-0.00965253051060438,0.01254));
#7439=CARTESIAN_POINT('',(0.0131,-0.00965253051060438,0.01254));
#7440=CARTESIAN_POINT('',(-3.46944695195361E-18,-0.00965253051060438,0.01254));
#7441=CARTESIAN_POINT('',(-0.014,-0.00965253051060438,0.01254));
#7442=CARTESIAN_POINT('',(-0.0131,-0.00965253051060438,0.01254));
#7443=CARTESIAN_POINT('',(-8.30332028978727E-18,-0.00563781188484296,0.00054));
#7444=CARTESIAN_POINT('',(0.014,-0.00563781188484296,0.00054));
#7445=CARTESIAN_POINT('',(0.0131,-0.00563781188484296,0.00054));
#7446=CARTESIAN_POINT('',(6.19829972371369E-18,-0.00563781188484296,0.00054));
#7447=CARTESIAN_POINT('',(-0.014,-0.00563781188484295,0.00054));
#7448=CARTESIAN_POINT('',(-0.0131,-0.00563781188484295,0.00054));
#7449=CARTESIAN_POINT('',(-3.46944695195361E-18,-0.0366525305106044,0.01254));
#7450=CARTESIAN_POINT('',(0.014,-0.0366525305106044,0.01254));
#7451=CARTESIAN_POINT('',(0.0131,-0.0366525305106044,0.01254));
#7452=CARTESIAN_POINT('',(-0.01375,-0.0366525305106044,0.01254));
#7453=CARTESIAN_POINT('',(-0.014,-0.0366525305106044,0.01254));
#7454=CARTESIAN_POINT('',(-0.0131,-0.0366525305106044,0.01254));
#7455=CARTESIAN_POINT('',(-0.0125,-0.0231525305106044,0.02189));
#7456=CARTESIAN_POINT('',(-0.0100242640687119,-0.0231525305106044,0.0243657359312881));
#7457=CARTESIAN_POINT('',(-0.0100242640687119,-0.0176525305106044,0.0243657359312881));
#7458=CARTESIAN_POINT('',(-0.0100242640687119,-0.0286525305106044,0.0243657359312881));
#7459=CARTESIAN_POINT('',(-0.0114242640687119,-0.0286525305106044,0.022965735931288));
#7460=CARTESIAN_POINT('',(-0.0114242640687119,-0.0300525305106044,0.022965735931288));
#7461=CARTESIAN_POINT('',(-0.0119142135623731,-0.0300525305106044,0.0224757864376269));
#7462=CARTESIAN_POINT('',(-0.0119142135623731,-0.0300525305106044,0.0224757864376269));
#7463=CARTESIAN_POINT('',(-0.0119142135623731,-0.0231525305106044,0.0224757864376269));
#7464=CARTESIAN_POINT('',(-0.0119142135623731,-0.0162525305106044,0.0224757864376269));
#7465=CARTESIAN_POINT('',(-0.0125,-0.0162525305106044,0.02189));
#7466=CARTESIAN_POINT('',(-0.0114242640687119,-0.0162525305106044,0.022965735931288));
#7467=CARTESIAN_POINT('',(-0.0114242640687119,-0.0176525305106044,0.022965735931288));
#7468=CARTESIAN_POINT('',(0.0097,-0.0541525305106044,0.02469));
#7469=CARTESIAN_POINT('',(0.0097,-0.0300525305106044,0.02469));
#7470=CARTESIAN_POINT('',(0.0119142135623731,-0.0300525305106044,0.0224757864376269));
#7471=CARTESIAN_POINT('',(0.0114242640687119,-0.0300525305106044,0.022965735931288));
#7472=CARTESIAN_POINT('',(0.0114242640687119,-0.0286525305106044,0.022965735931288));
#7473=CARTESIAN_POINT('',(0.0100242640687119,-0.0286525305106044,0.0243657359312881));
#7474=CARTESIAN_POINT('',(0.0100242640687119,-0.0541525305106044,0.0243657359312881));
#7475=CARTESIAN_POINT('',(0.0100242640687119,-0.0176525305106044,0.0243657359312881));
#7476=CARTESIAN_POINT('',(0.0114242640687119,-0.0176525305106044,0.022965735931288));
#7477=CARTESIAN_POINT('',(0.0114242640687119,-0.0162525305106044,0.022965735931288));
#7478=CARTESIAN_POINT('',(0.0119142135623731,-0.0162525305106044,0.0224757864376269));
#7479=CARTESIAN_POINT('',(0.0119142135623731,-0.0162525305106044,0.0224757864376269));
#7480=CARTESIAN_POINT('',(0.0119142135623731,-0.0306525305106044,0.0224757864376269));
#7481=CARTESIAN_POINT('',(-0.0105,-0.0541525305106044,0.0210615728752538));
#7482=CARTESIAN_POINT('',(-0.0105,-0.0300525305106044,0.0210615728752538));
#7483=CARTESIAN_POINT('',(-0.0105,-0.0162525305106044,0.0210615728752538));
#7484=CARTESIAN_POINT('',(0.0105,-0.0541525305106044,0.0210615728752538));
#7485=CARTESIAN_POINT('',(0.0105,-0.0300525305106044,0.0210615728752538));
#7486=CARTESIAN_POINT('',(0.0105,-0.0162525305106044,0.0210615728752538));
#7487=CARTESIAN_POINT('',(-0.01375,-0.0176525305106044,0.02339));
#7488=CARTESIAN_POINT('',(-0.014,-0.0176525305106044,0.02339));
#7489=CARTESIAN_POINT('',(-0.0118485281374239,-0.0176525305106044,0.02339));
#7490=CARTESIAN_POINT('',(0.,-0.0286525305106044,0.02339));
#7491=CARTESIAN_POINT('',(-0.014,-0.0286525305106044,0.02339));
#7492=CARTESIAN_POINT('',(-0.0118485281374239,-0.0286525305106044,0.02339));
#7493=CARTESIAN_POINT('',(0.01375,-0.0286525305106044,0.02339));
#7494=CARTESIAN_POINT('',(0.014,-0.0286525305106044,0.02339));
#7495=CARTESIAN_POINT('',(0.0118485281374239,-0.0286525305106044,0.02339));
#7496=CARTESIAN_POINT('',(0.,-0.0176525305106044,0.02339));
#7497=CARTESIAN_POINT('',(0.014,-0.0176525305106044,0.02339));
#7498=CARTESIAN_POINT('',(0.0118485281374239,-0.0176525305106044,0.02339));
#7499=CARTESIAN_POINT('',(-0.0125,-0.000601058648028244,0.00314));
#7500=CARTESIAN_POINT('',(-0.0125,-0.000176794579316315,0.00356426406871193));
#7501=CARTESIAN_POINT('',(-0.0131,-0.000176794579316315,0.00356426406871193));
#7502=CARTESIAN_POINT('',(-0.0125,-0.000285014390497955,0.00298197787123472));
#7503=CARTESIAN_POINT('',(-0.0126022202775129,4.00473122653727E-5,0.0033474221771322));
#7504=CARTESIAN_POINT('',(-0.0130999999999849,0.00013924967821401,0.0032482198111816));
#7505=CARTESIAN_POINT('',(-0.012368339963244,0.000344491161003241,0.00266722509549574));
#7506=CARTESIAN_POINT('',(-0.0125846781935419,0.000584344707363804,0.00280312478203076));
#7507=CARTESIAN_POINT('',(-0.0128366799264952,0.000768755229715134,0.00261871425968048));
#7508=CARTESIAN_POINT('',(-0.0120523603457709,0.000601866659657601,0.00253853734613424));
#7509=CARTESIAN_POINT('',(-0.0121153502591905,0.000850142437740678,0.00253732705165531));
#7510=CARTESIAN_POINT('',(-0.0122047206915426,0.00102613072836956,0.00236133876102605));
#7511=CARTESIAN_POINT('',(-0.0118943452169401,0.000598888056502495,0.00254002664773463));
#7512=CARTESIAN_POINT('',(-0.0118920029900436,0.000847420766038912,0.0025400487233567));
#7513=CARTESIAN_POINT('',(-0.0118886904338802,0.00102315212521442,0.00236431736418119));
#7514=CARTESIAN_POINT('',(-0.0131,-0.000601058648028244,0.00314));
#7515=CARTESIAN_POINT('',(-0.0131,-0.0290767945793163,0.0316157359312881));
#7516=CARTESIAN_POINT('',(-0.0131,-0.00181943526643559,0.00435837661840735));
#7517=CARTESIAN_POINT('',(-0.0131,-0.00563781188484295,0.00054));
#7518=CARTESIAN_POINT('',(-0.0131,-0.00563781188484295,0.00594));
#7519=CARTESIAN_POINT('',(-0.0131,-0.0613685771021843,0.00594));
#7520=CARTESIAN_POINT('',(-0.0131,-0.00965253051060438,0.00594));
#7521=CARTESIAN_POINT('',(-0.0131,-0.00965253051060438,0.01254));
#7522=CARTESIAN_POINT('',(-0.0131,-0.0162525305106044,0.01254));
#7523=CARTESIAN_POINT('',(-0.0131,-0.0162525305106044,0.025392));
#7524=CARTESIAN_POINT('',(-0.0131,-0.0162525305106044,0.0210615728752538));
#7525=CARTESIAN_POINT('',(-0.0105,-0.0162525305106044,0.0210615728752538));
#7526=CARTESIAN_POINT('',(-0.012338477631085,-0.0162525305106044,0.0229000505063389));
#7527=CARTESIAN_POINT('',(-0.0117982640687119,-0.0162525305106044,0.0234402640687119));
#7528=CARTESIAN_POINT('',(-0.0118485281374239,-0.0162525305106044,0.02339));
#7529=CARTESIAN_POINT('',(-0.0104485281374239,-0.0231525305106044,0.02479));
#7530=CARTESIAN_POINT('',(-0.0104485281374239,-0.0286525305106044,0.02479));
#7531=CARTESIAN_POINT('',(-0.0104485281374239,-0.0176525305106044,0.02479));
#7532=CARTESIAN_POINT('',(-0.0100242640687119,-0.0176525305106044,0.0243657359312881));
#7533=CARTESIAN_POINT('',(-0.00899999999999999,-0.0176525305106044,0.02539));
#7534=CARTESIAN_POINT('',(-0.0104485281374239,-0.0176525305106044,0.02539));
#7535=CARTESIAN_POINT('',(-0.0100242640687288,-0.0174692709079787,0.0243657359312712));
#7536=CARTESIAN_POINT('',(-0.0090000000002401,-0.0172011191039892,0.0253899999997605));
#7537=CARTESIAN_POINT('',(-0.0104485281374404,-0.0173907310782819,0.02539));
#7538=CARTESIAN_POINT('',(-0.0100971603297838,-0.0171028372422881,0.0242928396702162));
#7539=CARTESIAN_POINT('',(-0.00924610361848995,-0.0163917361298233,0.0251438963815099));
#7540=CARTESIAN_POINT('',(-0.0105214243984959,-0.01686725441301,0.0252858624841719));
#7541=CARTESIAN_POINT('',(-0.0104085390818402,-0.0166368055217832,0.0239814609181598));
#7542=CARTESIAN_POINT('',(-0.00995930220330421,-0.0157725788422616,0.0244306977966956));
#7543=CARTESIAN_POINT('',(-0.010832803150552,-0.0162014948122875,0.024841035695534));
#7544=CARTESIAN_POINT('',(-0.0108745707931601,-0.0163254267722386,0.0235154292068399));
#7545=CARTESIAN_POINT('',(-0.0106925466245496,-0.0155606683142765,0.0236974533754512));
#7546=CARTESIAN_POINT('',(-0.0112988348618723,-0.0157566680272277,0.0241752761079308));
#7547=CARTESIAN_POINT('',(-0.0112410044816696,-0.0162525305106089,0.0231489955183304));
#7548=CARTESIAN_POINT('',(-0.0111909361440162,-0.0155942995532861,0.0231990638559822));
#7549=CARTESIAN_POINT('',(-0.011665268550381,-0.0156525305106044,0.0236517994100596));
#7550=CARTESIAN_POINT('',(-0.0114242640687119,-0.0162525305106044,0.0229657359312881));
#7551=CARTESIAN_POINT('',(-0.0114242640687119,-0.0156525305106044,0.0229657359312881));
#7552=CARTESIAN_POINT('',(-0.0118485281374239,-0.0156525305106044,0.02339));
#7553=CARTESIAN_POINT('',(0.0131,-0.000176794579316319,0.00356426406871193));
#7554=CARTESIAN_POINT('',(0.0125,-0.000176794579316319,0.00356426406871193));
#7555=CARTESIAN_POINT('',(0.0125,-0.000601058648028247,0.00314));
#7556=CARTESIAN_POINT('',(0.0130999999999845,0.000139249678213987,0.00324821981118162));
#7557=CARTESIAN_POINT('',(0.0126022202775124,4.00473122653427E-5,0.00334742217713224));
#7558=CARTESIAN_POINT('',(0.0125,-0.000285014390497935,0.00298197787123486));
#7559=CARTESIAN_POINT('',(0.0128366799264955,0.000768755229715118,0.00261871425968049));
#7560=CARTESIAN_POINT('',(0.0125846781935426,0.000584344707363847,0.00280312478203103));
#7561=CARTESIAN_POINT('',(0.0123683399632444,0.000344491161003213,0.00266722509549567));
#7562=CARTESIAN_POINT('',(0.0122047206915424,0.00102613072836961,0.002361338761026));
#7563=CARTESIAN_POINT('',(0.0121153502591896,0.000850142437740622,0.00253732705165474));
#7564=CARTESIAN_POINT('',(0.01205236034577,0.000601866659657632,0.00253853734613425));
#7565=CARTESIAN_POINT('',(0.0118886904338802,0.00102315212521442,0.00236431736418119));
#7566=CARTESIAN_POINT('',(0.0118920029900436,0.000847420766038911,0.0025400487233567));
#7567=CARTESIAN_POINT('',(0.0118943452169401,0.000598888056502494,0.00254002664773463));
#7568=CARTESIAN_POINT('',(0.0131,-0.000601058648028246,0.00314));
#7569=CARTESIAN_POINT('',(0.0131,-0.0290767945793163,0.0316157359312881));
#7570=CARTESIAN_POINT('',(0.0131,-0.0018194352664356,0.00435837661840736));
#7571=CARTESIAN_POINT('',(0.0131,-0.00563781188484296,0.00054));
#7572=CARTESIAN_POINT('',(0.0131,-0.00563781188484296,0.00594));
#7573=CARTESIAN_POINT('',(0.0131,-0.0541525305106044,0.00594));
#7574=CARTESIAN_POINT('',(0.0131,-0.00965253051060438,0.00594));
#7575=CARTESIAN_POINT('',(0.0131,-0.00965253051060438,0.01254));
#7576=CARTESIAN_POINT('',(0.0131,-0.0162525305106044,0.01254));
#7577=CARTESIAN_POINT('',(0.0131,-0.0162525305106044,0.00654));
#7578=CARTESIAN_POINT('',(0.0131,-0.0162525305106044,0.0210615728752538));
#7579=CARTESIAN_POINT('',(0.0105,-0.0162525305106044,0.0210615728752538));
#7580=CARTESIAN_POINT('',(0.012338477631085,-0.0162525305106044,0.0229000505063389));
#7581=CARTESIAN_POINT('',(0.0117982640687119,-0.0162525305106044,0.0234402640687119));
#7582=CARTESIAN_POINT('',(0.0118485281374239,-0.0162525305106044,0.02339));
#7583=CARTESIAN_POINT('',(0.0104485281374239,-0.0176525305106044,0.02539));
#7584=CARTESIAN_POINT('',(0.00899999999999999,-0.0176525305106044,0.02539));
#7585=CARTESIAN_POINT('',(0.0100242640687119,-0.0176525305106044,0.0243657359312881));
#7586=CARTESIAN_POINT('',(0.0104485281374404,-0.017390731078282,0.02539));
#7587=CARTESIAN_POINT('',(0.0090000000002401,-0.0172011191039893,0.0253899999997621));
#7588=CARTESIAN_POINT('',(0.0100242640687288,-0.0174692709079788,0.0243657359312712));
#7589=CARTESIAN_POINT('',(0.0105214243984959,-0.01686725441301,0.0252858624841718));
#7590=CARTESIAN_POINT('',(0.00924610361848991,-0.0163917361298232,0.0251438963815091));
#7591=CARTESIAN_POINT('',(0.0100971603297839,-0.0171028372422881,0.0242928396702161));
#7592=CARTESIAN_POINT('',(0.010832803150552,-0.0162014948122876,0.0248410356955342));
#7593=CARTESIAN_POINT('',(0.00995930220330423,-0.0157725788422619,0.0244306977966961));
#7594=CARTESIAN_POINT('',(0.0104085390818401,-0.0166368055217832,0.0239814609181599));
#7595=CARTESIAN_POINT('',(0.0112988348618723,-0.0157566680272277,0.0241752761079299));
#7596=CARTESIAN_POINT('',(0.0106925466245499,-0.0155606683142754,0.0236974533754497));
#7597=CARTESIAN_POINT('',(0.0108745707931605,-0.0163254267722386,0.0235154292068395));
#7598=CARTESIAN_POINT('',(0.011665268550381,-0.0156525305106044,0.0236517994100614));
#7599=CARTESIAN_POINT('',(0.0111909361440152,-0.0155942995532881,0.0231990638559854));
#7600=CARTESIAN_POINT('',(0.0112410044816687,-0.0162525305106089,0.0231489955183313));
#7601=CARTESIAN_POINT('',(0.0118485281374239,-0.0156525305106044,0.02339));
#7602=CARTESIAN_POINT('',(0.0114242640687119,-0.0156525305106044,0.0229657359312881));
#7603=CARTESIAN_POINT('',(0.0114242640687119,-0.0162525305106044,0.0229657359312881));
#7604=CARTESIAN_POINT('',(0.0104485281374239,-0.0176525305106044,0.02479));
#7605=CARTESIAN_POINT('',(0.0104485281374239,-0.0541525305106044,0.02479));
#7606=CARTESIAN_POINT('',(0.0104485281374239,-0.0286525305106044,0.02479));
#7607=CARTESIAN_POINT('',(-0.0131,-0.0366525305106044,0.01254));
#7608=CARTESIAN_POINT('',(-0.0131,-0.0300525305106044,0.01254));
#7609=CARTESIAN_POINT('',(-0.0131,-0.0300525305106044,0.00654));
#7610=CARTESIAN_POINT('',(-0.0131,-0.0300525305106044,0.0210615728752538));
#7611=CARTESIAN_POINT('',(-0.0105,-0.0300525305106044,0.0210615728752538));
#7612=CARTESIAN_POINT('',(-0.012338477631085,-0.0300525305106044,0.0229000505063389));
#7613=CARTESIAN_POINT('',(-0.0117982640687119,-0.0300525305106044,0.0234402640687119));
#7614=CARTESIAN_POINT('',(-0.0118485281374239,-0.0300525305106044,0.02339));
#7615=CARTESIAN_POINT('',(-0.0114242640687119,-0.0300525305106044,0.0229657359312881));
#7616=CARTESIAN_POINT('',(-0.0114242640687119,-0.0306525305106044,0.0229657359312881));
#7617=CARTESIAN_POINT('',(-0.0118485281374239,-0.0306525305106044,0.02339));
#7618=CARTESIAN_POINT('',(-0.0112410044816696,-0.0300525305105981,0.0231489955183304));
#7619=CARTESIAN_POINT('',(-0.0111909361440177,-0.0307107614679211,0.0231990638559839));
#7620=CARTESIAN_POINT('',(-0.011665268550381,-0.0306525305106044,0.0236517994100596));
#7621=CARTESIAN_POINT('',(-0.0108745707931601,-0.029979634248971,0.0235154292068399));
#7622=CARTESIAN_POINT('',(-0.0106925466245485,-0.0307443927069333,0.0236974533754507));
#7623=CARTESIAN_POINT('',(-0.0112988348618723,-0.0305483929939811,0.0241752761079308));
#7624=CARTESIAN_POINT('',(-0.0104085390818402,-0.0296682554994255,0.0239814609181598));
#7625=CARTESIAN_POINT('',(-0.00995930220330476,-0.0305324821789464,0.0244306977966956));
#7626=CARTESIAN_POINT('',(-0.010832803150552,-0.0301035662089214,0.024841035695534));
#7627=CARTESIAN_POINT('',(-0.0100971603297838,-0.0292022237789203,0.0242928396702162));
#7628=CARTESIAN_POINT('',(-0.00924610361848971,-0.0299133248913882,0.02514389638151));
#7629=CARTESIAN_POINT('',(-0.0105214243984959,-0.0294378066081984,0.0252858624841718));
#7630=CARTESIAN_POINT('',(-0.0100242640687288,-0.028835790113231,0.0243657359312712));
#7631=CARTESIAN_POINT('',(-0.0090000000002401,-0.0291039419172134,0.0253899999997605));
#7632=CARTESIAN_POINT('',(-0.0104485281374404,-0.0289143299429278,0.02539));
#7633=CARTESIAN_POINT('',(-0.0100242640687119,-0.0286525305106044,0.0243657359312881));
#7634=CARTESIAN_POINT('',(-0.00899999999999999,-0.0286525305106044,0.02539));
#7635=CARTESIAN_POINT('',(-0.0104485281374239,-0.0286525305106044,0.02539));
#7636=CARTESIAN_POINT('',(0.0131,-0.0541525305106044,0.00594));
#7637=CARTESIAN_POINT('',(0.0131,-0.0658383940512538,0.00594));
#7638=CARTESIAN_POINT('',(0.0131,-0.0366525305106044,0.00594));
#7639=CARTESIAN_POINT('',(0.0131,-0.0366525305106044,0.01254));
#7640=CARTESIAN_POINT('',(0.0131,-0.0300525305106044,0.01254));
#7641=CARTESIAN_POINT('',(0.0131,-0.0300525305106044,0.025392));
#7642=CARTESIAN_POINT('',(0.0131,-0.0300525305106044,0.0210615728752538));
#7643=CARTESIAN_POINT('',(0.0105,-0.0300525305106044,0.0210615728752538));
#7644=CARTESIAN_POINT('',(0.012338477631085,-0.0300525305106044,0.0229000505063389));
#7645=CARTESIAN_POINT('',(0.0117982640687119,-0.0300525305106044,0.0234402640687119));
#7646=CARTESIAN_POINT('',(0.0118485281374239,-0.0300525305106044,0.02339));
#7647=CARTESIAN_POINT('',(0.0118485281374239,-0.0306525305106044,0.02339));
#7648=CARTESIAN_POINT('',(0.0114242640687119,-0.0306525305106044,0.0229657359312881));
#7649=CARTESIAN_POINT('',(0.0114242640687119,-0.0300525305106044,0.0229657359312881));
#7650=CARTESIAN_POINT('',(0.011665268550381,-0.0306525305106044,0.02365179941006));
#7651=CARTESIAN_POINT('',(0.0111909361440177,-0.0307107614679211,0.0231990638559846));
#7652=CARTESIAN_POINT('',(0.0112410044816694,-0.0300525305105981,0.0231489955183306));
#7653=CARTESIAN_POINT('',(0.0112988348618723,-0.0305483929939811,0.0241752761079306));
#7654=CARTESIAN_POINT('',(0.0106925466245485,-0.0307443927069332,0.0236974533754503));
#7655=CARTESIAN_POINT('',(0.0108745707931602,-0.029979634248971,0.0235154292068398));
#7656=CARTESIAN_POINT('',(0.010832803150552,-0.0301035662089214,0.024841035695534));
#7657=CARTESIAN_POINT('',(0.00995930220330477,-0.0305324821789466,0.0244306977966958));
#7658=CARTESIAN_POINT('',(0.0104085390818401,-0.0296682554994255,0.0239814609181599));
#7659=CARTESIAN_POINT('',(0.0105214243984959,-0.0294378066081984,0.0252858624841718));
#7660=CARTESIAN_POINT('',(0.00924610361848971,-0.0299133248913874,0.0251438963815092));
#7661=CARTESIAN_POINT('',(0.0100971603297839,-0.0292022237789203,0.0242928396702162));
#7662=CARTESIAN_POINT('',(0.0104485281374404,-0.028914329942928,0.02539));
#7663=CARTESIAN_POINT('',(0.0090000000002401,-0.0291039419172153,0.0253899999997621));
#7664=CARTESIAN_POINT('',(0.0100242640687288,-0.0288357901132311,0.0243657359312712));
#7665=CARTESIAN_POINT('',(0.0104485281374239,-0.0286525305106044,0.02539));
#7666=CARTESIAN_POINT('',(0.00899999999999999,-0.0286525305106044,0.02539));
#7667=CARTESIAN_POINT('',(0.0100242640687119,-0.0286525305106044,0.0243657359312881));
#7668=CARTESIAN_POINT('',(-0.016,-0.0256525305106044,0.02069));
#7669=CARTESIAN_POINT('',(-0.016,-0.0256525305106044,0.02069));
#7670=CARTESIAN_POINT('',(-0.016454359613777,-0.0265433488654717,0.02069));
#7671=CARTESIAN_POINT('',(-0.016454359613777,-0.0247617121557371,0.02069));
#7672=CARTESIAN_POINT('',(-0.016454359613777,-0.0256525305106044,0.02069));
#7673=CARTESIAN_POINT('',(-0.016,-0.0256525305106044,0.01369));
#7674=CARTESIAN_POINT('',(-0.016,-0.0256525305106044,0.00669));
#7675=CARTESIAN_POINT('',(-0.016454359613777,-0.0265433488654717,0.00669));
#7676=CARTESIAN_POINT('',(-0.016454359613777,-0.0247617121557371,0.00669));
#7677=CARTESIAN_POINT('',(-0.016454359613777,-0.0265433488654717,0.01369));
#7678=CARTESIAN_POINT('',(-0.016454359613777,-0.0247617121557371,0.01369));
#7679=CARTESIAN_POINT('',(-0.016,-0.0256525305106044,0.00669));
#7680=CARTESIAN_POINT('',(-0.016454359613777,-0.0256525305106044,0.00669));
#7681=CARTESIAN_POINT('',(-0.016,-0.0206525305106044,0.02069));
#7682=CARTESIAN_POINT('',(-0.016,-0.0206525305106044,0.02069));
#7683=CARTESIAN_POINT('',(-0.016454359613777,-0.0215433488654716,0.02069));
#7684=CARTESIAN_POINT('',(-0.016454359613777,-0.0197617121557371,0.02069));
#7685=CARTESIAN_POINT('',(-0.016454359613777,-0.0206525305106044,0.02069));
#7686=CARTESIAN_POINT('',(-0.016,-0.0206525305106044,0.01369));
#7687=CARTESIAN_POINT('',(-0.016,-0.0206525305106044,0.00669));
#7688=CARTESIAN_POINT('',(-0.016454359613777,-0.0215433488654716,0.00669));
#7689=CARTESIAN_POINT('',(-0.016454359613777,-0.0197617121557371,0.00669));
#7690=CARTESIAN_POINT('',(-0.016454359613777,-0.0215433488654716,0.01369));
#7691=CARTESIAN_POINT('',(-0.016454359613777,-0.0197617121557371,0.01369));
#7692=CARTESIAN_POINT('',(-0.016,-0.0206525305106044,0.00669));
#7693=CARTESIAN_POINT('',(-0.016454359613777,-0.0206525305106044,0.00669));
#7694=CARTESIAN_POINT('',(-0.0187261576826618,-0.0203076203814007,0.01369));
#7695=CARTESIAN_POINT('',(-0.0187261576826618,-0.0203076203814007,0.02069));
#7696=CARTESIAN_POINT('',(-0.0153184605793345,-0.0239665273837683,0.02069));
#7697=CARTESIAN_POINT('',(-0.0153184605793345,-0.0239665273837683,0.01369));
#7698=CARTESIAN_POINT('',(-0.0153184605793345,-0.0239665273837683,0.00669));
#7699=CARTESIAN_POINT('',(-0.0187261576826618,-0.0203076203814007,0.00669));
#7700=CARTESIAN_POINT('',(-0.0187261576826618,-0.0256525305106044,0.00669));
#7701=CARTESIAN_POINT('',(-0.0153184605793345,-0.0256525305106044,0.00669));
#7702=CARTESIAN_POINT('',(-0.0153184605793345,-0.0273385336374404,0.00669));
#7703=CARTESIAN_POINT('',(-0.0187261576826619,-0.030997440639808,0.00669));
#7704=CARTESIAN_POINT('',(-0.0187261576826618,-0.0256525305106044,0.02069));
#7705=CARTESIAN_POINT('',(-0.0187261576826618,-0.030997440639808,0.02069));
#7706=CARTESIAN_POINT('',(-0.0153184605793345,-0.0273385336374404,0.02069));
#7707=CARTESIAN_POINT('',(-0.0153184605793345,-0.0256525305106044,0.02069));
#7708=CARTESIAN_POINT('',(-0.0187261576826618,-0.030997440639808,0.01369));
#7709=CARTESIAN_POINT('',(-0.0153184605793345,-0.0273385336374404,0.01369));
#7710=CARTESIAN_POINT('',(-0.0187261576826618,-0.0153076203814007,0.01369));
#7711=CARTESIAN_POINT('',(-0.0187261576826618,-0.0153076203814007,0.02069));
#7712=CARTESIAN_POINT('',(-0.0153184605793345,-0.0189665273837684,0.02069));
#7713=CARTESIAN_POINT('',(-0.0153184605793345,-0.0189665273837684,0.01369));
#7714=CARTESIAN_POINT('',(-0.0153184605793345,-0.0189665273837684,0.00669));
#7715=CARTESIAN_POINT('',(-0.0187261576826618,-0.0153076203814007,0.00669));
#7716=CARTESIAN_POINT('',(-0.0187261576826618,-0.0206525305106044,0.00669));
#7717=CARTESIAN_POINT('',(-0.0153184605793345,-0.0206525305106044,0.00669));
#7718=CARTESIAN_POINT('',(-0.0153184605793345,-0.0223385336374404,0.00669));
#7719=CARTESIAN_POINT('',(-0.0187261576826619,-0.0259974406398081,0.00669));
#7720=CARTESIAN_POINT('',(-0.0187261576826618,-0.0206525305106044,0.02069));
#7721=CARTESIAN_POINT('',(-0.0187261576826618,-0.0259974406398081,0.02069));
#7722=CARTESIAN_POINT('',(-0.0153184605793345,-0.0223385336374404,0.02069));
#7723=CARTESIAN_POINT('',(-0.0153184605793345,-0.0206525305106044,0.02069));
#7724=CARTESIAN_POINT('',(-0.0187261576826618,-0.0259974406398081,0.01369));
#7725=CARTESIAN_POINT('',(-0.0153184605793345,-0.0223385336374404,0.01369));
#7726=CARTESIAN_POINT('',(-0.016,-0.0280703150379139,0.01369));
#7727=CARTESIAN_POINT('',(-0.016,-0.0280703150379139,0.02069));
#7728=CARTESIAN_POINT('',(-0.016,-0.0280703150379139,0.00669));
#7729=CARTESIAN_POINT('',(-0.016,-0.0256525305106044,0.00669));
#7730=CARTESIAN_POINT('',(-0.016,-0.0232347459832948,0.00669));
#7731=CARTESIAN_POINT('',(-0.016,-0.0256525305106044,0.02069));
#7732=CARTESIAN_POINT('',(-0.016,-0.0232347459832948,0.02069));
#7733=CARTESIAN_POINT('',(-0.016,-0.0232347459832948,0.01369));
#7734=CARTESIAN_POINT('',(-0.016,-0.023070315037914,0.01369));
#7735=CARTESIAN_POINT('',(-0.016,-0.023070315037914,0.02069));
#7736=CARTESIAN_POINT('',(-0.016,-0.023070315037914,0.00669));
#7737=CARTESIAN_POINT('',(-0.016,-0.0206525305106044,0.00669));
#7738=CARTESIAN_POINT('',(-0.016,-0.0182347459832949,0.00669));
#7739=CARTESIAN_POINT('',(-0.016,-0.0206525305106044,0.02069));
#7740=CARTESIAN_POINT('',(-0.016,-0.0182347459832949,0.02069));
#7741=CARTESIAN_POINT('',(-0.016,-0.0182347459832949,0.01369));
#7742=CARTESIAN_POINT('',(0.016,-0.0256525305106044,0.012945));
#7743=CARTESIAN_POINT('',(0.016,-0.0256525305106044,0.00669));
#7744=CARTESIAN_POINT('',(0.016454359613777,-0.0247617121557371,0.00669));
#7745=CARTESIAN_POINT('',(0.016454359613777,-0.0265433488654717,0.00669));
#7746=CARTESIAN_POINT('',(0.016454359613777,-0.0247617121557371,0.012945));
#7747=CARTESIAN_POINT('',(0.016454359613777,-0.0247617121557371,0.02069));
#7748=CARTESIAN_POINT('',(0.016,-0.0256525305106044,0.02069));
#7749=CARTESIAN_POINT('',(0.016454359613777,-0.0265433488654717,0.02069));
#7750=CARTESIAN_POINT('',(0.016454359613777,-0.0265433488654717,0.012945));
#7751=CARTESIAN_POINT('',(0.016,-0.0256525305106044,0.02069));
#7752=CARTESIAN_POINT('',(0.016454359613777,-0.0256525305106044,0.02069));
#7753=CARTESIAN_POINT('',(0.016,-0.0256525305106044,0.00669));
#7754=CARTESIAN_POINT('',(0.016454359613777,-0.0256525305106044,0.00669));
#7755=CARTESIAN_POINT('',(0.016,-0.0206525305106044,0.012945));
#7756=CARTESIAN_POINT('',(0.016,-0.0206525305106044,0.00669));
#7757=CARTESIAN_POINT('',(0.016454359613777,-0.0197617121557371,0.00669));
#7758=CARTESIAN_POINT('',(0.016454359613777,-0.0215433488654716,0.00669));
#7759=CARTESIAN_POINT('',(0.016454359613777,-0.0197617121557371,0.012945));
#7760=CARTESIAN_POINT('',(0.016454359613777,-0.0197617121557371,0.02069));
#7761=CARTESIAN_POINT('',(0.016,-0.0206525305106044,0.02069));
#7762=CARTESIAN_POINT('',(0.016454359613777,-0.0215433488654716,0.02069));
#7763=CARTESIAN_POINT('',(0.016454359613777,-0.0215433488654716,0.012945));
#7764=CARTESIAN_POINT('',(0.016,-0.0206525305106044,0.02069));
#7765=CARTESIAN_POINT('',(0.016454359613777,-0.0206525305106044,0.02069));
#7766=CARTESIAN_POINT('',(0.016,-0.0206525305106044,0.00669));
#7767=CARTESIAN_POINT('',(0.016454359613777,-0.0206525305106044,0.00669));
#7768=CARTESIAN_POINT('',(0.0187261576826618,-0.030997440639808,0.012945));
#7769=CARTESIAN_POINT('',(0.0187261576826618,-0.030997440639808,0.02069));
#7770=CARTESIAN_POINT('',(0.0153184605793345,-0.0273385336374404,0.02069));
#7771=CARTESIAN_POINT('',(0.0153184605793345,-0.0273385336374404,0.012945));
#7772=CARTESIAN_POINT('',(0.0153184605793345,-0.0273385336374404,0.00669));
#7773=CARTESIAN_POINT('',(0.0187261576826618,-0.030997440639808,0.00669));
#7774=CARTESIAN_POINT('',(0.0187261576826618,-0.0256525305106044,0.00669));
#7775=CARTESIAN_POINT('',(0.0153184605793345,-0.0256525305106044,0.00669));
#7776=CARTESIAN_POINT('',(0.0153184605793345,-0.0239665273837683,0.00669));
#7777=CARTESIAN_POINT('',(0.0187261576826619,-0.0203076203814007,0.00669));
#7778=CARTESIAN_POINT('',(0.0187261576826618,-0.0256525305106044,0.02069));
#7779=CARTESIAN_POINT('',(0.0187261576826618,-0.0203076203814007,0.02069));
#7780=CARTESIAN_POINT('',(0.0153184605793345,-0.0239665273837683,0.02069));
#7781=CARTESIAN_POINT('',(0.0153184605793345,-0.0256525305106044,0.02069));
#7782=CARTESIAN_POINT('',(0.0187261576826618,-0.0203076203814007,0.012945));
#7783=CARTESIAN_POINT('',(0.0153184605793345,-0.0239665273837683,0.012945));
#7784=CARTESIAN_POINT('',(0.0187261576826618,-0.0259974406398081,0.012945));
#7785=CARTESIAN_POINT('',(0.0187261576826618,-0.0259974406398081,0.02069));
#7786=CARTESIAN_POINT('',(0.0153184605793345,-0.0223385336374404,0.02069));
#7787=CARTESIAN_POINT('',(0.0153184605793345,-0.0223385336374404,0.012945));
#7788=CARTESIAN_POINT('',(0.0153184605793345,-0.0223385336374404,0.00669));
#7789=CARTESIAN_POINT('',(0.0187261576826618,-0.0259974406398081,0.00669));
#7790=CARTESIAN_POINT('',(0.0187261576826618,-0.0206525305106044,0.00669));
#7791=CARTESIAN_POINT('',(0.0153184605793345,-0.0206525305106044,0.00669));
#7792=CARTESIAN_POINT('',(0.0153184605793345,-0.0189665273837684,0.00669));
#7793=CARTESIAN_POINT('',(0.0187261576826619,-0.0153076203814007,0.00669));
#7794=CARTESIAN_POINT('',(0.0187261576826618,-0.0206525305106044,0.02069));
#7795=CARTESIAN_POINT('',(0.0187261576826618,-0.0153076203814007,0.02069));
#7796=CARTESIAN_POINT('',(0.0153184605793345,-0.0189665273837684,0.02069));
#7797=CARTESIAN_POINT('',(0.0153184605793345,-0.0206525305106044,0.02069));
#7798=CARTESIAN_POINT('',(0.0187261576826618,-0.0153076203814007,0.012945));
#7799=CARTESIAN_POINT('',(0.0153184605793345,-0.0189665273837684,0.012945));
#7800=CARTESIAN_POINT('',(0.016,-0.0256525305106044,0.00669));
#7801=CARTESIAN_POINT('',(0.016,-0.0232347459832948,0.00669));
#7802=CARTESIAN_POINT('',(0.016,-0.0280703150379139,0.00669));
#7803=CARTESIAN_POINT('',(0.016,-0.0280703150379139,0.012945));
#7804=CARTESIAN_POINT('',(0.016,-0.0280703150379139,0.02069));
#7805=CARTESIAN_POINT('',(0.016,-0.0232347459832948,0.012945));
#7806=CARTESIAN_POINT('',(0.016,-0.0232347459832948,0.02069));
#7807=CARTESIAN_POINT('',(0.016,-0.0256525305106044,0.02069));
#7808=CARTESIAN_POINT('',(0.016,-0.0206525305106044,0.00669));
#7809=CARTESIAN_POINT('',(0.016,-0.0182347459832949,0.00669));
#7810=CARTESIAN_POINT('',(0.016,-0.023070315037914,0.00669));
#7811=CARTESIAN_POINT('',(0.016,-0.023070315037914,0.012945));
#7812=CARTESIAN_POINT('',(0.016,-0.023070315037914,0.02069));
#7813=CARTESIAN_POINT('',(0.016,-0.0182347459832949,0.012945));
#7814=CARTESIAN_POINT('',(0.016,-0.0182347459832949,0.02069));
#7815=CARTESIAN_POINT('',(0.016,-0.0206525305106044,0.02069));
#7816=CARTESIAN_POINT('',(0.00557112381529809,-0.0993423940512538,0.00372578643762691));
#7817=CARTESIAN_POINT('',(0.00457112381529809,-0.0704817416821508,0.00372578643762691));
#7818=CARTESIAN_POINT('',(0.00457112381529809,-0.0704117350065243,0.00398647968553353));
#7819=CARTESIAN_POINT('',(0.0046749444392564,-0.0703546562889137,0.00424382062395832));
#7820=CARTESIAN_POINT('',(0.00486401703411154,-0.0703166946213561,0.00443289321881346));
#7821=CARTESIAN_POINT('',(0.00557112381529809,-0.0679383940512538,0.00372578643762691));
#7822=CARTESIAN_POINT('',(0.005,-0.0689893940512538,0.00598308974707501));
#7823=CARTESIAN_POINT('',(0.00570710678118656,-0.0700605705440043,0.00527598296588847));
#7824=CARTESIAN_POINT('',(0.00576746362286941,-0.0700484691106854,0.00533633980757132));
#7825=CARTESIAN_POINT('',(0.00581948911560022,-0.0700403940512538,0.00540353037873358));
#7826=CARTESIAN_POINT('',(0.00586308652174195,-0.0700403940512538,0.00547803365515313));
#7827=CARTESIAN_POINT('',(0.00586308652174195,-0.0700403940512538,0.00547803365515313));
#7828=CARTESIAN_POINT('',(0.005,-0.0700403940512538,0.00598308974707501));
#7829=CARTESIAN_POINT('',(0.005,-0.0679383940512538,0.00598308974707501));
#7830=CARTESIAN_POINT('',(-0.00557112381529809,-0.0993423940512538,0.00372578643762691));
#7831=CARTESIAN_POINT('',(-0.00486401703411155,-0.0703166946213561,0.00443289321881346));
#7832=CARTESIAN_POINT('',(-0.00467500029231176,-0.0703546450748341,0.00424387647701367));
#7833=CARTESIAN_POINT('',(-0.00457112381529806,-0.0704117542129131,0.00398640816412762));
#7834=CARTESIAN_POINT('',(-0.00457112381529806,-0.0704817416821508,0.00372578643762691));
#7835=CARTESIAN_POINT('',(-0.00557112381529809,-0.0679383940512538,0.00372578643762691));
#7836=CARTESIAN_POINT('',(-0.005,-0.0689893940512538,0.00598308974707501));
#7837=CARTESIAN_POINT('',(-0.005,-0.0700403940512538,0.00598308974707501));
#7838=CARTESIAN_POINT('',(-0.00586308652174195,-0.0700403940512538,0.00547803365515313));
#7839=CARTESIAN_POINT('',(-0.00586308652174195,-0.0700403940512538,0.00547803365515313));
#7840=CARTESIAN_POINT('',(-0.00581948911560022,-0.0700403940512538,0.00540353037873358));
#7841=CARTESIAN_POINT('',(-0.00576746362286941,-0.0700484691106854,0.00533633980757131));
#7842=CARTESIAN_POINT('',(-0.00570710678118656,-0.0700605705440043,0.00527598296588846));
#7843=CARTESIAN_POINT('',(-0.005,-0.0679383940512538,0.00598308974707501));
#7844=CARTESIAN_POINT('',(-0.0117557491977811,-0.0727416190288589,0.00512249345492355));
#7845=CARTESIAN_POINT('',(-0.0117733641016836,-0.0706403940512538,0.0051230130292814));
#7846=CARTESIAN_POINT('',(-0.0117733600040519,-0.0706403971244776,0.00499876870422648));
#7847=CARTESIAN_POINT('',(-0.0117393056649148,-0.0706520028017675,0.00487483927063699));
#7848=CARTESIAN_POINT('',(-0.011683163581909,-0.0706712949413247,0.00476356873948835));
#7849=CARTESIAN_POINT('',(0.0117557491977811,-0.0727416190316638,0.00512249345507113));
#7850=CARTESIAN_POINT('',(0.0116831635819078,-0.0706712949413263,0.00476356873948125));
#7851=CARTESIAN_POINT('',(0.0117391846029339,-0.070652044402374,0.00487459933242));
#7852=CARTESIAN_POINT('',(0.0117733599990479,-0.0706403971282306,0.00499861537118762));
#7853=CARTESIAN_POINT('',(0.0117733641016836,-0.0706403940512538,0.0051230130292814));
#7854=CARTESIAN_POINT('',(0.011,-0.0718454171275165,0.003175));
#7855=CARTESIAN_POINT('',(0.0072733641016836,-0.0746403940512538,0.005175));
#7856=CARTESIAN_POINT('',(0.0126751238153019,-0.0705890742660401,0.00321622283097473));
#7857=CARTESIAN_POINT('',(0.0114,-0.0715454171275165,0.00190833230316681));
#7858=CARTESIAN_POINT('',(0.0114,-0.0715454171275165,0.0005));
#7859=CARTESIAN_POINT('',(0.0114,-0.0715454171275165,0.0005));
#7860=CARTESIAN_POINT('',(0.0145,-0.0692204171275165,0.0005));
#7861=CARTESIAN_POINT('',(0.0146,-0.0691454171275165,0.0005));
#7862=CARTESIAN_POINT('',(0.0146,-0.0691454171275165,0.003175));
#7863=CARTESIAN_POINT('',(0.0146,-0.0691454171275165,0.02289));
#7864=CARTESIAN_POINT('',(0.011,-0.0718454171275165,0.02289));
#7865=CARTESIAN_POINT('',(0.0132733641016836,-0.0701403940512538,0.02289));
#7866=CARTESIAN_POINT('',(0.0132733641016836,-0.0701403940512538,0.003175));
#7867=CARTESIAN_POINT('',(0.0132733641016836,-0.0701403940512538,0.0051230130292814));
#7868=CARTESIAN_POINT('',(0.0132733641016836,-0.0701403940512538,0.0051230130292814));
#7869=CARTESIAN_POINT('',(0.0132733641016836,-0.0701403940512538,0.00474894302003635));
#7870=CARTESIAN_POINT('',(0.0132135008160447,-0.0701852915154829,0.00438969614124009));
#7871=CARTESIAN_POINT('',(0.0131022375976994,-0.0702687389292419,0.00404317672802538));
#7872=CARTESIAN_POINT('',(0.0131022375976994,-0.0702687389292419,0.00404317672802537));
#7873=CARTESIAN_POINT('',(0.0131022375976994,-0.0702687389292419,0.00404317672802537));
#7874=CARTESIAN_POINT('',(0.0129978971206529,-0.0703469942870268,0.00373987040174432));
#7875=CARTESIAN_POINT('',(0.012840372262986,-0.070465137930277,0.00347255914992819));
#7876=CARTESIAN_POINT('',(0.0126751238153064,-0.0705890742660367,0.00321622283097132));
#7877=CARTESIAN_POINT('',(-0.015,-0.0688454171275165,0.00127));
#7878=CARTESIAN_POINT('',(-0.015,-0.0688454171275165,0.02289));
#7879=CARTESIAN_POINT('',(-0.0132733641016836,-0.0701403940512538,0.02289));
#7880=CARTESIAN_POINT('',(-0.0146,-0.0691454171275165,0.02289));
#7881=CARTESIAN_POINT('',(-0.0146,-0.0691454171275165,0.0005));
#7882=CARTESIAN_POINT('',(-0.0146,-0.0691454171275165,0.0005));
#7883=CARTESIAN_POINT('',(-0.011,-0.0718454171275165,0.0005));
#7884=CARTESIAN_POINT('',(-0.0114,-0.0715454171275165,0.0005));
#7885=CARTESIAN_POINT('',(-0.0114,-0.0715454171275165,0.00164823037387257));
#7886=CARTESIAN_POINT('',(-0.0114,-0.0715454171275165,0.00190833230316681));
#7887=CARTESIAN_POINT('',(-0.0072733641016836,-0.0746403940512538,0.005175));
#7888=CARTESIAN_POINT('',(-0.0126751238153019,-0.0705890742660401,0.00321622283097472));
#7889=CARTESIAN_POINT('',(-0.0126751238153019,-0.0705890742660401,0.00321622283097472));
#7890=CARTESIAN_POINT('',(-0.0128404134175316,-0.0704651070643678,0.00347262298960037));
#7891=CARTESIAN_POINT('',(-0.0129979124395889,-0.0703469827978248,0.00373991493221184));
#7892=CARTESIAN_POINT('',(-0.0131022375976994,-0.070268738929242,0.0040431767280253));
#7893=CARTESIAN_POINT('',(-0.0131022375976994,-0.0702687389292419,0.0040431767280253));
#7894=CARTESIAN_POINT('',(-0.0131022375976994,-0.0702687389292419,0.0040431767280253));
#7895=CARTESIAN_POINT('',(-0.0132135008160447,-0.0701852915154829,0.00438969614124004));
#7896=CARTESIAN_POINT('',(-0.0132733641016836,-0.0701403940512538,0.00474894302003633));
#7897=CARTESIAN_POINT('',(-0.0132733641016836,-0.0701403940512538,0.0051230130292814));
#7898=CARTESIAN_POINT('',(-0.0132733641016836,-0.0701403940512538,0.0051230130292814));
#7899=CARTESIAN_POINT('',(-0.0132733641016836,-0.0701403940512538,0.02339));
#7900=CARTESIAN_POINT('',(0.0111965817303174,-0.0716979808297784,0.00177026734763404));
#7901=CARTESIAN_POINT('',(0.0106814180842883,-0.0720843535643003,0.00301215790007915));
#7902=CARTESIAN_POINT('',(0.00969658173031743,-0.0713326548417092,0.00366178548783735));
#7903=CARTESIAN_POINT('',(0.0118136028273676,-0.0712352150069908,0.00217019545196645));
#7904=CARTESIAN_POINT('',(0.0112304166156264,-0.0716726046657731,0.00319421343155684));
#7905=CARTESIAN_POINT('',(0.010313602827366,-0.0711269811426895,0.00383953131198738));
#7906=CARTESIAN_POINT('',(0.0123201453291419,-0.0708553081306601,0.002665573915771));
#7907=CARTESIAN_POINT('',(0.011711493961261,-0.0713117966565806,0.00348844908887493));
#7908=CARTESIAN_POINT('',(0.0108201453291416,-0.0709581336421013,0.0040596995181202));
#7909=CARTESIAN_POINT('',(0.012675123815306,-0.070589074266037,0.00321622283097057));
#7910=CARTESIAN_POINT('',(0.0120470978909138,-0.0710600937093311,0.00384881650181728));
#7911=CARTESIAN_POINT('',(0.011175123815306,-0.0708398074800463,0.00430443236932025));
#7912=CARTESIAN_POINT('',(0.00970761025666184,-0.0713289786662611,0.00366497030227736));
#7913=CARTESIAN_POINT('',(0.0100929678822936,-0.0714775130568677,0.0035359726505518));
#7914=CARTESIAN_POINT('',(0.0108431384849557,-0.0716781640210145,0.00309847088428753));
#7915=CARTESIAN_POINT('',(0.011299799311691,-0.0716205676437482,0.00232301897521418));
#7916=CARTESIAN_POINT('',(0.0114,-0.0715454171275165,0.0019083323031668));
#7917=CARTESIAN_POINT('',(0.0111751238152981,-0.068589074266035,0.00321622283097473));
#7918=CARTESIAN_POINT('',(0.0117789337917604,-0.0706968191916703,0.00461170117796704));
#7919=CARTESIAN_POINT('',(0.0125246403823179,-0.0707019368407781,0.00435808803861136));
#7920=CARTESIAN_POINT('',(0.0131040886804342,-0.0702673506171909,0.00404857452022271));
#7921=CARTESIAN_POINT('',(0.0117518475207888,-0.0707140152413358,0.00454592315148791));
#7922=CARTESIAN_POINT('',(0.0124870139144643,-0.0707301566916623,0.0042541127431472));
#7923=CARTESIAN_POINT('',(0.0130525005305865,-0.0703060417295767,0.00389766902769901));
#7924=CARTESIAN_POINT('',(0.0116606684189594,-0.0707566464262067,0.00442239758291823));
#7925=CARTESIAN_POINT('',(0.0123828214006938,-0.0708083010769972,0.00405539039377698));
#7926=CARTESIAN_POINT('',(0.012924606629252,-0.0704019621555775,0.00360491541171585));
#7927=CARTESIAN_POINT('',(0.0114236156729794,-0.0708120248309276,0.00436189495252605));
#7928=CARTESIAN_POINT('',(0.0121984903085701,-0.0709465493960929,0.00391668990828458));
#7929=CARTESIAN_POINT('',(0.0127584724586613,-0.0705265627835206,0.003345514590746));
#7930=CARTESIAN_POINT('',(0.0111751238153078,-0.0708398074800479,0.00430443236931703));
#7931=CARTESIAN_POINT('',(0.0120470978909124,-0.0710600937093322,0.00384881650181204));
#7932=CARTESIAN_POINT('',(0.0126751238153013,-0.0705890742660405,0.00321622283096333));
#7933=CARTESIAN_POINT('',(0.0117713936121421,-0.0707014220404466,0.00459458983422736));
#7934=CARTESIAN_POINT('',(0.0122582387160772,-0.0707041943766214,0.00443251552984806));
#7935=CARTESIAN_POINT('',(0.0127279207819334,-0.0705494765410551,0.00423764901786047));
#7936=CARTESIAN_POINT('',(0.0131022375976664,-0.0702687389292667,0.00404317672804279));
#7937=CARTESIAN_POINT('',(0.0117733641016836,-0.0706403940512538,0.0051230130292814));
#7938=CARTESIAN_POINT('',(0.0126066974350169,-0.0706403940512538,0.0051230130292814));
#7939=CARTESIAN_POINT('',(0.0132733641016836,-0.0701403940512538,0.0051230130292814));
#7940=CARTESIAN_POINT('',(0.0117733640947787,-0.0706403940512538,0.00494987884216982));
#7941=CARTESIAN_POINT('',(0.0126066974283991,-0.0706403940562316,0.00485938277037243));
#7942=CARTESIAN_POINT('',(0.0132733640947772,-0.0701403940564336,0.00474626269217165));
#7943=CARTESIAN_POINT('',(0.0117126635434278,-0.0706608605038599,0.00478695855528412));
#7944=CARTESIAN_POINT('',(0.0125492423948263,-0.0706834853314637,0.00460746669926874));
#7945=CARTESIAN_POINT('',(0.0132126635434037,-0.0701859194699637,0.00438500390403651));
#7946=CARTESIAN_POINT('',(0.0116002314747564,-0.0706999538310848,0.0046255967973647));
#7947=CARTESIAN_POINT('',(0.0124441098660145,-0.0707623347280056,0.00436811318309451));
#7948=CARTESIAN_POINT('',(0.0131002314747564,-0.0702702435214491,0.00403694765632232));
#7949=CARTESIAN_POINT('',(0.0117733641016836,-0.0681403940512538,0.0051230130292814));
#7950=CARTESIAN_POINT('',(0.0117733641016836,-0.0681403940512538,0.02189));
#7951=CARTESIAN_POINT('',(0.0117733641016836,-0.0681403940512538,0.02289));
#7952=CARTESIAN_POINT('',(0.0117733641016835,-0.0706403940512538,0.02319));
#7953=CARTESIAN_POINT('',(0.0123587299553421,-0.0706403940512538,0.0239217073170732));
#7954=CARTESIAN_POINT('',(0.0127333641016835,-0.0699203940512538,0.02439));
#7955=CARTESIAN_POINT('',(0.0123096154616539,-0.0706403940512538,0.0231041997823438));
#7956=CARTESIAN_POINT('',(0.012725228415603,-0.0705222493655417,0.023557621737438));
#7957=CARTESIAN_POINT('',(0.0129950547653984,-0.0701263145734463,0.0239609989120228));
#7958=CARTESIAN_POINT('',(0.0128443630764863,-0.0704621448201518,0.0229972502562985));
#7959=CARTESIAN_POINT('',(0.0130159635542571,-0.0703334444253074,0.0232117506609974));
#7960=CARTESIAN_POINT('',(0.0131875638966457,-0.0702047442050322,0.0234262512814927));
#7961=CARTESIAN_POINT('',(0.0132733641016836,-0.0701403940512538,0.02289));
#7962=CARTESIAN_POINT('',(0.0132733641016836,-0.0701403940512538,0.02289));
#7963=CARTESIAN_POINT('',(0.0132733641016836,-0.0701403940512538,0.02289));
#7964=CARTESIAN_POINT('',(0.0117733641016836,-0.0686403940512538,0.02319));
#7965=CARTESIAN_POINT('',(0.0127333641016835,-0.0699203940512537,0.02439));
#7966=CARTESIAN_POINT('',(0.0117733641016836,-0.0681403940512538,0.02289));
#7967=CARTESIAN_POINT('',(0.0127333641016836,-0.0699203940512538,0.02439));
#7968=CARTESIAN_POINT('',(0.0123587299553421,-0.0706403940512538,0.0239217073170732));
#7969=CARTESIAN_POINT('',(0.0117733641016836,-0.0706403940512538,0.02319));
#7970=CARTESIAN_POINT('',(0.0123562637396522,-0.0696236593403401,0.0250081973145998));
#7971=CARTESIAN_POINT('',(0.0121101932414369,-0.0706403940512519,0.0244363831257992));
#7972=CARTESIAN_POINT('',(0.0116188147728375,-0.0706403940512538,0.0233136394628316));
#7973=CARTESIAN_POINT('',(0.0117351978288965,-0.0691349517382454,0.02539));
#7974=CARTESIAN_POINT('',(0.0116660407626095,-0.0706403940512548,0.0249498609171585));
#7975=CARTESIAN_POINT('',(0.0113642795636569,-0.0706403940512538,0.0233899999999334));
#7976=CARTESIAN_POINT('',(0.0111066974350169,-0.0686403940512538,0.02539));
#7977=CARTESIAN_POINT('',(0.0111066974350169,-0.0706403940512538,0.02539));
#7978=CARTESIAN_POINT('',(0.0111066974350169,-0.0706403940512538,0.02339));
#7979=CARTESIAN_POINT('',(0.0111066974350169,-0.0686403940512538,0.02289));
#7980=CARTESIAN_POINT('',(0.00455089107660611,-0.0735572488200619,0.02289));
#7981=CARTESIAN_POINT('',(0.014,-0.0664704171275165,0.02289));
#7982=CARTESIAN_POINT('',(-0.00969658173031743,-0.0713326548417092,0.00366178548783735));
#7983=CARTESIAN_POINT('',(-0.0106814180842883,-0.0720843535643003,0.00301215790007915));
#7984=CARTESIAN_POINT('',(-0.0111965817303174,-0.0716979808297784,0.00177026734763404));
#7985=CARTESIAN_POINT('',(-0.010313602827366,-0.0711269811426895,0.00383953131198738));
#7986=CARTESIAN_POINT('',(-0.0112304166156264,-0.0716726046657731,0.00319421343155684));
#7987=CARTESIAN_POINT('',(-0.0118136028273676,-0.0712352150069908,0.00217019545196645));
#7988=CARTESIAN_POINT('',(-0.0108201453291416,-0.0709581336421013,0.0040596995181202));
#7989=CARTESIAN_POINT('',(-0.011711493961261,-0.0713117966565806,0.00348844908887493));
#7990=CARTESIAN_POINT('',(-0.0123201453291419,-0.0708553081306601,0.002665573915771));
#7991=CARTESIAN_POINT('',(-0.011175123815306,-0.0708398074800463,0.00430443236932025));
#7992=CARTESIAN_POINT('',(-0.0120470978909138,-0.0710600937093311,0.00384881650181728));
#7993=CARTESIAN_POINT('',(-0.012675123815306,-0.070589074266037,0.00321622283097057));
#7994=CARTESIAN_POINT('',(-0.0114,-0.0715454171275165,0.00190833230316681));
#7995=CARTESIAN_POINT('',(-0.0112998104986815,-0.0716205592535053,0.00232297267717018));
#7996=CARTESIAN_POINT('',(-0.0108435425695099,-0.0716782193556969,0.00309809208955098));
#7997=CARTESIAN_POINT('',(-0.010092947686519,-0.0714775052724957,0.00353597941104472));
#7998=CARTESIAN_POINT('',(-0.00970761025666182,-0.071328978666261,0.00366497030227736));
#7999=CARTESIAN_POINT('',(-0.0111751238152981,-0.068589074266035,0.00321622283097473));
#8000=CARTESIAN_POINT('',(-0.0131040886804342,-0.0702673506171909,0.00404857452022265));
#8001=CARTESIAN_POINT('',(-0.0125246403823178,-0.0707019368407781,0.00435808803861132));
#8002=CARTESIAN_POINT('',(-0.0117789337917604,-0.0706968191916703,0.00461170117796702));
#8003=CARTESIAN_POINT('',(-0.0130525005305865,-0.0703060417295766,0.00389766902769925));
#8004=CARTESIAN_POINT('',(-0.0124870139144643,-0.0707301566916718,0.0042541127431479));
#8005=CARTESIAN_POINT('',(-0.0117518475207889,-0.0707140152413358,0.00454592315148809));
#8006=CARTESIAN_POINT('',(-0.0129246066292506,-0.0704019621555785,0.00360491541171591));
#8007=CARTESIAN_POINT('',(-0.0123828214006935,-0.0708083010769969,0.00405539039377732));
#8008=CARTESIAN_POINT('',(-0.0116606684189585,-0.070756646426207,0.00442239758291774));
#8009=CARTESIAN_POINT('',(-0.0127584724586638,-0.0705265627835186,0.00334551459074552));
#8010=CARTESIAN_POINT('',(-0.0121984903085705,-0.0709465493960838,0.00391668990828316));
#8011=CARTESIAN_POINT('',(-0.0114236156729811,-0.0708120248309273,0.0043618949525268));
#8012=CARTESIAN_POINT('',(-0.0126751238153013,-0.0705890742660405,0.00321622283096333));
#8013=CARTESIAN_POINT('',(-0.0120470978909124,-0.0710600937093322,0.00384881650181204));
#8014=CARTESIAN_POINT('',(-0.0111751238153078,-0.0708398074800479,0.00430443236931704));
#8015=CARTESIAN_POINT('',(-0.011771393612142,-0.0707014220404466,0.00459458983422704));
#8016=CARTESIAN_POINT('',(-0.0122582387158828,-0.0707041943766202,0.00443251552991264));
#8017=CARTESIAN_POINT('',(-0.0127279207818818,-0.0705494765409397,0.00423764901897926));
#8018=CARTESIAN_POINT('',(-0.0131022375972141,-0.0702687389296059,0.00404317672826717));
#8019=CARTESIAN_POINT('',(-0.0132733641016836,-0.0701403940512538,0.0051230130292814));
#8020=CARTESIAN_POINT('',(-0.0126066974350169,-0.0706403940512538,0.0051230130292814));
#8021=CARTESIAN_POINT('',(-0.0117733641016836,-0.0706403940512538,0.0051230130292814));
#8022=CARTESIAN_POINT('',(-0.0132733640947709,-0.0701403940564383,0.00474626269222672));
#8023=CARTESIAN_POINT('',(-0.0126066974283955,-0.0706403940562491,0.00485938277035644));
#8024=CARTESIAN_POINT('',(-0.0117733640947706,-0.0706403940512538,0.00494987884209836));
#8025=CARTESIAN_POINT('',(-0.0132126635434088,-0.0701859194699599,0.00438500390410765));
#8026=CARTESIAN_POINT('',(-0.0125492423948297,-0.0706834853314483,0.00460746669932076));
#8027=CARTESIAN_POINT('',(-0.011712663543424,-0.0706608605038479,0.00478695855533357));
#8028=CARTESIAN_POINT('',(-0.013100231474756,-0.0702702435214495,0.00403694765632082));
#8029=CARTESIAN_POINT('',(-0.0124441098660141,-0.070762334728006,0.00436811318309345));
#8030=CARTESIAN_POINT('',(-0.011600231474756,-0.0706999538310851,0.00462559679736396));
#8031=CARTESIAN_POINT('',(-0.0117733641016836,-0.0681403940512538,0.0051230130292814));
#8032=CARTESIAN_POINT('',(-0.0117733641016836,-0.0681403940512538,0.02189));
#8033=CARTESIAN_POINT('',(-0.0117733641016836,-0.0681403940512538,0.02289));
#8034=CARTESIAN_POINT('',(-0.0117733641016836,-0.0706403940512538,0.02319));
#8035=CARTESIAN_POINT('',(-0.0123587299553421,-0.0706403940512538,0.0239217073170732));
#8036=CARTESIAN_POINT('',(-0.0127333641016835,-0.0699203940512538,0.0243900000000001));
#8037=CARTESIAN_POINT('',(-0.0116188147728375,-0.0706403940512538,0.0233136394628316));
#8038=CARTESIAN_POINT('',(-0.0121101932414374,-0.0706403940512535,0.0244363831257992));
#8039=CARTESIAN_POINT('',(-0.0123562637396524,-0.0696236593403399,0.0250081973145997));
#8040=CARTESIAN_POINT('',(-0.0113642795636567,-0.0706403940512538,0.0233899999999334));
#8041=CARTESIAN_POINT('',(-0.0116660407626094,-0.0706403940512558,0.0249498609171599));
#8042=CARTESIAN_POINT('',(-0.0117351978288977,-0.0691349517382436,0.02539));
#8043=CARTESIAN_POINT('',(-0.0111066974350169,-0.0706403940512538,0.02339));
#8044=CARTESIAN_POINT('',(-0.0111066974350168,-0.0706403940512538,0.0253900000000001));
#8045=CARTESIAN_POINT('',(-0.0111066974350168,-0.0686403940512537,0.02539));
#8046=CARTESIAN_POINT('',(-0.0117733641016836,-0.0686403940512538,0.02319));
#8047=CARTESIAN_POINT('',(-0.0127333641016835,-0.0699203940512537,0.02439));
#8048=CARTESIAN_POINT('',(-0.0111066974350169,-0.0686403940512538,0.02289));
#8049=CARTESIAN_POINT('',(-0.0127333641016835,-0.0699203940512538,0.0243900000000001));
#8050=CARTESIAN_POINT('',(-0.0123587299553421,-0.0706403940512538,0.0239217073170732));
#8051=CARTESIAN_POINT('',(-0.0117733641016835,-0.0706403940512538,0.02319));
#8052=CARTESIAN_POINT('',(-0.0129950547653978,-0.0701263145734465,0.0239609989120231));
#8053=CARTESIAN_POINT('',(-0.0127252284156029,-0.0705222493655391,0.0235576217374385));
#8054=CARTESIAN_POINT('',(-0.0123096154616539,-0.0706403940512538,0.0231041997823438));
#8055=CARTESIAN_POINT('',(-0.0131875638966456,-0.0702047442050322,0.0234262512814941));
#8056=CARTESIAN_POINT('',(-0.0130159635541396,-0.0703334444255153,0.0232117506607777));
#8057=CARTESIAN_POINT('',(-0.0128443630764865,-0.0704621448201516,0.0229972502562988));
#8058=CARTESIAN_POINT('',(-0.0132733641016836,-0.0701403940512538,0.02289));
#8059=CARTESIAN_POINT('',(-0.0132733641016836,-0.0701403940512538,0.02289));
#8060=CARTESIAN_POINT('',(-0.0132733641016836,-0.0701403940512538,0.02289));
#8061=CARTESIAN_POINT('',(-0.0117733641016836,-0.0681403940512538,0.02289));
#8062=CARTESIAN_POINT('',(-0.0135,-0.0668454171275165,0.02289));
#8063=CARTESIAN_POINT('',(-0.014,-0.0664704171275165,0.02289));
#8064=CARTESIAN_POINT('',(0.007375,-0.0658383940512538,0.00804));
#8065=CARTESIAN_POINT('',(0.014,-0.0658383940512538,0.00804));
#8066=CARTESIAN_POINT('',(0.0131,-0.0658383940512538,0.00804));
#8067=CARTESIAN_POINT('',(0.0131,-0.0658383940512538,0.00594));
#8068=CARTESIAN_POINT('',(0.011,-0.0658383940512538,0.00594));
#8069=CARTESIAN_POINT('',(0.0119,-0.0662556038306214,0.00254));
#8070=CARTESIAN_POINT('',(0.0123608870967742,-0.0664692556127976,0.00254));
#8071=CARTESIAN_POINT('',(0.0123608870967742,-0.0664692556127976,0.003048));
#8072=CARTESIAN_POINT('',(0.0121039639293003,-0.0661881388550999,0.00254));
#8073=CARTESIAN_POINT('',(0.0124283227564916,-0.0663237829118478,0.00267574259896826));
#8074=CARTESIAN_POINT('',(0.0124081771557047,-0.0663672420571662,0.00304800035647592));
#8075=CARTESIAN_POINT('',(0.0124029431234509,-0.0660496874862565,0.00272164916942514));
#8076=CARTESIAN_POINT('',(0.0124832891692349,-0.0661168831347009,0.0028878958789751));
#8077=CARTESIAN_POINT('',(0.012477496876042,-0.0661578901646172,0.00307585269441398));
#8078=CARTESIAN_POINT('',(0.0125,-0.0659086402108222,0.00300049027313696));
#8079=CARTESIAN_POINT('',(0.0125000000011683,-0.0659266267697412,0.00305954949411684));
#8080=CARTESIAN_POINT('',(0.0125,-0.065944613042536,0.00311860850853417));
#8081=CARTESIAN_POINT('',(0.0125,-0.0658383940512538,0.00314));
#8082=CARTESIAN_POINT('',(0.0125,-0.0658383940512538,0.00314));
#8083=CARTESIAN_POINT('',(0.0125,-0.0658383940512538,0.00314));
#8084=CARTESIAN_POINT('',(0.0123608870967742,-0.0664692556127976,0.003048));
#8085=CARTESIAN_POINT('',(0.0124536976069196,-0.0662690458783626,0.003048));
#8086=CARTESIAN_POINT('',(0.0125,-0.0660530080604878,0.00309677819281045));
#8087=CARTESIAN_POINT('',(0.0125,-0.0658383940512538,0.00314));
#8088=CARTESIAN_POINT('',(0.0123608870967742,-0.0664692556127976,0.003048));
#8089=CARTESIAN_POINT('',(0.0119,-0.0662556038306214,0.003048));
#8090=CARTESIAN_POINT('',(0.011,-0.0658383940512538,0.02189));
#8091=CARTESIAN_POINT('',(0.011,-0.0658383940512538,0.003048));
#8092=CARTESIAN_POINT('',(0.011,-0.0658383940512538,0.003048));
#8093=CARTESIAN_POINT('',(-3.46944695195361E-18,-0.0658383940512538,0.00804));
#8094=CARTESIAN_POINT('',(-0.014,-0.0658383940512538,0.00804));
#8095=CARTESIAN_POINT('',(-0.0131,-0.0658383940512538,0.00804));
#8096=CARTESIAN_POINT('',(-0.0131,-0.0658383940512538,0.00594));
#8097=CARTESIAN_POINT('',(-0.011,-0.0658383940512538,0.00594));
#8098=CARTESIAN_POINT('',(-0.011,-0.0658383940512538,0.02189));
#8099=CARTESIAN_POINT('',(-0.0123608870967742,-0.0664692556127976,0.003048));
#8100=CARTESIAN_POINT('',(-0.0124536976069196,-0.0662690458783626,0.003048));
#8101=CARTESIAN_POINT('',(-0.0125,-0.0660530080604878,0.00309677819281072));
#8102=CARTESIAN_POINT('',(-0.0125,-0.0658383940512538,0.00314));
#8103=CARTESIAN_POINT('',(-0.0123608870967742,-0.0664692556127976,0.003048));
#8104=CARTESIAN_POINT('',(-0.011,-0.0658383940512538,0.003048));
#8105=CARTESIAN_POINT('',(-0.0123608870967742,-0.0664692556127976,0.003048));
#8106=CARTESIAN_POINT('',(-0.0123608870967742,-0.0664692556127976,0.00253999999999999));
#8107=CARTESIAN_POINT('',(-0.0119,-0.0662556038306214,0.00254));
#8108=CARTESIAN_POINT('',(-0.0124081771557047,-0.0663672420571662,0.00304800035647592));
#8109=CARTESIAN_POINT('',(-0.0124283227564918,-0.0663237829118462,0.00267574259896827));
#8110=CARTESIAN_POINT('',(-0.0121039639293003,-0.0661881388550999,0.00254));
#8111=CARTESIAN_POINT('',(-0.012477496876042,-0.0661578901646149,0.00307585269441416));
#8112=CARTESIAN_POINT('',(-0.0124832891696788,-0.0661168831346997,0.00288789587899598));
#8113=CARTESIAN_POINT('',(-0.0124029431234509,-0.066049687486256,0.00272164916947038));
#8114=CARTESIAN_POINT('',(-0.0125,-0.0659446130425406,0.00311860850853379));
#8115=CARTESIAN_POINT('',(-0.0125000000003198,-0.0659266267697449,0.00305954949407695));
#8116=CARTESIAN_POINT('',(-0.0125,-0.0659086402108233,0.00300049027304644));
#8117=CARTESIAN_POINT('',(-0.0125,-0.0658383940512538,0.00314));
#8118=CARTESIAN_POINT('',(-0.0125,-0.0658383940512538,0.00314));
#8119=CARTESIAN_POINT('',(-0.0125,-0.0658383940512538,0.00314));
#8120=CARTESIAN_POINT('',(-0.0119,-0.0662556038306214,0.003048));
#8121=CARTESIAN_POINT('',(-0.011,-0.0658383940512538,0.003048));
#8122=CARTESIAN_POINT('',(0.038145800221208,-0.0508610669616104,0.));
#8123=CARTESIAN_POINT('',(0.0105,-0.0703454171275165,-0.000999999999999964));
#8124=CARTESIAN_POINT('',(0.0109743416490252,-0.0717684420745923,0.000423024947075775));
#8125=CARTESIAN_POINT('',(0.00903646051176257,-0.065954798662804,-0.0053906184647123));
#8126=CARTESIAN_POINT('',(0.014,-0.0683454171275165,-0.000499999999999981));
#8127=CARTESIAN_POINT('',(1.21430643318376E-17,-0.0713454171275165,0.));
#8128=CARTESIAN_POINT('',(0.0105,-0.0703454171275165,-0.000999999999999958));
#8129=CARTESIAN_POINT('',(-0.0105,-0.0703454171275165,-0.000999999999999958));
#8130=CARTESIAN_POINT('',(-0.0109743416490253,-0.0717684420745923,0.000423024947075772));
#8131=CARTESIAN_POINT('',(-0.0102631578947368,-0.0696348908117269,-0.00171052631578956));
#8132=CARTESIAN_POINT('',(-0.038145800221208,-0.0508610669616104,0.));
#8133=CARTESIAN_POINT('',(-0.014,-0.0683454171275165,-0.000499999999999964));
#8134=CARTESIAN_POINT('',(-0.0105,-0.0703454171275165,-0.000999999999999938));
#8135=CARTESIAN_POINT('',(-3.46944695195361E-18,-0.0703454171275165,0.00253244802898538));
#8136=CARTESIAN_POINT('',(0.00970761025666183,-0.0703454171275165,0.00253244802898538));
#8137=CARTESIAN_POINT('',(0.00513713488559473,-0.0713289786662611,0.00366497030227737));
#8138=CARTESIAN_POINT('',(0.00502662473373638,-0.0714102704468989,0.00359437083528502));
#8139=CARTESIAN_POINT('',(0.00491146899747227,-0.0714816886048922,0.00351764396109286));
#8140=CARTESIAN_POINT('',(0.00480147731497504,-0.0715465459770543,0.00343094092645755));
#8141=CARTESIAN_POINT('',(0.00480147731497503,-0.0715465459770543,0.00343094092645753));
#8142=CARTESIAN_POINT('',(0.00480147731497501,-0.0715465459770543,0.00343094092645754));
#8143=CARTESIAN_POINT('',(0.0046814666355378,-0.0716173111214981,0.00333634022702826));
#8144=CARTESIAN_POINT('',(0.00458488669246363,-0.071689516409388,0.00321593959629112));
#8145=CARTESIAN_POINT('',(0.00452134137919607,-0.0717449770055363,0.00307210731764569));
#8146=CARTESIAN_POINT('',(0.00452134137919931,-0.0717449770055367,0.00307210731764456));
#8147=CARTESIAN_POINT('',(0.00452134137919357,-0.071744977005536,0.0030721073176464));
#8148=CARTESIAN_POINT('',(0.00438203245032739,-0.0718665619949867,0.00275678712103342));
#8149=CARTESIAN_POINT('',(0.00400446770741659,-0.0718453981166406,0.00254000000000001));
#8150=CARTESIAN_POINT('',(0.00363514834619171,-0.0718453981166406,0.00254));
#8151=CARTESIAN_POINT('',(-0.00363514834619187,-0.0718453981166406,0.00254));
#8152=CARTESIAN_POINT('',(-0.00400549204836317,-0.0718453981166406,0.00254000000000007));
#8153=CARTESIAN_POINT('',(-0.00438201159720275,-0.0718665801950297,0.00275673992079543));
#8154=CARTESIAN_POINT('',(-0.00452134137920204,-0.0717449770055326,0.00307210731765519));
#8155=CARTESIAN_POINT('',(-0.00452134137920371,-0.0717449770055328,0.00307210731765453));
#8156=CARTESIAN_POINT('',(-0.00480147731497728,-0.071546545977053,0.00343094092645933));
#8157=CARTESIAN_POINT('',(-0.00468146663554181,-0.0716173111214955,0.00333634022703207));
#8158=CARTESIAN_POINT('',(-0.00458488669246944,-0.0716895164093843,0.00321593959629774));
#8159=CARTESIAN_POINT('',(-0.00452134137920234,-0.0717449770055326,0.00307210731765503));
#8160=CARTESIAN_POINT('',(-0.0048014773149773,-0.071546545977053,0.00343094092645932));
#8161=CARTESIAN_POINT('',(-0.00513713488559496,-0.0713289786662592,0.00366497030227899));
#8162=CARTESIAN_POINT('',(-0.00502662473377065,-0.0714102704469218,0.00359437083526279));
#8163=CARTESIAN_POINT('',(-0.00491146899747433,-0.071481688604891,0.00351764396109427));
#8164=CARTESIAN_POINT('',(-0.0048014773149773,-0.071546545977053,0.00343094092645932));
#8165=CARTESIAN_POINT('',(-0.00970761025666182,-0.0703454171275165,0.00253244802898538));
#8166=CARTESIAN_POINT('',(-0.0105,-0.0718454171275165,0.00190833230316681));
#8167=CARTESIAN_POINT('',(-0.011,-0.0718454171275165,0.00190833230316682));
#8168=CARTESIAN_POINT('',(-0.0114,-0.0715454171275165,0.00190833230316683));
#8169=CARTESIAN_POINT('',(-0.0105000000435565,-0.0718454171275165,0.00200435377360007));
#8170=CARTESIAN_POINT('',(-0.0109658567947605,-0.0718454171275169,0.00206376028707595));
#8171=CARTESIAN_POINT('',(-0.0113504956762431,-0.0715825453703342,0.00211320907802661));
#8172=CARTESIAN_POINT('',(-0.0104656328087599,-0.0718454171275165,0.0021972882058914));
#8173=CARTESIAN_POINT('',(-0.0108526165287443,-0.0718454171275164,0.00238019256981535));
#8174=CARTESIAN_POINT('',(-0.0111866673460806,-0.0716409781687946,0.00253835397912742));
#8175=CARTESIAN_POINT('',(-0.0101989292319599,-0.0718454171275165,0.00249162743192681));
#8176=CARTESIAN_POINT('',(-0.0103908125041976,-0.0718454171275166,0.00292967825247476));
#8177=CARTESIAN_POINT('',(-0.0105546769043632,-0.0716149017504367,0.00330039096756588));
#8178=CARTESIAN_POINT('',(-0.00989868656885165,-0.0718454171275165,0.00253244808218097));
#8179=CARTESIAN_POINT('',(-0.00996749036263028,-0.0718454171275167,0.00312149487538367));
#8180=CARTESIAN_POINT('',(-0.0100231410513367,-0.0714505985960307,0.0035593470504551));
#8181=CARTESIAN_POINT('',(-0.00970761025666182,-0.0718454171275165,0.00253244802898538));
#8182=CARTESIAN_POINT('',(-0.0097076102566618,-0.0718454171275165,0.00321645902828468));
#8183=CARTESIAN_POINT('',(-0.00970761025666179,-0.0713289786662611,0.00366497030227736));
#8184=CARTESIAN_POINT('',(-0.0105,-0.0703454171275165,0.00190833230316681));
#8185=CARTESIAN_POINT('',(-0.0105,-0.0703454171275165,0.003175));
#8186=CARTESIAN_POINT('',(-0.00357112381529809,-0.0993423940512538,0.00354));
#8187=CARTESIAN_POINT('',(-0.00457112381529809,-0.07061881669681,0.00354));
#8188=CARTESIAN_POINT('',(-0.00457112381529809,-0.0708300423077265,0.00337677029368986));
#8189=CARTESIAN_POINT('',(-0.00453487270312595,-0.0710676712744416,0.00325544288209386));
#8190=CARTESIAN_POINT('',(-0.00449765917917358,-0.0713152020163342,0.00316379231867424));
#8191=CARTESIAN_POINT('',(-0.0044976591791734,-0.0713152020163342,0.00316379231867431));
#8192=CARTESIAN_POINT('',(-0.00357112381529809,-0.0713152020163342,0.00354));
#8193=CARTESIAN_POINT('',(-0.00452267189605912,-0.0679383940512538,0.0032325));
#8194=CARTESIAN_POINT('',(-0.00447764348002934,-0.0679383940512538,0.00309316112893382));
#8195=CARTESIAN_POINT('',(-0.00433279299016859,-0.0678070964471467,0.00286004493206743));
#8196=CARTESIAN_POINT('',(-0.00400288668758879,-0.0674067573047649,0.00260283185972815));
#8197=CARTESIAN_POINT('',(-0.00374395312539496,-0.0670605100825912,0.00254));
#8198=CARTESIAN_POINT('',(-0.00357112381529809,-0.0668303940512538,0.00254));
#8199=CARTESIAN_POINT('',(-0.00452267189605912,-0.0679383940512538,0.0032325));
#8200=CARTESIAN_POINT('',(-0.00357112381529809,-0.0679383940512538,0.00354));
#8201=CARTESIAN_POINT('',(-0.00452217822907018,-0.0717759218833972,0.00305776887970432));
#8202=CARTESIAN_POINT('',(-0.00424877961027024,-0.0718564564695129,0.00254));
#8203=CARTESIAN_POINT('',(-0.00368183441056538,-0.0720234605941459,0.00254));
#8204=CARTESIAN_POINT('',(-0.004529124267623,-0.0715937124380082,0.00316340484604124));
#8205=CARTESIAN_POINT('',(-0.00427258982111721,-0.0716398485304942,0.00253999999999997));
#8206=CARTESIAN_POINT('',(-0.00361456030071709,-0.0717950786338185,0.00254));
#8207=CARTESIAN_POINT('',(-0.00454295477391842,-0.071433016301789,0.00328015979969526));
#8208=CARTESIAN_POINT('',(-0.00433825774486761,-0.0714434076598043,0.0025399999999999));
#8209=CARTESIAN_POINT('',(-0.00357112384324487,-0.0715555607376529,0.00254));
#8210=CARTESIAN_POINT('',(-0.00455955222776822,-0.0713152020163388,0.00338831192063387));
#8211=CARTESIAN_POINT('',(-0.00442936697173863,-0.0713152020163382,0.00254));
#8212=CARTESIAN_POINT('',(-0.00357112381529809,-0.0713152020163342,0.00254));
#8213=CARTESIAN_POINT('',(-0.00449765917917271,-0.0713152020163342,0.00316379231867261));
#8214=CARTESIAN_POINT('',(-0.00448761494127778,-0.0714606913522259,0.00313905507359883));
#8215=CARTESIAN_POINT('',(-0.00449820222318668,-0.0716025389031293,0.0031025760134703));
#8216=CARTESIAN_POINT('',(-0.00452134137920402,-0.0717449770055329,0.00307210731765505));
#8217=CARTESIAN_POINT('',(0.00357112381529809,-1.59061425488295E-19,0.00354));
#8218=CARTESIAN_POINT('',(0.00357112381529809,-0.0713152020163342,0.00354));
#8219=CARTESIAN_POINT('',(0.00449765917917194,-0.0713152020163342,0.00316379231867071));
#8220=CARTESIAN_POINT('',(0.00449765917917194,-0.0713152020163342,0.00316379231867071));
#8221=CARTESIAN_POINT('',(0.00453487270312473,-0.0710676712744409,0.00325544288209036));
#8222=CARTESIAN_POINT('',(0.00457112381529809,-0.0708300423077269,0.00337677029368956));
#8223=CARTESIAN_POINT('',(0.00457112381529809,-0.07061881669681,0.00354));
#8224=CARTESIAN_POINT('',(0.00357112381529809,-0.0679383940512538,0.00354));
#8225=CARTESIAN_POINT('',(0.00452267189605912,-0.0679383940512538,0.0032325));
#8226=CARTESIAN_POINT('',(0.00452267189605912,-0.0679383940512538,0.0032325));
#8227=CARTESIAN_POINT('',(0.00447764348002934,-0.0679383940512538,0.00309316112893382));
#8228=CARTESIAN_POINT('',(0.00433279299016859,-0.0678070964471467,0.00286004493206743));
#8229=CARTESIAN_POINT('',(0.00400288668758879,-0.0674067573047649,0.00260283185972815));
#8230=CARTESIAN_POINT('',(0.00374395312539496,-0.0670605100825912,0.00254));
#8231=CARTESIAN_POINT('',(0.00357112381529809,-0.0668303940512538,0.00254));
#8232=CARTESIAN_POINT('',(0.00368131446526971,-0.0720216935708157,0.00254));
#8233=CARTESIAN_POINT('',(0.00424895449992355,-0.071854847060651,0.00254));
#8234=CARTESIAN_POINT('',(0.00452222967166929,-0.0717745232534194,0.00305857664177548));
#8235=CARTESIAN_POINT('',(0.00361431518771099,-0.0717937507304863,0.00254));
#8236=CARTESIAN_POINT('',(0.00427290360203404,-0.0716387755925629,0.00253999999999977));
#8237=CARTESIAN_POINT('',(0.00452919309274851,-0.0715927966287291,0.00316404113995431));
#8238=CARTESIAN_POINT('',(0.00357112384610423,-0.0715541143395554,0.00254));
#8239=CARTESIAN_POINT('',(0.00433877507080124,-0.0714426743880851,0.00253999999999993));
#8240=CARTESIAN_POINT('',(0.00454305240840963,-0.0714323132919602,0.00328080009128124));
#8241=CARTESIAN_POINT('',(0.00357112381529809,-0.0713152020163283,0.00254));
#8242=CARTESIAN_POINT('',(0.00442936202093692,-0.0713152020163349,0.00254));
#8243=CARTESIAN_POINT('',(0.00455955136285808,-0.0713152020163359,0.00338830628482187));
#8244=CARTESIAN_POINT('',(0.00452134137919931,-0.0717449770055367,0.00307210731764456));
#8245=CARTESIAN_POINT('',(0.00449820222318184,-0.0716025389031311,0.00310257601346003));
#8246=CARTESIAN_POINT('',(0.00448761494127824,-0.0714606913522277,0.00313905507359908));
#8247=CARTESIAN_POINT('',(0.00449765917917271,-0.0713152020163341,0.00316379231867262));
#8248=CARTESIAN_POINT('',(-0.00884156190764904,-0.0658383940512538,0.0255113203435597));
#8249=CARTESIAN_POINT('',(-0.00884156190764904,-0.0646630590696304,0.0245793398282202));
#8250=CARTESIAN_POINT('',(-0.014,-0.0646630590696304,0.0245793398282202));
#8251=CARTESIAN_POINT('',(-0.0066,-0.0646630590696304,0.0245793398282202));
#8252=CARTESIAN_POINT('',(-0.0066,-0.0658383940512538,0.0255113203435597));
#8253=CARTESIAN_POINT('',(-0.014,-0.0658383940512538,0.0255113203435597));
#8254=CARTESIAN_POINT('',(0.00884156190764904,-0.0658383940512538,0.0255113203435597));
#8255=CARTESIAN_POINT('',(0.0066,-0.0658383940512538,0.0255113203435597));
#8256=CARTESIAN_POINT('',(0.0066,-0.0646630590696304,0.0245793398282202));
#8257=CARTESIAN_POINT('',(0.00884156190764904,-0.0646630590696304,0.0245793398282202));
#8258=CARTESIAN_POINT('',(0.014,-0.0646630590696304,0.0245793398282202));
#8259=CARTESIAN_POINT('',(0.014,-0.0658383940512538,0.0255113203435597));
#8260=CARTESIAN_POINT('',(-0.00884156190764904,-0.0650548373968382,0.02489));
#8261=CARTESIAN_POINT('',(-0.0066,-0.0650548373968382,0.02489));
#8262=CARTESIAN_POINT('',(-0.014,-0.0650548373968382,0.02489));
#8263=CARTESIAN_POINT('',(0.00884156190764904,-0.0650548373968382,0.02489));
#8264=CARTESIAN_POINT('',(0.0066,-0.0650548373968382,0.02489));
#8265=CARTESIAN_POINT('',(0.014,-0.0650548373968382,0.02489));
#8266=CARTESIAN_POINT('',(0.014,-0.0683454171275165,0.00127));
#8267=CARTESIAN_POINT('',(0.014,-0.0683454171275165,0.02289));
#8268=CARTESIAN_POINT('',(0.014,-0.0664704171275165,0.02539));
#8269=CARTESIAN_POINT('',(0.015,-0.0664704171275165,0.02539));
#8270=CARTESIAN_POINT('',(0.015,-0.0664704171275165,0.02439));
#8271=CARTESIAN_POINT('',(0.0141570796475748,-0.0671707305562741,0.02539));
#8272=CARTESIAN_POINT('',(0.0149999999999982,-0.0671197333707703,0.0252443589942741));
#8273=CARTESIAN_POINT('',(0.015,-0.0669612910261851,0.0243899999999838));
#8274=CARTESIAN_POINT('',(0.0144699883136272,-0.0685657816924927,0.0248482846227033));
#8275=CARTESIAN_POINT('',(0.0150000000000014,-0.068330563854866,0.0246142306650672));
#8276=CARTESIAN_POINT('',(0.015,-0.0679391306076536,0.0240649707736299));
#8277=CARTESIAN_POINT('',(0.0146000000000185,-0.0691454171275026,0.0235444985664588));
#8278=CARTESIAN_POINT('',(0.0149999999999989,-0.0688454171274308,0.0234463238005846));
#8279=CARTESIAN_POINT('',(0.015,-0.0683454171274729,0.0232826991398757));
#8280=CARTESIAN_POINT('',(0.0146,-0.0691454171275165,0.02289));
#8281=CARTESIAN_POINT('',(0.015,-0.0688454171275165,0.02289));
#8282=CARTESIAN_POINT('',(0.015,-0.0683454171275165,0.02289));
#8283=CARTESIAN_POINT('',(0.014,-0.0664704171275165,0.02439));
#8284=CARTESIAN_POINT('',(0.014,-0.0674893940512538,0.02439));
#8285=CARTESIAN_POINT('',(0.0144369311833802,-0.065166821176,0.0252894949366117));
#8286=CARTESIAN_POINT('',(0.0143116704807885,-0.0650933740424537,0.0253503405342762));
#8287=CARTESIAN_POINT('',(0.0141575121723474,-0.0650548373968382,0.02539));
#8288=CARTESIAN_POINT('',(0.014,-0.0650548373968382,0.02539));
#8289=CARTESIAN_POINT('',(0.0144369311833802,-0.065166821176,0.0252894949366117));
#8290=CARTESIAN_POINT('',(0.014,-0.0662526076136269,0.02439));
#8291=CARTESIAN_POINT('',(0.0144369311833802,-0.0648488016913395,0.0245217279836453));
#8292=CARTESIAN_POINT('',(0.0149245656160684,-0.0646528876907898,0.0250526256880376));
#8293=CARTESIAN_POINT('',(0.0144369311833802,-0.065166821176,0.0252894949366117));
#8294=CARTESIAN_POINT('',(0.0143831436892121,-0.0647974650479497,0.024536114951604));
#8295=CARTESIAN_POINT('',(0.0148783433459119,-0.0645325362526795,0.0251129946639883));
#8296=CARTESIAN_POINT('',(0.0143831436612239,-0.0651352825497831,0.0253156223162669));
#8297=CARTESIAN_POINT('',(0.0142566766693139,-0.0647049630753034,0.0245647959458651));
#8298=CARTESIAN_POINT('',(0.014727702024024,-0.0642404681510057,0.0252676863684908));
#8299=CARTESIAN_POINT('',(0.0142566766833107,-0.0650795397577986,0.0253657344867087));
#8300=CARTESIAN_POINT('',(0.0140874557817567,-0.0646630591772745,0.0245793396924686));
#8301=CARTESIAN_POINT('',(0.0142746794358422,-0.064020248118375,0.0253899993935341));
#8302=CARTESIAN_POINT('',(0.0140874557817567,-0.0650548375118884,0.02539));
#8303=CARTESIAN_POINT('',(0.014,-0.0646630590696304,0.0245793398282202));
#8304=CARTESIAN_POINT('',(0.014,-0.0640202470233004,0.02539));
#8305=CARTESIAN_POINT('',(0.014,-0.0650548373968382,0.02539));
#8306=CARTESIAN_POINT('',(0.0142184655916901,-0.065166821176,0.0248397474683059));
#8307=CARTESIAN_POINT('',(0.0144369311833802,-0.0648488016913395,0.0245217279836453));
#8308=CARTESIAN_POINT('',(0.014,-0.0646630590696304,0.0245793398282202));
#8309=CARTESIAN_POINT('',(0.0141648039224365,-0.0646630590696304,0.0245793398282202));
#8310=CARTESIAN_POINT('',(0.0143201870924599,-0.0647373774105504,0.0245529541378119));
#8311=CARTESIAN_POINT('',(0.0144369311833802,-0.0648488016913395,0.0245217279836453));
#8312=CARTESIAN_POINT('',(0.0144369311833802,-0.065166821176,0.0252894949366117));
#8313=CARTESIAN_POINT('',(0.0149245656160684,-0.0646528876907898,0.0250526256880376));
#8314=CARTESIAN_POINT('',(0.0144369311833802,-0.0648488016913395,0.0245217279836453));
#8315=CARTESIAN_POINT('',(0.0145207800706527,-0.0652159863195917,0.0252487651981218));
#8316=CARTESIAN_POINT('',(0.0149560762141347,-0.0648130257328193,0.024986294339176));
#8317=CARTESIAN_POINT('',(0.014520780070652,-0.0649123669720528,0.0245157632514957));
#8318=CARTESIAN_POINT('',(0.0146769585820637,-0.065342815646867,0.0251436963431158));
#8319=CARTESIAN_POINT('',(0.0149667780852056,-0.065084944335608,0.024873661966041));
#8320=CARTESIAN_POINT('',(0.0146769585820641,-0.0650763437492895,0.0245003762739924));
#8321=CARTESIAN_POINT('',(0.014919547144325,-0.0656906127331363,0.0248555718029812));
#8322=CARTESIAN_POINT('',(0.0149847991644524,-0.0655702600326394,0.0246726376222967));
#8323=CARTESIAN_POINT('',(0.0149195471443248,-0.0655260082436224,0.0244581814119692));
#8324=CARTESIAN_POINT('',(0.015,-0.0660275601738071,0.0245764354035026));
#8325=CARTESIAN_POINT('',(0.0149998782052619,-0.0659946026761972,0.0244968691442451));
#8326=CARTESIAN_POINT('',(0.015,-0.0659616453047722,0.0244173028327177));
#8327=CARTESIAN_POINT('',(0.015,-0.0662526076136269,0.02439));
#8328=CARTESIAN_POINT('',(0.015,-0.0662526076136269,0.02439));
#8329=CARTESIAN_POINT('',(0.015,-0.0662526076136269,0.02439));
#8330=CARTESIAN_POINT('',(0.014,-0.0662526076136269,0.02439));
#8331=CARTESIAN_POINT('',(0.014,-0.0658383940512538,0.0255113203435597));
#8332=CARTESIAN_POINT('',(0.014,-0.0654848406606605,0.0251577669529663));
#8333=CARTESIAN_POINT('',(0.014,-0.0419763038068134,0.0486663038068134));
#8334=CARTESIAN_POINT('',(0.014,-0.0674597143948134,0.0231828932188134));
#8335=CARTESIAN_POINT('',(0.014,-0.0653383940512538,0.0210615728752538));
#8336=CARTESIAN_POINT('',(0.014,-0.0683383940512538,0.0210615728752538));
#8337=CARTESIAN_POINT('',(0.014,-0.0683383940512538,0.02189));
#8338=CARTESIAN_POINT('',(0.014,-0.0683383940512538,0.00804));
#8339=CARTESIAN_POINT('',(0.014,-0.0658383940512538,0.00804));
#8340=CARTESIAN_POINT('',(0.014,-0.0658383940512538,0.00554));
#8341=CARTESIAN_POINT('',(0.014,-0.0613685771021843,0.00554));
#8342=CARTESIAN_POINT('',(0.014,-0.0366525305106044,0.00554));
#8343=CARTESIAN_POINT('',(0.014,-0.0366525305106044,0.01254));
#8344=CARTESIAN_POINT('',(0.014,-0.0296525305106044,0.01254));
#8345=CARTESIAN_POINT('',(0.014,-0.0296525305106044,0.00127));
#8346=CARTESIAN_POINT('',(0.014,-0.0296525305106044,0.02339));
#8347=CARTESIAN_POINT('',(0.014,-0.0286525305106044,0.02339));
#8348=CARTESIAN_POINT('',(0.014,-0.0286525305106044,0.02439));
#8349=CARTESIAN_POINT('',(0.014,-0.0674893940512538,0.02439));
#8350=CARTESIAN_POINT('',(0.014,-0.0176525305106044,0.02439));
#8351=CARTESIAN_POINT('',(0.014,-0.0176525305106044,0.02339));
#8352=CARTESIAN_POINT('',(0.014,-0.0166525305106044,0.02339));
#8353=CARTESIAN_POINT('',(0.014,-0.0166525305106044,0.025392));
#8354=CARTESIAN_POINT('',(0.014,-0.0166525305106044,0.01254));
#8355=CARTESIAN_POINT('',(0.014,-0.00965253051060438,0.01254));
#8356=CARTESIAN_POINT('',(0.014,-0.00965253051060438,0.00554));
#8357=CARTESIAN_POINT('',(0.014,-0.0613685771021843,0.00554));
#8358=CARTESIAN_POINT('',(0.014,-0.00563781188484296,0.00554));
#8359=CARTESIAN_POINT('',(0.014,-0.00563781188484296,0.00054));
#8360=CARTESIAN_POINT('',(0.014,-0.00210227797891023,0.00407553390593274));
#8361=CARTESIAN_POINT('',(0.014,-0.00385963729179094,0.00583289321881345));
#8362=CARTESIAN_POINT('',(-0.014,0.00306162796351125,-0.00108837203648873));
#8363=CARTESIAN_POINT('',(-0.014,-0.00210227797891022,0.00407553390593274));
#8364=CARTESIAN_POINT('',(-0.014,-0.00563781188484295,0.00054));
#8365=CARTESIAN_POINT('',(-0.014,-0.00563781188484295,0.00554));
#8366=CARTESIAN_POINT('',(-0.014,0.00542,0.00554));
#8367=CARTESIAN_POINT('',(-0.014,-0.00965253051060438,0.00554));
#8368=CARTESIAN_POINT('',(-0.014,-0.00965253051060438,0.01254));
#8369=CARTESIAN_POINT('',(-0.014,-0.0166525305106044,0.01254));
#8370=CARTESIAN_POINT('',(-0.014,-0.0166525305106044,0.00127));
#8371=CARTESIAN_POINT('',(-0.014,-0.0166525305106044,0.02339));
#8372=CARTESIAN_POINT('',(-0.014,-0.0176525305106044,0.02339));
#8373=CARTESIAN_POINT('',(-0.014,-0.0176525305106044,0.02439));
#8374=CARTESIAN_POINT('',(-0.014,0.00542,0.02439));
#8375=CARTESIAN_POINT('',(-0.014,-0.0286525305106044,0.02439));
#8376=CARTESIAN_POINT('',(-0.014,-0.0286525305106044,0.02339));
#8377=CARTESIAN_POINT('',(-0.014,-0.0296525305106044,0.02339));
#8378=CARTESIAN_POINT('',(-0.014,-0.0296525305106044,0.025392));
#8379=CARTESIAN_POINT('',(-0.014,-0.0296525305106044,0.01254));
#8380=CARTESIAN_POINT('',(-0.014,-0.0366525305106044,0.01254));
#8381=CARTESIAN_POINT('',(-0.014,-0.0366525305106044,0.00554));
#8382=CARTESIAN_POINT('',(-0.014,0.00542,0.00554));
#8383=CARTESIAN_POINT('',(-0.014,-0.0658383940512538,0.00554));
#8384=CARTESIAN_POINT('',(-0.014,-0.0658383940512538,0.00804));
#8385=CARTESIAN_POINT('',(-0.014,-0.0683383940512538,0.00804));
#8386=CARTESIAN_POINT('',(-0.014,-0.0683383940512538,0.02189));
#8387=CARTESIAN_POINT('',(-0.014,-0.0683383940512538,0.0210615728752538));
#8388=CARTESIAN_POINT('',(-0.014,-0.0653383940512538,0.0210615728752538));
#8389=CARTESIAN_POINT('',(-0.014,-0.0674597143948134,0.0231828932188134));
#8390=CARTESIAN_POINT('',(-0.014,-0.0680455008324403,0.0225971067811866));
#8391=CARTESIAN_POINT('',(-0.014,-0.0654848406606605,0.0251577669529663));
#8392=CARTESIAN_POINT('',(-0.0144369311833794,-0.0648488016913388,0.0245217279836455));
#8393=CARTESIAN_POINT('',(-0.014,-0.0662526076136269,0.02439));
#8394=CARTESIAN_POINT('',(-0.014,-0.0658383940512538,0.0255113203435597));
#8395=CARTESIAN_POINT('',(-0.0144369311833794,-0.0648488016913388,0.0245217279836455));
#8396=CARTESIAN_POINT('',(-0.0143201870924593,-0.0647373774105501,0.0245529541378121));
#8397=CARTESIAN_POINT('',(-0.0141648039224362,-0.0646630590696304,0.0245793398282202));
#8398=CARTESIAN_POINT('',(-0.014,-0.0646630590696304,0.0245793398282202));
#8399=CARTESIAN_POINT('',(-0.015,-0.0662526076136269,0.02439));
#8400=CARTESIAN_POINT('',(-0.015,-0.0662526076136269,0.02439));
#8401=CARTESIAN_POINT('',(-0.015,-0.0662526076136269,0.02439));
#8402=CARTESIAN_POINT('',(-0.015,-0.066027560173807,0.0245764354035027));
#8403=CARTESIAN_POINT('',(-0.0149998782036511,-0.0659946026761987,0.0244968691442447));
#8404=CARTESIAN_POINT('',(-0.015,-0.0659616453047721,0.0244173028327164));
#8405=CARTESIAN_POINT('',(-0.0149195471443249,-0.0656906127331359,0.0248555718029816));
#8406=CARTESIAN_POINT('',(-0.0149847991648461,-0.0655702600326386,0.024672637622297));
#8407=CARTESIAN_POINT('',(-0.0149195471443248,-0.065526008243622,0.0244581814119693));
#8408=CARTESIAN_POINT('',(-0.0146769585820632,-0.0653428156468664,0.0251436963431163));
#8409=CARTESIAN_POINT('',(-0.014966778085105,-0.0650849443356068,0.0248736619660415));
#8410=CARTESIAN_POINT('',(-0.0146769585820634,-0.0650763437492883,0.0245003762739928));
#8411=CARTESIAN_POINT('',(-0.014520780070652,-0.0652159863195912,0.0252487651981223));
#8412=CARTESIAN_POINT('',(-0.0149560762141357,-0.0648130257328183,0.0249862943391765));
#8413=CARTESIAN_POINT('',(-0.0145207800706515,-0.0649123669720531,0.024515763251495));
#8414=CARTESIAN_POINT('',(-0.0144369311833793,-0.0651668211759995,0.0252894949366121));
#8415=CARTESIAN_POINT('',(-0.0149245656160681,-0.0646528876907881,0.0250526256880383));
#8416=CARTESIAN_POINT('',(-0.0144369311833793,-0.0648488016913388,0.0245217279836454));
#8417=CARTESIAN_POINT('',(-0.0142184655916895,-0.0651668211759998,0.0248397474683057));
#8418=CARTESIAN_POINT('',(-0.0144369311833795,-0.0651668211759996,0.025289494936612));
#8419=CARTESIAN_POINT('',(-0.014,-0.0662526076136269,0.02439));
#8420=CARTESIAN_POINT('',(-0.0144369311833796,-0.0651668211759997,0.0252894949366119));
#8421=CARTESIAN_POINT('',(-0.014924565616068,-0.0646528876907886,0.0250526256880381));
#8422=CARTESIAN_POINT('',(-0.0144369311833796,-0.064848801691339,0.0245217279836454));
#8423=CARTESIAN_POINT('',(-0.0143831436612277,-0.0651352825497828,0.025315622316265));
#8424=CARTESIAN_POINT('',(-0.0148783433459134,-0.0645325362526864,0.0251129946639881));
#8425=CARTESIAN_POINT('',(-0.0143831436892174,-0.0647974650479501,0.0245361149516073));
#8426=CARTESIAN_POINT('',(-0.0142566766833083,-0.0650795397577985,0.0253657344867098));
#8427=CARTESIAN_POINT('',(-0.0147277020240217,-0.0642404681509994,0.0252676863684922));
#8428=CARTESIAN_POINT('',(-0.0142566766693108,-0.0647049630753029,0.0245647959458636));
#8429=CARTESIAN_POINT('',(-0.0140874557817562,-0.0650548375118884,0.02539));
#8430=CARTESIAN_POINT('',(-0.0142746794358415,-0.064020248118375,0.0253899993935341));
#8431=CARTESIAN_POINT('',(-0.0140874557817562,-0.0646630591772745,0.0245793396924686));
#8432=CARTESIAN_POINT('',(-0.014,-0.0650548373968382,0.02539));
#8433=CARTESIAN_POINT('',(-0.014,-0.0640202470233004,0.02539));
#8434=CARTESIAN_POINT('',(-0.014,-0.0646630590696304,0.0245793398282202));
#8435=CARTESIAN_POINT('',(-0.014,-0.0650548373968382,0.02539));
#8436=CARTESIAN_POINT('',(-0.0141575121723471,-0.0650548373968382,0.02539));
#8437=CARTESIAN_POINT('',(-0.014311670480788,-0.0650933740424536,0.0253503405342764));
#8438=CARTESIAN_POINT('',(-0.0144369311833795,-0.0651668211759996,0.025289494936612));
#8439=CARTESIAN_POINT('',(-0.014,-0.0674893940512538,0.02439));
#8440=CARTESIAN_POINT('',(-0.014,-0.0664704171275165,0.02439));
#8441=CARTESIAN_POINT('',(-0.015,-0.0664704171275165,0.02439));
#8442=CARTESIAN_POINT('',(-0.015,-0.0664704171275165,0.02539));
#8443=CARTESIAN_POINT('',(-0.014,-0.0664704171275165,0.02539));
#8444=CARTESIAN_POINT('',(-0.015,-0.0669612910261851,0.0243899999999838));
#8445=CARTESIAN_POINT('',(-0.0149999999999979,-0.0671197333707882,0.0252443589942778));
#8446=CARTESIAN_POINT('',(-0.0141570796475735,-0.0671707305562877,0.02539));
#8447=CARTESIAN_POINT('',(-0.015,-0.0679391306076536,0.0240649707736289));
#8448=CARTESIAN_POINT('',(-0.0150000000000009,-0.0683305638548577,0.0246142306650658));
#8449=CARTESIAN_POINT('',(-0.0144699883136278,-0.0685657816924859,0.0248482846227013));
#8450=CARTESIAN_POINT('',(-0.015,-0.0683454171274729,0.0232826991398778));
#8451=CARTESIAN_POINT('',(-0.0150000000000001,-0.0688454171274308,0.0234463238005846));
#8452=CARTESIAN_POINT('',(-0.0146000000000185,-0.0691454171275026,0.0235444985664629));
#8453=CARTESIAN_POINT('',(-0.015,-0.0683454171275165,0.02289));
#8454=CARTESIAN_POINT('',(-0.015,-0.0688454171275165,0.02289));
#8455=CARTESIAN_POINT('',(-0.0146,-0.0691454171275165,0.02289));
#8456=CARTESIAN_POINT('',(-0.014,-0.0683454171275165,0.02289));
#8457=CARTESIAN_POINT('',(-0.014,-0.0683454171275165,0.00127));
#8458=CARTESIAN_POINT('',(0.00509360074451574,-0.0673383940512538,0.003048));
#8459=CARTESIAN_POINT('',(0.00452267189605912,-0.0673383940512538,0.0032325));
#8460=CARTESIAN_POINT('',(0.00452267189605912,-0.0679383940512538,0.0032325));
#8461=CARTESIAN_POINT('',(0.00503264890121805,-0.0673383940512538,0.00296152387220873));
#8462=CARTESIAN_POINT('',(0.00451467193975494,-0.0673690002594833,0.00320774418548691));
#8463=CARTESIAN_POINT('',(0.00448457700819955,-0.0679383939873949,0.00311461669128592));
#8464=CARTESIAN_POINT('',(0.00484324756781135,-0.0672945853921554,0.00280533824385806));
#8465=CARTESIAN_POINT('',(0.0044967898217737,-0.0674346190639938,0.00307714810574169));
#8466=CARTESIAN_POINT('',(0.00436620115416365,-0.0678428429104359,0.00290170617112477));
#8467=CARTESIAN_POINT('',(0.00432191947529801,-0.0671176359841365,0.00259543525967917));
#8468=CARTESIAN_POINT('',(0.00420963051705342,-0.0673067244596179,0.00269091152339753));
#8469=CARTESIAN_POINT('',(0.00404037110667118,-0.0674568980921727,0.0026155687336457));
#8470=CARTESIAN_POINT('',(0.00387060500343366,-0.0669446563697626,0.00254));
#8471=CARTESIAN_POINT('',(0.00381445231497812,-0.067012134142545,0.00254000000004812));
#8472=CARTESIAN_POINT('',(0.00375829955788277,-0.0670796118640636,0.00254));
#8473=CARTESIAN_POINT('',(0.00357112381529809,-0.0668303940512538,0.00254));
#8474=CARTESIAN_POINT('',(0.00357112381529809,-0.0668303940512538,0.00254));
#8475=CARTESIAN_POINT('',(0.00357112381529809,-0.0668303940512538,0.00254));
#8476=CARTESIAN_POINT('',(0.00509360074451574,-0.0679383940512538,0.003048));
#8477=CARTESIAN_POINT('',(0.00357112381529809,-0.0679383940512538,0.00354));
#8478=CARTESIAN_POINT('',(0.00517112381529809,-0.0679383940512538,0.00354));
#8479=CARTESIAN_POINT('',(0.00517112381529809,-0.0679383940512538,0.003175));
#8480=CARTESIAN_POINT('',(0.00517112381529809,-0.0679383940512538,0.00372578643762691));
#8481=CARTESIAN_POINT('',(0.00557112381529809,-0.0679383940512538,0.00372578643762691));
#8482=CARTESIAN_POINT('',(0.00528828110282347,-0.0679383940512538,0.00400862915010152));
#8483=CARTESIAN_POINT('',(0.015272325976361,-0.0679383940512538,0.013992674023639));
#8484=CARTESIAN_POINT('',(0.00613137084989848,-0.0679383940512538,0.00485171889717654));
#8485=CARTESIAN_POINT('',(0.005,-0.0679383940512538,0.00598308974707501));
#8486=CARTESIAN_POINT('',(0.0066,-0.0679383940512538,0.00598308974707501));
#8487=CARTESIAN_POINT('',(0.0066,-0.0679383940512538,0.02189));
#8488=CARTESIAN_POINT('',(0.0066,-0.0679383940512538,0.0210615728752538));
#8489=CARTESIAN_POINT('',(0.0066,-0.0653383940512538,0.0210615728752538));
#8490=CARTESIAN_POINT('',(0.0066,-0.0671768716823388,0.0229000505063389));
#8491=CARTESIAN_POINT('',(0.0066,-0.0755881581199657,0.0144887640687119));
#8492=CARTESIAN_POINT('',(0.0066,-0.0652019979481859,0.0248749242404917));
#8493=CARTESIAN_POINT('',(0.00607951290285179,-0.0649909373150704,0.0246638636073762));
#8494=CARTESIAN_POINT('',(0.0066,-0.0652869221886777,0.02479));
#8495=CARTESIAN_POINT('',(0.0066,-0.0658383940512538,0.0255113203435597));
#8496=CARTESIAN_POINT('',(0.00607951290285179,-0.0649909373150704,0.0246638636073762));
#8497=CARTESIAN_POINT('',(0.00617925199633649,-0.0648055128151638,0.0246033260324338));
#8498=CARTESIAN_POINT('',(0.00638050985415953,-0.0646630590696262,0.0245793398282211));
#8499=CARTESIAN_POINT('',(0.0065999999999995,-0.064663059069626,0.0245793398282211));
#8500=CARTESIAN_POINT('',(0.00607951290285169,-0.0649909373150706,0.0246638636073764));
#8501=CARTESIAN_POINT('',(0.00596335318024662,-0.0650553275141573,0.0248859296551599));
#8502=CARTESIAN_POINT('',(0.00607951290285183,-0.065166821176,0.0250884848098351));
#8503=CARTESIAN_POINT('',(0.00602770703757226,-0.0650805179114082,0.0247020391161757));
#8504=CARTESIAN_POINT('',(0.00598719591428904,-0.0651368832415302,0.0248521481667935));
#8505=CARTESIAN_POINT('',(0.00602770703757322,-0.0652031700619861,0.0249981476015563));
#8506=CARTESIAN_POINT('',(0.00599999999999993,-0.0651836568288758,0.0247459926160773));
#8507=CARTESIAN_POINT('',(0.00599999999866834,-0.0652143385100391,0.0248200651440932));
#8508=CARTESIAN_POINT('',(0.006,-0.0652450204720947,0.0248941375557726));
#8509=CARTESIAN_POINT('',(0.006,-0.0652869221886779,0.0247900000000002));
#8510=CARTESIAN_POINT('',(0.006,-0.0652869221886778,0.0247900000000001));
#8511=CARTESIAN_POINT('',(0.006,-0.0652869221886777,0.02479));
#8512=CARTESIAN_POINT('',(0.00651325215047531,-0.065166821176,0.0248397474683059));
#8513=CARTESIAN_POINT('',(0.0060795129028518,-0.065166821176,0.025088484809835));
#8514=CARTESIAN_POINT('',(0.0066,-0.0652869221886777,0.02479));
#8515=CARTESIAN_POINT('',(0.00607951290285186,-0.065166821176,0.0250884848098351));
#8516=CARTESIAN_POINT('',(0.00596335318024657,-0.0650553275141571,0.0248859296551599));
#8517=CARTESIAN_POINT('',(0.0060795129028518,-0.0649909373150704,0.0246638636073763));
#8518=CARTESIAN_POINT('',(0.00609671707490417,-0.0651547500321527,0.0251184848275087));
#8519=CARTESIAN_POINT('',(0.00595535920233628,-0.065023966636545,0.0248997721646722));
#8520=CARTESIAN_POINT('',(0.00609671707786859,-0.0649589530300935,0.0246534214531772));
#8521=CARTESIAN_POINT('',(0.00613810233849003,-0.0651311195732368,0.0251788248185228));
#8522=CARTESIAN_POINT('',(0.00593587787622323,-0.0649516494188224,0.0249326119199338));
#8523=CARTESIAN_POINT('',(0.00613810233707901,-0.0648941671091515,0.0246336932754685));
#8524=CARTESIAN_POINT('',(0.00621467653230707,-0.0651029324962581,0.0252544492619478));
#8525=CARTESIAN_POINT('',(0.00590359358390512,-0.0648209976276302,0.0249948153124604));
#8526=CARTESIAN_POINT('',(0.00621467653248175,-0.0648119796681345,0.0246121013174295));
#8527=CARTESIAN_POINT('',(0.0063002468667621,-0.0650821946871201,0.0253119224119656));
#8528=CARTESIAN_POINT('',(0.00589285128726194,-0.0646486895751534,0.0250788992120854));
#8529=CARTESIAN_POINT('',(0.00630024686672982,-0.0647490611327489,0.0245973354933428));
#8530=CARTESIAN_POINT('',(0.00637963260704689,-0.0650684548691425,0.0253507603887729));
#8531=CARTESIAN_POINT('',(0.00592358234584972,-0.0644513979388359,0.0251761207172178));
#8532=CARTESIAN_POINT('',(0.00637963260705313,-0.0647063646665847,0.0245880416316406));
#8533=CARTESIAN_POINT('',(0.00647921136869571,-0.0650578174969373,0.0253813385342211));
#8534=CARTESIAN_POINT('',(0.00609026724562683,-0.0641607416172182,0.0253201898030332));
#8535=CARTESIAN_POINT('',(0.00647921136869432,-0.0646726336837032,0.0245811929013596));
#8536=CARTESIAN_POINT('',(0.00655925731359778,-0.065054837778454,0.0253900000000007));
#8537=CARTESIAN_POINT('',(0.00641382295484547,-0.0640202694897277,0.0253899888281715));
#8538=CARTESIAN_POINT('',(0.00655925731359778,-0.0646630594320699,0.0245793393711394));
#8539=CARTESIAN_POINT('',(0.00659999999999466,-0.0650548373968347,0.0253900000000011));
#8540=CARTESIAN_POINT('',(0.00659999999997561,-0.0640202470233009,0.0253900000000011));
#8541=CARTESIAN_POINT('',(0.00659999999999466,-0.064663059069626,0.0245793398282224));
#8542=CARTESIAN_POINT('',(0.0066,-0.0650548373968382,0.02539));
#8543=CARTESIAN_POINT('',(0.00638414312303811,-0.0650548373968382,0.02539));
#8544=CARTESIAN_POINT('',(0.00618077948037115,-0.0650957688498124,0.0252650698327054));
#8545=CARTESIAN_POINT('',(0.0060795129028518,-0.065166821176,0.025088484809835));
#8546=CARTESIAN_POINT('',(0.0066,-0.0689893940512538,0.02479));
#8547=CARTESIAN_POINT('',(0.0066,-0.0686403940512538,0.02479));
#8548=CARTESIAN_POINT('',(0.0066,-0.0686403940512538,0.02339));
#8549=CARTESIAN_POINT('',(0.0066,-0.0700403940512538,0.02339));
#8550=CARTESIAN_POINT('',(0.0066,-0.0700403940512538,0.00789));
#8551=CARTESIAN_POINT('',(0.0066,-0.0700403940512538,0.00598308974707501));
#8552=CARTESIAN_POINT('',(0.005,-0.0700403940512538,0.00598308974707501));
#8553=CARTESIAN_POINT('',(0.00638093843478711,-0.0700403940512538,0.005175));
#8554=CARTESIAN_POINT('',(0.00586308652174195,-0.0700403940512538,0.00547803365515313));
#8555=CARTESIAN_POINT('',(0.00586308652174195,-0.0706403940512538,0.00547803365515313));
#8556=CARTESIAN_POINT('',(0.00638093843478711,-0.0706403940512538,0.005175));
#8557=CARTESIAN_POINT('',(0.00581965408029965,-0.0700403940693853,0.00540381228565623));
#8558=CARTESIAN_POINT('',(0.00583195909191115,-0.0706267109000299,0.0054248401855996));
#8559=CARTESIAN_POINT('',(0.00631144652147494,-0.0706403940512538,0.00508365062531066));
#8560=CARTESIAN_POINT('',(0.00576764742488379,-0.0700484322443236,0.00533652360958571));
#8561=CARTESIAN_POINT('',(0.00579354029333686,-0.0706153935960345,0.00536838050814958));
#8562=CARTESIAN_POINT('',(0.00622823587544574,-0.0706465772871858,0.0050008337947459));
#8563=CARTESIAN_POINT('',(0.00570710678118655,-0.0700605705440043,0.00527598296588847));
#8564=CARTESIAN_POINT('',(0.00574139389412363,-0.0706078014163211,0.00531027007882555));
#8565=CARTESIAN_POINT('',(0.00613137084989848,-0.0706559144302926,0.00492632222859734));
#8566=CARTESIAN_POINT('',(0.00613137084989848,-0.0700605705440043,0.00485171889717654));
#8567=CARTESIAN_POINT('',(0.00528828110282346,-0.0708529329513325,0.00427779165392424));
#8568=CARTESIAN_POINT('',(0.00496618839960597,-0.0707237959198358,0.00453506458430788));
#8569=CARTESIAN_POINT('',(0.00486401703411153,-0.0703166946213561,0.00443289321881344));
#8570=CARTESIAN_POINT('',(0.00555205306923703,-0.0707510874171457,0.00448069316655026));
#8571=CARTESIAN_POINT('',(0.00521931156959116,-0.0706343272864168,0.00478818775429191));
#8572=CARTESIAN_POINT('',(0.00512778900052502,-0.0701842954269084,0.00469666518522693));
#8573=CARTESIAN_POINT('',(0.0058385252653944,-0.070684142790533,0.00470105639436422));
#8574=CARTESIAN_POINT('',(0.00548642995648002,-0.0705970466500654,0.00505530614118252));
#8575=CARTESIAN_POINT('',(0.00541426119668274,-0.0700972674123162,0.00498313738138465));
#8576=CARTESIAN_POINT('',(0.00613137084989848,-0.0706559144302926,0.00492632222859733));
#8577=CARTESIAN_POINT('',(0.00574139389412364,-0.0706078014163211,0.00531027007882554));
#8578=CARTESIAN_POINT('',(0.00570710678118655,-0.0700605705440043,0.00527598296588846));
#8579=CARTESIAN_POINT('',(0.00528828110282347,-0.0703166946213561,0.00400862915010152));
#8580=CARTESIAN_POINT('',(0.00517112381529809,-0.0709798922288669,0.00406022033663608));
#8581=CARTESIAN_POINT('',(0.00457112381529809,-0.0709798922288669,0.00406022033663608));
#8582=CARTESIAN_POINT('',(0.00457112381529809,-0.0704817416821508,0.00372578643762691));
#8583=CARTESIAN_POINT('',(0.00517112383215956,-0.070928537999758,0.00413671418903125));
#8584=CARTESIAN_POINT('',(0.00464887844107492,-0.0708673096331666,0.00422791597265559));
#8585=CARTESIAN_POINT('',(0.00457112381529809,-0.0704149811974193,0.00397439147991265));
#8586=CARTESIAN_POINT('',(0.00520816387112909,-0.0708838672838111,0.00421616280684609));
#8587=CARTESIAN_POINT('',(0.00477320694491935,-0.0707794386005104,0.00440149917539101));
#8588=CARTESIAN_POINT('',(0.0046637235931022,-0.0703569092139092,0.00423259977780411));
#8589=CARTESIAN_POINT('',(0.00528828110282347,-0.0708529329513325,0.00427779165392426));
#8590=CARTESIAN_POINT('',(0.00496618839960598,-0.0707237959198359,0.0045350645843079));
#8591=CARTESIAN_POINT('',(0.00486401703411154,-0.0703166946213561,0.00443289321881346));
#8592=CARTESIAN_POINT('',(0.00517112381529809,-0.0704817416821508,0.00372578643762691));
#8593=CARTESIAN_POINT('',(0.00517112381529809,-0.0726403940512538,0.005175));
#8594=CARTESIAN_POINT('',(0.00517112381529809,-0.07061881669681,0.00354));
#8595=CARTESIAN_POINT('',(0.00457112381529809,-0.07061881669681,0.00354));
#8596=CARTESIAN_POINT('',(0.00457112381529809,-0.0710853345478355,0.00391730769230769));
#8597=CARTESIAN_POINT('',(0.00517112381529809,-0.0710853345478355,0.00391730769230769));
#8598=CARTESIAN_POINT('',(0.00457112381529809,-0.0708171833704179,0.00338670736160199));
#8599=CARTESIAN_POINT('',(0.00462630277169489,-0.0711880045343113,0.00379036247547198));
#8600=CARTESIAN_POINT('',(0.00517112376571232,-0.0712379242891264,0.00372863982349178));
#8601=CARTESIAN_POINT('',(0.00453725377152943,-0.0710518332874929,0.00326130704752493));
#8602=CARTESIAN_POINT('',(0.00464570491052177,-0.071339033362495,0.00363372596440438));
#8603=CARTESIAN_POINT('',(0.00511693177406376,-0.0714184242351904,0.00357430097631711));
#8604=CARTESIAN_POINT('',(0.00449765917917307,-0.0713152020163367,0.00316379231867349));
#8605=CARTESIAN_POINT('',(0.00463359675599944,-0.0715462359877936,0.00349858338876808));
#8606=CARTESIAN_POINT('',(0.00505358039749805,-0.071621015562856,0.00345428285375199));
#8607=CARTESIAN_POINT('',(0.00505358039749624,-0.0713152020163342,0.00293806770987313));
#8608=CARTESIAN_POINT('',(0.00449765917917292,-0.0713152020163311,0.00316379231867314));
#8609=CARTESIAN_POINT('',(0.00457844643336051,-0.0714525047446438,0.00336275754897534));
#8610=CARTESIAN_POINT('',(0.00480450397069957,-0.0715478277204572,0.00343187558283604));
#8611=CARTESIAN_POINT('',(0.00448373524328325,-0.0715168824559526,0.00312950003905145));
#8612=CARTESIAN_POINT('',(0.00458913733428368,-0.0716132879241332,0.00330410133812449));
#8613=CARTESIAN_POINT('',(0.00479949999262487,-0.0716614643819717,0.00337581877590478));
#8614=CARTESIAN_POINT('',(0.00450098825184588,-0.0716205219183159,0.00309869423109208));
#8615=CARTESIAN_POINT('',(0.00460551767840577,-0.071704058859854,0.00326803812682522));
#8616=CARTESIAN_POINT('',(0.00480621445702039,-0.071742930548927,0.00333794852944645));
#8617=CARTESIAN_POINT('',(0.00452171100240605,-0.0717472447809004,0.0030716225378603));
#8618=CARTESIAN_POINT('',(0.00462908224419909,-0.0718129459070346,0.00323305660944649));
#8619=CARTESIAN_POINT('',(0.00482048503527523,-0.0718350232299827,0.00330222122748264));
#8620=CARTESIAN_POINT('',(-0.00452267189605912,-0.0679383940512538,0.0032325));
#8621=CARTESIAN_POINT('',(-0.00452267189605912,-0.0673383940512538,0.0032325));
#8622=CARTESIAN_POINT('',(-0.00509360074451574,-0.0673383940512538,0.003048));
#8623=CARTESIAN_POINT('',(-0.00448457700819955,-0.0679383939873949,0.00311461669128592));
#8624=CARTESIAN_POINT('',(-0.00451467193975497,-0.0673690002594836,0.00320774418548686));
#8625=CARTESIAN_POINT('',(-0.00503264890121805,-0.0673383940512538,0.0029615238722089));
#8626=CARTESIAN_POINT('',(-0.00436620115416365,-0.0678428429104359,0.00290170617112477));
#8627=CARTESIAN_POINT('',(-0.00449678982177366,-0.0674346190639937,0.00307714810574109));
#8628=CARTESIAN_POINT('',(-0.00484324756781132,-0.0672945853921554,0.00280533824385798));
#8629=CARTESIAN_POINT('',(-0.00404037110667122,-0.0674568980921727,0.0026155687336457));
#8630=CARTESIAN_POINT('',(-0.00420963051705354,-0.0673067244596179,0.00269091152340015));
#8631=CARTESIAN_POINT('',(-0.00432191947529812,-0.0671176359841365,0.00259543525967922));
#8632=CARTESIAN_POINT('',(-0.0037582995578826,-0.0670796118640636,0.00254));
#8633=CARTESIAN_POINT('',(-0.00381445231497762,-0.067012134142545,0.00254000000003714));
#8634=CARTESIAN_POINT('',(-0.00387060500343316,-0.0669446563697626,0.00254));
#8635=CARTESIAN_POINT('',(-0.00357112381529809,-0.0668303940512538,0.00254));
#8636=CARTESIAN_POINT('',(-0.00357112381529809,-0.0668303940512538,0.00254));
#8637=CARTESIAN_POINT('',(-0.00357112381529809,-0.0668303940512538,0.00254));
#8638=CARTESIAN_POINT('',(-0.00509360074451574,-0.0679383940512538,0.003048));
#8639=CARTESIAN_POINT('',(-0.00357112381529809,-0.0679383940512538,0.00354));
#8640=CARTESIAN_POINT('',(-0.00517112381529809,-0.0679383940512538,0.00354));
#8641=CARTESIAN_POINT('',(-0.00517112381529809,-0.0679383940512538,0.02189));
#8642=CARTESIAN_POINT('',(-0.00517112381529809,-0.0679383940512538,0.00372578643762691));
#8643=CARTESIAN_POINT('',(-0.00557112381529809,-0.0679383940512538,0.00372578643762691));
#8644=CARTESIAN_POINT('',(-0.00528828110282347,-0.0679383940512538,0.00400862915010152));
#8645=CARTESIAN_POINT('',(-0.015272325976361,-0.0679383940512538,0.013992674023639));
#8646=CARTESIAN_POINT('',(-0.00613137084989848,-0.0679383940512538,0.00485171889717654));
#8647=CARTESIAN_POINT('',(-0.005,-0.0679383940512538,0.00598308974707501));
#8648=CARTESIAN_POINT('',(-0.0066,-0.0679383940512538,0.00598308974707501));
#8649=CARTESIAN_POINT('',(-0.0066,-0.0679383940512538,0.00789));
#8650=CARTESIAN_POINT('',(-0.0066,-0.0679383940512538,0.0210615728752538));
#8651=CARTESIAN_POINT('',(-0.0066,-0.0653383940512538,0.0210615728752538));
#8652=CARTESIAN_POINT('',(-0.0066,-0.0671768716823388,0.0229000505063389));
#8653=CARTESIAN_POINT('',(-0.0066,-0.0658383940512538,0.0255113203435597));
#8654=CARTESIAN_POINT('',(-0.0066,-0.0652019979481859,0.0248749242404917));
#8655=CARTESIAN_POINT('',(-0.00607951290285179,-0.0649909373150704,0.0246638636073762));
#8656=CARTESIAN_POINT('',(-0.0066,-0.0646630590696304,0.0245793398282202));
#8657=CARTESIAN_POINT('',(-0.00638050985416158,-0.0646630590696304,0.0245793398282202));
#8658=CARTESIAN_POINT('',(-0.00617925199633652,-0.0648055128151637,0.0246033260324338));
#8659=CARTESIAN_POINT('',(-0.00607951290285176,-0.0649909373150704,0.0246638636073763));
#8660=CARTESIAN_POINT('',(-0.0066,-0.0755881581199657,0.0144887640687119));
#8661=CARTESIAN_POINT('',(-0.0066,-0.0652869221886777,0.02479));
#8662=CARTESIAN_POINT('',(-0.0060795129028518,-0.0649909373150704,0.0246638636073763));
#8663=CARTESIAN_POINT('',(-0.00596335318024657,-0.0650553275141571,0.0248859296551599));
#8664=CARTESIAN_POINT('',(-0.00607951290285186,-0.065166821176,0.0250884848098351));
#8665=CARTESIAN_POINT('',(-0.00609671707786859,-0.0649589530300935,0.0246534214531772));
#8666=CARTESIAN_POINT('',(-0.00595535920233631,-0.065023966636545,0.0248997721646722));
#8667=CARTESIAN_POINT('',(-0.00609671707490417,-0.0651547500321527,0.0251184848275087));
#8668=CARTESIAN_POINT('',(-0.00613810233707901,-0.0648941671091515,0.0246336932754685));
#8669=CARTESIAN_POINT('',(-0.00593587787622322,-0.0649516494188224,0.0249326119199338));
#8670=CARTESIAN_POINT('',(-0.00613810233849002,-0.0651311195732368,0.0251788248185228));
#8671=CARTESIAN_POINT('',(-0.00621467653248175,-0.0648119796681345,0.0246121013174295));
#8672=CARTESIAN_POINT('',(-0.00590359358390512,-0.0648209976276302,0.0249948153124604));
#8673=CARTESIAN_POINT('',(-0.00621467653230707,-0.0651029324962581,0.0252544492619478));
#8674=CARTESIAN_POINT('',(-0.00630024686672982,-0.0647490611327489,0.0245973354933428));
#8675=CARTESIAN_POINT('',(-0.00589285128726195,-0.0646486895751534,0.0250788992120854));
#8676=CARTESIAN_POINT('',(-0.0063002468667621,-0.0650821946871201,0.0253119224119656));
#8677=CARTESIAN_POINT('',(-0.00637963260705313,-0.0647063646665847,0.0245880416316406));
#8678=CARTESIAN_POINT('',(-0.00592358234584972,-0.0644513979388359,0.0251761207172178));
#8679=CARTESIAN_POINT('',(-0.00637963260704689,-0.0650684548691425,0.0253507603887729));
#8680=CARTESIAN_POINT('',(-0.00647921136869432,-0.0646726336837032,0.0245811929013596));
#8681=CARTESIAN_POINT('',(-0.00609026724562683,-0.0641607416172182,0.0253201898030331));
#8682=CARTESIAN_POINT('',(-0.00647921136869571,-0.0650578174969373,0.0253813385342212));
#8683=CARTESIAN_POINT('',(-0.00655925731359778,-0.0646630594320699,0.0245793393711394));
#8684=CARTESIAN_POINT('',(-0.00641382295484548,-0.0640202694897277,0.0253899888281715));
#8685=CARTESIAN_POINT('',(-0.00655925731359778,-0.065054837778454,0.0253900000000007));
#8686=CARTESIAN_POINT('',(-0.00659999999999466,-0.064663059069626,0.0245793398282224));
#8687=CARTESIAN_POINT('',(-0.00659999999997561,-0.0640202470233009,0.0253900000000011));
#8688=CARTESIAN_POINT('',(-0.00659999999999466,-0.0650548373968347,0.0253900000000011));
#8689=CARTESIAN_POINT('',(-0.00651325215047531,-0.065166821176,0.0248397474683059));
#8690=CARTESIAN_POINT('',(-0.00607951290285179,-0.065166821176,0.025088484809835));
#8691=CARTESIAN_POINT('',(-0.00607951290285179,-0.065166821176,0.025088484809835));
#8692=CARTESIAN_POINT('',(-0.00618077948037113,-0.0650957688498124,0.0252650698327054));
#8693=CARTESIAN_POINT('',(-0.0063841431230381,-0.0650548373968382,0.02539));
#8694=CARTESIAN_POINT('',(-0.0066,-0.0650548373968382,0.02539));
#8695=CARTESIAN_POINT('',(-0.00607951290285183,-0.065166821176,0.0250884848098351));
#8696=CARTESIAN_POINT('',(-0.00596335318024662,-0.0650553275141573,0.0248859296551599));
#8697=CARTESIAN_POINT('',(-0.00607951290285169,-0.0649909373150706,0.0246638636073764));
#8698=CARTESIAN_POINT('',(-0.00602770703757322,-0.0652031700619861,0.0249981476015563));
#8699=CARTESIAN_POINT('',(-0.00598719591428904,-0.0651368832415302,0.0248521481667935));
#8700=CARTESIAN_POINT('',(-0.00602770703757226,-0.0650805179114082,0.0247020391161757));
#8701=CARTESIAN_POINT('',(-0.006,-0.0652450204720947,0.0248941375557726));
#8702=CARTESIAN_POINT('',(-0.00599999999866834,-0.0652143385100391,0.0248200651440932));
#8703=CARTESIAN_POINT('',(-0.00599999999999993,-0.0651836568288758,0.0247459926160773));
#8704=CARTESIAN_POINT('',(-0.006,-0.0652869221886777,0.02479));
#8705=CARTESIAN_POINT('',(-0.006,-0.0652869221886778,0.0247900000000001));
#8706=CARTESIAN_POINT('',(-0.006,-0.0652869221886779,0.0247900000000002));
#8707=CARTESIAN_POINT('',(-0.0066,-0.0652869221886777,0.02479));
#8708=CARTESIAN_POINT('',(-0.0066,-0.0689893940512538,0.02479));
#8709=CARTESIAN_POINT('',(-0.0066,-0.0686403940512538,0.02479));
#8710=CARTESIAN_POINT('',(-0.0066,-0.0686403940512538,0.02339));
#8711=CARTESIAN_POINT('',(-0.0066,-0.0700403940512538,0.02339));
#8712=CARTESIAN_POINT('',(-0.0066,-0.0700403940512538,0.02189));
#8713=CARTESIAN_POINT('',(-0.0066,-0.0700403940512538,0.00598308974707501));
#8714=CARTESIAN_POINT('',(-0.005,-0.0700403940512538,0.00598308974707501));
#8715=CARTESIAN_POINT('',(-0.00638093843478711,-0.0700403940512538,0.005175));
#8716=CARTESIAN_POINT('',(-0.00570710678118644,-0.0700605705440043,0.00527598296588835));
#8717=CARTESIAN_POINT('',(-0.00574139389412354,-0.070607801416321,0.00531027007882544));
#8718=CARTESIAN_POINT('',(-0.0061313708498983,-0.0706559144302927,0.00492632222859719));
#8719=CARTESIAN_POINT('',(-0.00576764742488385,-0.0700484322443265,0.00533652360958573));
#8720=CARTESIAN_POINT('',(-0.00579354029333543,-0.0706153935960409,0.00536838050815059));
#8721=CARTESIAN_POINT('',(-0.00622823587544455,-0.0706465772871857,0.00500083379474639));
#8722=CARTESIAN_POINT('',(-0.00581965408029962,-0.0700403940693853,0.00540381228565618));
#8723=CARTESIAN_POINT('',(-0.00583195909191113,-0.0706267109000299,0.00542484018559957));
#8724=CARTESIAN_POINT('',(-0.0063114465214749,-0.0706403940512538,0.00508365062531061));
#8725=CARTESIAN_POINT('',(-0.00586308652174195,-0.0700403940512538,0.00547803365515313));
#8726=CARTESIAN_POINT('',(-0.00586308652174195,-0.0706403940512538,0.00547803365515313));
#8727=CARTESIAN_POINT('',(-0.00638093843478711,-0.0706403940512538,0.005175));
#8728=CARTESIAN_POINT('',(-0.00613137084989848,-0.0700605705440043,0.00485171889717654));
#8729=CARTESIAN_POINT('',(-0.00486401703411153,-0.0703166946213561,0.00443289321881344));
#8730=CARTESIAN_POINT('',(-0.00496618839960597,-0.0707237959198358,0.00453506458430788));
#8731=CARTESIAN_POINT('',(-0.00528828110282346,-0.0708529329513325,0.00427779165392424));
#8732=CARTESIAN_POINT('',(-0.00512778900052502,-0.0701842954269084,0.00469666518522693));
#8733=CARTESIAN_POINT('',(-0.00521931156959116,-0.0706343272864168,0.00478818775429191));
#8734=CARTESIAN_POINT('',(-0.00555205306923703,-0.0707510874171457,0.00448069316655026));
#8735=CARTESIAN_POINT('',(-0.00541426119668274,-0.0700972674123162,0.00498313738138465));
#8736=CARTESIAN_POINT('',(-0.00548642995648002,-0.0705970466500654,0.00505530614118157));
#8737=CARTESIAN_POINT('',(-0.0058385252653944,-0.070684142790533,0.00470105639436422));
#8738=CARTESIAN_POINT('',(-0.00570710678118655,-0.0700605705440043,0.00527598296588846));
#8739=CARTESIAN_POINT('',(-0.00574139389412364,-0.0706078014163211,0.00531027007882554));
#8740=CARTESIAN_POINT('',(-0.00613137084989848,-0.0706559144302926,0.00492632222859733));
#8741=CARTESIAN_POINT('',(-0.00528828110282347,-0.0703166946213561,0.00400862915010152));
#8742=CARTESIAN_POINT('',(-0.00528828110282347,-0.0708529329513325,0.00427779165392425));
#8743=CARTESIAN_POINT('',(-0.00496618839960598,-0.0707237959198359,0.00453506458430789));
#8744=CARTESIAN_POINT('',(-0.00486401703411154,-0.0703166946213561,0.00443289321881345));
#8745=CARTESIAN_POINT('',(-0.00520852502213341,-0.0708837278391642,0.00421644061509778));
#8746=CARTESIAN_POINT('',(-0.00477409982731121,-0.0707791811552189,0.00440211715103448));
#8747=CARTESIAN_POINT('',(-0.00466462647043461,-0.0703567279361367,0.00423350265513652));
#8748=CARTESIAN_POINT('',(-0.00517112377854427,-0.0709287007265827,0.00413647180195003));
#8749=CARTESIAN_POINT('',(-0.00464864789006597,-0.0708676433128246,0.00422741888850778));
#8750=CARTESIAN_POINT('',(-0.00457112381529809,-0.0704151927323355,0.00397360370518936));
#8751=CARTESIAN_POINT('',(-0.00517112381529809,-0.0709798922288669,0.00406022033663608));
#8752=CARTESIAN_POINT('',(-0.00457112381529809,-0.0709798922288669,0.00406022033663608));
#8753=CARTESIAN_POINT('',(-0.00457112381529809,-0.0704817416821508,0.00372578643762691));
#8754=CARTESIAN_POINT('',(-0.00517112381529809,-0.0704817416821508,0.00372578643762691));
#8755=CARTESIAN_POINT('',(-0.00517112381529809,-0.0726403940512538,0.005175));
#8756=CARTESIAN_POINT('',(-0.00517112381529809,-0.07061881669681,0.00354));
#8757=CARTESIAN_POINT('',(-0.00517112381529809,-0.0710853345478355,0.00391730769230769));
#8758=CARTESIAN_POINT('',(-0.00457112381529809,-0.0710853345478355,0.00391730769230769));
#8759=CARTESIAN_POINT('',(-0.00457112381529809,-0.07061881669681,0.00354));
#8760=CARTESIAN_POINT('',(-0.00517112376571232,-0.0712379242891259,0.00372863982349238));
#8761=CARTESIAN_POINT('',(-0.00462630277169472,-0.071188004534311,0.00379036247547227));
#8762=CARTESIAN_POINT('',(-0.00457112381529809,-0.0708171833704173,0.00338670736160248));
#8763=CARTESIAN_POINT('',(-0.00511693177406254,-0.071418424235195,0.0035743009763147));
#8764=CARTESIAN_POINT('',(-0.00464570491052207,-0.0713390333625082,0.00363372596440284));
#8765=CARTESIAN_POINT('',(-0.00453725377152897,-0.0710518332874977,0.00326130704752408));
#8766=CARTESIAN_POINT('',(-0.00505358039749866,-0.0716210155628541,0.00345428285375314));
#8767=CARTESIAN_POINT('',(-0.00463359675599955,-0.0715462359877917,0.00349858338876932));
#8768=CARTESIAN_POINT('',(-0.00449765917917344,-0.0713152020163342,0.00316379231867442));
#8769=CARTESIAN_POINT('',(-0.00505358039749865,-0.0713152020163342,0.00293806770987907));
#8770=CARTESIAN_POINT('',(-0.00480450397020572,-0.0715478277202507,0.0034318755826842));
#8771=CARTESIAN_POINT('',(-0.00457844643325651,-0.0714525047444693,0.00336275754871792));
#8772=CARTESIAN_POINT('',(-0.00449765917917269,-0.0713152020163342,0.00316379231867262));
#8773=CARTESIAN_POINT('',(-0.00479949822464475,-0.0716615045236627,0.00337579897382473));
#8774=CARTESIAN_POINT('',(-0.00458914107706953,-0.0716133442152564,0.00330408080191425));
#8775=CARTESIAN_POINT('',(-0.00448373022594703,-0.0715169551279459,0.00312948768220657));
#8776=CARTESIAN_POINT('',(-0.00480621862773164,-0.0717429572655576,0.00333793818632889));
#8777=CARTESIAN_POINT('',(-0.00460552455907567,-0.0717040905227271,0.003268027973932));
#8778=CARTESIAN_POINT('',(-0.00450099426485413,-0.0716205584448913,0.00309868643837951));
#8779=CARTESIAN_POINT('',(-0.00482048496074423,-0.0718350227516823,0.00330222141286723));
#8780=CARTESIAN_POINT('',(-0.00462908212200493,-0.0718129453429223,0.0032330567904506));
#8781=CARTESIAN_POINT('',(-0.00452171089416537,-0.0717472441189795,0.00307162267926687));
#8782=CARTESIAN_POINT('',(0.0105,-0.0703454171275165,0.003175));
#8783=CARTESIAN_POINT('',(0.0105,-0.0703454171275165,0.00190833230316681));
#8784=CARTESIAN_POINT('',(0.00970761025666167,-0.0718454171275165,0.00253244802898537));
#8785=CARTESIAN_POINT('',(0.00970761025666161,-0.0718454171275165,0.00321645902828476));
#8786=CARTESIAN_POINT('',(0.00970761025666157,-0.071328978666261,0.00366497030227745));
#8787=CARTESIAN_POINT('',(0.0098031065656282,-0.0718454171275165,0.00253244805518369));
#8788=CARTESIAN_POINT('',(0.00983906495327884,-0.0718454171275162,0.00316842347752995));
#8789=CARTESIAN_POINT('',(0.00986530655070673,-0.0713897619957893,0.00361218180837247));
#8790=CARTESIAN_POINT('',(0.00999185682209316,-0.0718454171275165,0.00251752799886757));
#8791=CARTESIAN_POINT('',(0.0101013521317202,-0.0718454171275166,0.00305687935178152));
#8792=CARTESIAN_POINT('',(0.0101884310612491,-0.0715013253894102,0.0034741394302632));
#8793=CARTESIAN_POINT('',(0.0102672090930198,-0.0718454171275165,0.00241857035641337));
#8794=CARTESIAN_POINT('',(0.0105088503064806,-0.0718454171275166,0.00279207949775242));
#8795=CARTESIAN_POINT('',(0.0107153340750652,-0.0716224336070841,0.00311009101783627));
#8796=CARTESIAN_POINT('',(0.0104651871282891,-0.0718454171275165,0.00219711780214622));
#8797=CARTESIAN_POINT('',(0.0108520357035285,-0.0718454171275159,0.00238006523310908));
#8798=CARTESIAN_POINT('',(0.0111859404810527,-0.0716406876700459,0.00253824631391951));
#8799=CARTESIAN_POINT('',(0.010500000042195,-0.0718454171275165,0.00200433864829249));
#8800=CARTESIAN_POINT('',(0.0109658621344641,-0.0718454171275178,0.00206373597159482));
#8801=CARTESIAN_POINT('',(0.0113505034728733,-0.0715825395228615,0.00211317680638355));
#8802=CARTESIAN_POINT('',(0.0105,-0.0718454171275165,0.00190833230316681));
#8803=CARTESIAN_POINT('',(0.011,-0.0718454171275165,0.00190833230316681));
#8804=CARTESIAN_POINT('',(0.0114,-0.0715454171275165,0.00190833230316682));
#8805=CARTESIAN_POINT('',(0.,-0.0458453981166406,-0.02246));
#8806=CARTESIAN_POINT('',(0.,-0.0458453981166406,0.00044));
#8807=CARTESIAN_POINT('',(0.002,-0.0458453981166406,0.00044));
#8808=CARTESIAN_POINT('',(0.,-0.0268453981166406,-0.02246));
#8809=CARTESIAN_POINT('',(0.,-0.0268453981166406,0.00225));
#8810=CARTESIAN_POINT('',(0.0015,-0.0268453981166406,0.00225));
#8811=CARTESIAN_POINT('',(0.,-0.0458453981166406,0.00044));
#8812=CARTESIAN_POINT('',(0.00275,-0.0334626990583203,0.00225));
#8813=CARTESIAN_POINT('',(0.,-0.0268453981166406,0.00225));
#8814=CARTESIAN_POINT('',(0.00156213203435597,-0.0268453981166406,0.00225));
#8815=CARTESIAN_POINT('',(0.,-0.0268453981166406,0.00220606601717799));
#8816=CARTESIAN_POINT('',(0.,0.,0.));
#8817=MECHANICAL_DESIGN_GEOMETRIC_PRESENTATION_REPRESENTATION('',(#4540),
#8818);
#8818=(
GEOMETRIC_REPRESENTATION_CONTEXT(3)
GLOBAL_UNCERTAINTY_ASSIGNED_CONTEXT((#8820))
GLOBAL_UNIT_ASSIGNED_CONTEXT((#8824,#8823,#8822))
REPRESENTATION_CONTEXT('Base','TOP_LEVEL_ASSEMBLY_PART')
);
#8819=(
GEOMETRIC_REPRESENTATION_CONTEXT(3)
GLOBAL_UNCERTAINTY_ASSIGNED_CONTEXT((#8821))
GLOBAL_UNIT_ASSIGNED_CONTEXT((#8824,#8823,#8822))
REPRESENTATION_CONTEXT('BasePlate','COMPONENT_PART')
);
#8820=UNCERTAINTY_MEASURE_WITH_UNIT(LENGTH_MEASURE(1.E-8),#8824,
'DISTANCE_ACCURACY_VALUE','Maximum Tolerance applied to model');
#8821=UNCERTAINTY_MEASURE_WITH_UNIT(LENGTH_MEASURE(2.E-5),#8824,
'DISTANCE_ACCURACY_VALUE','Maximum Tolerance applied to model');
#8822=(
NAMED_UNIT(*)
SI_UNIT($,.STERADIAN.)
SOLID_ANGLE_UNIT()
);
#8823=(
NAMED_UNIT(*)
PLANE_ANGLE_UNIT()
SI_UNIT($,.RADIAN.)
);
#8824=(
LENGTH_UNIT()
NAMED_UNIT(*)
SI_UNIT($,.METRE.)
);
#8825=PRODUCT_DEFINITION_SHAPE('','',#8828);
#8826=PRODUCT_DEFINITION_SHAPE('','',#8829);
#8827=PRODUCT_DEFINITION_SHAPE(' ','NAUO PRDDFN',#11);
#8828=PRODUCT_DEFINITION('','',#8832,#8830);
#8829=PRODUCT_DEFINITION('','',#8833,#8831);
#8830=PRODUCT_DEFINITION_CONTEXT('',#8843,'design');
#8831=PRODUCT_DEFINITION_CONTEXT('',#8843,'design');
#8832=PRODUCT_DEFINITION_FORMATION_WITH_SPECIFIED_SOURCE('','',#8836,
 .NOT_KNOWN.);
#8833=PRODUCT_DEFINITION_FORMATION_WITH_SPECIFIED_SOURCE('','',#8837,
 .NOT_KNOWN.);
#8834=PRODUCT_RELATED_PRODUCT_CATEGORY('','',(#8836));
#8835=PRODUCT_RELATED_PRODUCT_CATEGORY('','',(#8837));
#8836=PRODUCT('Base','Base','Base',(#8840));
#8837=PRODUCT('BasePlate','BasePlate','BasePlate',(#8841));
#8838=PRODUCT_CATEGORY('','');
#8839=PRODUCT_CATEGORY('','');
#8840=PRODUCT_CONTEXT('',#8843,'mechanical');
#8841=PRODUCT_CONTEXT('',#8843,'mechanical');
#8842=APPLICATION_PROTOCOL_DEFINITION('international standard',
'ap242_managed_model_based_3d_engineering',2020,#8843);
#8843=APPLICATION_CONTEXT('managed model based 3d engineering');
ENDSEC;
END-ISO-10303-21;
