ISO-10303-21;
HEADER;

FILE_DESCRIPTION(
/* description */ ('STEP AP242 Edition 2',
'CAx-IF Rec.Pracs.---Representation and Presentation of Product Manufa
cturing Information (PMI)---4.0---2014-10-13',
'CAx-IF Rec.Pracs.---3D Tessellated Geometry---0.4---2014-09-14','2;1',
'CAx-IF Rec.Pracs.---User Defined Attributes---1.5---2016-08-15'),
/* implementation_level */ '2;1');

FILE_NAME(
/* name */ 'SCADASentry-DINMount',
/* time_stamp */ '2026-08-29T19:11:01Z',
/* author */ (''),
/* organization */ (''),
/* authorisation */ '  ');

FILE_SCHEMA (('AP242_MANAGED_MODEL_BASED_3D_ENGINEERING_MIM_LF { 1 0 10303 442 3 1 4 }'));
ENDSEC;

DATA;
#10=CONTEXT_DEPENDENT_SHAPE_REPRESENTATION(#12,#2768);
#11=NEXT_ASSEMBLY_USAGE_OCCURRENCE('NAUO1','DINMount','DINMount',#2769,
#2770,'');
#12=(
REPRESENTATION_RELATIONSHIP(' ',' ',#1644,#1643)
REPRESENTATION_RELATIONSHIP_WITH_TRANSFORMATION(#13)
SHAPE_REPRESENTATION_RELATIONSHIP()
);
#13=ITEM_DEFINED_TRANSFORMATION(' ',' ',#1645,#1805);
#14=SHAPE_REPRESENTATION_RELATIONSHIP('','',#1644,#15);
#15=ADVANCED_BREP_SHAPE_REPRESENTATION('',(#1640),#2760);
#16=B_SPLINE_CURVE_WITH_KNOTS('',3,(#2657,#2658,#2659,#2660,#2661,#2662,
#2663,#2664),.UNSPECIFIED.,.F.,.F.,(4,1,1,1,1,4),(0.,0.00181946496181543,
0.00363892992363086,0.0054583948854463,0.00636812736635401,0.00727785984726173),
 .UNSPECIFIED.);
#17=CONICAL_SURFACE('',#1707,0.0015,0.785398163397449);
#18=CONICAL_SURFACE('',#1708,0.0015,0.785398163397448);
#19=CONICAL_SURFACE('',#1748,0.0025,0.785398163397448);
#20=CONICAL_SURFACE('',#1769,0.0015,0.785398163397448);
#21=CONICAL_SURFACE('',#1772,0.001,0.785398163397448);
#22=CONICAL_SURFACE('',#1773,0.0015,0.78539816339745);
#23=CONICAL_SURFACE('',#1776,0.001,0.785398163397448);
#24=CONICAL_SURFACE('',#1777,0.0015,0.785398163397448);
#25=CONICAL_SURFACE('',#1780,0.0015,0.785398163397448);
#26=CONICAL_SURFACE('',#1781,0.0015,0.785398163397446);
#27=CONICAL_SURFACE('',#1784,0.0015,0.785398163397448);
#28=CONICAL_SURFACE('',#1785,0.0015,0.785398163397448);
#29=CONICAL_SURFACE('',#1787,0.0015,0.785398163397445);
#30=CONICAL_SURFACE('',#1790,0.0015,0.785398163397443);
#31=CONICAL_SURFACE('',#1791,0.001,0.785398163397443);
#32=CONICAL_SURFACE('',#1794,0.0015,0.785398163397445);
#33=CONICAL_SURFACE('',#1795,0.001,0.785398163397445);
#34=CONICAL_SURFACE('',#1798,0.0015,0.785398163397446);
#35=CONICAL_SURFACE('',#1799,0.0015,0.785398163397445);
#36=CONICAL_SURFACE('',#1802,0.0015,0.785398163397445);
#37=CONICAL_SURFACE('',#1803,0.0015,0.785398163397445);
#38=ELLIPSE('',#1650,0.00101091437510787,0.001);
#39=ELLIPSE('',#1651,0.00101091437510787,0.001);
#40=ELLIPSE('',#1733,0.0014142135623731,0.001);
#41=ELLIPSE('',#1735,0.00141421356237309,0.001);
#42=ELLIPSE('',#1739,0.00141421356237309,0.001);
#43=ELLIPSE('',#1741,0.00141421356237309,0.001);
#44=LINE('',#2295,#204);
#45=LINE('',#2300,#205);
#46=LINE('',#2304,#206);
#47=LINE('',#2307,#207);
#48=LINE('',#2309,#208);
#49=LINE('',#2311,#209);
#50=LINE('',#2313,#210);
#51=LINE('',#2319,#211);
#52=LINE('',#2324,#212);
#53=LINE('',#2327,#213);
#54=LINE('',#2329,#214);
#55=LINE('',#2331,#215);
#56=LINE('',#2335,#216);
#57=LINE('',#2339,#217);
#58=LINE('',#2344,#218);
#59=LINE('',#2348,#219);
#60=LINE('',#2352,#220);
#61=LINE('',#2354,#221);
#62=LINE('',#2356,#222);
#63=LINE('',#2358,#223);
#64=LINE('',#2361,#224);
#65=LINE('',#2363,#225);
#66=LINE('',#2365,#226);
#67=LINE('',#2367,#227);
#68=LINE('',#2369,#228);
#69=LINE('',#2371,#229);
#70=LINE('',#2373,#230);
#71=LINE('',#2375,#231);
#72=LINE('',#2378,#232);
#73=LINE('',#2380,#233);
#74=LINE('',#2382,#234);
#75=LINE('',#2384,#235);
#76=LINE('',#2386,#236);
#77=LINE('',#2387,#237);
#78=LINE('',#2388,#238);
#79=LINE('',#2389,#239);
#80=LINE('',#2390,#240);
#81=LINE('',#2393,#241);
#82=LINE('',#2395,#242);
#83=LINE('',#2397,#243);
#84=LINE('',#2404,#244);
#85=LINE('',#2407,#245);
#86=LINE('',#2409,#246);
#87=LINE('',#2411,#247);
#88=LINE('',#2413,#248);
#89=LINE('',#2415,#249);
#90=LINE('',#2417,#250);
#91=LINE('',#2419,#251);
#92=LINE('',#2422,#252);
#93=LINE('',#2423,#253);
#94=LINE('',#2425,#254);
#95=LINE('',#2426,#255);
#96=LINE('',#2428,#256);
#97=LINE('',#2431,#257);
#98=LINE('',#2433,#258);
#99=LINE('',#2435,#259);
#100=LINE('',#2437,#260);
#101=LINE('',#2440,#261);
#102=LINE('',#2441,#262);
#103=LINE('',#2443,#263);
#104=LINE('',#2445,#264);
#105=LINE('',#2447,#265);
#106=LINE('',#2449,#266);
#107=LINE('',#2450,#267);
#108=LINE('',#2455,#268);
#109=LINE('',#2459,#269);
#110=LINE('',#2463,#270);
#111=LINE('',#2467,#271);
#112=LINE('',#2471,#272);
#113=LINE('',#2475,#273);
#114=LINE('',#2479,#274);
#115=LINE('',#2483,#275);
#116=LINE('',#2487,#276);
#117=LINE('',#2492,#277);
#118=LINE('',#2496,#278);
#119=LINE('',#2500,#279);
#120=LINE('',#2504,#280);
#121=LINE('',#2508,#281);
#122=LINE('',#2512,#282);
#123=LINE('',#2516,#283);
#124=LINE('',#2520,#284);
#125=LINE('',#2524,#285);
#126=LINE('',#2526,#286);
#127=LINE('',#2529,#287);
#128=LINE('',#2531,#288);
#129=LINE('',#2533,#289);
#130=LINE('',#2535,#290);
#131=LINE('',#2538,#291);
#132=LINE('',#2540,#292);
#133=LINE('',#2544,#293);
#134=LINE('',#2546,#294);
#135=LINE('',#2564,#295);
#136=LINE('',#2567,#296);
#137=LINE('',#2569,#297);
#138=LINE('',#2571,#298);
#139=LINE('',#2573,#299);
#140=LINE('',#2576,#300);
#141=LINE('',#2578,#301);
#142=LINE('',#2580,#302);
#143=LINE('',#2582,#303);
#144=LINE('',#2585,#304);
#145=LINE('',#2587,#305);
#146=LINE('',#2589,#306);
#147=LINE('',#2591,#307);
#148=LINE('',#2594,#308);
#149=LINE('',#2596,#309);
#150=LINE('',#2598,#310);
#151=LINE('',#2609,#311);
#152=LINE('',#2612,#312);
#153=LINE('',#2614,#313);
#154=LINE('',#2616,#314);
#155=LINE('',#2618,#315);
#156=LINE('',#2619,#316);
#157=LINE('',#2621,#317);
#158=LINE('',#2622,#318);
#159=LINE('',#2628,#319);
#160=LINE('',#2629,#320);
#161=LINE('',#2630,#321);
#162=LINE('',#2634,#322);
#163=LINE('',#2636,#323);
#164=LINE('',#2640,#324);
#165=LINE('',#2641,#325);
#166=LINE('',#2643,#326);
#167=LINE('',#2644,#327);
#168=LINE('',#2686,#328);
#169=LINE('',#2687,#329);
#170=LINE('',#2689,#330);
#171=LINE('',#2691,#331);
#172=LINE('',#2693,#332);
#173=LINE('',#2695,#333);
#174=LINE('',#2697,#334);
#175=LINE('',#2699,#335);
#176=LINE('',#2701,#336);
#177=LINE('',#2703,#337);
#178=LINE('',#2705,#338);
#179=LINE('',#2707,#339);
#180=LINE('',#2709,#340);
#181=LINE('',#2711,#341);
#182=LINE('',#2713,#342);
#183=LINE('',#2715,#343);
#184=LINE('',#2717,#344);
#185=LINE('',#2719,#345);
#186=LINE('',#2722,#346);
#187=LINE('',#2723,#347);
#188=LINE('',#2725,#348);
#189=LINE('',#2727,#349);
#190=LINE('',#2729,#350);
#191=LINE('',#2731,#351);
#192=LINE('',#2733,#352);
#193=LINE('',#2735,#353);
#194=LINE('',#2737,#354);
#195=LINE('',#2739,#355);
#196=LINE('',#2741,#356);
#197=LINE('',#2743,#357);
#198=LINE('',#2745,#358);
#199=LINE('',#2747,#359);
#200=LINE('',#2749,#360);
#201=LINE('',#2751,#361);
#202=LINE('',#2753,#362);
#203=LINE('',#2755,#363);
#204=VECTOR('',#1816,1.);
#205=VECTOR('',#1819,1.);
#206=VECTOR('',#1824,1.);
#207=VECTOR('',#1825,1.);
#208=VECTOR('',#1826,1.);
#209=VECTOR('',#1827,1.);
#210=VECTOR('',#1830,1.);
#211=VECTOR('',#1835,1.);
#212=VECTOR('',#1842,1.);
#213=VECTOR('',#1843,1.);
#214=VECTOR('',#1844,1.);
#215=VECTOR('',#1845,1.);
#216=VECTOR('',#1848,1.);
#217=VECTOR('',#1851,1.);
#218=VECTOR('',#1856,1.);
#219=VECTOR('',#1859,1.);
#220=VECTOR('',#1862,1.);
#221=VECTOR('',#1863,1.);
#222=VECTOR('',#1864,1.);
#223=VECTOR('',#1867,1.);
#224=VECTOR('',#1868,1.);
#225=VECTOR('',#1869,1.);
#226=VECTOR('',#1870,1.);
#227=VECTOR('',#1871,1.);
#228=VECTOR('',#1872,1.);
#229=VECTOR('',#1873,1.);
#230=VECTOR('',#1874,1.);
#231=VECTOR('',#1877,1.);
#232=VECTOR('',#1878,1.);
#233=VECTOR('',#1879,1.);
#234=VECTOR('',#1880,1.);
#235=VECTOR('',#1881,1.);
#236=VECTOR('',#1882,1.);
#237=VECTOR('',#1883,1.);
#238=VECTOR('',#1884,1.);
#239=VECTOR('',#1885,1.);
#240=VECTOR('',#1886,1.);
#241=VECTOR('',#1887,1.);
#242=VECTOR('',#1888,1.);
#243=VECTOR('',#1889,1.);
#244=VECTOR('',#1898,1.);
#245=VECTOR('',#1899,1.);
#246=VECTOR('',#1900,1.);
#247=VECTOR('',#1901,1.);
#248=VECTOR('',#1904,1.);
#249=VECTOR('',#1905,1.);
#250=VECTOR('',#1906,1.);
#251=VECTOR('',#1909,1.);
#252=VECTOR('',#1910,1.);
#253=VECTOR('',#1911,1.);
#254=VECTOR('',#1914,1.);
#255=VECTOR('',#1915,1.);
#256=VECTOR('',#1918,1.);
#257=VECTOR('',#1919,1.);
#258=VECTOR('',#1920,1.);
#259=VECTOR('',#1921,1.);
#260=VECTOR('',#1924,1.);
#261=VECTOR('',#1925,1.);
#262=VECTOR('',#1926,1.);
#263=VECTOR('',#1929,1.);
#264=VECTOR('',#1930,1.);
#265=VECTOR('',#1931,1.);
#266=VECTOR('',#1934,1.);
#267=VECTOR('',#1935,1.);
#268=VECTOR('',#1940,1.);
#269=VECTOR('',#1943,1.);
#270=VECTOR('',#1946,1.);
#271=VECTOR('',#1949,1.);
#272=VECTOR('',#1952,1.);
#273=VECTOR('',#1955,1.);
#274=VECTOR('',#1958,1.);
#275=VECTOR('',#1961,1.);
#276=VECTOR('',#1964,1.);
#277=VECTOR('',#1969,1.);
#278=VECTOR('',#1972,1.);
#279=VECTOR('',#1975,1.);
#280=VECTOR('',#1978,1.);
#281=VECTOR('',#1981,1.);
#282=VECTOR('',#1984,1.);
#283=VECTOR('',#1987,1.);
#284=VECTOR('',#1990,1.);
#285=VECTOR('',#1993,1.);
#286=VECTOR('',#1996,1.);
#287=VECTOR('',#1997,1.);
#288=VECTOR('',#1998,1.);
#289=VECTOR('',#1999,1.);
#290=VECTOR('',#2002,1.);
#291=VECTOR('',#2003,1.);
#292=VECTOR('',#2004,1.);
#293=VECTOR('',#2007,1.);
#294=VECTOR('',#2008,1.);
#295=VECTOR('',#2033,1.);
#296=VECTOR('',#2034,1.);
#297=VECTOR('',#2035,1.);
#298=VECTOR('',#2036,1.);
#299=VECTOR('',#2039,1.);
#300=VECTOR('',#2040,1.);
#301=VECTOR('',#2041,1.);
#302=VECTOR('',#2042,1.);
#303=VECTOR('',#2045,1.);
#304=VECTOR('',#2046,1.);
#305=VECTOR('',#2047,1.);
#306=VECTOR('',#2048,1.);
#307=VECTOR('',#2051,1.);
#308=VECTOR('',#2052,1.);
#309=VECTOR('',#2053,1.);
#310=VECTOR('',#2054,1.);
#311=VECTOR('',#2075,1.);
#312=VECTOR('',#2076,1.);
#313=VECTOR('',#2077,1.);
#314=VECTOR('',#2078,1.);
#315=VECTOR('',#2081,1.);
#316=VECTOR('',#2082,1.);
#317=VECTOR('',#2085,1.);
#318=VECTOR('',#2086,1.);
#319=VECTOR('',#2095,1.);
#320=VECTOR('',#2096,1.);
#321=VECTOR('',#2097,1.);
#322=VECTOR('',#2102,1.);
#323=VECTOR('',#2105,1.);
#324=VECTOR('',#2110,1.);
#325=VECTOR('',#2111,1.);
#326=VECTOR('',#2114,1.);
#327=VECTOR('',#2115,1.);
#328=VECTOR('',#2180,1.);
#329=VECTOR('',#2181,1.);
#330=VECTOR('',#2184,1.);
#331=VECTOR('',#2187,1.);
#332=VECTOR('',#2190,1.);
#333=VECTOR('',#2193,1.);
#334=VECTOR('',#2196,1.);
#335=VECTOR('',#2199,1.);
#336=VECTOR('',#2202,1.);
#337=VECTOR('',#2205,1.);
#338=VECTOR('',#2208,1.);
#339=VECTOR('',#2211,1.);
#340=VECTOR('',#2214,1.);
#341=VECTOR('',#2217,1.);
#342=VECTOR('',#2220,1.);
#343=VECTOR('',#2223,1.);
#344=VECTOR('',#2226,1.);
#345=VECTOR('',#2229,1.);
#346=VECTOR('',#2234,1.);
#347=VECTOR('',#2235,1.);
#348=VECTOR('',#2238,1.);
#349=VECTOR('',#2241,1.);
#350=VECTOR('',#2244,1.);
#351=VECTOR('',#2247,1.);
#352=VECTOR('',#2250,1.);
#353=VECTOR('',#2253,1.);
#354=VECTOR('',#2256,1.);
#355=VECTOR('',#2259,1.);
#356=VECTOR('',#2262,1.);
#357=VECTOR('',#2265,1.);
#358=VECTOR('',#2268,1.);
#359=VECTOR('',#2271,1.);
#360=VECTOR('',#2274,1.);
#361=VECTOR('',#2277,1.);
#362=VECTOR('',#2280,1.);
#363=VECTOR('',#2283,1.);
#364=PLANE('',#1649);
#365=PLANE('',#1652);
#366=PLANE('',#1653);
#367=PLANE('',#1658);
#368=PLANE('',#1665);
#369=PLANE('',#1666);
#370=PLANE('',#1670);
#371=PLANE('',#1671);
#372=PLANE('',#1672);
#373=PLANE('',#1673);
#374=PLANE('',#1674);
#375=PLANE('',#1675);
#376=PLANE('',#1676);
#377=PLANE('',#1677);
#378=PLANE('',#1678);
#379=PLANE('',#1688);
#380=PLANE('',#1698);
#381=PLANE('',#1699);
#382=PLANE('',#1703);
#383=PLANE('',#1705);
#384=PLANE('',#1709);
#385=PLANE('',#1710);
#386=PLANE('',#1711);
#387=PLANE('',#1713);
#388=PLANE('',#1714);
#389=PLANE('',#1715);
#390=PLANE('',#1725);
#391=PLANE('',#1726);
#392=PLANE('',#1727);
#393=PLANE('',#1728);
#394=PLANE('',#1729);
#395=PLANE('',#1730);
#396=PLANE('',#1732);
#397=PLANE('',#1734);
#398=PLANE('',#1736);
#399=PLANE('',#1737);
#400=PLANE('',#1746);
#401=PLANE('',#1770);
#402=PLANE('',#1771);
#403=PLANE('',#1774);
#404=PLANE('',#1775);
#405=PLANE('',#1778);
#406=PLANE('',#1779);
#407=PLANE('',#1782);
#408=PLANE('',#1783);
#409=PLANE('',#1786);
#410=PLANE('',#1788);
#411=PLANE('',#1789);
#412=PLANE('',#1792);
#413=PLANE('',#1793);
#414=PLANE('',#1796);
#415=PLANE('',#1797);
#416=PLANE('',#1800);
#417=PLANE('',#1801);
#418=PLANE('',#1804);
#419=ORIENTED_EDGE('',*,*,#869,.T.);
#420=ORIENTED_EDGE('',*,*,#870,.T.);
#421=ORIENTED_EDGE('',*,*,#871,.T.);
#422=ORIENTED_EDGE('',*,*,#872,.T.);
#423=ORIENTED_EDGE('',*,*,#873,.T.);
#424=ORIENTED_EDGE('',*,*,#874,.T.);
#425=ORIENTED_EDGE('',*,*,#869,.F.);
#426=ORIENTED_EDGE('',*,*,#875,.F.);
#427=ORIENTED_EDGE('',*,*,#876,.T.);
#428=ORIENTED_EDGE('',*,*,#877,.T.);
#429=ORIENTED_EDGE('',*,*,#878,.T.);
#430=ORIENTED_EDGE('',*,*,#879,.T.);
#431=ORIENTED_EDGE('',*,*,#880,.T.);
#432=ORIENTED_EDGE('',*,*,#875,.T.);
#433=ORIENTED_EDGE('',*,*,#881,.T.);
#434=ORIENTED_EDGE('',*,*,#882,.T.);
#435=ORIENTED_EDGE('',*,*,#883,.T.);
#436=ORIENTED_EDGE('',*,*,#871,.F.);
#437=ORIENTED_EDGE('',*,*,#884,.T.);
#438=ORIENTED_EDGE('',*,*,#885,.T.);
#439=ORIENTED_EDGE('',*,*,#886,.T.);
#440=ORIENTED_EDGE('',*,*,#887,.T.);
#441=ORIENTED_EDGE('',*,*,#888,.F.);
#442=ORIENTED_EDGE('',*,*,#889,.T.);
#443=ORIENTED_EDGE('',*,*,#890,.T.);
#444=ORIENTED_EDGE('',*,*,#891,.T.);
#445=ORIENTED_EDGE('',*,*,#892,.T.);
#446=ORIENTED_EDGE('',*,*,#893,.T.);
#447=ORIENTED_EDGE('',*,*,#877,.F.);
#448=ORIENTED_EDGE('',*,*,#894,.T.);
#449=ORIENTED_EDGE('',*,*,#895,.T.);
#450=ORIENTED_EDGE('',*,*,#896,.T.);
#451=ORIENTED_EDGE('',*,*,#897,.T.);
#452=ORIENTED_EDGE('',*,*,#898,.T.);
#453=ORIENTED_EDGE('',*,*,#899,.F.);
#454=ORIENTED_EDGE('',*,*,#900,.T.);
#455=ORIENTED_EDGE('',*,*,#901,.T.);
#456=ORIENTED_EDGE('',*,*,#902,.T.);
#457=ORIENTED_EDGE('',*,*,#903,.T.);
#458=ORIENTED_EDGE('',*,*,#904,.T.);
#459=ORIENTED_EDGE('',*,*,#905,.T.);
#460=ORIENTED_EDGE('',*,*,#906,.F.);
#461=ORIENTED_EDGE('',*,*,#907,.T.);
#462=ORIENTED_EDGE('',*,*,#908,.T.);
#463=ORIENTED_EDGE('',*,*,#909,.T.);
#464=ORIENTED_EDGE('',*,*,#910,.T.);
#465=ORIENTED_EDGE('',*,*,#911,.T.);
#466=ORIENTED_EDGE('',*,*,#912,.T.);
#467=ORIENTED_EDGE('',*,*,#913,.T.);
#468=ORIENTED_EDGE('',*,*,#914,.T.);
#469=ORIENTED_EDGE('',*,*,#915,.T.);
#470=ORIENTED_EDGE('',*,*,#897,.F.);
#471=ORIENTED_EDGE('',*,*,#916,.T.);
#472=ORIENTED_EDGE('',*,*,#873,.F.);
#473=ORIENTED_EDGE('',*,*,#917,.T.);
#474=ORIENTED_EDGE('',*,*,#890,.F.);
#475=ORIENTED_EDGE('',*,*,#918,.T.);
#476=ORIENTED_EDGE('',*,*,#919,.F.);
#477=ORIENTED_EDGE('',*,*,#920,.T.);
#478=ORIENTED_EDGE('',*,*,#921,.T.);
#479=ORIENTED_EDGE('',*,*,#922,.F.);
#480=ORIENTED_EDGE('',*,*,#923,.F.);
#481=ORIENTED_EDGE('',*,*,#924,.F.);
#482=ORIENTED_EDGE('',*,*,#925,.F.);
#483=ORIENTED_EDGE('',*,*,#926,.T.);
#484=ORIENTED_EDGE('',*,*,#927,.F.);
#485=ORIENTED_EDGE('',*,*,#928,.T.);
#486=ORIENTED_EDGE('',*,*,#927,.T.);
#487=ORIENTED_EDGE('',*,*,#929,.T.);
#488=ORIENTED_EDGE('',*,*,#930,.F.);
#489=ORIENTED_EDGE('',*,*,#931,.F.);
#490=ORIENTED_EDGE('',*,*,#932,.F.);
#491=ORIENTED_EDGE('',*,*,#933,.T.);
#492=ORIENTED_EDGE('',*,*,#925,.T.);
#493=ORIENTED_EDGE('',*,*,#934,.T.);
#494=ORIENTED_EDGE('',*,*,#930,.T.);
#495=ORIENTED_EDGE('',*,*,#935,.T.);
#496=ORIENTED_EDGE('',*,*,#932,.T.);
#497=ORIENTED_EDGE('',*,*,#936,.F.);
#498=ORIENTED_EDGE('',*,*,#937,.F.);
#499=ORIENTED_EDGE('',*,*,#938,.T.);
#500=ORIENTED_EDGE('',*,*,#939,.F.);
#501=ORIENTED_EDGE('',*,*,#940,.F.);
#502=ORIENTED_EDGE('',*,*,#941,.F.);
#503=ORIENTED_EDGE('',*,*,#942,.T.);
#504=ORIENTED_EDGE('',*,*,#937,.T.);
#505=ORIENTED_EDGE('',*,*,#943,.T.);
#506=ORIENTED_EDGE('',*,*,#939,.T.);
#507=ORIENTED_EDGE('',*,*,#944,.T.);
#508=ORIENTED_EDGE('',*,*,#945,.F.);
#509=ORIENTED_EDGE('',*,*,#946,.F.);
#510=ORIENTED_EDGE('',*,*,#945,.T.);
#511=ORIENTED_EDGE('',*,*,#947,.T.);
#512=ORIENTED_EDGE('',*,*,#941,.T.);
#513=ORIENTED_EDGE('',*,*,#948,.T.);
#514=ORIENTED_EDGE('',*,*,#949,.T.);
#515=ORIENTED_EDGE('',*,*,#950,.T.);
#516=ORIENTED_EDGE('',*,*,#951,.T.);
#517=ORIENTED_EDGE('',*,*,#952,.T.);
#518=ORIENTED_EDGE('',*,*,#953,.T.);
#519=ORIENTED_EDGE('',*,*,#954,.T.);
#520=ORIENTED_EDGE('',*,*,#955,.T.);
#521=ORIENTED_EDGE('',*,*,#956,.T.);
#522=ORIENTED_EDGE('',*,*,#957,.T.);
#523=ORIENTED_EDGE('',*,*,#958,.T.);
#524=ORIENTED_EDGE('',*,*,#959,.T.);
#525=ORIENTED_EDGE('',*,*,#960,.T.);
#526=ORIENTED_EDGE('',*,*,#961,.T.);
#527=ORIENTED_EDGE('',*,*,#962,.T.);
#528=ORIENTED_EDGE('',*,*,#963,.T.);
#529=ORIENTED_EDGE('',*,*,#964,.T.);
#530=ORIENTED_EDGE('',*,*,#965,.T.);
#531=ORIENTED_EDGE('',*,*,#966,.T.);
#532=ORIENTED_EDGE('',*,*,#967,.T.);
#533=ORIENTED_EDGE('',*,*,#968,.T.);
#534=ORIENTED_EDGE('',*,*,#969,.T.);
#535=ORIENTED_EDGE('',*,*,#970,.T.);
#536=ORIENTED_EDGE('',*,*,#971,.T.);
#537=ORIENTED_EDGE('',*,*,#972,.T.);
#538=ORIENTED_EDGE('',*,*,#973,.T.);
#539=ORIENTED_EDGE('',*,*,#974,.T.);
#540=ORIENTED_EDGE('',*,*,#975,.T.);
#541=ORIENTED_EDGE('',*,*,#976,.T.);
#542=ORIENTED_EDGE('',*,*,#977,.T.);
#543=ORIENTED_EDGE('',*,*,#978,.T.);
#544=ORIENTED_EDGE('',*,*,#979,.T.);
#545=ORIENTED_EDGE('',*,*,#980,.T.);
#546=ORIENTED_EDGE('',*,*,#981,.T.);
#547=ORIENTED_EDGE('',*,*,#982,.T.);
#548=ORIENTED_EDGE('',*,*,#983,.T.);
#549=ORIENTED_EDGE('',*,*,#984,.T.);
#550=ORIENTED_EDGE('',*,*,#985,.T.);
#551=ORIENTED_EDGE('',*,*,#986,.T.);
#552=ORIENTED_EDGE('',*,*,#987,.T.);
#553=ORIENTED_EDGE('',*,*,#988,.T.);
#554=ORIENTED_EDGE('',*,*,#989,.T.);
#555=ORIENTED_EDGE('',*,*,#990,.T.);
#556=ORIENTED_EDGE('',*,*,#991,.T.);
#557=ORIENTED_EDGE('',*,*,#992,.T.);
#558=ORIENTED_EDGE('',*,*,#993,.T.);
#559=ORIENTED_EDGE('',*,*,#994,.T.);
#560=ORIENTED_EDGE('',*,*,#943,.F.);
#561=ORIENTED_EDGE('',*,*,#940,.T.);
#562=ORIENTED_EDGE('',*,*,#946,.T.);
#563=ORIENTED_EDGE('',*,*,#948,.F.);
#564=ORIENTED_EDGE('',*,*,#928,.F.);
#565=ORIENTED_EDGE('',*,*,#931,.T.);
#566=ORIENTED_EDGE('',*,*,#936,.T.);
#567=ORIENTED_EDGE('',*,*,#934,.F.);
#568=ORIENTED_EDGE('',*,*,#995,.T.);
#569=ORIENTED_EDGE('',*,*,#996,.T.);
#570=ORIENTED_EDGE('',*,*,#923,.T.);
#571=ORIENTED_EDGE('',*,*,#997,.T.);
#572=ORIENTED_EDGE('',*,*,#998,.T.);
#573=ORIENTED_EDGE('',*,*,#995,.F.);
#574=ORIENTED_EDGE('',*,*,#998,.F.);
#575=ORIENTED_EDGE('',*,*,#996,.F.);
#576=ORIENTED_EDGE('',*,*,#997,.F.);
#577=ORIENTED_EDGE('',*,*,#942,.F.);
#578=ORIENTED_EDGE('',*,*,#947,.F.);
#579=ORIENTED_EDGE('',*,*,#944,.F.);
#580=ORIENTED_EDGE('',*,*,#938,.F.);
#581=ORIENTED_EDGE('',*,*,#933,.F.);
#582=ORIENTED_EDGE('',*,*,#935,.F.);
#583=ORIENTED_EDGE('',*,*,#929,.F.);
#584=ORIENTED_EDGE('',*,*,#926,.F.);
#585=ORIENTED_EDGE('',*,*,#999,.T.);
#586=ORIENTED_EDGE('',*,*,#1000,.T.);
#587=ORIENTED_EDGE('',*,*,#1001,.T.);
#588=ORIENTED_EDGE('',*,*,#1002,.T.);
#589=ORIENTED_EDGE('',*,*,#1003,.T.);
#590=ORIENTED_EDGE('',*,*,#1004,.T.);
#591=ORIENTED_EDGE('',*,*,#1005,.T.);
#592=ORIENTED_EDGE('',*,*,#1006,.T.);
#593=ORIENTED_EDGE('',*,*,#1007,.T.);
#594=ORIENTED_EDGE('',*,*,#1008,.T.);
#595=ORIENTED_EDGE('',*,*,#1009,.T.);
#596=ORIENTED_EDGE('',*,*,#1010,.T.);
#597=ORIENTED_EDGE('',*,*,#1011,.T.);
#598=ORIENTED_EDGE('',*,*,#1012,.T.);
#599=ORIENTED_EDGE('',*,*,#1013,.T.);
#600=ORIENTED_EDGE('',*,*,#1014,.T.);
#601=ORIENTED_EDGE('',*,*,#1015,.T.);
#602=ORIENTED_EDGE('',*,*,#912,.F.);
#603=ORIENTED_EDGE('',*,*,#1016,.T.);
#604=ORIENTED_EDGE('',*,*,#1012,.F.);
#605=ORIENTED_EDGE('',*,*,#1017,.T.);
#606=ORIENTED_EDGE('',*,*,#1010,.F.);
#607=ORIENTED_EDGE('',*,*,#1018,.T.);
#608=ORIENTED_EDGE('',*,*,#1004,.F.);
#609=ORIENTED_EDGE('',*,*,#1019,.T.);
#610=ORIENTED_EDGE('',*,*,#1014,.F.);
#611=ORIENTED_EDGE('',*,*,#1020,.T.);
#612=ORIENTED_EDGE('',*,*,#1008,.F.);
#613=ORIENTED_EDGE('',*,*,#1021,.T.);
#614=ORIENTED_EDGE('',*,*,#1022,.T.);
#615=ORIENTED_EDGE('',*,*,#1023,.T.);
#616=ORIENTED_EDGE('',*,*,#1024,.F.);
#617=ORIENTED_EDGE('',*,*,#1025,.T.);
#618=ORIENTED_EDGE('',*,*,#924,.T.);
#619=ORIENTED_EDGE('',*,*,#919,.T.);
#620=ORIENTED_EDGE('',*,*,#1026,.T.);
#621=ORIENTED_EDGE('',*,*,#1022,.F.);
#622=ORIENTED_EDGE('',*,*,#1027,.T.);
#623=ORIENTED_EDGE('',*,*,#1024,.T.);
#624=ORIENTED_EDGE('',*,*,#1028,.T.);
#625=ORIENTED_EDGE('',*,*,#921,.F.);
#626=ORIENTED_EDGE('',*,*,#1029,.T.);
#627=ORIENTED_EDGE('',*,*,#1026,.F.);
#628=ORIENTED_EDGE('',*,*,#922,.T.);
#629=ORIENTED_EDGE('',*,*,#1028,.F.);
#630=ORIENTED_EDGE('',*,*,#1023,.F.);
#631=ORIENTED_EDGE('',*,*,#1027,.F.);
#632=ORIENTED_EDGE('',*,*,#1025,.F.);
#633=ORIENTED_EDGE('',*,*,#1029,.F.);
#634=ORIENTED_EDGE('',*,*,#920,.F.);
#635=ORIENTED_EDGE('',*,*,#1030,.F.);
#636=ORIENTED_EDGE('',*,*,#1031,.F.);
#637=ORIENTED_EDGE('',*,*,#1032,.F.);
#638=ORIENTED_EDGE('',*,*,#906,.T.);
#639=ORIENTED_EDGE('',*,*,#1033,.T.);
#640=ORIENTED_EDGE('',*,*,#905,.F.);
#641=ORIENTED_EDGE('',*,*,#1034,.T.);
#642=ORIENTED_EDGE('',*,*,#1035,.T.);
#643=ORIENTED_EDGE('',*,*,#888,.T.);
#644=ORIENTED_EDGE('',*,*,#1033,.F.);
#645=ORIENTED_EDGE('',*,*,#899,.T.);
#646=ORIENTED_EDGE('',*,*,#1036,.T.);
#647=ORIENTED_EDGE('',*,*,#1037,.T.);
#648=ORIENTED_EDGE('',*,*,#907,.F.);
#649=ORIENTED_EDGE('',*,*,#1032,.T.);
#650=ORIENTED_EDGE('',*,*,#892,.F.);
#651=ORIENTED_EDGE('',*,*,#1038,.T.);
#652=ORIENTED_EDGE('',*,*,#882,.F.);
#653=ORIENTED_EDGE('',*,*,#1039,.T.);
#654=ORIENTED_EDGE('',*,*,#879,.F.);
#655=ORIENTED_EDGE('',*,*,#1040,.T.);
#656=ORIENTED_EDGE('',*,*,#895,.F.);
#657=ORIENTED_EDGE('',*,*,#1041,.T.);
#658=ORIENTED_EDGE('',*,*,#1035,.F.);
#659=ORIENTED_EDGE('',*,*,#1042,.T.);
#660=ORIENTED_EDGE('',*,*,#918,.F.);
#661=ORIENTED_EDGE('',*,*,#889,.F.);
#662=ORIENTED_EDGE('',*,*,#915,.F.);
#663=ORIENTED_EDGE('',*,*,#1043,.T.);
#664=ORIENTED_EDGE('',*,*,#1036,.F.);
#665=ORIENTED_EDGE('',*,*,#898,.F.);
#666=ORIENTED_EDGE('',*,*,#874,.F.);
#667=ORIENTED_EDGE('',*,*,#916,.F.);
#668=ORIENTED_EDGE('',*,*,#896,.F.);
#669=ORIENTED_EDGE('',*,*,#1040,.F.);
#670=ORIENTED_EDGE('',*,*,#884,.F.);
#671=ORIENTED_EDGE('',*,*,#883,.F.);
#672=ORIENTED_EDGE('',*,*,#1038,.F.);
#673=ORIENTED_EDGE('',*,*,#891,.F.);
#674=ORIENTED_EDGE('',*,*,#917,.F.);
#675=ORIENTED_EDGE('',*,*,#872,.F.);
#676=ORIENTED_EDGE('',*,*,#880,.F.);
#677=ORIENTED_EDGE('',*,*,#1041,.F.);
#678=ORIENTED_EDGE('',*,*,#894,.F.);
#679=ORIENTED_EDGE('',*,*,#876,.F.);
#680=ORIENTED_EDGE('',*,*,#893,.F.);
#681=ORIENTED_EDGE('',*,*,#1039,.F.);
#682=ORIENTED_EDGE('',*,*,#881,.F.);
#683=ORIENTED_EDGE('',*,*,#878,.F.);
#684=ORIENTED_EDGE('',*,*,#870,.F.);
#685=ORIENTED_EDGE('',*,*,#1044,.T.);
#686=ORIENTED_EDGE('',*,*,#992,.F.);
#687=ORIENTED_EDGE('',*,*,#1045,.T.);
#688=ORIENTED_EDGE('',*,*,#1044,.F.);
#689=ORIENTED_EDGE('',*,*,#1030,.T.);
#690=ORIENTED_EDGE('',*,*,#999,.F.);
#691=ORIENTED_EDGE('',*,*,#1002,.F.);
#692=ORIENTED_EDGE('',*,*,#1046,.T.);
#693=ORIENTED_EDGE('',*,*,#902,.F.);
#694=ORIENTED_EDGE('',*,*,#1047,.T.);
#695=ORIENTED_EDGE('',*,*,#987,.F.);
#696=ORIENTED_EDGE('',*,*,#1048,.T.);
#697=ORIENTED_EDGE('',*,*,#989,.F.);
#698=ORIENTED_EDGE('',*,*,#1049,.T.);
#699=ORIENTED_EDGE('',*,*,#991,.F.);
#700=ORIENTED_EDGE('',*,*,#1050,.T.);
#701=ORIENTED_EDGE('',*,*,#885,.F.);
#702=ORIENTED_EDGE('',*,*,#1051,.T.);
#703=ORIENTED_EDGE('',*,*,#993,.F.);
#704=ORIENTED_EDGE('',*,*,#1045,.F.);
#705=ORIENTED_EDGE('',*,*,#887,.F.);
#706=ORIENTED_EDGE('',*,*,#1052,.T.);
#707=ORIENTED_EDGE('',*,*,#1000,.F.);
#708=ORIENTED_EDGE('',*,*,#1053,.T.);
#709=ORIENTED_EDGE('',*,*,#900,.F.);
#710=ORIENTED_EDGE('',*,*,#1031,.T.);
#711=ORIENTED_EDGE('',*,*,#1006,.F.);
#712=ORIENTED_EDGE('',*,*,#1054,.T.);
#713=ORIENTED_EDGE('',*,*,#985,.F.);
#714=ORIENTED_EDGE('',*,*,#1055,.T.);
#715=ORIENTED_EDGE('',*,*,#914,.F.);
#716=ORIENTED_EDGE('',*,*,#1056,.T.);
#717=ORIENTED_EDGE('',*,*,#908,.F.);
#718=ORIENTED_EDGE('',*,*,#1037,.F.);
#719=ORIENTED_EDGE('',*,*,#1043,.F.);
#720=ORIENTED_EDGE('',*,*,#904,.F.);
#721=ORIENTED_EDGE('',*,*,#1057,.T.);
#722=ORIENTED_EDGE('',*,*,#910,.F.);
#723=ORIENTED_EDGE('',*,*,#1042,.F.);
#724=ORIENTED_EDGE('',*,*,#1034,.F.);
#725=ORIENTED_EDGE('',*,*,#1058,.F.);
#726=ORIENTED_EDGE('',*,*,#1054,.F.);
#727=ORIENTED_EDGE('',*,*,#1059,.F.);
#728=ORIENTED_EDGE('',*,*,#977,.F.);
#729=ORIENTED_EDGE('',*,*,#1059,.T.);
#730=ORIENTED_EDGE('',*,*,#1005,.F.);
#731=ORIENTED_EDGE('',*,*,#1060,.F.);
#732=ORIENTED_EDGE('',*,*,#978,.F.);
#733=ORIENTED_EDGE('',*,*,#1058,.T.);
#734=ORIENTED_EDGE('',*,*,#976,.F.);
#735=ORIENTED_EDGE('',*,*,#1061,.F.);
#736=ORIENTED_EDGE('',*,*,#986,.F.);
#737=ORIENTED_EDGE('',*,*,#1060,.T.);
#738=ORIENTED_EDGE('',*,*,#1018,.F.);
#739=ORIENTED_EDGE('',*,*,#1062,.F.);
#740=ORIENTED_EDGE('',*,*,#979,.F.);
#741=ORIENTED_EDGE('',*,*,#1061,.T.);
#742=ORIENTED_EDGE('',*,*,#975,.F.);
#743=ORIENTED_EDGE('',*,*,#1063,.F.);
#744=ORIENTED_EDGE('',*,*,#1048,.F.);
#745=ORIENTED_EDGE('',*,*,#1062,.T.);
#746=ORIENTED_EDGE('',*,*,#1009,.F.);
#747=ORIENTED_EDGE('',*,*,#1064,.F.);
#748=ORIENTED_EDGE('',*,*,#980,.F.);
#749=ORIENTED_EDGE('',*,*,#1063,.T.);
#750=ORIENTED_EDGE('',*,*,#974,.F.);
#751=ORIENTED_EDGE('',*,*,#1065,.F.);
#752=ORIENTED_EDGE('',*,*,#990,.F.);
#753=ORIENTED_EDGE('',*,*,#1064,.T.);
#754=ORIENTED_EDGE('',*,*,#1020,.F.);
#755=ORIENTED_EDGE('',*,*,#1066,.F.);
#756=ORIENTED_EDGE('',*,*,#981,.F.);
#757=ORIENTED_EDGE('',*,*,#1065,.T.);
#758=ORIENTED_EDGE('',*,*,#973,.F.);
#759=ORIENTED_EDGE('',*,*,#1067,.F.);
#760=ORIENTED_EDGE('',*,*,#1050,.F.);
#761=ORIENTED_EDGE('',*,*,#1066,.T.);
#762=ORIENTED_EDGE('',*,*,#1013,.F.);
#763=ORIENTED_EDGE('',*,*,#1068,.F.);
#764=ORIENTED_EDGE('',*,*,#982,.F.);
#765=ORIENTED_EDGE('',*,*,#1067,.T.);
#766=ORIENTED_EDGE('',*,*,#972,.F.);
#767=ORIENTED_EDGE('',*,*,#1069,.F.);
#768=ORIENTED_EDGE('',*,*,#886,.F.);
#769=ORIENTED_EDGE('',*,*,#1068,.T.);
#770=ORIENTED_EDGE('',*,*,#1016,.F.);
#771=ORIENTED_EDGE('',*,*,#1070,.F.);
#772=ORIENTED_EDGE('',*,*,#983,.F.);
#773=ORIENTED_EDGE('',*,*,#1069,.T.);
#774=ORIENTED_EDGE('',*,*,#971,.F.);
#775=ORIENTED_EDGE('',*,*,#1071,.F.);
#776=ORIENTED_EDGE('',*,*,#1052,.F.);
#777=ORIENTED_EDGE('',*,*,#1070,.T.);
#778=ORIENTED_EDGE('',*,*,#911,.F.);
#779=ORIENTED_EDGE('',*,*,#1072,.F.);
#780=ORIENTED_EDGE('',*,*,#984,.F.);
#781=ORIENTED_EDGE('',*,*,#1071,.T.);
#782=ORIENTED_EDGE('',*,*,#970,.F.);
#783=ORIENTED_EDGE('',*,*,#1073,.F.);
#784=ORIENTED_EDGE('',*,*,#1001,.F.);
#785=ORIENTED_EDGE('',*,*,#1072,.T.);
#786=ORIENTED_EDGE('',*,*,#1057,.F.);
#787=ORIENTED_EDGE('',*,*,#1074,.F.);
#788=ORIENTED_EDGE('',*,*,#967,.F.);
#789=ORIENTED_EDGE('',*,*,#1073,.T.);
#790=ORIENTED_EDGE('',*,*,#969,.F.);
#791=ORIENTED_EDGE('',*,*,#1075,.F.);
#792=ORIENTED_EDGE('',*,*,#1046,.F.);
#793=ORIENTED_EDGE('',*,*,#1074,.T.);
#794=ORIENTED_EDGE('',*,*,#903,.F.);
#795=ORIENTED_EDGE('',*,*,#1075,.T.);
#796=ORIENTED_EDGE('',*,*,#968,.F.);
#797=ORIENTED_EDGE('',*,*,#1076,.F.);
#798=ORIENTED_EDGE('',*,*,#1055,.F.);
#799=ORIENTED_EDGE('',*,*,#1077,.F.);
#800=ORIENTED_EDGE('',*,*,#959,.F.);
#801=ORIENTED_EDGE('',*,*,#1077,.T.);
#802=ORIENTED_EDGE('',*,*,#988,.F.);
#803=ORIENTED_EDGE('',*,*,#1078,.F.);
#804=ORIENTED_EDGE('',*,*,#960,.F.);
#805=ORIENTED_EDGE('',*,*,#1076,.T.);
#806=ORIENTED_EDGE('',*,*,#958,.F.);
#807=ORIENTED_EDGE('',*,*,#1079,.F.);
#808=ORIENTED_EDGE('',*,*,#1007,.F.);
#809=ORIENTED_EDGE('',*,*,#1078,.T.);
#810=ORIENTED_EDGE('',*,*,#1049,.F.);
#811=ORIENTED_EDGE('',*,*,#1080,.F.);
#812=ORIENTED_EDGE('',*,*,#961,.F.);
#813=ORIENTED_EDGE('',*,*,#1079,.T.);
#814=ORIENTED_EDGE('',*,*,#957,.F.);
#815=ORIENTED_EDGE('',*,*,#1081,.F.);
#816=ORIENTED_EDGE('',*,*,#1019,.F.);
#817=ORIENTED_EDGE('',*,*,#1080,.T.);
#818=ORIENTED_EDGE('',*,*,#994,.F.);
#819=ORIENTED_EDGE('',*,*,#1082,.F.);
#820=ORIENTED_EDGE('',*,*,#962,.F.);
#821=ORIENTED_EDGE('',*,*,#1081,.T.);
#822=ORIENTED_EDGE('',*,*,#956,.F.);
#823=ORIENTED_EDGE('',*,*,#1083,.F.);
#824=ORIENTED_EDGE('',*,*,#1011,.F.);
#825=ORIENTED_EDGE('',*,*,#1082,.T.);
#826=ORIENTED_EDGE('',*,*,#1051,.F.);
#827=ORIENTED_EDGE('',*,*,#1084,.F.);
#828=ORIENTED_EDGE('',*,*,#963,.F.);
#829=ORIENTED_EDGE('',*,*,#1083,.T.);
#830=ORIENTED_EDGE('',*,*,#955,.F.);
#831=ORIENTED_EDGE('',*,*,#1085,.F.);
#832=ORIENTED_EDGE('',*,*,#1021,.F.);
#833=ORIENTED_EDGE('',*,*,#1084,.T.);
#834=ORIENTED_EDGE('',*,*,#901,.F.);
#835=ORIENTED_EDGE('',*,*,#1086,.F.);
#836=ORIENTED_EDGE('',*,*,#964,.F.);
#837=ORIENTED_EDGE('',*,*,#1085,.T.);
#838=ORIENTED_EDGE('',*,*,#954,.F.);
#839=ORIENTED_EDGE('',*,*,#1087,.F.);
#840=ORIENTED_EDGE('',*,*,#1015,.F.);
#841=ORIENTED_EDGE('',*,*,#1086,.T.);
#842=ORIENTED_EDGE('',*,*,#1053,.F.);
#843=ORIENTED_EDGE('',*,*,#1088,.F.);
#844=ORIENTED_EDGE('',*,*,#965,.F.);
#845=ORIENTED_EDGE('',*,*,#1087,.T.);
#846=ORIENTED_EDGE('',*,*,#953,.F.);
#847=ORIENTED_EDGE('',*,*,#1089,.F.);
#848=ORIENTED_EDGE('',*,*,#1017,.F.);
#849=ORIENTED_EDGE('',*,*,#1088,.T.);
#850=ORIENTED_EDGE('',*,*,#1003,.F.);
#851=ORIENTED_EDGE('',*,*,#1090,.F.);
#852=ORIENTED_EDGE('',*,*,#966,.F.);
#853=ORIENTED_EDGE('',*,*,#1089,.T.);
#854=ORIENTED_EDGE('',*,*,#952,.F.);
#855=ORIENTED_EDGE('',*,*,#1091,.F.);
#856=ORIENTED_EDGE('',*,*,#913,.F.);
#857=ORIENTED_EDGE('',*,*,#1090,.T.);
#858=ORIENTED_EDGE('',*,*,#1047,.F.);
#859=ORIENTED_EDGE('',*,*,#1092,.F.);
#860=ORIENTED_EDGE('',*,*,#949,.F.);
#861=ORIENTED_EDGE('',*,*,#1091,.T.);
#862=ORIENTED_EDGE('',*,*,#951,.F.);
#863=ORIENTED_EDGE('',*,*,#1093,.F.);
#864=ORIENTED_EDGE('',*,*,#1056,.F.);
#865=ORIENTED_EDGE('',*,*,#1092,.T.);
#866=ORIENTED_EDGE('',*,*,#909,.F.);
#867=ORIENTED_EDGE('',*,*,#1093,.T.);
#868=ORIENTED_EDGE('',*,*,#950,.F.);
#869=EDGE_CURVE('',#1094,#1094,#1235,.T.);
#870=EDGE_CURVE('',#1095,#1095,#1236,.T.);
#871=EDGE_CURVE('',#1096,#1097,#44,.T.);
#872=EDGE_CURVE('',#1097,#1098,#38,.F.);
#873=EDGE_CURVE('',#1098,#1099,#45,.T.);
#874=EDGE_CURVE('',#1099,#1096,#39,.F.);
#875=EDGE_CURVE('',#1100,#1101,#46,.T.);
#876=EDGE_CURVE('',#1100,#1102,#47,.F.);
#877=EDGE_CURVE('',#1102,#1103,#48,.T.);
#878=EDGE_CURVE('',#1103,#1101,#49,.T.);
#879=EDGE_CURVE('',#1104,#1105,#50,.F.);
#880=EDGE_CURVE('',#1105,#1100,#1237,.T.);
#881=EDGE_CURVE('',#1101,#1106,#1238,.T.);
#882=EDGE_CURVE('',#1106,#1107,#51,.T.);
#883=EDGE_CURVE('',#1107,#1097,#1239,.F.);
#884=EDGE_CURVE('',#1096,#1104,#1240,.F.);
#885=EDGE_CURVE('',#1108,#1109,#52,.T.);
#886=EDGE_CURVE('',#1109,#1110,#53,.T.);
#887=EDGE_CURVE('',#1110,#1111,#54,.T.);
#888=EDGE_CURVE('',#1112,#1111,#55,.T.);
#889=EDGE_CURVE('',#1112,#1113,#1241,.T.);
#890=EDGE_CURVE('',#1113,#1114,#56,.T.);
#891=EDGE_CURVE('',#1114,#1115,#1242,.T.);
#892=EDGE_CURVE('',#1115,#1116,#57,.T.);
#893=EDGE_CURVE('',#1116,#1103,#1243,.F.);
#894=EDGE_CURVE('',#1102,#1117,#1244,.F.);
#895=EDGE_CURVE('',#1117,#1118,#58,.F.);
#896=EDGE_CURVE('',#1118,#1119,#1245,.T.);
#897=EDGE_CURVE('',#1119,#1120,#59,.T.);
#898=EDGE_CURVE('',#1120,#1121,#1246,.T.);
#899=EDGE_CURVE('',#1122,#1121,#60,.T.);
#900=EDGE_CURVE('',#1122,#1123,#61,.T.);
#901=EDGE_CURVE('',#1123,#1108,#62,.T.);
#902=EDGE_CURVE('',#1124,#1125,#63,.F.);
#903=EDGE_CURVE('',#1125,#1126,#64,.T.);
#904=EDGE_CURVE('',#1126,#1127,#65,.T.);
#905=EDGE_CURVE('',#1127,#1128,#66,.T.);
#906=EDGE_CURVE('',#1129,#1128,#67,.T.);
#907=EDGE_CURVE('',#1129,#1130,#68,.T.);
#908=EDGE_CURVE('',#1130,#1131,#69,.T.);
#909=EDGE_CURVE('',#1131,#1124,#70,.T.);
#910=EDGE_CURVE('',#1132,#1133,#71,.F.);
#911=EDGE_CURVE('',#1133,#1134,#72,.T.);
#912=EDGE_CURVE('',#1134,#1135,#73,.T.);
#913=EDGE_CURVE('',#1135,#1136,#74,.T.);
#914=EDGE_CURVE('',#1136,#1137,#75,.F.);
#915=EDGE_CURVE('',#1137,#1120,#76,.T.);
#916=EDGE_CURVE('',#1119,#1099,#77,.T.);
#917=EDGE_CURVE('',#1098,#1114,#78,.T.);
#918=EDGE_CURVE('',#1113,#1132,#79,.F.);
#919=EDGE_CURVE('',#1138,#1139,#80,.T.);
#920=EDGE_CURVE('',#1138,#1140,#81,.T.);
#921=EDGE_CURVE('',#1140,#1141,#82,.T.);
#922=EDGE_CURVE('',#1139,#1141,#83,.T.);
#923=EDGE_CURVE('',#1142,#1142,#1247,.T.);
#924=EDGE_CURVE('',#1143,#1143,#1248,.F.);
#925=EDGE_CURVE('',#1144,#1145,#84,.F.);
#926=EDGE_CURVE('',#1144,#1146,#85,.T.);
#927=EDGE_CURVE('',#1147,#1146,#86,.F.);
#928=EDGE_CURVE('',#1147,#1145,#87,.T.);
#929=EDGE_CURVE('',#1146,#1148,#88,.F.);
#930=EDGE_CURVE('',#1149,#1148,#89,.F.);
#931=EDGE_CURVE('',#1147,#1149,#90,.T.);
#932=EDGE_CURVE('',#1150,#1151,#91,.T.);
#933=EDGE_CURVE('',#1150,#1144,#92,.T.);
#934=EDGE_CURVE('',#1145,#1151,#93,.T.);
#935=EDGE_CURVE('',#1148,#1150,#94,.F.);
#936=EDGE_CURVE('',#1149,#1151,#95,.T.);
#937=EDGE_CURVE('',#1152,#1153,#96,.T.);
#938=EDGE_CURVE('',#1152,#1154,#97,.F.);
#939=EDGE_CURVE('',#1155,#1154,#98,.T.);
#940=EDGE_CURVE('',#1153,#1155,#99,.T.);
#941=EDGE_CURVE('',#1156,#1157,#100,.F.);
#942=EDGE_CURVE('',#1156,#1152,#101,.T.);
#943=EDGE_CURVE('',#1153,#1157,#102,.T.);
#944=EDGE_CURVE('',#1154,#1158,#103,.F.);
#945=EDGE_CURVE('',#1159,#1158,#104,.T.);
#946=EDGE_CURVE('',#1155,#1159,#105,.T.);
#947=EDGE_CURVE('',#1158,#1156,#106,.T.);
#948=EDGE_CURVE('',#1157,#1159,#107,.T.);
#949=EDGE_CURVE('',#1160,#1161,#1249,.T.);
#950=EDGE_CURVE('',#1161,#1162,#108,.T.);
#951=EDGE_CURVE('',#1162,#1163,#1250,.F.);
#952=EDGE_CURVE('',#1163,#1164,#109,.T.);
#953=EDGE_CURVE('',#1164,#1165,#1251,.F.);
#954=EDGE_CURVE('',#1165,#1166,#110,.T.);
#955=EDGE_CURVE('',#1166,#1167,#1252,.T.);
#956=EDGE_CURVE('',#1167,#1168,#111,.T.);
#957=EDGE_CURVE('',#1168,#1169,#1253,.T.);
#958=EDGE_CURVE('',#1169,#1170,#112,.T.);
#959=EDGE_CURVE('',#1170,#1171,#1254,.T.);
#960=EDGE_CURVE('',#1171,#1172,#113,.T.);
#961=EDGE_CURVE('',#1172,#1173,#1255,.T.);
#962=EDGE_CURVE('',#1173,#1174,#114,.T.);
#963=EDGE_CURVE('',#1174,#1175,#1256,.T.);
#964=EDGE_CURVE('',#1175,#1176,#115,.T.);
#965=EDGE_CURVE('',#1176,#1177,#1257,.T.);
#966=EDGE_CURVE('',#1177,#1160,#116,.T.);
#967=EDGE_CURVE('',#1178,#1179,#1258,.T.);
#968=EDGE_CURVE('',#1179,#1180,#117,.T.);
#969=EDGE_CURVE('',#1180,#1181,#1259,.F.);
#970=EDGE_CURVE('',#1181,#1182,#118,.T.);
#971=EDGE_CURVE('',#1182,#1183,#1260,.F.);
#972=EDGE_CURVE('',#1183,#1184,#119,.T.);
#973=EDGE_CURVE('',#1184,#1185,#1261,.F.);
#974=EDGE_CURVE('',#1185,#1186,#120,.T.);
#975=EDGE_CURVE('',#1186,#1187,#1262,.F.);
#976=EDGE_CURVE('',#1187,#1188,#121,.T.);
#977=EDGE_CURVE('',#1188,#1189,#1263,.F.);
#978=EDGE_CURVE('',#1189,#1190,#122,.T.);
#979=EDGE_CURVE('',#1190,#1191,#1264,.F.);
#980=EDGE_CURVE('',#1191,#1192,#123,.T.);
#981=EDGE_CURVE('',#1192,#1193,#1265,.F.);
#982=EDGE_CURVE('',#1193,#1194,#124,.T.);
#983=EDGE_CURVE('',#1194,#1195,#1266,.T.);
#984=EDGE_CURVE('',#1195,#1178,#125,.T.);
#985=EDGE_CURVE('',#1196,#1197,#126,.F.);
#986=EDGE_CURVE('',#1197,#1198,#127,.T.);
#987=EDGE_CURVE('',#1198,#1199,#128,.F.);
#988=EDGE_CURVE('',#1199,#1196,#129,.T.);
#989=EDGE_CURVE('',#1200,#1201,#130,.T.);
#990=EDGE_CURVE('',#1201,#1202,#131,.T.);
#991=EDGE_CURVE('',#1202,#1203,#132,.F.);
#992=EDGE_CURVE('',#1203,#1204,#1267,.T.);
#993=EDGE_CURVE('',#1204,#1205,#133,.F.);
#994=EDGE_CURVE('',#1205,#1200,#134,.T.);
#995=EDGE_CURVE('',#1206,#1206,#1268,.T.);
#996=EDGE_CURVE('',#1207,#1207,#1269,.T.);
#997=EDGE_CURVE('',#1208,#1208,#1270,.T.);
#998=EDGE_CURVE('',#1209,#1209,#1271,.T.);
#999=EDGE_CURVE('',#1210,#1210,#1272,.F.);
#1000=EDGE_CURVE('',#1211,#1212,#135,.F.);
#1001=EDGE_CURVE('',#1212,#1213,#136,.T.);
#1002=EDGE_CURVE('',#1213,#1214,#137,.T.);
#1003=EDGE_CURVE('',#1214,#1211,#138,.T.);
#1004=EDGE_CURVE('',#1215,#1216,#139,.F.);
#1005=EDGE_CURVE('',#1216,#1217,#140,.T.);
#1006=EDGE_CURVE('',#1217,#1218,#141,.T.);
#1007=EDGE_CURVE('',#1218,#1215,#142,.T.);
#1008=EDGE_CURVE('',#1219,#1220,#143,.F.);
#1009=EDGE_CURVE('',#1220,#1221,#144,.T.);
#1010=EDGE_CURVE('',#1221,#1222,#145,.T.);
#1011=EDGE_CURVE('',#1222,#1219,#146,.T.);
#1012=EDGE_CURVE('',#1223,#1224,#147,.F.);
#1013=EDGE_CURVE('',#1224,#1225,#148,.T.);
#1014=EDGE_CURVE('',#1225,#1226,#149,.T.);
#1015=EDGE_CURVE('',#1226,#1223,#150,.T.);
#1016=EDGE_CURVE('',#1134,#1224,#1273,.F.);
#1017=EDGE_CURVE('',#1223,#1135,#1274,.T.);
#1018=EDGE_CURVE('',#1221,#1216,#1275,.T.);
#1019=EDGE_CURVE('',#1215,#1222,#1276,.F.);
#1020=EDGE_CURVE('',#1225,#1220,#1277,.T.);
#1021=EDGE_CURVE('',#1219,#1226,#1278,.F.);
#1022=EDGE_CURVE('',#1227,#1228,#151,.T.);
#1023=EDGE_CURVE('',#1228,#1229,#152,.T.);
#1024=EDGE_CURVE('',#1230,#1229,#153,.T.);
#1025=EDGE_CURVE('',#1230,#1227,#154,.T.);
#1026=EDGE_CURVE('',#1139,#1228,#155,.T.);
#1027=EDGE_CURVE('',#1227,#1138,#156,.F.);
#1028=EDGE_CURVE('',#1229,#1141,#157,.T.);
#1029=EDGE_CURVE('',#1140,#1230,#158,.F.);
#1030=EDGE_CURVE('',#1231,#1231,#1279,.T.);
#1031=EDGE_CURVE('',#1122,#1111,#159,.T.);
#1032=EDGE_CURVE('',#1129,#1122,#160,.T.);
#1033=EDGE_CURVE('',#1128,#1111,#161,.T.);
#1034=EDGE_CURVE('',#1127,#1232,#40,.F.);
#1035=EDGE_CURVE('',#1232,#1112,#162,.T.);
#1036=EDGE_CURVE('',#1121,#1233,#163,.F.);
#1037=EDGE_CURVE('',#1233,#1130,#41,.F.);
#1038=EDGE_CURVE('',#1115,#1107,#164,.F.);
#1039=EDGE_CURVE('',#1106,#1116,#165,.F.);
#1040=EDGE_CURVE('',#1104,#1118,#166,.T.);
#1041=EDGE_CURVE('',#1117,#1105,#167,.F.);
#1042=EDGE_CURVE('',#1232,#1132,#42,.T.);
#1043=EDGE_CURVE('',#1137,#1233,#43,.T.);
#1044=EDGE_CURVE('',#1234,#1234,#1280,.T.);
#1045=EDGE_CURVE('',#1203,#1204,#16,.T.);
#1046=EDGE_CURVE('',#1213,#1125,#1281,.T.);
#1047=EDGE_CURVE('',#1124,#1214,#1282,.F.);
#1048=EDGE_CURVE('',#1198,#1201,#1283,.T.);
#1049=EDGE_CURVE('',#1200,#1199,#1284,.F.);
#1050=EDGE_CURVE('',#1202,#1109,#1285,.T.);
#1051=EDGE_CURVE('',#1108,#1205,#1286,.F.);
#1052=EDGE_CURVE('',#1110,#1212,#1287,.T.);
#1053=EDGE_CURVE('',#1211,#1123,#1288,.F.);
#1054=EDGE_CURVE('',#1217,#1197,#1289,.T.);
#1055=EDGE_CURVE('',#1196,#1218,#1290,.F.);
#1056=EDGE_CURVE('',#1136,#1131,#1291,.T.);
#1057=EDGE_CURVE('',#1126,#1133,#1292,.F.);
#1058=EDGE_CURVE('',#1197,#1188,#168,.T.);
#1059=EDGE_CURVE('',#1189,#1217,#169,.T.);
#1060=EDGE_CURVE('',#1190,#1216,#170,.T.);
#1061=EDGE_CURVE('',#1198,#1187,#171,.T.);
#1062=EDGE_CURVE('',#1191,#1221,#172,.T.);
#1063=EDGE_CURVE('',#1201,#1186,#173,.T.);
#1064=EDGE_CURVE('',#1192,#1220,#174,.T.);
#1065=EDGE_CURVE('',#1202,#1185,#175,.T.);
#1066=EDGE_CURVE('',#1193,#1225,#176,.T.);
#1067=EDGE_CURVE('',#1109,#1184,#177,.T.);
#1068=EDGE_CURVE('',#1194,#1224,#178,.T.);
#1069=EDGE_CURVE('',#1110,#1183,#179,.T.);
#1070=EDGE_CURVE('',#1195,#1134,#180,.T.);
#1071=EDGE_CURVE('',#1212,#1182,#181,.T.);
#1072=EDGE_CURVE('',#1178,#1133,#182,.T.);
#1073=EDGE_CURVE('',#1213,#1181,#183,.T.);
#1074=EDGE_CURVE('',#1179,#1126,#184,.T.);
#1075=EDGE_CURVE('',#1125,#1180,#185,.T.);
#1076=EDGE_CURVE('',#1218,#1170,#186,.T.);
#1077=EDGE_CURVE('',#1171,#1196,#187,.T.);
#1078=EDGE_CURVE('',#1172,#1199,#188,.T.);
#1079=EDGE_CURVE('',#1215,#1169,#189,.T.);
#1080=EDGE_CURVE('',#1173,#1200,#190,.T.);
#1081=EDGE_CURVE('',#1222,#1168,#191,.T.);
#1082=EDGE_CURVE('',#1174,#1205,#192,.T.);
#1083=EDGE_CURVE('',#1219,#1167,#193,.T.);
#1084=EDGE_CURVE('',#1175,#1108,#194,.T.);
#1085=EDGE_CURVE('',#1226,#1166,#195,.T.);
#1086=EDGE_CURVE('',#1176,#1123,#196,.T.);
#1087=EDGE_CURVE('',#1223,#1165,#197,.T.);
#1088=EDGE_CURVE('',#1177,#1211,#198,.T.);
#1089=EDGE_CURVE('',#1135,#1164,#199,.T.);
#1090=EDGE_CURVE('',#1160,#1214,#200,.T.);
#1091=EDGE_CURVE('',#1136,#1163,#201,.T.);
#1092=EDGE_CURVE('',#1161,#1124,#202,.T.);
#1093=EDGE_CURVE('',#1131,#1162,#203,.T.);
#1094=VERTEX_POINT('',#2291);
#1095=VERTEX_POINT('',#2293);
#1096=VERTEX_POINT('',#2296);
#1097=VERTEX_POINT('',#2297);
#1098=VERTEX_POINT('',#2299);
#1099=VERTEX_POINT('',#2301);
#1100=VERTEX_POINT('',#2305);
#1101=VERTEX_POINT('',#2306);
#1102=VERTEX_POINT('',#2308);
#1103=VERTEX_POINT('',#2310);
#1104=VERTEX_POINT('',#2314);
#1105=VERTEX_POINT('',#2315);
#1106=VERTEX_POINT('',#2318);
#1107=VERTEX_POINT('',#2320);
#1108=VERTEX_POINT('',#2325);
#1109=VERTEX_POINT('',#2326);
#1110=VERTEX_POINT('',#2328);
#1111=VERTEX_POINT('',#2330);
#1112=VERTEX_POINT('',#2332);
#1113=VERTEX_POINT('',#2334);
#1114=VERTEX_POINT('',#2336);
#1115=VERTEX_POINT('',#2338);
#1116=VERTEX_POINT('',#2340);
#1117=VERTEX_POINT('',#2343);
#1118=VERTEX_POINT('',#2345);
#1119=VERTEX_POINT('',#2347);
#1120=VERTEX_POINT('',#2349);
#1121=VERTEX_POINT('',#2351);
#1122=VERTEX_POINT('',#2353);
#1123=VERTEX_POINT('',#2355);
#1124=VERTEX_POINT('',#2359);
#1125=VERTEX_POINT('',#2360);
#1126=VERTEX_POINT('',#2362);
#1127=VERTEX_POINT('',#2364);
#1128=VERTEX_POINT('',#2366);
#1129=VERTEX_POINT('',#2368);
#1130=VERTEX_POINT('',#2370);
#1131=VERTEX_POINT('',#2372);
#1132=VERTEX_POINT('',#2376);
#1133=VERTEX_POINT('',#2377);
#1134=VERTEX_POINT('',#2379);
#1135=VERTEX_POINT('',#2381);
#1136=VERTEX_POINT('',#2383);
#1137=VERTEX_POINT('',#2385);
#1138=VERTEX_POINT('',#2391);
#1139=VERTEX_POINT('',#2392);
#1140=VERTEX_POINT('',#2394);
#1141=VERTEX_POINT('',#2396);
#1142=VERTEX_POINT('',#2400);
#1143=VERTEX_POINT('',#2402);
#1144=VERTEX_POINT('',#2405);
#1145=VERTEX_POINT('',#2406);
#1146=VERTEX_POINT('',#2408);
#1147=VERTEX_POINT('',#2410);
#1148=VERTEX_POINT('',#2414);
#1149=VERTEX_POINT('',#2416);
#1150=VERTEX_POINT('',#2420);
#1151=VERTEX_POINT('',#2421);
#1152=VERTEX_POINT('',#2429);
#1153=VERTEX_POINT('',#2430);
#1154=VERTEX_POINT('',#2432);
#1155=VERTEX_POINT('',#2434);
#1156=VERTEX_POINT('',#2438);
#1157=VERTEX_POINT('',#2439);
#1158=VERTEX_POINT('',#2444);
#1159=VERTEX_POINT('',#2446);
#1160=VERTEX_POINT('',#2453);
#1161=VERTEX_POINT('',#2454);
#1162=VERTEX_POINT('',#2456);
#1163=VERTEX_POINT('',#2458);
#1164=VERTEX_POINT('',#2460);
#1165=VERTEX_POINT('',#2462);
#1166=VERTEX_POINT('',#2464);
#1167=VERTEX_POINT('',#2466);
#1168=VERTEX_POINT('',#2468);
#1169=VERTEX_POINT('',#2470);
#1170=VERTEX_POINT('',#2472);
#1171=VERTEX_POINT('',#2474);
#1172=VERTEX_POINT('',#2476);
#1173=VERTEX_POINT('',#2478);
#1174=VERTEX_POINT('',#2480);
#1175=VERTEX_POINT('',#2482);
#1176=VERTEX_POINT('',#2484);
#1177=VERTEX_POINT('',#2486);
#1178=VERTEX_POINT('',#2490);
#1179=VERTEX_POINT('',#2491);
#1180=VERTEX_POINT('',#2493);
#1181=VERTEX_POINT('',#2495);
#1182=VERTEX_POINT('',#2497);
#1183=VERTEX_POINT('',#2499);
#1184=VERTEX_POINT('',#2501);
#1185=VERTEX_POINT('',#2503);
#1186=VERTEX_POINT('',#2505);
#1187=VERTEX_POINT('',#2507);
#1188=VERTEX_POINT('',#2509);
#1189=VERTEX_POINT('',#2511);
#1190=VERTEX_POINT('',#2513);
#1191=VERTEX_POINT('',#2515);
#1192=VERTEX_POINT('',#2517);
#1193=VERTEX_POINT('',#2519);
#1194=VERTEX_POINT('',#2521);
#1195=VERTEX_POINT('',#2523);
#1196=VERTEX_POINT('',#2527);
#1197=VERTEX_POINT('',#2528);
#1198=VERTEX_POINT('',#2530);
#1199=VERTEX_POINT('',#2532);
#1200=VERTEX_POINT('',#2536);
#1201=VERTEX_POINT('',#2537);
#1202=VERTEX_POINT('',#2539);
#1203=VERTEX_POINT('',#2541);
#1204=VERTEX_POINT('',#2543);
#1205=VERTEX_POINT('',#2545);
#1206=VERTEX_POINT('',#2548);
#1207=VERTEX_POINT('',#2550);
#1208=VERTEX_POINT('',#2553);
#1209=VERTEX_POINT('',#2556);
#1210=VERTEX_POINT('',#2563);
#1211=VERTEX_POINT('',#2565);
#1212=VERTEX_POINT('',#2566);
#1213=VERTEX_POINT('',#2568);
#1214=VERTEX_POINT('',#2570);
#1215=VERTEX_POINT('',#2574);
#1216=VERTEX_POINT('',#2575);
#1217=VERTEX_POINT('',#2577);
#1218=VERTEX_POINT('',#2579);
#1219=VERTEX_POINT('',#2583);
#1220=VERTEX_POINT('',#2584);
#1221=VERTEX_POINT('',#2586);
#1222=VERTEX_POINT('',#2588);
#1223=VERTEX_POINT('',#2592);
#1224=VERTEX_POINT('',#2593);
#1225=VERTEX_POINT('',#2595);
#1226=VERTEX_POINT('',#2597);
#1227=VERTEX_POINT('',#2610);
#1228=VERTEX_POINT('',#2611);
#1229=VERTEX_POINT('',#2613);
#1230=VERTEX_POINT('',#2615);
#1231=VERTEX_POINT('',#2627);
#1232=VERTEX_POINT('',#2633);
#1233=VERTEX_POINT('',#2637);
#1234=VERTEX_POINT('',#2655);
#1235=CIRCLE('',#1647,0.00125);
#1236=CIRCLE('',#1648,0.00125);
#1237=CIRCLE('',#1654,0.001);
#1238=CIRCLE('',#1655,0.001);
#1239=CIRCLE('',#1656,0.001);
#1240=CIRCLE('',#1657,0.001);
#1241=CIRCLE('',#1659,0.001);
#1242=CIRCLE('',#1660,0.001);
#1243=CIRCLE('',#1661,0.001);
#1244=CIRCLE('',#1662,0.001);
#1245=CIRCLE('',#1663,0.001);
#1246=CIRCLE('',#1664,0.001);
#1247=CIRCLE('',#1668,0.002);
#1248=CIRCLE('',#1669,0.002);
#1249=CIRCLE('',#1679,0.0015);
#1250=CIRCLE('',#1680,0.0015);
#1251=CIRCLE('',#1681,0.0015);
#1252=CIRCLE('',#1682,0.001);
#1253=CIRCLE('',#1683,0.001);
#1254=CIRCLE('',#1684,0.0015);
#1255=CIRCLE('',#1685,0.0015);
#1256=CIRCLE('',#1686,0.0015);
#1257=CIRCLE('',#1687,0.0015);
#1258=CIRCLE('',#1689,0.0015);
#1259=CIRCLE('',#1690,0.0015);
#1260=CIRCLE('',#1691,0.0015);
#1261=CIRCLE('',#1692,0.0015);
#1262=CIRCLE('',#1693,0.0015);
#1263=CIRCLE('',#1694,0.0015);
#1264=CIRCLE('',#1695,0.001);
#1265=CIRCLE('',#1696,0.001);
#1266=CIRCLE('',#1697,0.0015);
#1267=CIRCLE('',#1700,0.0045);
#1268=CIRCLE('',#1701,0.0036);
#1269=CIRCLE('',#1702,0.0036);
#1270=CIRCLE('',#1704,0.0015);
#1271=CIRCLE('',#1706,0.0015);
#1272=CIRCLE('',#1712,0.000875);
#1273=CIRCLE('',#1717,0.001);
#1274=CIRCLE('',#1718,0.001);
#1275=CIRCLE('',#1720,0.0015);
#1276=CIRCLE('',#1721,0.0015);
#1277=CIRCLE('',#1723,0.0015);
#1278=CIRCLE('',#1724,0.0015);
#1279=CIRCLE('',#1731,0.000875);
#1280=CIRCLE('',#1747,0.0025);
#1281=CIRCLE('',#1751,0.002);
#1282=CIRCLE('',#1752,0.002);
#1283=CIRCLE('',#1754,0.002);
#1284=CIRCLE('',#1755,0.002);
#1285=CIRCLE('',#1757,0.002);
#1286=CIRCLE('',#1758,0.002);
#1287=CIRCLE('',#1760,0.002);
#1288=CIRCLE('',#1761,0.002);
#1289=CIRCLE('',#1763,0.002);
#1290=CIRCLE('',#1764,0.002);
#1291=CIRCLE('',#1766,0.001);
#1292=CIRCLE('',#1768,0.001);
#1293=EDGE_LOOP('',(#419));
#1294=EDGE_LOOP('',(#420));
#1295=EDGE_LOOP('',(#421,#422,#423,#424));
#1296=EDGE_LOOP('',(#425));
#1297=EDGE_LOOP('',(#426,#427,#428,#429));
#1298=EDGE_LOOP('',(#430,#431,#432,#433,#434,#435,#436,#437));
#1299=EDGE_LOOP('',(#438,#439,#440,#441,#442,#443,#444,#445,#446,#447,#448,
#449,#450,#451,#452,#453,#454,#455));
#1300=EDGE_LOOP('',(#456,#457,#458,#459,#460,#461,#462,#463));
#1301=EDGE_LOOP('',(#464,#465,#466,#467,#468,#469,#470,#471,#472,#473,#474,
#475));
#1302=EDGE_LOOP('',(#476,#477,#478,#479));
#1303=EDGE_LOOP('',(#480));
#1304=EDGE_LOOP('',(#481));
#1305=EDGE_LOOP('',(#482,#483,#484,#485));
#1306=EDGE_LOOP('',(#486,#487,#488,#489));
#1307=EDGE_LOOP('',(#490,#491,#492,#493));
#1308=EDGE_LOOP('',(#494,#495,#496,#497));
#1309=EDGE_LOOP('',(#498,#499,#500,#501));
#1310=EDGE_LOOP('',(#502,#503,#504,#505));
#1311=EDGE_LOOP('',(#506,#507,#508,#509));
#1312=EDGE_LOOP('',(#510,#511,#512,#513));
#1313=EDGE_LOOP('',(#514,#515,#516,#517,#518,#519,#520,#521,#522,#523,#524,
#525,#526,#527,#528,#529,#530,#531));
#1314=EDGE_LOOP('',(#532,#533,#534,#535,#536,#537,#538,#539,#540,#541,#542,
#543,#544,#545,#546,#547,#548,#549));
#1315=EDGE_LOOP('',(#550,#551,#552,#553));
#1316=EDGE_LOOP('',(#554,#555,#556,#557,#558,#559));
#1317=EDGE_LOOP('',(#560,#561,#562,#563));
#1318=EDGE_LOOP('',(#564,#565,#566,#567));
#1319=EDGE_LOOP('',(#568));
#1320=EDGE_LOOP('',(#569));
#1321=EDGE_LOOP('',(#570));
#1322=EDGE_LOOP('',(#571));
#1323=EDGE_LOOP('',(#572));
#1324=EDGE_LOOP('',(#573));
#1325=EDGE_LOOP('',(#574));
#1326=EDGE_LOOP('',(#575));
#1327=EDGE_LOOP('',(#576));
#1328=EDGE_LOOP('',(#577,#578,#579,#580));
#1329=EDGE_LOOP('',(#581,#582,#583,#584));
#1330=EDGE_LOOP('',(#585));
#1331=EDGE_LOOP('',(#586,#587,#588,#589));
#1332=EDGE_LOOP('',(#590,#591,#592,#593));
#1333=EDGE_LOOP('',(#594,#595,#596,#597));
#1334=EDGE_LOOP('',(#598,#599,#600,#601));
#1335=EDGE_LOOP('',(#602,#603,#604,#605));
#1336=EDGE_LOOP('',(#606,#607,#608,#609));
#1337=EDGE_LOOP('',(#610,#611,#612,#613));
#1338=EDGE_LOOP('',(#614,#615,#616,#617));
#1339=EDGE_LOOP('',(#618));
#1340=EDGE_LOOP('',(#619,#620,#621,#622));
#1341=EDGE_LOOP('',(#623,#624,#625,#626));
#1342=EDGE_LOOP('',(#627,#628,#629,#630));
#1343=EDGE_LOOP('',(#631,#632,#633,#634));
#1344=EDGE_LOOP('',(#635));
#1345=EDGE_LOOP('',(#636,#637,#638,#639));
#1346=EDGE_LOOP('',(#640,#641,#642,#643,#644));
#1347=EDGE_LOOP('',(#645,#646,#647,#648,#649));
#1348=EDGE_LOOP('',(#650,#651,#652,#653));
#1349=EDGE_LOOP('',(#654,#655,#656,#657));
#1350=EDGE_LOOP('',(#658,#659,#660,#661));
#1351=EDGE_LOOP('',(#662,#663,#664,#665));
#1352=EDGE_LOOP('',(#666,#667,#668,#669,#670));
#1353=EDGE_LOOP('',(#671,#672,#673,#674,#675));
#1354=EDGE_LOOP('',(#676,#677,#678,#679));
#1355=EDGE_LOOP('',(#680,#681,#682,#683));
#1356=EDGE_LOOP('',(#684));
#1357=EDGE_LOOP('',(#685));
#1358=EDGE_LOOP('',(#686,#687));
#1359=EDGE_LOOP('',(#688));
#1360=EDGE_LOOP('',(#689));
#1361=EDGE_LOOP('',(#690));
#1362=EDGE_LOOP('',(#691,#692,#693,#694));
#1363=EDGE_LOOP('',(#695,#696,#697,#698));
#1364=EDGE_LOOP('',(#699,#700,#701,#702,#703,#704));
#1365=EDGE_LOOP('',(#705,#706,#707,#708,#709,#710));
#1366=EDGE_LOOP('',(#711,#712,#713,#714));
#1367=EDGE_LOOP('',(#715,#716,#717,#718,#719));
#1368=EDGE_LOOP('',(#720,#721,#722,#723,#724));
#1369=EDGE_LOOP('',(#725,#726,#727,#728));
#1370=EDGE_LOOP('',(#729,#730,#731,#732));
#1371=EDGE_LOOP('',(#733,#734,#735,#736));
#1372=EDGE_LOOP('',(#737,#738,#739,#740));
#1373=EDGE_LOOP('',(#741,#742,#743,#744));
#1374=EDGE_LOOP('',(#745,#746,#747,#748));
#1375=EDGE_LOOP('',(#749,#750,#751,#752));
#1376=EDGE_LOOP('',(#753,#754,#755,#756));
#1377=EDGE_LOOP('',(#757,#758,#759,#760));
#1378=EDGE_LOOP('',(#761,#762,#763,#764));
#1379=EDGE_LOOP('',(#765,#766,#767,#768));
#1380=EDGE_LOOP('',(#769,#770,#771,#772));
#1381=EDGE_LOOP('',(#773,#774,#775,#776));
#1382=EDGE_LOOP('',(#777,#778,#779,#780));
#1383=EDGE_LOOP('',(#781,#782,#783,#784));
#1384=EDGE_LOOP('',(#785,#786,#787,#788));
#1385=EDGE_LOOP('',(#789,#790,#791,#792));
#1386=EDGE_LOOP('',(#793,#794,#795,#796));
#1387=EDGE_LOOP('',(#797,#798,#799,#800));
#1388=EDGE_LOOP('',(#801,#802,#803,#804));
#1389=EDGE_LOOP('',(#805,#806,#807,#808));
#1390=EDGE_LOOP('',(#809,#810,#811,#812));
#1391=EDGE_LOOP('',(#813,#814,#815,#816));
#1392=EDGE_LOOP('',(#817,#818,#819,#820));
#1393=EDGE_LOOP('',(#821,#822,#823,#824));
#1394=EDGE_LOOP('',(#825,#826,#827,#828));
#1395=EDGE_LOOP('',(#829,#830,#831,#832));
#1396=EDGE_LOOP('',(#833,#834,#835,#836));
#1397=EDGE_LOOP('',(#837,#838,#839,#840));
#1398=EDGE_LOOP('',(#841,#842,#843,#844));
#1399=EDGE_LOOP('',(#845,#846,#847,#848));
#1400=EDGE_LOOP('',(#849,#850,#851,#852));
#1401=EDGE_LOOP('',(#853,#854,#855,#856));
#1402=EDGE_LOOP('',(#857,#858,#859,#860));
#1403=EDGE_LOOP('',(#861,#862,#863,#864));
#1404=EDGE_LOOP('',(#865,#866,#867,#868));
#1405=FACE_BOUND('',#1293,.T.);
#1406=FACE_BOUND('',#1294,.T.);
#1407=FACE_BOUND('',#1295,.T.);
#1408=FACE_BOUND('',#1296,.T.);
#1409=FACE_BOUND('',#1297,.T.);
#1410=FACE_BOUND('',#1298,.T.);
#1411=FACE_BOUND('',#1299,.T.);
#1412=FACE_BOUND('',#1300,.T.);
#1413=FACE_BOUND('',#1301,.T.);
#1414=FACE_BOUND('',#1302,.T.);
#1415=FACE_BOUND('',#1303,.T.);
#1416=FACE_BOUND('',#1304,.T.);
#1417=FACE_BOUND('',#1305,.T.);
#1418=FACE_BOUND('',#1306,.T.);
#1419=FACE_BOUND('',#1307,.T.);
#1420=FACE_BOUND('',#1308,.T.);
#1421=FACE_BOUND('',#1309,.T.);
#1422=FACE_BOUND('',#1310,.T.);
#1423=FACE_BOUND('',#1311,.T.);
#1424=FACE_BOUND('',#1312,.T.);
#1425=FACE_BOUND('',#1313,.T.);
#1426=FACE_BOUND('',#1314,.T.);
#1427=FACE_BOUND('',#1315,.T.);
#1428=FACE_BOUND('',#1316,.T.);
#1429=FACE_BOUND('',#1317,.T.);
#1430=FACE_BOUND('',#1318,.T.);
#1431=FACE_BOUND('',#1319,.T.);
#1432=FACE_BOUND('',#1320,.T.);
#1433=FACE_BOUND('',#1321,.T.);
#1434=FACE_BOUND('',#1322,.T.);
#1435=FACE_BOUND('',#1323,.T.);
#1436=FACE_BOUND('',#1324,.T.);
#1437=FACE_BOUND('',#1325,.T.);
#1438=FACE_BOUND('',#1326,.T.);
#1439=FACE_BOUND('',#1327,.T.);
#1440=FACE_BOUND('',#1328,.T.);
#1441=FACE_BOUND('',#1329,.T.);
#1442=FACE_BOUND('',#1330,.T.);
#1443=FACE_BOUND('',#1331,.T.);
#1444=FACE_BOUND('',#1332,.T.);
#1445=FACE_BOUND('',#1333,.T.);
#1446=FACE_BOUND('',#1334,.T.);
#1447=FACE_BOUND('',#1335,.T.);
#1448=FACE_BOUND('',#1336,.T.);
#1449=FACE_BOUND('',#1337,.T.);
#1450=FACE_BOUND('',#1338,.T.);
#1451=FACE_BOUND('',#1339,.T.);
#1452=FACE_BOUND('',#1340,.T.);
#1453=FACE_BOUND('',#1341,.T.);
#1454=FACE_BOUND('',#1342,.T.);
#1455=FACE_BOUND('',#1343,.T.);
#1456=FACE_BOUND('',#1344,.T.);
#1457=FACE_BOUND('',#1345,.T.);
#1458=FACE_BOUND('',#1346,.T.);
#1459=FACE_BOUND('',#1347,.T.);
#1460=FACE_BOUND('',#1348,.T.);
#1461=FACE_BOUND('',#1349,.T.);
#1462=FACE_BOUND('',#1350,.T.);
#1463=FACE_BOUND('',#1351,.T.);
#1464=FACE_BOUND('',#1352,.T.);
#1465=FACE_BOUND('',#1353,.T.);
#1466=FACE_BOUND('',#1354,.T.);
#1467=FACE_BOUND('',#1355,.T.);
#1468=FACE_BOUND('',#1356,.T.);
#1469=FACE_BOUND('',#1357,.T.);
#1470=FACE_BOUND('',#1358,.T.);
#1471=FACE_BOUND('',#1359,.T.);
#1472=FACE_BOUND('',#1360,.T.);
#1473=FACE_BOUND('',#1361,.T.);
#1474=FACE_BOUND('',#1362,.T.);
#1475=FACE_BOUND('',#1363,.T.);
#1476=FACE_BOUND('',#1364,.T.);
#1477=FACE_BOUND('',#1365,.T.);
#1478=FACE_BOUND('',#1366,.T.);
#1479=FACE_BOUND('',#1367,.T.);
#1480=FACE_BOUND('',#1368,.T.);
#1481=FACE_BOUND('',#1369,.T.);
#1482=FACE_BOUND('',#1370,.T.);
#1483=FACE_BOUND('',#1371,.T.);
#1484=FACE_BOUND('',#1372,.T.);
#1485=FACE_BOUND('',#1373,.T.);
#1486=FACE_BOUND('',#1374,.T.);
#1487=FACE_BOUND('',#1375,.T.);
#1488=FACE_BOUND('',#1376,.T.);
#1489=FACE_BOUND('',#1377,.T.);
#1490=FACE_BOUND('',#1378,.T.);
#1491=FACE_BOUND('',#1379,.T.);
#1492=FACE_BOUND('',#1380,.T.);
#1493=FACE_BOUND('',#1381,.T.);
#1494=FACE_BOUND('',#1382,.T.);
#1495=FACE_BOUND('',#1383,.T.);
#1496=FACE_BOUND('',#1384,.T.);
#1497=FACE_BOUND('',#1385,.T.);
#1498=FACE_BOUND('',#1386,.T.);
#1499=FACE_BOUND('',#1387,.T.);
#1500=FACE_BOUND('',#1388,.T.);
#1501=FACE_BOUND('',#1389,.T.);
#1502=FACE_BOUND('',#1390,.T.);
#1503=FACE_BOUND('',#1391,.T.);
#1504=FACE_BOUND('',#1392,.T.);
#1505=FACE_BOUND('',#1393,.T.);
#1506=FACE_BOUND('',#1394,.T.);
#1507=FACE_BOUND('',#1395,.T.);
#1508=FACE_BOUND('',#1396,.T.);
#1509=FACE_BOUND('',#1397,.T.);
#1510=FACE_BOUND('',#1398,.T.);
#1511=FACE_BOUND('',#1399,.T.);
#1512=FACE_BOUND('',#1400,.T.);
#1513=FACE_BOUND('',#1401,.T.);
#1514=FACE_BOUND('',#1402,.T.);
#1515=FACE_BOUND('',#1403,.T.);
#1516=FACE_BOUND('',#1404,.T.);
#1517=CYLINDRICAL_SURFACE('',#1646,0.00125);
#1518=CYLINDRICAL_SURFACE('',#1667,0.002);
#1519=CYLINDRICAL_SURFACE('',#1716,0.001);
#1520=CYLINDRICAL_SURFACE('',#1719,0.0015);
#1521=CYLINDRICAL_SURFACE('',#1722,0.0015);
#1522=CYLINDRICAL_SURFACE('',#1738,0.001);
#1523=CYLINDRICAL_SURFACE('',#1740,0.001);
#1524=CYLINDRICAL_SURFACE('',#1742,0.001);
#1525=CYLINDRICAL_SURFACE('',#1743,0.001);
#1526=CYLINDRICAL_SURFACE('',#1744,0.001);
#1527=CYLINDRICAL_SURFACE('',#1745,0.001);
#1528=CYLINDRICAL_SURFACE('',#1749,0.000875);
#1529=CYLINDRICAL_SURFACE('',#1750,0.002);
#1530=CYLINDRICAL_SURFACE('',#1753,0.002);
#1531=CYLINDRICAL_SURFACE('',#1756,0.002);
#1532=CYLINDRICAL_SURFACE('',#1759,0.002);
#1533=CYLINDRICAL_SURFACE('',#1762,0.002);
#1534=CYLINDRICAL_SURFACE('',#1765,0.001);
#1535=CYLINDRICAL_SURFACE('',#1767,0.001);
#1536=ADVANCED_FACE('',(#1405,#1406),#1517,.F.);
#1537=ADVANCED_FACE('',(#1407),#364,.T.);
#1538=ADVANCED_FACE('',(#1408,#1409),#365,.T.);
#1539=ADVANCED_FACE('',(#1410),#366,.T.);
#1540=ADVANCED_FACE('',(#1411),#367,.F.);
#1541=ADVANCED_FACE('',(#1412),#368,.T.);
#1542=ADVANCED_FACE('',(#1413,#1414),#369,.T.);
#1543=ADVANCED_FACE('',(#1415,#1416),#1518,.F.);
#1544=ADVANCED_FACE('',(#1417),#370,.T.);
#1545=ADVANCED_FACE('',(#1418),#371,.F.);
#1546=ADVANCED_FACE('',(#1419),#372,.T.);
#1547=ADVANCED_FACE('',(#1420),#373,.F.);
#1548=ADVANCED_FACE('',(#1421),#374,.F.);
#1549=ADVANCED_FACE('',(#1422),#375,.T.);
#1550=ADVANCED_FACE('',(#1423),#376,.F.);
#1551=ADVANCED_FACE('',(#1424),#377,.T.);
#1552=ADVANCED_FACE('',(#1425),#378,.T.);
#1553=ADVANCED_FACE('',(#1426),#379,.F.);
#1554=ADVANCED_FACE('',(#1427),#380,.T.);
#1555=ADVANCED_FACE('',(#1428,#1429,#1430,#1431,#1432,#1433),#381,.F.);
#1556=ADVANCED_FACE('',(#1434),#382,.T.);
#1557=ADVANCED_FACE('',(#1435),#383,.T.);
#1558=ADVANCED_FACE('',(#1436,#1437),#17,.T.);
#1559=ADVANCED_FACE('',(#1438,#1439),#18,.T.);
#1560=ADVANCED_FACE('',(#1440),#384,.T.);
#1561=ADVANCED_FACE('',(#1441),#385,.T.);
#1562=ADVANCED_FACE('',(#1442,#1443),#386,.T.);
#1563=ADVANCED_FACE('',(#1444),#387,.F.);
#1564=ADVANCED_FACE('',(#1445),#388,.F.);
#1565=ADVANCED_FACE('',(#1446),#389,.F.);
#1566=ADVANCED_FACE('',(#1447),#1519,.F.);
#1567=ADVANCED_FACE('',(#1448),#1520,.T.);
#1568=ADVANCED_FACE('',(#1449),#1521,.T.);
#1569=ADVANCED_FACE('',(#1450,#1451),#390,.T.);
#1570=ADVANCED_FACE('',(#1452),#391,.F.);
#1571=ADVANCED_FACE('',(#1453),#392,.T.);
#1572=ADVANCED_FACE('',(#1454),#393,.F.);
#1573=ADVANCED_FACE('',(#1455),#394,.T.);
#1574=ADVANCED_FACE('',(#1456,#1457),#395,.F.);
#1575=ADVANCED_FACE('',(#1458),#396,.T.);
#1576=ADVANCED_FACE('',(#1459),#397,.T.);
#1577=ADVANCED_FACE('',(#1460),#398,.T.);
#1578=ADVANCED_FACE('',(#1461),#399,.F.);
#1579=ADVANCED_FACE('',(#1462),#1522,.F.);
#1580=ADVANCED_FACE('',(#1463),#1523,.F.);
#1581=ADVANCED_FACE('',(#1464),#1524,.F.);
#1582=ADVANCED_FACE('',(#1465),#1525,.F.);
#1583=ADVANCED_FACE('',(#1466),#1526,.T.);
#1584=ADVANCED_FACE('',(#1467),#1527,.T.);
#1585=ADVANCED_FACE('',(#1468,#1469),#400,.T.);
#1586=ADVANCED_FACE('',(#1470,#1471),#19,.F.);
#1587=ADVANCED_FACE('',(#1472,#1473),#1528,.F.);
#1588=ADVANCED_FACE('',(#1474),#1529,.T.);
#1589=ADVANCED_FACE('',(#1475),#1530,.T.);
#1590=ADVANCED_FACE('',(#1476),#1531,.T.);
#1591=ADVANCED_FACE('',(#1477),#1532,.T.);
#1592=ADVANCED_FACE('',(#1478),#1533,.T.);
#1593=ADVANCED_FACE('',(#1479),#1534,.F.);
#1594=ADVANCED_FACE('',(#1480),#1535,.F.);
#1595=ADVANCED_FACE('',(#1481),#20,.T.);
#1596=ADVANCED_FACE('',(#1482),#401,.F.);
#1597=ADVANCED_FACE('',(#1483),#402,.T.);
#1598=ADVANCED_FACE('',(#1484),#21,.T.);
#1599=ADVANCED_FACE('',(#1485),#22,.T.);
#1600=ADVANCED_FACE('',(#1486),#403,.F.);
#1601=ADVANCED_FACE('',(#1487),#404,.F.);
#1602=ADVANCED_FACE('',(#1488),#23,.T.);
#1603=ADVANCED_FACE('',(#1489),#24,.T.);
#1604=ADVANCED_FACE('',(#1490),#405,.F.);
#1605=ADVANCED_FACE('',(#1491),#406,.F.);
#1606=ADVANCED_FACE('',(#1492),#25,.F.);
#1607=ADVANCED_FACE('',(#1493),#26,.T.);
#1608=ADVANCED_FACE('',(#1494),#407,.T.);
#1609=ADVANCED_FACE('',(#1495),#408,.T.);
#1610=ADVANCED_FACE('',(#1496),#27,.F.);
#1611=ADVANCED_FACE('',(#1497),#28,.T.);
#1612=ADVANCED_FACE('',(#1498),#409,.T.);
#1613=ADVANCED_FACE('',(#1499),#29,.T.);
#1614=ADVANCED_FACE('',(#1500),#410,.F.);
#1615=ADVANCED_FACE('',(#1501),#411,.T.);
#1616=ADVANCED_FACE('',(#1502),#30,.T.);
#1617=ADVANCED_FACE('',(#1503),#31,.T.);
#1618=ADVANCED_FACE('',(#1504),#412,.T.);
#1619=ADVANCED_FACE('',(#1505),#413,.T.);
#1620=ADVANCED_FACE('',(#1506),#32,.T.);
#1621=ADVANCED_FACE('',(#1507),#33,.T.);
#1622=ADVANCED_FACE('',(#1508),#414,.T.);
#1623=ADVANCED_FACE('',(#1509),#415,.T.);
#1624=ADVANCED_FACE('',(#1510),#34,.T.);
#1625=ADVANCED_FACE('',(#1511),#35,.F.);
#1626=ADVANCED_FACE('',(#1512),#416,.F.);
#1627=ADVANCED_FACE('',(#1513),#417,.F.);
#1628=ADVANCED_FACE('',(#1514),#36,.T.);
#1629=ADVANCED_FACE('',(#1515),#37,.F.);
#1630=ADVANCED_FACE('',(#1516),#418,.F.);
#1631=CLOSED_SHELL('',(#1536,#1537,#1538,#1539,#1540,#1541,#1542,#1543,
#1544,#1545,#1546,#1547,#1548,#1549,#1550,#1551,#1552,#1553,#1554,#1555,
#1556,#1557,#1558,#1559,#1560,#1561,#1562,#1563,#1564,#1565,#1566,#1567,
#1568,#1569,#1570,#1571,#1572,#1573,#1574,#1575,#1576,#1577,#1578,#1579,
#1580,#1581,#1582,#1583,#1584,#1585,#1586,#1587,#1588,#1589,#1590,#1591,
#1592,#1593,#1594,#1595,#1596,#1597,#1598,#1599,#1600,#1601,#1602,#1603,
#1604,#1605,#1606,#1607,#1608,#1609,#1610,#1611,#1612,#1613,#1614,#1615,
#1616,#1617,#1618,#1619,#1620,#1621,#1622,#1623,#1624,#1625,#1626,#1627,
#1628,#1629,#1630));
#1632=STYLED_ITEM('',(#1633),#1640);
#1633=PRESENTATION_STYLE_ASSIGNMENT((#1634));
#1634=SURFACE_STYLE_USAGE(.BOTH.,#1635);
#1635=SURFACE_SIDE_STYLE('',(#1636));
#1636=SURFACE_STYLE_FILL_AREA(#1637);
#1637=FILL_AREA_STYLE('',(#1638));
#1638=FILL_AREA_STYLE_COLOUR('',#1639);
#1639=COLOUR_RGB('',0.647058823529412,0.647058823529412,0.647058823529412);
#1640=MANIFOLD_SOLID_BREP('DINMount',#1631);
#1641=SHAPE_DEFINITION_REPRESENTATION(#2766,#1643);
#1642=SHAPE_DEFINITION_REPRESENTATION(#2767,#1644);
#1643=SHAPE_REPRESENTATION('DINMount',(#1645,#1805),#2759);
#1644=SHAPE_REPRESENTATION('DINMount',(#1645),#2760);
#1645=AXIS2_PLACEMENT_3D('',#2288,#1806,#1807);
#1646=AXIS2_PLACEMENT_3D('',#2289,#1808,#1809);
#1647=AXIS2_PLACEMENT_3D('',#2290,#1810,#1811);
#1648=AXIS2_PLACEMENT_3D('',#2292,#1812,#1813);
#1649=AXIS2_PLACEMENT_3D('',#2294,#1814,#1815);
#1650=AXIS2_PLACEMENT_3D('',#2298,#1817,#1818);
#1651=AXIS2_PLACEMENT_3D('',#2302,#1820,#1821);
#1652=AXIS2_PLACEMENT_3D('',#2303,#1822,#1823);
#1653=AXIS2_PLACEMENT_3D('',#2312,#1828,#1829);
#1654=AXIS2_PLACEMENT_3D('',#2316,#1831,#1832);
#1655=AXIS2_PLACEMENT_3D('',#2317,#1833,#1834);
#1656=AXIS2_PLACEMENT_3D('',#2321,#1836,#1837);
#1657=AXIS2_PLACEMENT_3D('',#2322,#1838,#1839);
#1658=AXIS2_PLACEMENT_3D('',#2323,#1840,#1841);
#1659=AXIS2_PLACEMENT_3D('',#2333,#1846,#1847);
#1660=AXIS2_PLACEMENT_3D('',#2337,#1849,#1850);
#1661=AXIS2_PLACEMENT_3D('',#2341,#1852,#1853);
#1662=AXIS2_PLACEMENT_3D('',#2342,#1854,#1855);
#1663=AXIS2_PLACEMENT_3D('',#2346,#1857,#1858);
#1664=AXIS2_PLACEMENT_3D('',#2350,#1860,#1861);
#1665=AXIS2_PLACEMENT_3D('',#2357,#1865,#1866);
#1666=AXIS2_PLACEMENT_3D('',#2374,#1875,#1876);
#1667=AXIS2_PLACEMENT_3D('',#2398,#1890,#1891);
#1668=AXIS2_PLACEMENT_3D('',#2399,#1892,#1893);
#1669=AXIS2_PLACEMENT_3D('',#2401,#1894,#1895);
#1670=AXIS2_PLACEMENT_3D('',#2403,#1896,#1897);
#1671=AXIS2_PLACEMENT_3D('',#2412,#1902,#1903);
#1672=AXIS2_PLACEMENT_3D('',#2418,#1907,#1908);
#1673=AXIS2_PLACEMENT_3D('',#2424,#1912,#1913);
#1674=AXIS2_PLACEMENT_3D('',#2427,#1916,#1917);
#1675=AXIS2_PLACEMENT_3D('',#2436,#1922,#1923);
#1676=AXIS2_PLACEMENT_3D('',#2442,#1927,#1928);
#1677=AXIS2_PLACEMENT_3D('',#2448,#1932,#1933);
#1678=AXIS2_PLACEMENT_3D('',#2451,#1936,#1937);
#1679=AXIS2_PLACEMENT_3D('',#2452,#1938,#1939);
#1680=AXIS2_PLACEMENT_3D('',#2457,#1941,#1942);
#1681=AXIS2_PLACEMENT_3D('',#2461,#1944,#1945);
#1682=AXIS2_PLACEMENT_3D('',#2465,#1947,#1948);
#1683=AXIS2_PLACEMENT_3D('',#2469,#1950,#1951);
#1684=AXIS2_PLACEMENT_3D('',#2473,#1953,#1954);
#1685=AXIS2_PLACEMENT_3D('',#2477,#1956,#1957);
#1686=AXIS2_PLACEMENT_3D('',#2481,#1959,#1960);
#1687=AXIS2_PLACEMENT_3D('',#2485,#1962,#1963);
#1688=AXIS2_PLACEMENT_3D('',#2488,#1965,#1966);
#1689=AXIS2_PLACEMENT_3D('',#2489,#1967,#1968);
#1690=AXIS2_PLACEMENT_3D('',#2494,#1970,#1971);
#1691=AXIS2_PLACEMENT_3D('',#2498,#1973,#1974);
#1692=AXIS2_PLACEMENT_3D('',#2502,#1976,#1977);
#1693=AXIS2_PLACEMENT_3D('',#2506,#1979,#1980);
#1694=AXIS2_PLACEMENT_3D('',#2510,#1982,#1983);
#1695=AXIS2_PLACEMENT_3D('',#2514,#1985,#1986);
#1696=AXIS2_PLACEMENT_3D('',#2518,#1988,#1989);
#1697=AXIS2_PLACEMENT_3D('',#2522,#1991,#1992);
#1698=AXIS2_PLACEMENT_3D('',#2525,#1994,#1995);
#1699=AXIS2_PLACEMENT_3D('',#2534,#2000,#2001);
#1700=AXIS2_PLACEMENT_3D('',#2542,#2005,#2006);
#1701=AXIS2_PLACEMENT_3D('',#2547,#2009,#2010);
#1702=AXIS2_PLACEMENT_3D('',#2549,#2011,#2012);
#1703=AXIS2_PLACEMENT_3D('',#2551,#2013,#2014);
#1704=AXIS2_PLACEMENT_3D('',#2552,#2015,#2016);
#1705=AXIS2_PLACEMENT_3D('',#2554,#2017,#2018);
#1706=AXIS2_PLACEMENT_3D('',#2555,#2019,#2020);
#1707=AXIS2_PLACEMENT_3D('',#2557,#2021,#2022);
#1708=AXIS2_PLACEMENT_3D('',#2558,#2023,#2024);
#1709=AXIS2_PLACEMENT_3D('',#2559,#2025,#2026);
#1710=AXIS2_PLACEMENT_3D('',#2560,#2027,#2028);
#1711=AXIS2_PLACEMENT_3D('',#2561,#2029,#2030);
#1712=AXIS2_PLACEMENT_3D('',#2562,#2031,#2032);
#1713=AXIS2_PLACEMENT_3D('',#2572,#2037,#2038);
#1714=AXIS2_PLACEMENT_3D('',#2581,#2043,#2044);
#1715=AXIS2_PLACEMENT_3D('',#2590,#2049,#2050);
#1716=AXIS2_PLACEMENT_3D('',#2599,#2055,#2056);
#1717=AXIS2_PLACEMENT_3D('',#2600,#2057,#2058);
#1718=AXIS2_PLACEMENT_3D('',#2601,#2059,#2060);
#1719=AXIS2_PLACEMENT_3D('',#2602,#2061,#2062);
#1720=AXIS2_PLACEMENT_3D('',#2603,#2063,#2064);
#1721=AXIS2_PLACEMENT_3D('',#2604,#2065,#2066);
#1722=AXIS2_PLACEMENT_3D('',#2605,#2067,#2068);
#1723=AXIS2_PLACEMENT_3D('',#2606,#2069,#2070);
#1724=AXIS2_PLACEMENT_3D('',#2607,#2071,#2072);
#1725=AXIS2_PLACEMENT_3D('',#2608,#2073,#2074);
#1726=AXIS2_PLACEMENT_3D('',#2617,#2079,#2080);
#1727=AXIS2_PLACEMENT_3D('',#2620,#2083,#2084);
#1728=AXIS2_PLACEMENT_3D('',#2623,#2087,#2088);
#1729=AXIS2_PLACEMENT_3D('',#2624,#2089,#2090);
#1730=AXIS2_PLACEMENT_3D('',#2625,#2091,#2092);
#1731=AXIS2_PLACEMENT_3D('',#2626,#2093,#2094);
#1732=AXIS2_PLACEMENT_3D('',#2631,#2098,#2099);
#1733=AXIS2_PLACEMENT_3D('',#2632,#2100,#2101);
#1734=AXIS2_PLACEMENT_3D('',#2635,#2103,#2104);
#1735=AXIS2_PLACEMENT_3D('',#2638,#2106,#2107);
#1736=AXIS2_PLACEMENT_3D('',#2639,#2108,#2109);
#1737=AXIS2_PLACEMENT_3D('',#2642,#2112,#2113);
#1738=AXIS2_PLACEMENT_3D('',#2645,#2116,#2117);
#1739=AXIS2_PLACEMENT_3D('',#2646,#2118,#2119);
#1740=AXIS2_PLACEMENT_3D('',#2647,#2120,#2121);
#1741=AXIS2_PLACEMENT_3D('',#2648,#2122,#2123);
#1742=AXIS2_PLACEMENT_3D('',#2649,#2124,#2125);
#1743=AXIS2_PLACEMENT_3D('',#2650,#2126,#2127);
#1744=AXIS2_PLACEMENT_3D('',#2651,#2128,#2129);
#1745=AXIS2_PLACEMENT_3D('',#2652,#2130,#2131);
#1746=AXIS2_PLACEMENT_3D('',#2653,#2132,#2133);
#1747=AXIS2_PLACEMENT_3D('',#2654,#2134,#2135);
#1748=AXIS2_PLACEMENT_3D('',#2656,#2136,#2137);
#1749=AXIS2_PLACEMENT_3D('',#2665,#2138,#2139);
#1750=AXIS2_PLACEMENT_3D('',#2666,#2140,#2141);
#1751=AXIS2_PLACEMENT_3D('',#2667,#2142,#2143);
#1752=AXIS2_PLACEMENT_3D('',#2668,#2144,#2145);
#1753=AXIS2_PLACEMENT_3D('',#2669,#2146,#2147);
#1754=AXIS2_PLACEMENT_3D('',#2670,#2148,#2149);
#1755=AXIS2_PLACEMENT_3D('',#2671,#2150,#2151);
#1756=AXIS2_PLACEMENT_3D('',#2672,#2152,#2153);
#1757=AXIS2_PLACEMENT_3D('',#2673,#2154,#2155);
#1758=AXIS2_PLACEMENT_3D('',#2674,#2156,#2157);
#1759=AXIS2_PLACEMENT_3D('',#2675,#2158,#2159);
#1760=AXIS2_PLACEMENT_3D('',#2676,#2160,#2161);
#1761=AXIS2_PLACEMENT_3D('',#2677,#2162,#2163);
#1762=AXIS2_PLACEMENT_3D('',#2678,#2164,#2165);
#1763=AXIS2_PLACEMENT_3D('',#2679,#2166,#2167);
#1764=AXIS2_PLACEMENT_3D('',#2680,#2168,#2169);
#1765=AXIS2_PLACEMENT_3D('',#2681,#2170,#2171);
#1766=AXIS2_PLACEMENT_3D('',#2682,#2172,#2173);
#1767=AXIS2_PLACEMENT_3D('',#2683,#2174,#2175);
#1768=AXIS2_PLACEMENT_3D('',#2684,#2176,#2177);
#1769=AXIS2_PLACEMENT_3D('',#2685,#2178,#2179);
#1770=AXIS2_PLACEMENT_3D('',#2688,#2182,#2183);
#1771=AXIS2_PLACEMENT_3D('',#2690,#2185,#2186);
#1772=AXIS2_PLACEMENT_3D('',#2692,#2188,#2189);
#1773=AXIS2_PLACEMENT_3D('',#2694,#2191,#2192);
#1774=AXIS2_PLACEMENT_3D('',#2696,#2194,#2195);
#1775=AXIS2_PLACEMENT_3D('',#2698,#2197,#2198);
#1776=AXIS2_PLACEMENT_3D('',#2700,#2200,#2201);
#1777=AXIS2_PLACEMENT_3D('',#2702,#2203,#2204);
#1778=AXIS2_PLACEMENT_3D('',#2704,#2206,#2207);
#1779=AXIS2_PLACEMENT_3D('',#2706,#2209,#2210);
#1780=AXIS2_PLACEMENT_3D('',#2708,#2212,#2213);
#1781=AXIS2_PLACEMENT_3D('',#2710,#2215,#2216);
#1782=AXIS2_PLACEMENT_3D('',#2712,#2218,#2219);
#1783=AXIS2_PLACEMENT_3D('',#2714,#2221,#2222);
#1784=AXIS2_PLACEMENT_3D('',#2716,#2224,#2225);
#1785=AXIS2_PLACEMENT_3D('',#2718,#2227,#2228);
#1786=AXIS2_PLACEMENT_3D('',#2720,#2230,#2231);
#1787=AXIS2_PLACEMENT_3D('',#2721,#2232,#2233);
#1788=AXIS2_PLACEMENT_3D('',#2724,#2236,#2237);
#1789=AXIS2_PLACEMENT_3D('',#2726,#2239,#2240);
#1790=AXIS2_PLACEMENT_3D('',#2728,#2242,#2243);
#1791=AXIS2_PLACEMENT_3D('',#2730,#2245,#2246);
#1792=AXIS2_PLACEMENT_3D('',#2732,#2248,#2249);
#1793=AXIS2_PLACEMENT_3D('',#2734,#2251,#2252);
#1794=AXIS2_PLACEMENT_3D('',#2736,#2254,#2255);
#1795=AXIS2_PLACEMENT_3D('',#2738,#2257,#2258);
#1796=AXIS2_PLACEMENT_3D('',#2740,#2260,#2261);
#1797=AXIS2_PLACEMENT_3D('',#2742,#2263,#2264);
#1798=AXIS2_PLACEMENT_3D('',#2744,#2266,#2267);
#1799=AXIS2_PLACEMENT_3D('',#2746,#2269,#2270);
#1800=AXIS2_PLACEMENT_3D('',#2748,#2272,#2273);
#1801=AXIS2_PLACEMENT_3D('',#2750,#2275,#2276);
#1802=AXIS2_PLACEMENT_3D('',#2752,#2278,#2279);
#1803=AXIS2_PLACEMENT_3D('',#2754,#2281,#2282);
#1804=AXIS2_PLACEMENT_3D('',#2756,#2284,#2285);
#1805=AXIS2_PLACEMENT_3D('',#2757,#2286,#2287);
#1806=DIRECTION('',(0.,0.,1.));
#1807=DIRECTION('',(1.,0.,0.));
#1808=DIRECTION('',(0.,0.,1.));
#1809=DIRECTION('',(1.,0.,0.));
#1810=DIRECTION('',(0.,0.,-1.));
#1811=DIRECTION('',(-1.,0.,0.));
#1812=DIRECTION('',(0.,0.,1.));
#1813=DIRECTION('',(1.,0.,0.));
#1814=DIRECTION('',(6.75588373489291E-17,0.989203462353871,-0.146548661089462));
#1815=DIRECTION('',(0.,0.146548661089462,0.989203462353871));
#1816=DIRECTION('',(-1.,6.82961998416066E-17,0.));
#1817=DIRECTION('',(6.75588373489291E-17,0.989203462353871,-0.146548661089462));
#1818=DIRECTION('',(-4.56022152105272E-16,0.146548661089462,0.989203462353871));
#1819=DIRECTION('',(1.,-6.82961998416066E-17,0.));
#1820=DIRECTION('',(6.75588373489291E-17,0.989203462353871,-0.146548661089462));
#1821=DIRECTION('',(4.56022152105272E-16,-0.146548661089462,-0.989203462353871));
#1822=DIRECTION('',(0.,0.,-1.));
#1823=DIRECTION('',(-1.,0.,0.));
#1824=DIRECTION('',(-1.,6.82961998416066E-17,0.));
#1825=DIRECTION('',(0.,1.,0.));
#1826=DIRECTION('',(-1.,0.,0.));
#1827=DIRECTION('',(0.,1.,0.));
#1828=DIRECTION('',(6.82961998416066E-17,1.,0.));
#1829=DIRECTION('',(-1.,6.82961998416066E-17,0.));
#1830=DIRECTION('',(0.707106781186547,-4.82927060372716E-17,0.707106781186548));
#1831=DIRECTION('',(6.82961998416066E-17,1.,0.));
#1832=DIRECTION('',(-1.,6.82961998416066E-17,0.));
#1833=DIRECTION('',(6.82961998416066E-17,1.,0.));
#1834=DIRECTION('',(-1.,6.82961998416066E-17,0.));
#1835=DIRECTION('',(-0.707106781186548,4.82927060372716E-17,0.707106781186548));
#1836=DIRECTION('',(6.82961998416066E-17,1.,0.));
#1837=DIRECTION('',(-1.,6.82961998416066E-17,0.));
#1838=DIRECTION('',(6.82961998416066E-17,1.,0.));
#1839=DIRECTION('',(-1.,6.82961998416066E-17,0.));
#1840=DIRECTION('',(0.,1.,0.));
#1841=DIRECTION('',(0.,0.,1.));
#1842=DIRECTION('',(-1.,0.,0.));
#1843=DIRECTION('',(0.,0.,-1.));
#1844=DIRECTION('',(1.,0.,0.));
#1845=DIRECTION('',(-0.707106781186548,0.,-0.707106781186547));
#1846=DIRECTION('',(0.,1.,0.));
#1847=DIRECTION('',(0.,0.,1.));
#1848=DIRECTION('',(1.,0.,0.));
#1849=DIRECTION('',(0.,1.,0.));
#1850=DIRECTION('',(0.,0.,1.));
#1851=DIRECTION('',(0.707106781186548,0.,-0.707106781186548));
#1852=DIRECTION('',(0.,1.,0.));
#1853=DIRECTION('',(0.,0.,1.));
#1854=DIRECTION('',(0.,1.,0.));
#1855=DIRECTION('',(0.,0.,1.));
#1856=DIRECTION('',(-0.707106781186547,0.,-0.707106781186548));
#1857=DIRECTION('',(0.,1.,0.));
#1858=DIRECTION('',(0.,0.,1.));
#1859=DIRECTION('',(1.,0.,0.));
#1860=DIRECTION('',(0.,1.,0.));
#1861=DIRECTION('',(0.,0.,1.));
#1862=DIRECTION('',(-0.707106781186548,0.,0.707106781186548));
#1863=DIRECTION('',(1.,0.,0.));
#1864=DIRECTION('',(0.,0.,1.));
#1865=DIRECTION('',(6.75588373489291E-17,0.989203462353871,-0.146548661089462));
#1866=DIRECTION('',(0.,0.146548661089462,0.989203462353871));
#1867=DIRECTION('',(1.,-6.82961998416066E-17,-3.23791495825701E-35));
#1868=DIRECTION('',(1.00087166442858E-17,0.146548661089462,0.989203462353871));
#1869=DIRECTION('',(1.,-6.82961998416066E-17,3.01513256483116E-33));
#1870=DIRECTION('',(-0.703258552445342,-0.104186452214125,-0.703258552445341));
#1871=DIRECTION('',(-1.,6.82961998416066E-17,0.));
#1872=DIRECTION('',(-0.703258552445342,0.104186452214125,0.703258552445341));
#1873=DIRECTION('',(1.,-6.82961998416066E-17,3.01513256483116E-33));
#1874=DIRECTION('',(-1.00087166442858E-17,-0.146548661089462,-0.989203462353871));
#1875=DIRECTION('',(0.,0.,-1.));
#1876=DIRECTION('',(1.,0.,0.));
#1877=DIRECTION('',(1.,-6.82961998416066E-17,0.));
#1878=DIRECTION('',(6.82961998416066E-17,1.,0.));
#1879=DIRECTION('',(1.,-6.82961998416066E-17,0.));
#1880=DIRECTION('',(-6.82961998416066E-17,-1.,0.));
#1881=DIRECTION('',(1.,-6.82961998416066E-17,0.));
#1882=DIRECTION('',(0.,-1.,0.));
#1883=DIRECTION('',(0.,1.,0.));
#1884=DIRECTION('',(0.,-1.,0.));
#1885=DIRECTION('',(0.,-1.,0.));
#1886=DIRECTION('',(-1.,0.,0.));
#1887=DIRECTION('',(0.,1.,0.));
#1888=DIRECTION('',(-1.,0.,0.));
#1889=DIRECTION('',(0.,1.,0.));
#1890=DIRECTION('',(0.,0.,1.));
#1891=DIRECTION('',(1.,0.,0.));
#1892=DIRECTION('',(0.,0.,-1.));
#1893=DIRECTION('',(-1.,0.,0.));
#1894=DIRECTION('',(0.,0.,-1.));
#1895=DIRECTION('',(-1.,0.,0.));
#1896=DIRECTION('',(0.,-0.707106781186548,0.707106781186547));
#1897=DIRECTION('',(-1.,0.,0.));
#1898=DIRECTION('',(-0.577350269189626,0.577350269189626,0.577350269189626));
#1899=DIRECTION('',(-1.,0.,0.));
#1900=DIRECTION('',(-0.577350269189626,-0.577350269189626,-0.577350269189626));
#1901=DIRECTION('',(1.,0.,0.));
#1902=DIRECTION('',(0.707106781186548,0.,-0.707106781186547));
#1903=DIRECTION('',(0.,1.,0.));
#1904=DIRECTION('',(0.,-1.,0.));
#1905=DIRECTION('',(-0.577350269189626,0.577350269189626,-0.577350269189626));
#1906=DIRECTION('',(0.,1.,0.));
#1907=DIRECTION('',(0.707106781186548,0.,0.707106781186548));
#1908=DIRECTION('',(0.,-1.,0.));
#1909=DIRECTION('',(0.577350269189626,0.577350269189626,-0.577350269189626));
#1910=DIRECTION('',(0.,-1.,0.));
#1911=DIRECTION('',(0.,1.,0.));
#1912=DIRECTION('',(0.,-0.707106781186548,-0.707106781186547));
#1913=DIRECTION('',(1.,0.,0.));
#1914=DIRECTION('',(-1.,0.,0.));
#1915=DIRECTION('',(1.,0.,0.));
#1916=DIRECTION('',(-0.707106781186548,0.,-0.707106781186547));
#1917=DIRECTION('',(0.,-1.,0.));
#1918=DIRECTION('',(0.577350269189625,0.577350269189625,-0.577350269189626));
#1919=DIRECTION('',(0.,1.,0.));
#1920=DIRECTION('',(-0.577350269189625,0.577350269189626,0.577350269189626));
#1921=DIRECTION('',(0.,-1.,0.));
#1922=DIRECTION('',(0.,0.707106781186548,0.707106781186547));
#1923=DIRECTION('',(1.,0.,0.));
#1924=DIRECTION('',(0.577350269189625,-0.577350269189625,0.577350269189626));
#1925=DIRECTION('',(1.,0.,0.));
#1926=DIRECTION('',(-1.,0.,0.));
#1927=DIRECTION('',(0.,0.707106781186547,-0.707106781186548));
#1928=DIRECTION('',(-1.,0.,0.));
#1929=DIRECTION('',(1.,0.,0.));
#1930=DIRECTION('',(0.577350269189625,0.577350269189626,0.577350269189626));
#1931=DIRECTION('',(-1.,0.,0.));
#1932=DIRECTION('',(-0.707106781186548,0.,0.707106781186547));
#1933=DIRECTION('',(0.,1.,0.));
#1934=DIRECTION('',(0.,1.,0.));
#1935=DIRECTION('',(0.,-1.,0.));
#1936=DIRECTION('',(1.,-6.82961998416066E-17,0.));
#1937=DIRECTION('',(6.82961998416066E-17,1.,0.));
#1938=DIRECTION('',(1.,-6.82961998416066E-17,0.));
#1939=DIRECTION('',(6.82961998416066E-17,1.,0.));
#1940=DIRECTION('',(1.00087166442858E-17,0.146548661089462,0.989203462353871));
#1941=DIRECTION('',(1.,-6.82961998416066E-17,0.));
#1942=DIRECTION('',(6.82961998416066E-17,1.,0.));
#1943=DIRECTION('',(6.82961998416066E-17,1.,0.));
#1944=DIRECTION('',(1.,-6.82961998416066E-17,0.));
#1945=DIRECTION('',(6.82961998416066E-17,1.,0.));
#1946=DIRECTION('',(-6.82961998416066E-17,-1.,0.));
#1947=DIRECTION('',(1.,-6.82961998416066E-17,0.));
#1948=DIRECTION('',(6.82961998416066E-17,1.,0.));
#1949=DIRECTION('',(0.,0.,-1.));
#1950=DIRECTION('',(1.,-6.82961998416066E-17,0.));
#1951=DIRECTION('',(6.82961998416066E-17,1.,0.));
#1952=DIRECTION('',(6.82961998416066E-17,1.,0.));
#1953=DIRECTION('',(1.,-6.82961998416066E-17,0.));
#1954=DIRECTION('',(6.82961998416066E-17,1.,0.));
#1955=DIRECTION('',(0.,0.,1.));
#1956=DIRECTION('',(1.,-6.82961998416066E-17,0.));
#1957=DIRECTION('',(6.82961998416066E-17,1.,0.));
#1958=DIRECTION('',(-6.82961998416066E-17,-1.,0.));
#1959=DIRECTION('',(1.,-6.82961998416066E-17,0.));
#1960=DIRECTION('',(6.82961998416066E-17,1.,0.));
#1961=DIRECTION('',(0.,0.,-1.));
#1962=DIRECTION('',(1.,-6.82961998416066E-17,0.));
#1963=DIRECTION('',(6.82961998416066E-17,1.,0.));
#1964=DIRECTION('',(6.82961998416066E-17,1.,0.));
#1965=DIRECTION('',(1.,-6.82961998416066E-17,0.));
#1966=DIRECTION('',(6.82961998416066E-17,1.,0.));
#1967=DIRECTION('',(1.,-6.82961998416066E-17,0.));
#1968=DIRECTION('',(6.82961998416066E-17,1.,0.));
#1969=DIRECTION('',(-1.00087166442858E-17,-0.146548661089462,-0.989203462353871));
#1970=DIRECTION('',(1.,-6.82961998416066E-17,0.));
#1971=DIRECTION('',(6.82961998416066E-17,1.,0.));
#1972=DIRECTION('',(-6.82961998416066E-17,-1.,0.));
#1973=DIRECTION('',(1.,-6.82961998416066E-17,0.));
#1974=DIRECTION('',(6.82961998416066E-17,1.,0.));
#1975=DIRECTION('',(0.,0.,1.));
#1976=DIRECTION('',(1.,-6.82961998416066E-17,0.));
#1977=DIRECTION('',(6.82961998416066E-17,1.,0.));
#1978=DIRECTION('',(6.82961998416066E-17,1.,0.));
#1979=DIRECTION('',(1.,-6.82961998416066E-17,0.));
#1980=DIRECTION('',(6.82961998416066E-17,1.,0.));
#1981=DIRECTION('',(0.,0.,-1.));
#1982=DIRECTION('',(1.,-6.82961998416066E-17,0.));
#1983=DIRECTION('',(6.82961998416066E-17,1.,0.));
#1984=DIRECTION('',(-6.82961998416066E-17,-1.,0.));
#1985=DIRECTION('',(1.,-6.82961998416066E-17,0.));
#1986=DIRECTION('',(6.82961998416066E-17,1.,0.));
#1987=DIRECTION('',(0.,0.,1.));
#1988=DIRECTION('',(1.,-6.82961998416066E-17,0.));
#1989=DIRECTION('',(6.82961998416066E-17,1.,0.));
#1990=DIRECTION('',(6.82961998416066E-17,1.,0.));
#1991=DIRECTION('',(1.,-6.82961998416066E-17,0.));
#1992=DIRECTION('',(6.82961998416066E-17,1.,0.));
#1993=DIRECTION('',(-6.82961998416066E-17,-1.,0.));
#1994=DIRECTION('',(1.36592399683213E-16,1.,0.));
#1995=DIRECTION('',(-1.,1.36592399683213E-16,0.));
#1996=DIRECTION('',(1.,-1.36592399683213E-16,0.));
#1997=DIRECTION('',(0.,0.,1.));
#1998=DIRECTION('',(-1.,1.36592399683213E-16,0.));
#1999=DIRECTION('',(0.,0.,-1.));
#2000=DIRECTION('',(0.,0.,-1.));
#2001=DIRECTION('',(1.,0.,0.));
#2002=DIRECTION('',(-1.,1.36592399683213E-16,0.));
#2003=DIRECTION('',(-6.82961998416066E-17,-1.,0.));
#2004=DIRECTION('',(-1.,0.,0.));
#2005=DIRECTION('',(0.,0.,-1.));
#2006=DIRECTION('',(-1.,0.,0.));
#2007=DIRECTION('',(-1.,0.,0.));
#2008=DIRECTION('',(6.82961998416066E-17,1.,0.));
#2009=DIRECTION('',(0.,0.,-1.));
#2010=DIRECTION('',(-1.,0.,0.));
#2011=DIRECTION('',(0.,0.,-1.));
#2012=DIRECTION('',(-1.,0.,0.));
#2013=DIRECTION('',(0.,0.,1.));
#2014=DIRECTION('',(1.,0.,0.));
#2015=DIRECTION('',(0.,0.,1.));
#2016=DIRECTION('',(1.,0.,0.));
#2017=DIRECTION('',(0.,0.,1.));
#2018=DIRECTION('',(1.,0.,0.));
#2019=DIRECTION('',(0.,0.,1.));
#2020=DIRECTION('',(1.,0.,0.));
#2021=DIRECTION('',(0.,0.,-1.));
#2022=DIRECTION('',(-1.,0.,0.));
#2023=DIRECTION('',(0.,0.,-1.));
#2024=DIRECTION('',(-1.,0.,0.));
#2025=DIRECTION('',(0.,0.,1.));
#2026=DIRECTION('',(1.,0.,0.));
#2027=DIRECTION('',(0.,0.,1.));
#2028=DIRECTION('',(1.,0.,0.));
#2029=DIRECTION('',(0.,0.,-1.));
#2030=DIRECTION('',(-1.,0.,0.));
#2031=DIRECTION('',(0.,0.,-1.));
#2032=DIRECTION('',(-1.,0.,0.));
#2033=DIRECTION('',(1.,0.,0.));
#2034=DIRECTION('',(6.82961998416066E-17,1.,0.));
#2035=DIRECTION('',(1.,-6.82961998416066E-17,0.));
#2036=DIRECTION('',(-6.82961998416066E-17,-1.,0.));
#2037=DIRECTION('',(0.,0.,1.));
#2038=DIRECTION('',(1.,0.,0.));
#2039=DIRECTION('',(1.,-6.82961998416066E-17,0.));
#2040=DIRECTION('',(6.82961998416066E-17,1.,0.));
#2041=DIRECTION('',(1.,-1.36592399683213E-16,0.));
#2042=DIRECTION('',(-6.82961998416066E-17,-1.,0.));
#2043=DIRECTION('',(6.82961998416066E-17,1.,0.));
#2044=DIRECTION('',(-1.,6.82961998416066E-17,0.));
#2045=DIRECTION('',(1.,-6.82961998416066E-17,0.));
#2046=DIRECTION('',(0.,0.,-1.));
#2047=DIRECTION('',(1.,-6.82961998416066E-17,0.));
#2048=DIRECTION('',(0.,0.,1.));
#2049=DIRECTION('',(0.,0.,-1.));
#2050=DIRECTION('',(-1.,0.,0.));
#2051=DIRECTION('',(1.,-6.82961998416066E-17,0.));
#2052=DIRECTION('',(-6.82961998416066E-17,-1.,0.));
#2053=DIRECTION('',(1.,-6.82961998416066E-17,0.));
#2054=DIRECTION('',(6.82961998416066E-17,1.,0.));
#2055=DIRECTION('',(-1.,6.82961998416066E-17,0.));
#2056=DIRECTION('',(-6.82961998416066E-17,-1.,0.));
#2057=DIRECTION('',(1.,0.,0.));
#2058=DIRECTION('',(0.,0.,-1.));
#2059=DIRECTION('',(1.,0.,0.));
#2060=DIRECTION('',(0.,0.,-1.));
#2061=DIRECTION('',(1.,-6.82961998416066E-17,0.));
#2062=DIRECTION('',(6.82961998416066E-17,1.,0.));
#2063=DIRECTION('',(1.,0.,0.));
#2064=DIRECTION('',(0.,0.,-1.));
#2065=DIRECTION('',(1.,0.,0.));
#2066=DIRECTION('',(0.,0.,-1.));
#2067=DIRECTION('',(1.,-6.82961998416066E-17,0.));
#2068=DIRECTION('',(6.82961998416066E-17,1.,0.));
#2069=DIRECTION('',(1.,0.,0.));
#2070=DIRECTION('',(0.,0.,-1.));
#2071=DIRECTION('',(1.,0.,0.));
#2072=DIRECTION('',(0.,0.,-1.));
#2073=DIRECTION('',(0.,0.,-1.));
#2074=DIRECTION('',(1.,0.,0.));
#2075=DIRECTION('',(-1.,0.,0.));
#2076=DIRECTION('',(0.,1.,0.));
#2077=DIRECTION('',(-1.,0.,0.));
#2078=DIRECTION('',(0.,-1.,0.));
#2079=DIRECTION('',(0.,-1.,0.));
#2080=DIRECTION('',(0.,0.,-1.));
#2081=DIRECTION('',(0.707106781186548,0.,0.707106781186548));
#2082=DIRECTION('',(-0.707106781186548,0.,0.707106781186548));
#2083=DIRECTION('',(0.,-1.,0.));
#2084=DIRECTION('',(0.,0.,-1.));
#2085=DIRECTION('',(-0.707106781186548,0.,-0.707106781186548));
#2086=DIRECTION('',(0.707106781186548,0.,-0.707106781186548));
#2087=DIRECTION('',(-0.707106781186548,0.,0.707106781186548));
#2088=DIRECTION('',(0.,1.,0.));
#2089=DIRECTION('',(-0.707106781186548,0.,-0.707106781186548));
#2090=DIRECTION('',(0.,-1.,0.));
#2091=DIRECTION('',(0.,0.,-1.));
#2092=DIRECTION('',(-1.,0.,0.));
#2093=DIRECTION('',(0.,0.,1.));
#2094=DIRECTION('',(1.,0.,0.));
#2095=DIRECTION('',(-1.,0.,0.));
#2096=DIRECTION('',(0.,-1.,0.));
#2097=DIRECTION('',(0.,-1.,0.));
#2098=DIRECTION('',(0.707106781186547,0.,-0.707106781186548));
#2099=DIRECTION('',(-0.707106781186548,0.,-0.707106781186547));
#2100=DIRECTION('',(0.707106781186547,0.,-0.707106781186548));
#2101=DIRECTION('',(-0.707106781186548,9.65854120745433E-17,-0.707106781186547));
#2102=DIRECTION('',(0.,-1.,0.));
#2103=DIRECTION('',(-0.707106781186548,0.,-0.707106781186548));
#2104=DIRECTION('',(-0.707106781186548,0.,0.707106781186548));
#2105=DIRECTION('',(0.,-1.,0.));
#2106=DIRECTION('',(-0.707106781186548,0.,-0.707106781186548));
#2107=DIRECTION('',(-0.707106781186548,9.65854120745433E-17,0.707106781186548));
#2108=DIRECTION('',(-0.707106781186548,0.,-0.707106781186548));
#2109=DIRECTION('',(0.,1.,0.));
#2110=DIRECTION('',(0.,-1.,0.));
#2111=DIRECTION('',(0.,1.,0.));
#2112=DIRECTION('',(-0.707106781186548,0.,0.707106781186547));
#2113=DIRECTION('',(0.,-1.,0.));
#2114=DIRECTION('',(0.,-1.,0.));
#2115=DIRECTION('',(0.,-1.,0.));
#2116=DIRECTION('',(0.,1.,0.));
#2117=DIRECTION('',(0.,0.,1.));
#2118=DIRECTION('',(-0.707106781186548,0.707106781186548,0.));
#2119=DIRECTION('',(0.707106781186548,0.707106781186548,0.));
#2120=DIRECTION('',(0.,1.,0.));
#2121=DIRECTION('',(0.,0.,1.));
#2122=DIRECTION('',(0.707106781186548,0.707106781186548,0.));
#2123=DIRECTION('',(-0.707106781186548,0.707106781186548,0.));
#2124=DIRECTION('',(0.,-1.,0.));
#2125=DIRECTION('',(0.,0.,-1.));
#2126=DIRECTION('',(0.,1.,0.));
#2127=DIRECTION('',(0.,0.,1.));
#2128=DIRECTION('',(0.,1.,0.));
#2129=DIRECTION('',(0.,0.,1.));
#2130=DIRECTION('',(0.,1.,0.));
#2131=DIRECTION('',(0.,0.,1.));
#2132=DIRECTION('',(0.,0.,1.));
#2133=DIRECTION('',(1.,0.,0.));
#2134=DIRECTION('',(0.,0.,1.));
#2135=DIRECTION('',(1.,0.,0.));
#2136=DIRECTION('',(0.,0.,1.));
#2137=DIRECTION('',(1.,0.,0.));
#2138=DIRECTION('',(0.,0.,1.));
#2139=DIRECTION('',(1.,0.,0.));
#2140=DIRECTION('',(1.,-6.82961998416066E-17,0.));
#2141=DIRECTION('',(6.82961998416066E-17,1.,0.));
#2142=DIRECTION('',(1.,0.,0.));
#2143=DIRECTION('',(0.,0.,-1.));
#2144=DIRECTION('',(1.,0.,0.));
#2145=DIRECTION('',(0.,0.,-1.));
#2146=DIRECTION('',(1.,-1.36592399683213E-16,0.));
#2147=DIRECTION('',(1.36592399683213E-16,1.,0.));
#2148=DIRECTION('',(1.,0.,0.));
#2149=DIRECTION('',(0.,0.,-1.));
#2150=DIRECTION('',(1.,0.,0.));
#2151=DIRECTION('',(0.,0.,-1.));
#2152=DIRECTION('',(-1.,0.,0.));
#2153=DIRECTION('',(0.,0.,1.));
#2154=DIRECTION('',(1.,0.,0.));
#2155=DIRECTION('',(0.,0.,-1.));
#2156=DIRECTION('',(1.,0.,0.));
#2157=DIRECTION('',(0.,0.,-1.));
#2158=DIRECTION('',(-1.,0.,0.));
#2159=DIRECTION('',(0.,0.,1.));
#2160=DIRECTION('',(1.,0.,0.));
#2161=DIRECTION('',(0.,0.,-1.));
#2162=DIRECTION('',(1.,0.,0.));
#2163=DIRECTION('',(0.,0.,-1.));
#2164=DIRECTION('',(-1.,1.36592399683213E-16,0.));
#2165=DIRECTION('',(-1.36592399683213E-16,-1.,0.));
#2166=DIRECTION('',(1.,0.,0.));
#2167=DIRECTION('',(0.,0.,-1.));
#2168=DIRECTION('',(1.,0.,0.));
#2169=DIRECTION('',(0.,0.,-1.));
#2170=DIRECTION('',(-1.,6.82961998416066E-17,0.));
#2171=DIRECTION('',(-6.82961998416066E-17,-1.,0.));
#2172=DIRECTION('',(1.,-1.38777878078144E-14,0.));
#2173=DIRECTION('',(1.38777878078144E-14,1.,0.));
#2174=DIRECTION('',(-1.,6.82961998416066E-17,0.));
#2175=DIRECTION('',(-6.82961998416066E-17,-1.,0.));
#2176=DIRECTION('',(1.,0.,0.));
#2177=DIRECTION('',(0.,0.,-1.));
#2178=DIRECTION('',(1.,0.,0.));
#2179=DIRECTION('',(0.,0.,-1.));
#2180=DIRECTION('',(-0.707106781186548,-0.707106781186548,0.));
#2181=DIRECTION('',(0.707106781186549,0.,-0.707106781186546));
#2182=DIRECTION('',(0.707106781186549,-4.82927060372717E-17,0.707106781186547));
#2183=DIRECTION('',(6.82961998416066E-17,1.,0.));
#2184=DIRECTION('',(0.707106781186548,0.,-0.707106781186548));
#2185=DIRECTION('',(-0.707106781186548,0.707106781186548,0.));
#2186=DIRECTION('',(0.,0.,-1.));
#2187=DIRECTION('',(-0.707106781186548,-0.707106781186548,0.));
#2188=DIRECTION('',(1.,0.,0.));
#2189=DIRECTION('',(0.,0.,-1.));
#2190=DIRECTION('',(0.707106781186548,-0.707106781186548,0.));
#2191=DIRECTION('',(1.,0.,0.));
#2192=DIRECTION('',(0.,0.,-1.));
#2193=DIRECTION('',(-0.707106781186546,0.,-0.707106781186549));
#2194=DIRECTION('',(0.707106781186548,0.707106781186548,0.));
#2195=DIRECTION('',(0.,0.,-1.));
#2196=DIRECTION('',(0.707106781186548,-0.707106781186548,0.));
#2197=DIRECTION('',(0.707106781186548,-4.82927060372716E-17,-0.707106781186548));
#2198=DIRECTION('',(6.82961998416066E-17,1.,0.));
#2199=DIRECTION('',(-0.707106781186548,0.,-0.707106781186548));
#2200=DIRECTION('',(1.,0.,0.));
#2201=DIRECTION('',(0.,0.,-1.));
#2202=DIRECTION('',(0.707106781186548,0.,0.707106781186547));
#2203=DIRECTION('',(1.,0.,0.));
#2204=DIRECTION('',(0.,0.,-1.));
#2205=DIRECTION('',(-0.707106781186548,0.707106781186548,0.));
#2206=DIRECTION('',(0.707106781186549,-4.82927060372717E-17,-0.707106781186547));
#2207=DIRECTION('',(-6.82961998416066E-17,-1.,0.));
#2208=DIRECTION('',(0.707106781186548,0.,0.707106781186548));
#2209=DIRECTION('',(0.70710678118655,0.707106781186545,0.));
#2210=DIRECTION('',(0.,0.,1.));
#2211=DIRECTION('',(-0.707106781186545,0.70710678118655,0.));
#2212=DIRECTION('',(-1.,0.,0.));
#2213=DIRECTION('',(0.,0.,1.));
#2214=DIRECTION('',(0.707106781186549,0.,-0.707106781186546));
#2215=DIRECTION('',(1.,0.,0.));
#2216=DIRECTION('',(0.,0.,-1.));
#2217=DIRECTION('',(-0.707106781186549,0.,0.707106781186546));
#2218=DIRECTION('',(-0.707106781186548,4.82927060372716E-17,-0.707106781186548));
#2219=DIRECTION('',(-6.82961998416066E-17,-1.,0.));
#2220=DIRECTION('',(0.707106781186545,0.,-0.70710678118655));
#2221=DIRECTION('',(-0.707106781186547,4.82927060372716E-17,-0.707106781186549));
#2222=DIRECTION('',(6.82961998416066E-17,1.,0.));
#2223=DIRECTION('',(-0.707106781186548,0.,0.707106781186548));
#2224=DIRECTION('',(-1.,0.,0.));
#2225=DIRECTION('',(0.,0.,1.));
#2226=DIRECTION('',(0.707106781186543,0.699472476203639,-0.103625552030166));
#2227=DIRECTION('',(1.,0.,0.));
#2228=DIRECTION('',(0.,0.,-1.));
#2229=DIRECTION('',(-0.707106781186548,-0.699472476203634,0.103625552030167));
#2230=DIRECTION('',(-0.707106781186542,0.699472476203639,-0.103625552030169));
#2231=DIRECTION('',(1.00087166442858E-17,0.146548661089462,0.989203462353871));
#2232=DIRECTION('',(-1.,0.,0.));
#2233=DIRECTION('',(0.,0.,1.));
#2234=DIRECTION('',(0.707106781186549,0.,0.707106781186546));
#2235=DIRECTION('',(-0.707106781186548,0.707106781186548,0.));
#2236=DIRECTION('',(-0.707106781186545,-0.70710678118655,0.));
#2237=DIRECTION('',(0.,0.,1.));
#2238=DIRECTION('',(-0.70710678118655,0.707106781186545,0.));
#2239=DIRECTION('',(0.707106781186544,-4.82927060372714E-17,-0.707106781186551));
#2240=DIRECTION('',(6.82961998416066E-17,1.,0.));
#2241=DIRECTION('',(0.70710678118655,0.,0.707106781186545));
#2242=DIRECTION('',(-1.,0.,0.));
#2243=DIRECTION('',(0.,0.,1.));
#2244=DIRECTION('',(-0.70710678118655,0.,0.707106781186545));
#2245=DIRECTION('',(-1.,0.,0.));
#2246=DIRECTION('',(0.,0.,1.));
#2247=DIRECTION('',(0.70710678118655,0.707106781186545,0.));
#2248=DIRECTION('',(0.707106781186545,-4.82927060372715E-17,0.70710678118655));
#2249=DIRECTION('',(-6.82961998416066E-17,-1.,0.));
#2250=DIRECTION('',(-0.707106781186553,0.,0.707106781186543));
#2251=DIRECTION('',(0.707106781186545,-0.70710678118655,0.));
#2252=DIRECTION('',(0.,0.,-1.));
#2253=DIRECTION('',(0.70710678118655,0.707106781186545,0.));
#2254=DIRECTION('',(-1.,0.,0.));
#2255=DIRECTION('',(0.,0.,1.));
#2256=DIRECTION('',(-0.707106781186548,-0.707106781186548,0.));
#2257=DIRECTION('',(-1.,0.,0.));
#2258=DIRECTION('',(0.,0.,1.));
#2259=DIRECTION('',(0.707106781186549,0.,-0.707106781186546));
#2260=DIRECTION('',(0.707106781186545,-0.70710678118655,0.));
#2261=DIRECTION('',(0.,0.,-1.));
#2262=DIRECTION('',(-0.70710678118655,-0.707106781186545,0.));
#2263=DIRECTION('',(0.707106781186544,-4.82927060372714E-17,0.707106781186551));
#2264=DIRECTION('',(-6.82961998416066E-17,-1.,0.));
#2265=DIRECTION('',(0.70710678118655,0.,-0.707106781186545));
#2266=DIRECTION('',(-1.,0.,0.));
#2267=DIRECTION('',(0.,0.,1.));
#2268=DIRECTION('',(-0.70710678118655,0.,-0.707106781186545));
#2269=DIRECTION('',(1.,0.,0.));
#2270=DIRECTION('',(0.,0.,-1.));
#2271=DIRECTION('',(0.707106781186549,0.,0.707106781186546));
#2272=DIRECTION('',(-0.707106781186546,4.82927060372716E-17,0.707106781186549));
#2273=DIRECTION('',(6.82961998416066E-17,1.,0.));
#2274=DIRECTION('',(-0.70710678118655,0.,-0.707106781186545));
#2275=DIRECTION('',(-0.707106781186545,4.82927060372715E-17,0.70710678118655));
#2276=DIRECTION('',(6.82961998416066E-17,1.,0.));
#2277=DIRECTION('',(0.70710678118655,0.,0.707106781186545));
#2278=DIRECTION('',(-1.,0.,0.));
#2279=DIRECTION('',(0.,0.,1.));
#2280=DIRECTION('',(-0.707106781186548,0.699472476203634,-0.103625552030167));
#2281=DIRECTION('',(1.,-1.38777878078144E-14,0.));
#2282=DIRECTION('',(1.38777878078144E-14,1.,0.));
#2283=DIRECTION('',(0.70710678118655,-0.699472476203631,0.103625552030167));
#2284=DIRECTION('',(-0.707106781186543,-0.699472476203639,0.103625552030169));
#2285=DIRECTION('',(1.00087166442858E-17,0.146548661089462,0.989203462353871));
#2286=DIRECTION('',(0.,0.,1.));
#2287=DIRECTION('',(1.,0.,0.));
#2288=CARTESIAN_POINT('',(0.,0.,0.));
#2289=CARTESIAN_POINT('',(0.,-0.0662453981166406,-0.009752));
#2290=CARTESIAN_POINT('',(0.,-0.0662453981166406,-0.00605));
#2291=CARTESIAN_POINT('',(-0.00125,-0.0662453981166406,-0.00605));
#2292=CARTESIAN_POINT('',(0.,-0.0662453981166406,-0.002));
#2293=CARTESIAN_POINT('',(0.00125,-0.0662453981166406,-0.002));
#2294=CARTESIAN_POINT('',(-0.025402,-0.0624453981166406,-0.008375));
#2295=CARTESIAN_POINT('',(-0.025402,-0.0619676203388628,-0.00515));
#2296=CARTESIAN_POINT('',(0.00573743087473047,-0.0619676203388628,-0.00515));
#2297=CARTESIAN_POINT('',(-0.00573743087473047,-0.0619676203388628,-0.00515));
#2298=CARTESIAN_POINT('',(-0.00626421356237309,-0.0620935462647888,-0.006));
#2299=CARTESIAN_POINT('',(-0.0062642135623731,-0.0619453981166406,-0.005));
#2300=CARTESIAN_POINT('',(-0.025402,-0.0619453981166406,-0.005));
#2301=CARTESIAN_POINT('',(0.00626421356237308,-0.0619453981166406,-0.005));
#2302=CARTESIAN_POINT('',(0.00626421356237309,-0.0620935462647888,-0.006));
#2303=CARTESIAN_POINT('',(-0.007,-0.0619656203388628,-0.00605));
#2304=CARTESIAN_POINT('',(-0.025402,-0.0619676203388628,-0.00605));
#2305=CARTESIAN_POINT('',(0.00438578643762691,-0.0619676203388628,-0.00605));
#2306=CARTESIAN_POINT('',(-0.00438578643762691,-0.0619676203388628,-0.00605));
#2307=CARTESIAN_POINT('',(0.00438578643762691,-0.0619656203388628,-0.00605));
#2308=CARTESIAN_POINT('',(0.00438578643762691,-0.0712453981166406,-0.00605));
#2309=CARTESIAN_POINT('',(3.46944695195361E-18,-0.0712453981166406,-0.00605));
#2310=CARTESIAN_POINT('',(-0.0043857864376269,-0.0712453981166406,-0.00605));
#2311=CARTESIAN_POINT('',(-0.0043857864376269,-0.0619656203388628,-0.00605));
#2312=CARTESIAN_POINT('',(-0.025402,-0.0619676203388628,-0.006052));
#2313=CARTESIAN_POINT('',(-0.010302,-0.0619676203388628,-0.021152));
#2314=CARTESIAN_POINT('',(0.00555710678118654,-0.0619676203388628,-0.00529289321881345));
#2315=CARTESIAN_POINT('',(0.00509289321881345,-0.0619676203388628,-0.00575710678118655));
#2316=CARTESIAN_POINT('',(0.00438578643762691,-0.0619676203388628,-0.00505));
#2317=CARTESIAN_POINT('',(-0.0043857864376269,-0.0619676203388628,-0.00505));
#2318=CARTESIAN_POINT('',(-0.00509289321881345,-0.0619676203388628,-0.00575710678118655));
#2319=CARTESIAN_POINT('',(-0.0151,-0.0619676203388628,0.00425));
#2320=CARTESIAN_POINT('',(-0.00555710678118655,-0.0619676203388628,-0.00529289321881345));
#2321=CARTESIAN_POINT('',(-0.00626421356237309,-0.0619676203388628,-0.006));
#2322=CARTESIAN_POINT('',(0.00626421356237309,-0.0619676203388628,-0.006));
#2323=CARTESIAN_POINT('',(3.46944695195361E-18,-0.0712453981166406,-0.005));
#2324=CARTESIAN_POINT('',(3.46944695195361E-18,-0.0712453981166406,-0.002));
#2325=CARTESIAN_POINT('',(0.0249,-0.0712453981166406,-0.002));
#2326=CARTESIAN_POINT('',(-0.0249,-0.0712453981166406,-0.002));
#2327=CARTESIAN_POINT('',(-0.0249,-0.0712453981166406,-0.005));
#2328=CARTESIAN_POINT('',(-0.0249,-0.0712453981166406,-0.00975));
#2329=CARTESIAN_POINT('',(0.0254,-0.0712453981166406,-0.00975));
#2330=CARTESIAN_POINT('',(-0.014812132034356,-0.0712453981166406,-0.00975));
#2331=CARTESIAN_POINT('',(-0.00503106601717798,-0.0712453981166406,3.10660171779836E-5));
#2332=CARTESIAN_POINT('',(-0.0103550252531694,-0.0712453981166406,-0.00529289321881345));
#2333=CARTESIAN_POINT('',(-0.00964791847198287,-0.0712453981166406,-0.006));
#2334=CARTESIAN_POINT('',(-0.00964791847198287,-0.0712453981166406,-0.005));
#2335=CARTESIAN_POINT('',(3.46944695195361E-18,-0.0712453981166406,-0.005));
#2336=CARTESIAN_POINT('',(-0.00626421356237309,-0.0712453981166406,-0.005));
#2337=CARTESIAN_POINT('',(-0.00626421356237309,-0.0712453981166406,-0.006));
#2338=CARTESIAN_POINT('',(-0.00555710678118655,-0.0712453981166406,-0.00529289321881345));
#2339=CARTESIAN_POINT('',(-0.00585,-0.0712453981166406,-0.005));
#2340=CARTESIAN_POINT('',(-0.00509289321881345,-0.0712453981166406,-0.00575710678118655));
#2341=CARTESIAN_POINT('',(-0.0043857864376269,-0.0712453981166406,-0.00505));
#2342=CARTESIAN_POINT('',(0.00438578643762691,-0.0712453981166406,-0.00505));
#2343=CARTESIAN_POINT('',(0.00509289321881345,-0.0712453981166406,-0.00575710678118655));
#2344=CARTESIAN_POINT('',(0.0048,-0.0712453981166406,-0.00605));
#2345=CARTESIAN_POINT('',(0.00555710678118655,-0.0712453981166406,-0.00529289321881345));
#2346=CARTESIAN_POINT('',(0.00626421356237309,-0.0712453981166406,-0.006));
#2347=CARTESIAN_POINT('',(0.00626421356237309,-0.0712453981166406,-0.005));
#2348=CARTESIAN_POINT('',(3.46944695195361E-18,-0.0712453981166406,-0.005));
#2349=CARTESIAN_POINT('',(0.00964791847198286,-0.0712453981166406,-0.005));
#2350=CARTESIAN_POINT('',(0.00964791847198286,-0.0712453981166406,-0.006));
#2351=CARTESIAN_POINT('',(0.0103550252531694,-0.0712453981166406,-0.00529289321881345));
#2352=CARTESIAN_POINT('',(0.00503106601717798,-0.0712453981166406,3.10660171779776E-5));
#2353=CARTESIAN_POINT('',(0.014812132034356,-0.0712453981166406,-0.00975));
#2354=CARTESIAN_POINT('',(0.0254,-0.0712453981166406,-0.00975));
#2355=CARTESIAN_POINT('',(0.0249,-0.0712453981166406,-0.00975));
#2356=CARTESIAN_POINT('',(0.0249,-0.0712453981166406,-0.002));
#2357=CARTESIAN_POINT('',(-0.025402,-0.0624453981166406,-0.008375));
#2358=CARTESIAN_POINT('',(-0.025402,-0.0626925236458523,-0.0100430973221789));
#2359=CARTESIAN_POINT('',(0.0249,-0.0626925236458523,-0.0100430973221789));
#2360=CARTESIAN_POINT('',(-0.0249,-0.0626925236458523,-0.0100430973221789));
#2361=CARTESIAN_POINT('',(-0.0249,-0.0620718353520348,-0.00585345133891054));
#2362=CARTESIAN_POINT('',(-0.0249,-0.0620718353520348,-0.00585345133891054));
#2363=CARTESIAN_POINT('',(-0.00964791847198287,-0.0620718353520348,-0.00585345133891054));
#2364=CARTESIAN_POINT('',(-0.0109155833732665,-0.0620718353520348,-0.00585345133891054));
#2365=CARTESIAN_POINT('',(-0.019354627792127,-0.0633220641548289,-0.014292495757771));
#2366=CARTESIAN_POINT('',(-0.014812132034356,-0.0626491018203443,-0.00975));
#2367=CARTESIAN_POINT('',(-0.025402,-0.0626491018203443,-0.00975));
#2368=CARTESIAN_POINT('',(0.014812132034356,-0.0626491018203443,-0.00975));
#2369=CARTESIAN_POINT('',(-0.00577163815088523,-0.0595996543854938,0.0108337701852412));
#2370=CARTESIAN_POINT('',(0.0109155833732665,-0.0620718353520348,-0.00585345133891054));
#2371=CARTESIAN_POINT('',(0.0254,-0.0620718353520348,-0.00585345133891054));
#2372=CARTESIAN_POINT('',(0.0249,-0.0620718353520348,-0.00585345133891054));
#2373=CARTESIAN_POINT('',(0.0249,-0.0624453981166406,-0.008375));
#2374=CARTESIAN_POINT('',(3.46944695195361E-18,-0.0458453981166406,-0.005));
#2375=CARTESIAN_POINT('',(-0.0254,-0.0610826318896809,-0.005));
#2376=CARTESIAN_POINT('',(-0.00964791847198287,-0.0610826318896809,-0.005));
#2377=CARTESIAN_POINT('',(-0.0249,-0.0610826318896809,-0.005));
#2378=CARTESIAN_POINT('',(-0.0249,-0.0266953981166406,-0.005));
#2379=CARTESIAN_POINT('',(-0.0249,-0.0266953981166406,-0.005));
#2380=CARTESIAN_POINT('',(4.77731917892038E-18,-0.0266953981166406,-0.005));
#2381=CARTESIAN_POINT('',(0.0249,-0.0266953981166406,-0.005));
#2382=CARTESIAN_POINT('',(0.0249,-0.0458453981166406,-0.005));
#2383=CARTESIAN_POINT('',(0.0249,-0.0610826318896809,-0.005));
#2384=CARTESIAN_POINT('',(0.00964791847198285,-0.0610826318896809,-0.005));
#2385=CARTESIAN_POINT('',(0.00964791847198286,-0.0610826318896809,-0.005));
#2386=CARTESIAN_POINT('',(0.00964791847198286,-0.0712453981166406,-0.005));
#2387=CARTESIAN_POINT('',(0.00626421356237309,-0.0619453981166406,-0.005));
#2388=CARTESIAN_POINT('',(-0.00626421356237309,-0.0712453981166406,-0.005));
#2389=CARTESIAN_POINT('',(-0.00964791847198287,-0.0619453981166406,-0.005));
#2390=CARTESIAN_POINT('',(8.67361737988404E-19,-0.0493453981166406,-0.005));
#2391=CARTESIAN_POINT('',(0.007,-0.0493453981166406,-0.005));
#2392=CARTESIAN_POINT('',(-0.007,-0.0493453981166406,-0.005));
#2393=CARTESIAN_POINT('',(0.007,-0.0458453981166406,-0.005));
#2394=CARTESIAN_POINT('',(0.007,-0.0423453981166406,-0.005));
#2395=CARTESIAN_POINT('',(0.,-0.0423453981166406,-0.005));
#2396=CARTESIAN_POINT('',(-0.007,-0.0423453981166406,-0.005));
#2397=CARTESIAN_POINT('',(-0.007,-0.0458453981166406,-0.005));
#2398=CARTESIAN_POINT('',(0.,-0.0458453981166406,-0.02246));
#2399=CARTESIAN_POINT('',(0.,-0.0458453981166406,0.));
#2400=CARTESIAN_POINT('',(-0.002,-0.0458453981166406,0.));
#2401=CARTESIAN_POINT('',(0.,-0.0458453981166406,-0.002));
#2402=CARTESIAN_POINT('',(-0.002,-0.0458453981166406,-0.002));
#2403=CARTESIAN_POINT('',(0.,-0.0288453981166406,0.0025));
#2404=CARTESIAN_POINT('',(-0.0113333333333333,-0.0345120647833072,-0.00316666666666667));
#2405=CARTESIAN_POINT('',(-0.016,-0.0298453981166406,0.0015));
#2406=CARTESIAN_POINT('',(-0.0145,-0.0313453981166406,0.));
#2407=CARTESIAN_POINT('',(0.,-0.0298453981166406,0.0015));
#2408=CARTESIAN_POINT('',(-0.018,-0.0298453981166406,0.0015));
#2409=CARTESIAN_POINT('',(-0.0186666666666667,-0.0305120647833073,0.000833333333333334));
#2410=CARTESIAN_POINT('',(-0.0195,-0.0313453981166406,0.));
#2411=CARTESIAN_POINT('',(-0.017,-0.0313453981166406,0.));
#2412=CARTESIAN_POINT('',(-0.0195,-0.0288453981166406,0.));
#2413=CARTESIAN_POINT('',(-0.018,-0.0288453981166406,0.0015));
#2414=CARTESIAN_POINT('',(-0.018,-0.0278453981166406,0.0015));
#2415=CARTESIAN_POINT('',(-0.0186666666666667,-0.0271787314499739,0.000833333333333333));
#2416=CARTESIAN_POINT('',(-0.0195,-0.0263453981166406,0.));
#2417=CARTESIAN_POINT('',(-0.0195,-0.0288453981166406,0.));
#2418=CARTESIAN_POINT('',(-0.017,-0.0458453981166406,0.0025));
#2419=CARTESIAN_POINT('',(-0.0226666666666667,-0.0345120647833072,0.00816666666666667));
#2420=CARTESIAN_POINT('',(-0.016,-0.0278453981166406,0.0015));
#2421=CARTESIAN_POINT('',(-0.0145,-0.0263453981166406,0.));
#2422=CARTESIAN_POINT('',(-0.016,-0.0458453981166406,0.0015));
#2423=CARTESIAN_POINT('',(-0.0145,-0.0288453981166406,0.));
#2424=CARTESIAN_POINT('',(-0.017,-0.0263453981166406,0.));
#2425=CARTESIAN_POINT('',(-0.017,-0.0278453981166406,0.0015));
#2426=CARTESIAN_POINT('',(-0.017,-0.0263453981166406,0.));
#2427=CARTESIAN_POINT('',(0.0195,-0.0628453981166406,0.));
#2428=CARTESIAN_POINT('',(0.0186666666666667,-0.0611787314499739,0.000833333333333328));
#2429=CARTESIAN_POINT('',(0.018,-0.0618453981166406,0.0015));
#2430=CARTESIAN_POINT('',(0.0195,-0.0603453981166406,0.));
#2431=CARTESIAN_POINT('',(0.018,-0.0628453981166406,0.0015));
#2432=CARTESIAN_POINT('',(0.018,-0.0638453981166406,0.0015));
#2433=CARTESIAN_POINT('',(0.0186666666666667,-0.0645120647833073,0.000833333333333332));
#2434=CARTESIAN_POINT('',(0.0195,-0.0653453981166406,0.));
#2435=CARTESIAN_POINT('',(0.0195,-0.0628453981166406,0.));
#2436=CARTESIAN_POINT('',(0.,-0.0628453981166406,0.0025));
#2437=CARTESIAN_POINT('',(0.0113333333333333,-0.057178731449974,-0.00316666666666667));
#2438=CARTESIAN_POINT('',(0.016,-0.0618453981166406,0.0015));
#2439=CARTESIAN_POINT('',(0.0145,-0.0603453981166406,0.));
#2440=CARTESIAN_POINT('',(0.,-0.0618453981166406,0.0015));
#2441=CARTESIAN_POINT('',(0.017,-0.0603453981166406,0.));
#2442=CARTESIAN_POINT('',(0.017,-0.0653453981166406,0.));
#2443=CARTESIAN_POINT('',(0.017,-0.0638453981166406,0.0015));
#2444=CARTESIAN_POINT('',(0.016,-0.0638453981166406,0.0015));
#2445=CARTESIAN_POINT('',(0.0153333333333333,-0.0645120647833073,0.000833333333333332));
#2446=CARTESIAN_POINT('',(0.0145,-0.0653453981166406,0.));
#2447=CARTESIAN_POINT('',(0.017,-0.0653453981166406,0.));
#2448=CARTESIAN_POINT('',(0.017,-0.0458453981166406,0.0025));
#2449=CARTESIAN_POINT('',(0.016,-0.0458453981166406,0.0015));
#2450=CARTESIAN_POINT('',(0.0145,-0.0628453981166406,0.));
#2451=CARTESIAN_POINT('',(0.0254,-0.0458453981166406,-0.005));
#2452=CARTESIAN_POINT('',(0.0254,-0.06467093057056,-0.00975));
#2453=CARTESIAN_POINT('',(0.0254,-0.06467093057056,-0.01125));
#2454=CARTESIAN_POINT('',(0.0254,-0.0631871253770292,-0.00996982299163419));
#2455=CARTESIAN_POINT('',(0.0254,-0.062094228035737,-0.00259276593791164));
#2456=CARTESIAN_POINT('',(0.0254,-0.0625664370832117,-0.00578017700836581));
#2457=CARTESIAN_POINT('',(0.0254,-0.0610826318896809,-0.006));
#2458=CARTESIAN_POINT('',(0.0254,-0.0610826318896809,-0.0045));
#2459=CARTESIAN_POINT('',(0.0254,-0.0458453981166406,-0.0045));
#2460=CARTESIAN_POINT('',(0.0254,-0.0266953981166406,-0.0045));
#2461=CARTESIAN_POINT('',(0.0254,-0.0266953981166406,-0.006));
#2462=CARTESIAN_POINT('',(0.0254,-0.0266953981166406,-0.0075));
#2463=CARTESIAN_POINT('',(0.0254,-0.0289453981166406,-0.0075));
#2464=CARTESIAN_POINT('',(0.0254,-0.0289453981166406,-0.0075));
#2465=CARTESIAN_POINT('',(0.0254,-0.0289453981166406,-0.0085));
#2466=CARTESIAN_POINT('',(0.0254,-0.0299453981166406,-0.0085));
#2467=CARTESIAN_POINT('',(0.0254,-0.0299453981166406,-0.01025));
#2468=CARTESIAN_POINT('',(0.0254,-0.0299453981166406,-0.01025));
#2469=CARTESIAN_POINT('',(0.0254,-0.0289453981166406,-0.01025));
#2470=CARTESIAN_POINT('',(0.0254,-0.0289453981166406,-0.01125));
#2471=CARTESIAN_POINT('',(0.0254,-0.0224453981166406,-0.01125));
#2472=CARTESIAN_POINT('',(0.0254,-0.0224453981166406,-0.01125));
#2473=CARTESIAN_POINT('',(0.0254,-0.0224453981166406,-0.00975));
#2474=CARTESIAN_POINT('',(0.0254,-0.0209453981166406,-0.00975));
#2475=CARTESIAN_POINT('',(0.0254,-0.0209453981166406,-0.005));
#2476=CARTESIAN_POINT('',(0.0254,-0.0209453981166406,-0.002));
#2477=CARTESIAN_POINT('',(0.0254,-0.0224453981166406,-0.002));
#2478=CARTESIAN_POINT('',(0.0254,-0.0224453981166406,-0.0005));
#2479=CARTESIAN_POINT('',(0.0254,-0.0692453981166406,-0.0005));
#2480=CARTESIAN_POINT('',(0.0254,-0.0692453981166406,-0.0005));
#2481=CARTESIAN_POINT('',(0.0254,-0.0692453981166406,-0.002));
#2482=CARTESIAN_POINT('',(0.0254,-0.0707453981166406,-0.002));
#2483=CARTESIAN_POINT('',(0.0254,-0.0707453981166406,-0.00975));
#2484=CARTESIAN_POINT('',(0.0254,-0.0707453981166406,-0.00975));
#2485=CARTESIAN_POINT('',(0.0254,-0.0692453981166406,-0.00975));
#2486=CARTESIAN_POINT('',(0.0254,-0.0692453981166406,-0.01125));
#2487=CARTESIAN_POINT('',(0.0254,-0.0458453981166406,-0.01125));
#2488=CARTESIAN_POINT('',(-0.0254,-0.0458453981166406,-0.005));
#2489=CARTESIAN_POINT('',(-0.0254,-0.0610826318896809,-0.006));
#2490=CARTESIAN_POINT('',(-0.0254,-0.0610826318896809,-0.0045));
#2491=CARTESIAN_POINT('',(-0.0254,-0.0625664370832117,-0.00578017700836581));
#2492=CARTESIAN_POINT('',(-0.0254,-0.0631871253770292,-0.00996982299163419));
#2493=CARTESIAN_POINT('',(-0.0254,-0.0631871253770292,-0.00996982299163419));
#2494=CARTESIAN_POINT('',(-0.0254,-0.06467093057056,-0.00975));
#2495=CARTESIAN_POINT('',(-0.0254,-0.06467093057056,-0.01125));
#2496=CARTESIAN_POINT('',(-0.0254,-0.0692453981166406,-0.01125));
#2497=CARTESIAN_POINT('',(-0.0254,-0.0692453981166406,-0.01125));
#2498=CARTESIAN_POINT('',(-0.0254,-0.0692453981166406,-0.00975));
#2499=CARTESIAN_POINT('',(-0.0254,-0.0707453981166406,-0.00975));
#2500=CARTESIAN_POINT('',(-0.0254,-0.0707453981166406,-0.005));
#2501=CARTESIAN_POINT('',(-0.0254,-0.0707453981166406,-0.002));
#2502=CARTESIAN_POINT('',(-0.0254,-0.0692453981166406,-0.002));
#2503=CARTESIAN_POINT('',(-0.0254,-0.0692453981166406,-0.0005));
#2504=CARTESIAN_POINT('',(-0.0254,-0.0458453981166406,-0.0005));
#2505=CARTESIAN_POINT('',(-0.0254,-0.0224453981166406,-0.0005));
#2506=CARTESIAN_POINT('',(-0.0254,-0.0224453981166406,-0.002));
#2507=CARTESIAN_POINT('',(-0.0254,-0.0209453981166406,-0.002));
#2508=CARTESIAN_POINT('',(-0.0254,-0.0209453981166406,-0.00975));
#2509=CARTESIAN_POINT('',(-0.0254,-0.0209453981166406,-0.00975));
#2510=CARTESIAN_POINT('',(-0.0254,-0.0224453981166406,-0.00975));
#2511=CARTESIAN_POINT('',(-0.0254,-0.0224453981166406,-0.01125));
#2512=CARTESIAN_POINT('',(-0.0254,-0.0458453981166406,-0.01125));
#2513=CARTESIAN_POINT('',(-0.0254,-0.0289453981166406,-0.01125));
#2514=CARTESIAN_POINT('',(-0.0254,-0.0289453981166406,-0.01025));
#2515=CARTESIAN_POINT('',(-0.0254,-0.0299453981166406,-0.01025));
#2516=CARTESIAN_POINT('',(-0.0254,-0.0299453981166406,-0.005));
#2517=CARTESIAN_POINT('',(-0.0254,-0.0299453981166406,-0.0085));
#2518=CARTESIAN_POINT('',(-0.0254,-0.0289453981166406,-0.0085));
#2519=CARTESIAN_POINT('',(-0.0254,-0.0289453981166406,-0.0075));
#2520=CARTESIAN_POINT('',(-0.0254,-0.0458453981166406,-0.0075));
#2521=CARTESIAN_POINT('',(-0.0254,-0.0266953981166406,-0.0075));
#2522=CARTESIAN_POINT('',(-0.0254,-0.0266953981166406,-0.006));
#2523=CARTESIAN_POINT('',(-0.0254,-0.0266953981166406,-0.0045));
#2524=CARTESIAN_POINT('',(-0.0254,-0.0610826318896809,-0.0045));
#2525=CARTESIAN_POINT('',(3.46944695195361E-18,-0.0204453981166406,-0.005));
#2526=CARTESIAN_POINT('',(-0.0254,-0.0204453981166406,-0.00975));
#2527=CARTESIAN_POINT('',(0.0249,-0.0204453981166406,-0.00975));
#2528=CARTESIAN_POINT('',(-0.0249,-0.0204453981166406,-0.00975));
#2529=CARTESIAN_POINT('',(-0.0249,-0.0204453981166406,-0.002));
#2530=CARTESIAN_POINT('',(-0.0249,-0.0204453981166406,-0.002));
#2531=CARTESIAN_POINT('',(0.0254,-0.0204453981166406,-0.002));
#2532=CARTESIAN_POINT('',(0.0249,-0.0204453981166406,-0.002));
#2533=CARTESIAN_POINT('',(0.0249,-0.0204453981166406,-0.005));
#2534=CARTESIAN_POINT('',(3.46944695195361E-18,-0.0458453981166406,0.));
#2535=CARTESIAN_POINT('',(-0.0254,-0.0224453981166406,0.));
#2536=CARTESIAN_POINT('',(0.0249,-0.0224453981166406,0.));
#2537=CARTESIAN_POINT('',(-0.0249,-0.0224453981166406,0.));
#2538=CARTESIAN_POINT('',(-0.0249,-0.0458453981166406,0.));
#2539=CARTESIAN_POINT('',(-0.0249,-0.0692453981166406,0.));
#2540=CARTESIAN_POINT('',(3.46944695195361E-18,-0.0692453981166406,0.));
#2541=CARTESIAN_POINT('',(-0.00335410196624968,-0.0692453981166406,0.));
#2542=CARTESIAN_POINT('',(0.,-0.0662453981166406,0.));
#2543=CARTESIAN_POINT('',(0.00335410196624968,-0.0692453981166406,0.));
#2544=CARTESIAN_POINT('',(3.46944695195361E-18,-0.0692453981166406,0.));
#2545=CARTESIAN_POINT('',(0.0249,-0.0692453981166406,0.));
#2546=CARTESIAN_POINT('',(0.0249,-0.0224453981166406,0.));
#2547=CARTESIAN_POINT('',(0.019,-0.0458453981166406,0.));
#2548=CARTESIAN_POINT('',(0.0154,-0.0458453981166406,0.));
#2549=CARTESIAN_POINT('',(0.,-0.0268453981166406,0.));
#2550=CARTESIAN_POINT('',(-0.0036,-0.0268453981166406,0.));
#2551=CARTESIAN_POINT('',(0.00275,-0.0334626990583203,0.0021));
#2552=CARTESIAN_POINT('',(0.,-0.0268453981166406,0.0021));
#2553=CARTESIAN_POINT('',(0.0015,-0.0268453981166406,0.0021));
#2554=CARTESIAN_POINT('',(0.00275,-0.0334626990583203,0.0021));
#2555=CARTESIAN_POINT('',(0.019,-0.0458453981166406,0.0021));
#2556=CARTESIAN_POINT('',(0.0205,-0.0458453981166406,0.0021));
#2557=CARTESIAN_POINT('',(0.019,-0.0458453981166406,0.0021));
#2558=CARTESIAN_POINT('',(0.,-0.0268453981166406,0.0021));
#2559=CARTESIAN_POINT('',(0.000832569787317928,-0.0466821372281323,0.0015));
#2560=CARTESIAN_POINT('',(0.000832569787317928,-0.0466821372281323,0.0015));
#2561=CARTESIAN_POINT('',(-0.025402,-0.0670953981166406,-0.01175));
#2562=CARTESIAN_POINT('',(0.,-0.0662453981166406,-0.01175));
#2563=CARTESIAN_POINT('',(-0.000875,-0.0662453981166406,-0.01175));
#2564=CARTESIAN_POINT('',(-0.0254,-0.0692453981166406,-0.01175));
#2565=CARTESIAN_POINT('',(0.0249,-0.0692453981166406,-0.01175));
#2566=CARTESIAN_POINT('',(-0.0249,-0.0692453981166406,-0.01175));
#2567=CARTESIAN_POINT('',(-0.0249,-0.06467093057056,-0.01175));
#2568=CARTESIAN_POINT('',(-0.0249,-0.06467093057056,-0.01175));
#2569=CARTESIAN_POINT('',(-0.025402,-0.06467093057056,-0.01175));
#2570=CARTESIAN_POINT('',(0.0249,-0.06467093057056,-0.01175));
#2571=CARTESIAN_POINT('',(0.0249,-0.0670953981166406,-0.01175));
#2572=CARTESIAN_POINT('',(-0.025402,-0.0254453981166406,-0.01175));
#2573=CARTESIAN_POINT('',(-0.025402,-0.0289453981166406,-0.01175));
#2574=CARTESIAN_POINT('',(0.0249,-0.0289453981166406,-0.01175));
#2575=CARTESIAN_POINT('',(-0.0249,-0.0289453981166406,-0.01175));
#2576=CARTESIAN_POINT('',(-0.0249,-0.0254453981166406,-0.01175));
#2577=CARTESIAN_POINT('',(-0.0249,-0.0224453981166406,-0.01175));
#2578=CARTESIAN_POINT('',(0.0254,-0.0224453981166406,-0.01175));
#2579=CARTESIAN_POINT('',(0.0249,-0.0224453981166406,-0.01175));
#2580=CARTESIAN_POINT('',(0.0249,-0.0289453981166406,-0.01175));
#2581=CARTESIAN_POINT('',(-0.025402,-0.0304453981166406,-0.009375));
#2582=CARTESIAN_POINT('',(-0.025402,-0.0304453981166406,-0.0085));
#2583=CARTESIAN_POINT('',(0.0249,-0.0304453981166406,-0.0085));
#2584=CARTESIAN_POINT('',(-0.0249,-0.0304453981166406,-0.0085));
#2585=CARTESIAN_POINT('',(-0.0249,-0.0304453981166406,-0.009375));
#2586=CARTESIAN_POINT('',(-0.0249,-0.0304453981166406,-0.01025));
#2587=CARTESIAN_POINT('',(-0.025402,-0.0304453981166406,-0.01025));
#2588=CARTESIAN_POINT('',(0.0249,-0.0304453981166406,-0.01025));
#2589=CARTESIAN_POINT('',(0.0249,-0.0304453981166406,-0.0085));
#2590=CARTESIAN_POINT('',(-0.025402,-0.0280703981166406,-0.007));
#2591=CARTESIAN_POINT('',(-0.0254,-0.0266953981166406,-0.007));
#2592=CARTESIAN_POINT('',(0.0249,-0.0266953981166406,-0.007));
#2593=CARTESIAN_POINT('',(-0.0249,-0.0266953981166406,-0.007));
#2594=CARTESIAN_POINT('',(-0.0249,-0.0280703981166406,-0.007));
#2595=CARTESIAN_POINT('',(-0.0249,-0.0289453981166406,-0.007));
#2596=CARTESIAN_POINT('',(-0.025402,-0.0289453981166406,-0.007));
#2597=CARTESIAN_POINT('',(0.0249,-0.0289453981166406,-0.007));
#2598=CARTESIAN_POINT('',(0.0249,-0.0266953981166406,-0.007));
#2599=CARTESIAN_POINT('',(-0.025402,-0.0266953981166406,-0.006));
#2600=CARTESIAN_POINT('',(-0.0249,-0.0266953981166406,-0.006));
#2601=CARTESIAN_POINT('',(0.0249,-0.0266953981166406,-0.006));
#2602=CARTESIAN_POINT('',(-0.025402,-0.0289453981166406,-0.01025));
#2603=CARTESIAN_POINT('',(-0.0249,-0.0289453981166406,-0.01025));
#2604=CARTESIAN_POINT('',(0.0249,-0.0289453981166406,-0.01025));
#2605=CARTESIAN_POINT('',(-0.025402,-0.0289453981166406,-0.0085));
#2606=CARTESIAN_POINT('',(-0.0249,-0.0289453981166406,-0.0085));
#2607=CARTESIAN_POINT('',(0.0249,-0.0289453981166406,-0.0085));
#2608=CARTESIAN_POINT('',(1.7347234759768E-18,-0.0458453981166406,-0.002));
#2609=CARTESIAN_POINT('',(8.67361737988404E-19,-0.0493453981166406,-0.002));
#2610=CARTESIAN_POINT('',(0.004,-0.0493453981166406,-0.002));
#2611=CARTESIAN_POINT('',(-0.004,-0.0493453981166406,-0.002));
#2612=CARTESIAN_POINT('',(-0.004,-0.0458453981166406,-0.002));
#2613=CARTESIAN_POINT('',(-0.004,-0.0423453981166406,-0.002));
#2614=CARTESIAN_POINT('',(0.,-0.0423453981166406,-0.002));
#2615=CARTESIAN_POINT('',(0.004,-0.0423453981166406,-0.002));
#2616=CARTESIAN_POINT('',(0.004,-0.0493453981166406,-0.002));
#2617=CARTESIAN_POINT('',(8.67361737988404E-19,-0.0493453981166406,-0.002));
#2618=CARTESIAN_POINT('',(-0.004,-0.0493453981166406,-0.002));
#2619=CARTESIAN_POINT('',(0.007,-0.0493453981166406,-0.005));
#2620=CARTESIAN_POINT('',(0.,-0.0423453981166406,-0.002));
#2621=CARTESIAN_POINT('',(-0.002,-0.0423453981166406,0.));
#2622=CARTESIAN_POINT('',(0.002,-0.0423453981166406,0.));
#2623=CARTESIAN_POINT('',(-0.004,-0.0458453981166406,-0.002));
#2624=CARTESIAN_POINT('',(0.007,-0.0458453981166406,-0.005));
#2625=CARTESIAN_POINT('',(-1.7347234759768E-18,-0.0619656203388628,-0.00975));
#2626=CARTESIAN_POINT('',(0.,-0.0662453981166406,-0.00975));
#2627=CARTESIAN_POINT('',(0.000875,-0.0662453981166406,-0.00975));
#2628=CARTESIAN_POINT('',(3.46944695195361E-18,-0.0712453981166406,-0.00975));
#2629=CARTESIAN_POINT('',(0.014812132034356,-0.0619656203388628,-0.00975));
#2630=CARTESIAN_POINT('',(-0.014812132034356,-0.0619656203388628,-0.00975));
#2631=CARTESIAN_POINT('',(-0.010106066017178,-0.0619656203388628,-0.00504393398282202));
#2632=CARTESIAN_POINT('',(-0.011062132034356,-0.0610826318896809,-0.006));
#2633=CARTESIAN_POINT('',(-0.0103550252531694,-0.0617897386708703,-0.00529289321881345));
#2634=CARTESIAN_POINT('',(-0.0103550252531694,-0.0712453981166406,-0.00529289321881345));
#2635=CARTESIAN_POINT('',(0.016706066017178,-0.0619656203388628,-0.011643933982822));
#2636=CARTESIAN_POINT('',(0.0103550252531694,-0.0619453981166406,-0.00529289321881345));
#2637=CARTESIAN_POINT('',(0.0103550252531694,-0.0617897386708703,-0.00529289321881345));
#2638=CARTESIAN_POINT('',(0.011062132034356,-0.0610826318896809,-0.006));
#2639=CARTESIAN_POINT('',(-0.00585,-0.0619656203388628,-0.005));
#2640=CARTESIAN_POINT('',(-0.00555710678118655,-0.0619453981166406,-0.00529289321881345));
#2641=CARTESIAN_POINT('',(-0.00509289321881345,-0.0619656203388628,-0.00575710678118655));
#2642=CARTESIAN_POINT('',(0.0048,-0.0619656203388628,-0.00605));
#2643=CARTESIAN_POINT('',(0.00555710678118655,-0.0712453981166406,-0.00529289321881345));
#2644=CARTESIAN_POINT('',(0.00509289321881345,-0.0619656203388628,-0.00575710678118655));
#2645=CARTESIAN_POINT('',(-0.00964791847198287,-0.0619656203388628,-0.006));
#2646=CARTESIAN_POINT('',(-0.00964791847198287,-0.0610826318896809,-0.006));
#2647=CARTESIAN_POINT('',(0.00964791847198286,-0.0458453981166406,-0.006));
#2648=CARTESIAN_POINT('',(0.00964791847198286,-0.0610826318896809,-0.006));
#2649=CARTESIAN_POINT('',(0.00626421356237309,-0.0619656203388628,-0.006));
#2650=CARTESIAN_POINT('',(-0.00626421356237309,-0.0458453981166406,-0.006));
#2651=CARTESIAN_POINT('',(0.00438578643762691,-0.0619656203388628,-0.00505));
#2652=CARTESIAN_POINT('',(-0.0043857864376269,-0.0619656203388628,-0.00505));
#2653=CARTESIAN_POINT('',(3.46944695195361E-18,-0.0458453981166406,-0.002));
#2654=CARTESIAN_POINT('',(0.,-0.0662453981166406,-0.002));
#2655=CARTESIAN_POINT('',(0.0025,-0.0662453981166406,-0.002));
#2656=CARTESIAN_POINT('',(0.,-0.0662453981166406,-0.002));
#2657=CARTESIAN_POINT('',(-0.00335410196624968,-0.0692453981166406,0.));
#2658=CARTESIAN_POINT('',(-0.00293929378442895,-0.0697091677627277,0.));
#2659=CARTESIAN_POINT('',(-0.00182215531751763,-0.0702311255745368,-0.00024233440582935));
#2660=CARTESIAN_POINT('',(-1.51606316247956E-6,-0.0704637290284904,-0.000417437829583585));
#2661=CARTESIAN_POINT('',(0.00151812803070674,-0.0702756157588416,-0.000266462486724423));
#2662=CARTESIAN_POINT('',(0.00264479234076081,-0.0698343727699843,-7.2193960525862E-5));
#2663=CARTESIAN_POINT('',(0.00314767140821502,-0.06947619449684,-6.8038356197261E-20));
#2664=CARTESIAN_POINT('',(0.00335410196624969,-0.0692453981166406,-6.8038356197261E-20));
#2665=CARTESIAN_POINT('',(0.,-0.0662453981166406,-0.011752));
#2666=CARTESIAN_POINT('',(-0.025402,-0.06467093057056,-0.00975));
#2667=CARTESIAN_POINT('',(-0.0249,-0.06467093057056,-0.00975));
#2668=CARTESIAN_POINT('',(0.0249,-0.06467093057056,-0.00975));
#2669=CARTESIAN_POINT('',(6.6657091045408E-18,-0.0224453981166406,-0.002));
#2670=CARTESIAN_POINT('',(-0.0249,-0.0224453981166406,-0.002));
#2671=CARTESIAN_POINT('',(0.0249,-0.0224453981166406,-0.002));
#2672=CARTESIAN_POINT('',(3.46944695195361E-18,-0.0692453981166406,-0.002));
#2673=CARTESIAN_POINT('',(-0.0249,-0.0692453981166406,-0.002));
#2674=CARTESIAN_POINT('',(0.0249,-0.0692453981166406,-0.002));
#2675=CARTESIAN_POINT('',(3.46944695195361E-18,-0.0692453981166406,-0.00975));
#2676=CARTESIAN_POINT('',(-0.0249,-0.0692453981166406,-0.00975));
#2677=CARTESIAN_POINT('',(0.0249,-0.0692453981166406,-0.00975));
#2678=CARTESIAN_POINT('',(-0.025402,-0.0224453981166406,-0.00975));
#2679=CARTESIAN_POINT('',(-0.0249,-0.0224453981166406,-0.00975));
#2680=CARTESIAN_POINT('',(0.0249,-0.0224453981166406,-0.00975));
#2681=CARTESIAN_POINT('',(-0.025402,-0.0610826318896809,-0.006));
#2682=CARTESIAN_POINT('',(0.0249,-0.0610826318896809,-0.006));
#2683=CARTESIAN_POINT('',(-0.025402,-0.0610826318896809,-0.006));
#2684=CARTESIAN_POINT('',(-0.0249,-0.0610826318896809,-0.006));
#2685=CARTESIAN_POINT('',(-0.0254,-0.0224453981166406,-0.00975));
#2686=CARTESIAN_POINT('',(-0.0249,-0.0204453981166406,-0.00975));
#2687=CARTESIAN_POINT('',(-0.0254,-0.0224453981166406,-0.01125));
#2688=CARTESIAN_POINT('',(-0.0249,-0.0254453981166406,-0.01175));
#2689=CARTESIAN_POINT('',(-0.0254,-0.0289453981166406,-0.01125));
#2690=CARTESIAN_POINT('',(-0.0249,-0.0204453981166406,-0.005));
#2691=CARTESIAN_POINT('',(-0.0249,-0.0204453981166406,-0.002));
#2692=CARTESIAN_POINT('',(-0.0254,-0.0289453981166406,-0.01025));
#2693=CARTESIAN_POINT('',(-0.0254,-0.0299453981166406,-0.01025));
#2694=CARTESIAN_POINT('',(-0.0254,-0.0224453981166406,-0.002));
#2695=CARTESIAN_POINT('',(-0.0249,-0.0224453981166406,0.));
#2696=CARTESIAN_POINT('',(-0.0249,-0.0304453981166406,-0.009375));
#2697=CARTESIAN_POINT('',(-0.0254,-0.0299453981166406,-0.0085));
#2698=CARTESIAN_POINT('',(-0.0254,-0.0458453981166406,-0.0005));
#2699=CARTESIAN_POINT('',(-0.0249,-0.0692453981166406,0.));
#2700=CARTESIAN_POINT('',(-0.0254,-0.0289453981166406,-0.0085));
#2701=CARTESIAN_POINT('',(-0.0254,-0.0289453981166406,-0.0075));
#2702=CARTESIAN_POINT('',(-0.0254,-0.0692453981166406,-0.002));
#2703=CARTESIAN_POINT('',(-0.0249,-0.0712453981166406,-0.002));
#2704=CARTESIAN_POINT('',(-0.0249,-0.0280703981166406,-0.007));
#2705=CARTESIAN_POINT('',(-0.0254,-0.0266953981166406,-0.0075));
#2706=CARTESIAN_POINT('',(-0.0254,-0.0707453981166406,-0.005));
#2707=CARTESIAN_POINT('',(-0.0249,-0.0712453981166406,-0.00975));
#2708=CARTESIAN_POINT('',(-0.0254,-0.0266953981166406,-0.006));
#2709=CARTESIAN_POINT('',(-0.0254,-0.0266953981166406,-0.0045));
#2710=CARTESIAN_POINT('',(-0.0254,-0.0692453981166406,-0.00975));
#2711=CARTESIAN_POINT('',(-0.0249,-0.0692453981166406,-0.01175));
#2712=CARTESIAN_POINT('',(-0.0249,-0.0458453981166406,-0.005));
#2713=CARTESIAN_POINT('',(-0.0254,-0.0610826318896809,-0.0045));
#2714=CARTESIAN_POINT('',(-0.0254,-0.0458453981166406,-0.01125));
#2715=CARTESIAN_POINT('',(-0.0249,-0.06467093057056,-0.01175));
#2716=CARTESIAN_POINT('',(-0.0254,-0.0610826318896809,-0.006));
#2717=CARTESIAN_POINT('',(-0.0254,-0.0625664370832117,-0.00578017700836581));
#2718=CARTESIAN_POINT('',(-0.0254,-0.06467093057056,-0.00975));
#2719=CARTESIAN_POINT('',(-0.0249,-0.0626925236458523,-0.0100430973221789));
#2720=CARTESIAN_POINT('',(-0.0254,-0.062094228035737,-0.00259276593791164));
#2721=CARTESIAN_POINT('',(0.0254,-0.0224453981166406,-0.00975));
#2722=CARTESIAN_POINT('',(0.0249,-0.0224453981166406,-0.01175));
#2723=CARTESIAN_POINT('',(0.0254,-0.0209453981166406,-0.00975));
#2724=CARTESIAN_POINT('',(0.0254,-0.0209453981166406,-0.005));
#2725=CARTESIAN_POINT('',(0.0254,-0.0209453981166406,-0.002));
#2726=CARTESIAN_POINT('',(0.0249,-0.0254453981166406,-0.01175));
#2727=CARTESIAN_POINT('',(0.0249,-0.0289453981166406,-0.01175));
#2728=CARTESIAN_POINT('',(0.0254,-0.0224453981166406,-0.002));
#2729=CARTESIAN_POINT('',(0.0254,-0.0224453981166406,-0.0005));
#2730=CARTESIAN_POINT('',(0.0254,-0.0289453981166406,-0.01025));
#2731=CARTESIAN_POINT('',(0.0249,-0.0304453981166406,-0.01025));
#2732=CARTESIAN_POINT('',(0.0249,-0.0458453981166406,0.));
#2733=CARTESIAN_POINT('',(0.0254,-0.0692453981166406,-0.0005));
#2734=CARTESIAN_POINT('',(0.0249,-0.0304453981166406,-0.009375));
#2735=CARTESIAN_POINT('',(0.0249,-0.0304453981166406,-0.0085));
#2736=CARTESIAN_POINT('',(0.0254,-0.0692453981166406,-0.002));
#2737=CARTESIAN_POINT('',(0.0254,-0.0707453981166406,-0.002));
#2738=CARTESIAN_POINT('',(0.0254,-0.0289453981166406,-0.0085));
#2739=CARTESIAN_POINT('',(0.0249,-0.0289453981166406,-0.007));
#2740=CARTESIAN_POINT('',(0.0249,-0.0712453981166406,-0.005));
#2741=CARTESIAN_POINT('',(0.0254,-0.0707453981166406,-0.00975));
#2742=CARTESIAN_POINT('',(0.0249,-0.0280703981166406,-0.007));
#2743=CARTESIAN_POINT('',(0.0249,-0.0266953981166406,-0.007));
#2744=CARTESIAN_POINT('',(0.0254,-0.0692453981166406,-0.00975));
#2745=CARTESIAN_POINT('',(0.0254,-0.0692453981166406,-0.01125));
#2746=CARTESIAN_POINT('',(0.0254,-0.0266953981166406,-0.006));
#2747=CARTESIAN_POINT('',(0.0249,-0.0266953981166406,-0.005));
#2748=CARTESIAN_POINT('',(0.0254,-0.0458453981166406,-0.01125));
#2749=CARTESIAN_POINT('',(0.0254,-0.06467093057056,-0.01125));
#2750=CARTESIAN_POINT('',(0.0254,-0.0458453981166406,-0.0045));
#2751=CARTESIAN_POINT('',(0.0249,-0.0610826318896809,-0.005));
#2752=CARTESIAN_POINT('',(0.0254,-0.06467093057056,-0.00975));
#2753=CARTESIAN_POINT('',(0.0254,-0.0631871253770292,-0.00996982299163419));
#2754=CARTESIAN_POINT('',(0.0254,-0.0610826318896809,-0.006));
#2755=CARTESIAN_POINT('',(0.0249,-0.0620718353520348,-0.00585345133891054));
#2756=CARTESIAN_POINT('',(0.0254,-0.062094228035737,-0.00259276593791164));
#2757=CARTESIAN_POINT('',(0.,0.,0.));
#2758=MECHANICAL_DESIGN_GEOMETRIC_PRESENTATION_REPRESENTATION('',(#1632),
#2759);
#2759=(
GEOMETRIC_REPRESENTATION_CONTEXT(3)
GLOBAL_UNCERTAINTY_ASSIGNED_CONTEXT((#2761))
GLOBAL_UNIT_ASSIGNED_CONTEXT((#2765,#2764,#2763))
REPRESENTATION_CONTEXT('DINMount','TOP_LEVEL_ASSEMBLY_PART')
);
#2760=(
GEOMETRIC_REPRESENTATION_CONTEXT(3)
GLOBAL_UNCERTAINTY_ASSIGNED_CONTEXT((#2762))
GLOBAL_UNIT_ASSIGNED_CONTEXT((#2765,#2764,#2763))
REPRESENTATION_CONTEXT('DINMount','COMPONENT_PART')
);
#2761=UNCERTAINTY_MEASURE_WITH_UNIT(LENGTH_MEASURE(1.E-8),#2765,
'DISTANCE_ACCURACY_VALUE','Maximum Tolerance applied to model');
#2762=UNCERTAINTY_MEASURE_WITH_UNIT(LENGTH_MEASURE(2.E-5),#2765,
'DISTANCE_ACCURACY_VALUE','Maximum Tolerance applied to model');
#2763=(
NAMED_UNIT(*)
SI_UNIT($,.STERADIAN.)
SOLID_ANGLE_UNIT()
);
#2764=(
NAMED_UNIT(*)
PLANE_ANGLE_UNIT()
SI_UNIT($,.RADIAN.)
);
#2765=(
LENGTH_UNIT()
NAMED_UNIT(*)
SI_UNIT($,.METRE.)
);
#2766=PRODUCT_DEFINITION_SHAPE('','',#2769);
#2767=PRODUCT_DEFINITION_SHAPE('','',#2770);
#2768=PRODUCT_DEFINITION_SHAPE(' ','NAUO PRDDFN',#11);
#2769=PRODUCT_DEFINITION('','',#2773,#2771);
#2770=PRODUCT_DEFINITION('','',#2774,#2772);
#2771=PRODUCT_DEFINITION_CONTEXT('',#2784,'design');
#2772=PRODUCT_DEFINITION_CONTEXT('',#2784,'design');
#2773=PRODUCT_DEFINITION_FORMATION_WITH_SPECIFIED_SOURCE('','',#2777,
 .NOT_KNOWN.);
#2774=PRODUCT_DEFINITION_FORMATION_WITH_SPECIFIED_SOURCE('','',#2778,
 .NOT_KNOWN.);
#2775=PRODUCT_RELATED_PRODUCT_CATEGORY('','',(#2777));
#2776=PRODUCT_RELATED_PRODUCT_CATEGORY('','',(#2778));
#2777=PRODUCT('DINMount','DINMount','DINMount',(#2781));
#2778=PRODUCT('DINMount','DINMount','DINMount',(#2782));
#2779=PRODUCT_CATEGORY('','');
#2780=PRODUCT_CATEGORY('','');
#2781=PRODUCT_CONTEXT('',#2784,'mechanical');
#2782=PRODUCT_CONTEXT('',#2784,'mechanical');
#2783=APPLICATION_PROTOCOL_DEFINITION('international standard',
'ap242_managed_model_based_3d_engineering',2020,#2784);
#2784=APPLICATION_CONTEXT('managed model based 3d engineering');
ENDSEC;
END-ISO-10303-21;
